customer_id,name,city,pincode,household_size,profession,is_rural
C00000,Karan Vohra,Kozhikode,110002,7,salaried,False
C00001,Dev Gala,Karaikudi,600001,6,business,False
C00002,Aayush Loyal,Vijayawada,560001,4,salaried,True
C00003,Balvan Dubey,Raipur,600002,3,homemaker,False
C00004,Zehaan Narang,Naihati,110002,5,homemaker,False
C00005,Yatin Sarkar,Motihari,226001,2,salaried,True
C00006,Ekta Arya,Pune,500003,5,salaried,False
C00007,Rajeshri Kurian,Davanagere,110002,5,salaried,False
C00008,Fiyaz Choudhary,Deoghar,560001,3,homemaker,True
C00009,Aarush Mutti,Morbi,600002,7,salaried,False
C00010,Chaaya Mahajan,Mango,600001,4,salaried,False
C00011,Hemani Seth,Panipat,560001,5,salaried,True
C00012,Januja Rattan,Belgaum,560001,4,business,True
C00013,Ojasvi Nayak,Rajpur Sonarpur,500003,1,salaried,False
C00014,Veer Guha,Giridih,110001,6,salaried,False
C00015,Girindra Kunda,Dibrugarh,600002,7,homemaker,False
C00016,Yashvi Sidhu,Salem,500002,4,homemaker,False
C00017,Xiti Patel,Sangli-Miraj & Kupwad,560001,2,student,True
C00018,Jatin Thaman,Amravati,110001,6,salaried,False
C00019,Aashi Rau,Rampur,500002,2,salaried,False
C00020,Peter Sarma,Jhansi,600002,5,business,False
C00021,Chaman Dasgupta,Thane,500001,6,salaried,False
C00022,Bishakha Shenoy,Varanasi,226001,4,homemaker,True
C00023,Robert Mohanty,Nashik,110001,6,business,False
C00024,Inaya Madan,Rewa,700001,5,salaried,True
C00025,Qasim Gokhale,Kulti,500001,3,homemaker,False
C00026,Ikshita Palan,Haridwar,226001,7,homemaker,True
C00027,Hredhaan Chacko,Katni,500003,2,salaried,False
C00028,Hamsini Saraf,Medininagar,110002,5,business,False
C00029,Bhavya Mahajan,Srinagar,600001,3,salaried,False
C00030,Varsha Vasa,Hyderabad,700001,6,salaried,True
C00031,Tarak Rana,Pune,500003,6,salaried,False
C00032,Anusha Deshpande,Agra,600002,5,business,False
C00033,Charles Doshi,Rewa,500003,4,homemaker,False
C00034,Pushti Rajan,Kadapa,110002,6,business,False
C00035,Yashawini Rout,Tiruppur,600002,4,salaried,False
C00036,Maanas Agate,Muzaffarpur,700001,4,business,True
C00037,Ati Ravel,Nagpur,110002,7,salaried,False
C00038,Hemal Krishnan,Kakinada,500002,4,homemaker,False
C00039,Falak Dasgupta,Guntur,600001,1,salaried,False
C00040,Nirja Ramaswamy,Raiganj,700001,7,salaried,True
C00041,Ikshita Rai,Tiruchirappalli,500002,3,salaried,False
C00042,Ikbal Viswanathan,Rajahmundry,226001,3,student,True
C00043,Chakrika Sen,Machilipatnam,700001,6,salaried,True
C00044,Dhriti Mani,Buxar,226001,6,student,True
C00045,Urishilla Amble,Tiruvottiyur,600002,4,salaried,False
C00046,Devika Bajwa,Madanapalle,500002,7,salaried,False
C00047,Yatin Gaba,Hyderabad,600001,7,business,False
C00048,Omkaar Sengupta,Gurgaon,110002,1,homemaker,False
C00049,Chakradhar Sule,Allahabad,560001,4,homemaker,True
C00050,Radhika Mand,Bidar,500003,1,salaried,False
C00051,Samarth Minhas,Shahjahanpur,500001,4,salaried,False
C00052,Viraj Sachar,Hajipur,600001,2,salaried,False
C00053,Avni Chowdhury,Jhansi,500002,2,business,False
C00054,Saumya Kala,Ghaziabad,560001,5,business,True
C00055,Ekapad Sarkar,Bangalore,600001,4,homemaker,False
C00056,Matthew Dhawan,Begusarai,500002,7,homemaker,False
C00057,Frado Handa,Patna,110001,6,salaried,False
C00058,Abdul Ganguly,Jaunpur,110001,3,business,False
C00059,Ati Bhalla,Ramgarh,226001,5,homemaker,True
C00060,Abhimanyu Shere,Silchar,600001,6,student,False
C00061,Pranav Borah,Jhansi,110001,2,salaried,False
C00062,Turvi Murthy,Jodhpur,500002,4,salaried,False
C00063,Tanay Nadig,Amroha,226001,5,salaried,True
C00064,Bhavini Aggarwal,Coimbatore,500002,4,salaried,False
C00065,Rayaan Nayak,Ulhasnagar,226001,2,salaried,True
C00066,Zansi Baral,Begusarai,600001,5,salaried,False
C00067,Karan Raja,Udaipur,560001,2,business,True
C00068,Jatin Sahni,Berhampur,110002,1,salaried,False
C00069,Ranbir Handa,Davanagere,700001,2,salaried,True
C00070,Sanaya Sunder,Raipur,560001,7,salaried,True
C00071,Hamsini Karpe,Ambarnath,600002,7,student,False
C00072,Triya Sha,Bhubaneswar,500002,4,homemaker,False
C00073,Ishwar Deshpande,Vadodara,600002,3,business,False
C00074,Ansh Magar,Pudukkottai,560001,2,salaried,True
C00075,Ishani Koshy,Aligarh,226001,6,homemaker,True
C00076,Ishani Deol,Tinsukia,700001,7,salaried,True
C00077,Henry Ravel,Ujjain,700001,3,salaried,True
C00078,Eesha Bera,Avadi,500001,1,salaried,False
C00079,Ira Bakshi,Vasai-Virar,700001,5,salaried,True
C00080,Amara Rajan,Ramagundam,110002,5,salaried,False
C00081,Anika Ratti,Amroha,700001,7,homemaker,True
C00082,Dalaja Ramanathan,Thane,560001,3,business,True
C00083,Isaac Ramachandran,Aurangabad,500001,7,salaried,False
C00084,Samarth Date,Panchkula,560001,5,homemaker,True
C00085,Nidra Yohannan,Maheshtala,560001,2,salaried,True
C00086,Gopal Tailor,Tenali,500003,3,salaried,False
C00087,Wishi Sen,Berhampore,500001,4,business,False
C00088,Dakshesh Raju,Ongole,560001,2,business,True
C00089,Ojasvi Chand,Raichur,500003,2,salaried,False
C00090,Saksham Bora,Morbi,500003,2,salaried,False
C00091,Sanya Mand,North Dumdum,500001,4,business,False
C00092,Mitali Gala,Berhampur,600002,1,business,False
C00093,Vrishti Ramakrishnan,Udaipur,226001,6,business,True
C00094,Aarini Yadav,Jalna,110002,7,salaried,False
C00095,Imaran Sodhi,Tiruppur,226001,5,salaried,True
C00096,Eesha Patel,Pallavaram,700001,7,salaried,True
C00097,Tejas Yadav,Ranchi,110002,3,salaried,False
C00098,Ishwar Gill,North Dumdum,700001,1,homemaker,True
C00099,Dalaja Kala,Durg,560001,3,business,True
C00100,Rajeshri Chadha,Giridih,500002,7,salaried,False
C00101,Amol Dugar,Jalgaon,500001,5,student,False
C00102,Arunima Banerjee,Sambalpur,110002,4,business,False
C00103,Nilima Bawa,Kalyan-Dombivli,110002,7,salaried,False
C00104,Abeer D’Alia,Sagar,560001,2,student,True
C00105,Ria Mani,Bhopal,600002,7,homemaker,False
C00106,Upkaar Basu,Ongole,500003,2,business,False
C00107,Pushti Basu,Katihar,560001,4,salaried,True
C00108,Hritik Murty,Anand,110001,7,business,False
C00109,Baghyawati Comar,Muzaffarnagar,500003,1,student,False
C00110,Faraj Dani,Alappuzha,500001,1,salaried,False
C00111,Samar Sankar,Mumbai,500003,3,salaried,False
C00112,Ria Sunder,Buxar,600002,4,homemaker,False
C00113,Charan Borah,Meerut,500003,1,salaried,False
C00114,Yagnesh Halder,Jamnagar,500001,7,student,False
C00115,Samaksh Talwar,Bharatpur,600002,4,business,False
C00116,Megha Dhawan,Vellore,226001,5,salaried,True
C00117,Azad Bali,Shimla,110002,2,salaried,False
C00118,Lakshit Pillay,Raiganj,110002,7,student,False
C00119,Agastya Bhargava,Ballia,700001,2,salaried,True
C00120,Harrison Thakkar,Dewas,226001,2,business,True
C00121,Janaki Parmar,Kalyan-Dombivli,226001,4,business,True
C00122,Akshay Lall,Mumbai,500003,4,student,False
C00123,Mitali Tripathi,Kanpur,110002,3,homemaker,False
C00124,Abhimanyu Jaggi,Thiruvananthapuram,500001,2,business,False
C00125,Samarth Narain,Giridih,600001,3,salaried,False
C00126,Upma Pandey,Dhanbad,600001,2,homemaker,False
C00127,Balveer Guha,Kollam,600002,3,business,False
C00128,Manbir Dhar,Panchkula,110002,3,salaried,False
C00129,Qabil Raja,Bharatpur,110002,5,salaried,False
C00130,Tanish Minhas,Singrauli,600001,3,student,False
C00131,Arjun Bora,Kishanganj,110002,4,salaried,False
C00132,Osha Ahuja,Adoni,500003,3,business,False
C00133,Hredhaan Gala,Jodhpur,110001,2,business,False
C00134,Megha Naidu,Haridwar,500002,3,salaried,False
C00135,Nitesh Sood,Muzaffarnagar,226001,1,business,True
C00136,Brinda Ram,Baranagar,700001,6,salaried,True
C00137,Jagrati Kant,Belgaum,600002,2,salaried,False
C00138,Warhi Deshmukh,Ramagundam,110001,1,business,False
C00139,Nathan Pau,Belgaum,600001,2,salaried,False
C00140,Aachal Dave,Pallavaram,226001,4,student,True
C00141,Triya Borde,Sambhal,110002,6,student,False
C00142,Arya Behl,Shimla,700001,6,student,True
C00143,Bina Gara,Barasat,110002,4,salaried,False
C00144,Eta Banerjee,Raurkela Industrial Township,500001,6,salaried,False
C00145,Urvi Gokhale,Kota,500001,4,business,False
C00146,Zayan Atwal,New Delhi,700001,1,homemaker,True
C00147,David Chaudhary,Chandrapur,700001,5,student,True
C00148,Vedant Gade,Korba,600001,2,student,False
C00149,Tripti Chauhan,Mathura,700001,4,salaried,True
C00150,Qasim Arya,Panihati,500003,2,salaried,False
C00151,Adweta Korpal,Bellary,110002,1,business,False
C00152,Ati Basak,Bareilly,110001,5,salaried,False
C00153,Gauri Jha,Lucknow,560001,1,salaried,True
C00154,Ekansh Butala,Solapur,700001,6,homemaker,True
C00155,Krishna Kashyap,Amritsar,600002,2,salaried,False
C00156,Jack Vasa,Mau,500001,7,salaried,False
C00157,Frado Gala,Gorakhpur,500003,5,salaried,False
C00158,Ekapad Madan,Satara,226001,6,homemaker,True
C00159,Krishna Singh,Tiruchirappalli,560001,5,business,True
C00160,Aditya Behl,Secunderabad,110001,6,business,False
C00161,Tamanna Mukhopadhyay,Etawah,560001,1,homemaker,True
C00162,Vedant Choudhary,Delhi,700001,4,salaried,True
C00163,Laksh Bumb,Jodhpur,600001,2,business,False
C00164,Harita Sampath,Bidhannagar,500001,3,salaried,False
C00165,Gaurav Mahal,Jalandhar,500001,3,salaried,False
C00166,Yasti Jain,Tenali,226001,1,student,True
C00167,Karan Srinivas,Kolhapur,600001,2,student,False
C00168,Anthony Minhas,Gopalpur,110002,2,salaried,False
C00169,Pushti Bala,Jamshedpur,500002,1,salaried,False
C00170,Matthew Srinivas,Thiruvananthapuram,500003,2,business,False
C00171,Saumya Sarna,Bhavnagar,500001,4,salaried,False
C00172,Ronith Nadkarni,Ozhukarai,600002,1,salaried,False
C00173,Vrinda Issac,Kadapa,500001,4,salaried,False
C00174,Meera Sanghvi,Bally,560001,2,salaried,True
C00175,Vritti Pandit,Bhilwara,500001,1,student,False
C00176,Nakul Shah,Shahjahanpur,500001,2,salaried,False
C00177,Nathaniel Bail,Sambalpur,500002,1,salaried,False
C00178,Aachal Sarkar,Bhagalpur,500002,2,business,False
C00179,Janya Mani,Udupi,110001,4,homemaker,False
C00180,Aayush Dora,Kochi,110002,7,salaried,False
C00181,Yashvi Mammen,Orai,600002,4,salaried,False
C00182,Upkaar Palla,Ahmednagar,500001,2,salaried,False
C00183,Gautami Borra,Ranchi,500001,1,student,False
C00184,Chandresh Zachariah,Katihar,500003,3,business,False
C00185,Krishna Lad,Kollam,500002,4,student,False
C00186,Divya Sahota,Bilaspur,600002,4,homemaker,False
C00187,Isha Sarma,Avadi,226001,6,student,True
C00188,Sanaya Gade,Bidhannagar,110001,3,business,False
C00189,Sachi Ranganathan,Jamshedpur,110002,2,business,False
C00190,Luke Merchant,Ghaziabad,600001,7,salaried,False
C00191,Aahana Jain,Jammu,110002,1,homemaker,False
C00192,George Tiwari,Tumkur,560001,6,salaried,True
C00193,Wriddhish Varkey,Lucknow,500001,2,salaried,False
C00194,Mitesh Venkataraman,Agartala,110001,5,business,False
C00195,Pahal Mahajan,Maheshtala,560001,7,salaried,True
C00196,Upadhriti Vora,Vadodara,600002,4,business,False
C00197,Amol Naik,Jalna,600001,5,business,False
C00198,Krish Rau,Ratlam,500002,4,salaried,False
C00199,Ucchal Dave,Salem,110001,4,student,False
C00200,Isaiah Keer,Srinagar,110001,5,salaried,False
C00201,Faqid Kurian,Bangalore,500001,7,salaried,False
C00202,Yashasvi Nath,Indore,700001,5,business,True
C00203,Farhan Boase,Tadepalligudem,110001,2,business,False
C00204,Yash Ratta,Munger,500003,6,student,False
C00205,Arin Sarkar,Mumbai,600001,6,salaried,False
C00206,Vamakshi Wadhwa,Burhanpur,600001,5,business,False
C00207,Advay Seth,Madanapalle,500003,2,salaried,False
C00208,Mitesh Aurora,Sonipat,226001,6,homemaker,True
C00209,Yauvani Arora,Pudukkottai,500003,2,salaried,False
C00210,Mohini Bhatti,Sikar,500003,2,student,False
C00211,Zashil Saha,Khora ,600001,4,salaried,False
C00212,Qarin Sagar,Uluberia,110002,6,salaried,False
C00213,Jonathan Parsa,Rajahmundry,600001,6,business,False
C00214,Karan Hayer,Raebareli,700001,4,homemaker,True
C00215,Om Kapur,Jalandhar,500001,5,business,False
C00216,Gautam Rout,Pallavaram,560001,4,homemaker,True
C00217,Laban Gara,Naihati,110002,6,business,False
C00218,Manya Soman,Bilaspur,500002,6,business,False
C00219,Vasatika Bobal,Madhyamgram,560001,7,salaried,True
C00220,Mohini Khurana,Raichur,500001,5,student,False
C00221,Dev Konda,Mehsana,700001,4,salaried,True
C00222,Tripti Naidu,Akola,700001,1,homemaker,True
C00223,Yahvi Bhat,Malda,500002,1,homemaker,False
C00224,Kashvi Lalla,Visakhapatnam,110002,5,homemaker,False
C00225,Neel Brahmbhatt,Kanpur,226001,4,business,True
C00226,Aishani Sant,Ichalkaranji,500003,4,business,False
C00227,Wazir Ghose,Etawah,110002,2,student,False
C00228,Omya Sarraf,Bathinda,226001,6,salaried,True
C00229,Radhika Chahal,Bhiwandi,700001,3,business,True
C00230,Nathaniel Barad,Coimbatore,600001,7,salaried,False
C00231,Bachittar Das,Thoothukudi,500001,5,business,False
C00232,Chatura Khosla,Hubli–Dharwad,500002,3,salaried,False
C00233,Qasim Bandi,Pali,500001,3,salaried,False
C00234,Janani Mukherjee,Bongaigaon,600002,5,salaried,False
C00235,Pratyush Oak,Dharmavaram,600002,4,salaried,False
C00236,Nisha Baria,Thanjavur,110002,5,business,False
C00237,Laban Purohit,Gopalpur,700001,3,salaried,True
C00238,Vasana Sinha,Kollam,700001,6,business,True
C00239,Leena Nanda,Amaravati,500003,7,salaried,False
C00240,Madhavi Goyal,Muzaffarpur,500003,7,business,False
C00241,Onveer Minhas,Suryapet,500003,6,business,False
C00242,Vanya Shere,Dhanbad,600001,6,business,False
C00243,Yatin Hans,Ahmednagar,560001,4,student,True
C00244,Jagvi Brar,Srikakulam,110001,1,salaried,False
C00245,Bhavini Khalsa,Cuttack,560001,5,student,True
C00246,Kevin Rout,Bhind,500001,7,salaried,False
C00247,Siddharth Mutti,Bahraich,560001,6,business,True
C00248,Vasudha Minhas,Hajipur,600001,5,business,False
C00249,Ranveer Sidhu,Pudukkottai,500001,7,salaried,False
C00250,Jasmit Kari,Panihati,560001,6,business,True
C00251,Alka Choudhry,Silchar,600001,7,business,False
C00252,Aryan Mittal,Chittoor,110001,4,salaried,False
C00253,Meghana Kar,Kamarhati,560001,1,salaried,True
C00254,Sathvik Bora,Nashik,600001,1,salaried,False
C00255,Tanish Keer,Patna,500003,6,homemaker,False
C00256,Leena Chatterjee,Meerut,700001,7,business,True
C00257,Anya Arya,Haridwar,500003,4,salaried,False
C00258,Ojas Vasa,Madanapalle,700001,2,salaried,True
C00259,Mitesh Patla,Gaya,500002,5,business,False
C00260,Darika Handa,Nizamabad,500002,5,student,False
C00261,Aishani Raja,Akola,500002,3,salaried,False
C00262,Anika Ben,Suryapet,110001,4,salaried,False
C00263,Harrison Dyal,Bulandshahr,500003,7,homemaker,False
C00264,Logan Nair,Bijapur,700001,3,salaried,True
C00265,Lohit Sarin,Bettiah,600001,6,salaried,False
C00266,Chanakya Karnik,Alappuzha,500001,7,homemaker,False
C00267,Upasna Comar,Latur,600001,3,business,False
C00268,Yutika Kala,Agartala,500001,1,salaried,False
C00269,Netra Parsa,Bongaigaon,600002,5,salaried,False
C00270,Priya Madan,Chandigarh,600001,7,salaried,False
C00271,Yashawini Barad,Raiganj,560001,3,salaried,True
C00272,Adweta Chahal,Sultan Pur Majra,560001,1,homemaker,True
C00273,Waida Chandra,Latur,110002,4,salaried,False
C00274,Advika Garg,Panvel,500003,3,student,False
C00275,Henry Deol,Nizamabad,500001,6,homemaker,False
C00276,Xavier Dhawan,Kochi,500001,6,salaried,False
C00277,Logan Gara,Katni,500003,6,salaried,False
C00278,Urvashi Pillay,Gaya,110001,7,business,False
C00279,Bakhshi Subramaniam,Aurangabad,110002,5,homemaker,False
C00280,Utkarsh Vyas,Patiala,110001,3,student,False
C00281,Vasatika Sridhar,Navi Mumbai,110001,4,salaried,False
C00282,Eiravati Dutta,Bijapur,110001,3,business,False
C00283,Meghana Dyal,Ghaziabad,500003,5,business,False
C00284,Mitesh Karpe,Kirari Suleman Nagar,110001,1,homemaker,False
C00285,Bhavini Mallick,Durg,560001,5,salaried,True
C00286,Lakshmi Dugar,Burhanpur,500002,6,business,False
C00287,Aryan Rege,Avadi,600002,7,homemaker,False
C00288,Ryan Wagle,Bhilai,500001,1,salaried,False
C00289,Chasmum Bir,Chandrapur,500001,7,business,False
C00290,Gagan Rana,Bhalswa Jahangir Pur,600002,6,salaried,False
C00291,Xalak Dhillon,Bhiwani,500003,2,salaried,False
C00292,Anvi Zacharia,Sambalpur,600001,5,salaried,False
C00293,Vasana Dugal,Maheshtala,500003,5,homemaker,False
C00294,Kashvi Gour,Ajmer,500001,4,salaried,False
C00295,Chatresh Varkey,Maheshtala,500001,3,business,False
C00296,Wahab Sama,Jabalpur,600002,1,business,False
C00297,Adweta Kala,Kharagpur,110001,7,salaried,False
C00298,Abhimanyu Khosla,Nagaon,500003,1,business,False
C00299,Geetika Tandon,Bardhaman,700001,4,student,True
C00300,Owen Nagy,Tirunelveli,600002,4,homemaker,False
C00301,Diya Dugar,Etawah,560001,7,business,True
C00302,Isaiah Pandey,Parbhani,500001,3,business,False
C00303,Karan Dhar,South Dumdum,600002,7,salaried,False
C00304,Charvi Dhawan,Burhanpur,500003,7,homemaker,False
C00305,Bahadurjit Hora,Jabalpur,500001,6,salaried,False
C00306,Dayita Venkataraman,Hajipur,600001,3,student,False
C00307,Lohit Chhabra,Kottayam,600002,5,salaried,False
C00308,Karan Walla,Panchkula,110002,6,homemaker,False
C00309,Varenya Baral,Howrah,500001,2,student,False
C00310,Dhruv Narayan,Malda,500003,3,student,False
C00311,Krisha Borah,Rampur,500002,4,salaried,False
C00312,Azad Dixit,Surendranagar Dudhrej,700001,6,salaried,True
C00313,Ikshita Dhawan,Tenali,226001,3,business,True
C00314,Gopal Sharaf,Suryapet,110001,1,student,False
C00315,Abhiram Raghavan,Ujjain,226001,7,salaried,True
C00316,Lekha Narula,Loni,500003,2,homemaker,False
C00317,Mason Verma,Dindigul,560001,5,homemaker,True
C00318,Samar Kadakia,Uluberia,560001,7,salaried,True
C00319,Shaurya Patel,Raichur,500002,1,student,False
C00320,Omisha Soman,Bhopal,110001,1,business,False
C00321,Indali Garde,Bilaspur,110002,2,business,False
C00322,Harrison Bandi,Warangal,500002,5,salaried,False
C00323,Rayaan Sastry,Aligarh,226001,4,business,True
C00324,Ekiya Ramakrishnan,Bhiwani,500002,6,student,False
C00325,Shaurya Madan,Tadipatri,226001,5,salaried,True
C00326,Pooja Subramanian,Bhatpara,500001,3,business,False
C00327,Gaurav Bhatia,Madurai,560001,1,business,True
C00328,Tanvi Pandit,Anantapuram,500001,3,student,False
C00329,Jagdish Dua,Jaipur,700001,4,salaried,True
C00330,Nicholas Sidhu,Burhanpur,110001,3,homemaker,False
C00331,Nandini Bandi,Begusarai,110002,5,business,False
C00332,Shravya Wadhwa,Bhusawal,226001,3,salaried,True
C00333,Andrew Kade,Madurai,110002,4,salaried,False
C00334,Triya Varma,Tinsukia,226001,4,business,True
C00335,Sanya Ben,Pali,500003,4,homemaker,False
C00336,Ikbal Rao,Bettiah,500002,5,salaried,False
C00337,Ishwar Lall,Pimpri-Chinchwad,700001,4,student,True
C00338,Daniel Chowdhury,Bilaspur,560001,1,salaried,True
C00339,Prisha Mannan,Shimla,226001,7,business,True
C00340,Ronith Din,Thoothukudi,110002,4,homemaker,False
C00341,Vaishnavi Saha,Belgaum,700001,3,student,True
C00342,Qabil Mistry,Phusro,600001,6,salaried,False
C00343,Frado Bali,Jabalpur,600001,3,business,False
C00344,Gavin Sura,Muzaffarnagar,500001,6,salaried,False
C00345,Faris Raman,Allahabad,560001,3,salaried,True
C00346,Nimrat Singh,Nashik,500003,5,student,False
C00347,Krishna Walla,Mysore,110002,3,student,False
C00348,Imaran Ben,Uluberia,500002,5,salaried,False
C00349,Anirudh Savant,Jabalpur,500002,5,homemaker,False
C00350,Caleb Borah,Aurangabad,110002,4,business,False
C00351,Oliver Nori,Amroha,110001,1,salaried,False
C00352,Ishani Subramanian,Bellary,500003,6,business,False
C00353,Timothy Parmer,Bhatpara,700001,4,business,True
C00354,Xalak Sule,Unnao,226001,4,business,True
C00355,Pahal Arora,Dindigul,110001,7,business,False
C00356,Triveni Peri,Mirzapur,226001,5,business,True
C00357,Indali Khare,Madhyamgram,226001,5,salaried,True
C00358,Chameli Kunda,Ludhiana,110001,6,student,False
C00359,Krishna Guha,Alappuzha,500001,3,business,False
C00360,Nirja Bajaj,Aurangabad,600001,3,salaried,False
C00361,Triya Khurana,Salem,226001,4,student,True
C00362,Mugdha Khurana,Kollam,110001,2,homemaker,False
C00363,Sudiksha Mannan,Davanagere,110001,2,homemaker,False
C00364,Balvan Soman,Srinagar,600002,3,salaried,False
C00365,Yachana Swamy,Hubli–Dharwad,500001,2,salaried,False
C00366,Keya Prabhu,Hyderabad,560001,7,business,True
C00367,Yochana Sabharwal,Begusarai,600002,3,salaried,False
C00368,Mitali Keer,Malda,600002,5,homemaker,False
C00369,Manya Sagar,Tiruchirappalli,110002,4,salaried,False
C00370,Raksha Ramaswamy,Bathinda,600001,1,salaried,False
C00371,Joshua Dhingra,Gurgaon,110001,4,salaried,False
C00372,Chanchal Mahal,Guwahati,600001,3,salaried,False
C00373,Chandran Saraf,Ghaziabad,500003,7,student,False
C00374,Rajeshri Murty,Miryalaguda,110002,3,business,False
C00375,Aadhya Lall,Nagpur,560001,4,salaried,True
C00376,Pahal Dhawan,Visakhapatnam,600001,7,salaried,False
C00377,Irya Murty,Mysore,500002,7,business,False
C00378,Parth Barman,Mehsana,226001,7,salaried,True
C00379,Meghana Lad,Nagaon,500003,6,business,False
C00380,Prisha Gopal,Mau,500001,3,business,False
C00381,Pavani Buch,Gandhidham,560001,2,student,True
C00382,Chaitaly Chacko,Sambhal,500003,2,homemaker,False
C00383,Darsh Kala,Satara,226001,3,homemaker,True
C00384,Yagnesh Narayanan,Solapur,110002,3,homemaker,False
C00385,Lekha Dash,Madurai,226001,6,salaried,True
C00386,Victor Parikh,Firozabad,600002,2,salaried,False
C00387,Champak Rattan,Sambhal,226001,3,salaried,True
C00388,Rayaan Wable,Nagercoil,600002,3,homemaker,False
C00389,Yauvani Vyas,Dhanbad,110002,6,homemaker,False
C00390,Logan Loyal,Madhyamgram,700001,6,homemaker,True
C00391,Ladli Dora,Ballia,600002,4,salaried,False
C00392,Rajeshri Madan,Bhilai,500001,6,homemaker,False
C00393,Vincent Wadhwa,Dindigul,226001,1,salaried,True
C00394,Ayaan Nanda,Rampur,226001,2,salaried,True
C00395,Ria Krishnan,Pondicherry,500001,4,salaried,False
C00396,Pahal Murty,Anantapuram,500002,1,salaried,False
C00397,Darpan Rout,Udupi,110001,3,business,False
C00398,Yug Saraf,Karimnagar,700001,3,salaried,True
C00399,Advaith Khosla,Khandwa,560001,4,business,True
C00400,Sai Vig,Pondicherry,600002,6,business,False
C00401,Eta Cherian,Tadepalligudem,500001,7,homemaker,False
C00402,Meera Talwar,Bhubaneswar,110002,7,business,False
C00403,Pahal Jain,Kumbakonam,600002,3,salaried,False
C00404,Sarthak Sunder,Latur,110001,7,student,False
C00405,Kritika Kumar,Agra,110002,5,homemaker,False
C00406,Jackson Aurora,Nellore,500003,4,salaried,False
C00407,Pavani Choudhry,Panihati,226001,1,business,True
C00408,Naveen Bhatt,Kharagpur,500003,4,salaried,False
C00409,Jeremiah Kala,Ajmer,600002,2,salaried,False
C00410,Adweta Panchal,Rajpur Sonarpur,110001,6,business,False
C00411,Amaira Srinivas,Muzaffarpur,700001,6,homemaker,True
C00412,Udyati Chadha,Moradabad,600002,4,salaried,False
C00413,Yadavi Narayan,Ludhiana,500001,3,student,False
C00414,Vasana Kaur,Pudukkottai,600001,3,homemaker,False
C00415,Timothy Bajaj,Varanasi,600002,5,homemaker,False
C00416,Lakshit Pandya,Bardhaman,226001,5,salaried,True
C00417,Orinder Hora,Malda,226001,6,homemaker,True
C00418,Ekaraj Suresh,Narasaraopet,600002,5,salaried,False
C00419,Ganga Ghose,Kulti,110002,1,business,False
C00420,Vrishti Parsa,Firozabad,600001,5,salaried,False
C00421,Bhavya Pandya,Karaikudi,500001,1,salaried,False
C00422,Parth Mukherjee,Jamalpur,600002,5,student,False
C00423,Mason Saxena,Naihati,110002,6,salaried,False
C00424,Unnati Chopra,Kochi,226001,6,salaried,True
C00425,Elijah Rattan,Jamshedpur,226001,1,salaried,True
C00426,Laban Goyal,Chandrapur,110001,4,business,False
C00427,Irya Bath,Begusarai,600002,6,salaried,False
C00428,Tripti Rajan,Dehradun,600001,4,student,False
C00429,Agastya Datta,Thane,500002,3,salaried,False
C00430,Ishwar Kant,Sagar,600001,1,salaried,False
C00431,Odika Dhar,Panvel,226001,7,salaried,True
C00432,Rayaan Dhingra,Salem,226001,6,business,True
C00433,Praneel Gole,Jalna,500003,2,salaried,False
C00434,Nisha Dhar,Jalgaon,226001,3,salaried,True
C00435,Inaya Ben,Hindupur,500001,4,homemaker,False
C00436,George Choudhry,Panvel,560001,6,business,True
C00437,Adweta Krishnan,Hubli–Dharwad,600002,1,salaried,False
C00438,Ekavir Panchal,Agartala,600001,7,salaried,False
C00439,Nirja Krishnamurthy,Thoothukudi,560001,5,homemaker,True
C00440,Mohammed Pingle,Bulandshahr,110002,7,salaried,False
C00441,Michael Chander,Bathinda,500002,2,salaried,False
C00442,Vihaan Solanki,Bellary,500001,4,student,False
C00443,Baljiwan Pandey,Agartala,600001,3,business,False
C00444,Luke Badal,Jalgaon,560001,7,business,True
C00445,Gaurika Chada,Jalgaon,500002,1,salaried,False
C00446,Falguni Rama,Tiruvottiyur,500003,2,salaried,False
C00447,Vivaan Dara,Arrah,500001,1,business,False
C00448,Farhan Natt,Maheshtala,500001,6,salaried,False
C00449,Mason Dixit,Nagercoil,500003,5,business,False
C00450,Vrishti Jhaveri,Ambarnath,600002,3,business,False
C00451,Rohan Bhavsar,Shahjahanpur,500003,1,salaried,False
C00452,Vansha Gour,Chandrapur,500001,4,homemaker,False
C00453,Urvi Gulati,Bettiah,500001,6,student,False
C00454,Faras Mistry,Bhind,560001,6,student,True
C00455,Yashica Yogi,Mumbai,226001,3,salaried,True
C00456,Jatin Oak,Kulti,500002,6,salaried,False
C00457,Odika Sura,Bally,500003,4,business,False
C00458,Krishna Sarna,Bikaner,500002,1,salaried,False
C00459,Avi Sahota,Karaikudi,500003,3,homemaker,False
C00460,Umang Pandit,Delhi,110002,6,salaried,False
C00461,Chaaya Reddy,Jamshedpur,500001,6,business,False
C00462,Darsh Lad,Noida,226001,4,salaried,True
C00463,Nitara Jain,Vasai-Virar,560001,5,business,True
C00464,Lakshit Subramaniam,Silchar,226001,5,salaried,True
C00465,Samesh Karpe,Bareilly,226001,7,salaried,True
C00466,Yahvi Dave,Gwalior,226001,6,salaried,True
C00467,Deepa Guha,Kollam,500002,1,homemaker,False
C00468,Hiral Vohra,Kanpur,500003,3,salaried,False
C00469,Ubika Dani,Kishanganj,700001,6,homemaker,True
C00470,Amara Mutti,Chinsurah,110002,2,student,False
C00471,Sanaya Thakkar,Bhimavaram,600001,3,salaried,False
C00472,Dominic Choudhry,Durg,226001,7,student,True
C00473,Adweta Jaggi,Bhavnagar,600002,5,salaried,False
C00474,Hemang Chatterjee,Pondicherry,500002,6,homemaker,False
C00475,Darsh Nadkarni,Udaipur,560001,4,business,True
C00476,Anya Chaudry,Orai,600001,2,salaried,False
C00477,Abha Randhawa,Varanasi,700001,6,salaried,True
C00478,Yashvi Kara,Panchkula,600002,7,salaried,False
C00479,Jackson Solanki,Kolhapur,700001,1,homemaker,True
C00480,Samaksh Vyas,Bhopal,600001,2,salaried,False
C00481,Qadim Pai,Sonipat,226001,7,business,True
C00482,Theodore Purohit,Berhampore,600002,6,salaried,False
C00483,Rachana Kale,Mumbai,700001,1,homemaker,True
C00484,Nikita Gokhale,Purnia,560001,2,salaried,True
C00485,Leena Saxena,Cuttack,500003,1,business,False
C00486,Niharika Dyal,Srinagar,500001,1,business,False
C00487,Omkaar Choudhry,Srikakulam,500003,2,student,False
C00488,Anvi Kaul,Hajipur,600001,2,salaried,False
C00489,Dev Acharya,Raebareli,500002,1,salaried,False
C00490,Aachal Krishnamurthy,Haridwar,500001,7,salaried,False
C00491,Priya Gara,Bathinda,110002,5,student,False
C00492,Yochana Prabhakar,Gulbarga,560001,2,salaried,True
C00493,Elijah Bhakta,Morbi,110002,6,business,False
C00494,Anamika Banik,Siliguri,600002,3,salaried,False
C00495,Anika Agrawal,Chandrapur,500001,4,homemaker,False
C00496,Yutika Varkey,Anantapur,110002,1,homemaker,False
C00497,Falan Pall,Ludhiana,110002,1,business,False
C00498,Garima Mutti,Karnal,700001,4,salaried,True
C00499,Yadavi Pillay,Bhusawal,500003,5,salaried,False
C00500,Ekaja Deo,Srikakulam,700001,4,salaried,True
C00501,Xavier Srinivasan,Unnao,500001,2,salaried,False
C00502,Urvashi Morar,Jhansi,500001,4,business,False
C00503,Avi Narayanan,Faridabad,600001,1,business,False
C00504,Bhanumati Bhat,Miryalaguda,700001,4,homemaker,True
C00505,Kiaan Ganguly,Srikakulam,110001,3,salaried,False
C00506,Bachittar Borde,Amravati,500003,6,business,False
C00507,Chavvi Mallick,Kolhapur,500001,2,business,False
C00508,Yasti Chada,Mehsana,600001,4,business,False
C00509,Rushil Aggarwal,Kumbakonam,700001,1,salaried,True
C00510,Jeevika Sami,Berhampur,500003,7,business,False
C00511,Shravya Handa,Guna,700001,6,business,True
C00512,Nachiket Loyal,Mahbubnagar,110002,2,student,False
C00513,Anmol Jha,Baranagar,600001,1,homemaker,False
C00514,Harish Kata,Nagaon,500003,5,salaried,False
C00515,Lohit Viswanathan,Latur,226001,3,salaried,True
C00516,Dakshesh Cherian,Nellore,600002,5,business,False
C00517,Gautami Agate,Lucknow,600002,3,business,False
C00518,Gautami Shankar,Serampore,500003,4,salaried,False
C00519,Januja Mann,Srikakulam,700001,2,student,True
C00520,Laban Narasimhan,Patiala,600001,4,homemaker,False
C00521,Xalak Patla,Katni,600002,3,homemaker,False
C00522,Niharika Verma,Bokaro,600001,3,salaried,False
C00523,Daksha Prashad,Chapra,600002,3,homemaker,False
C00524,Peter Saraf,Aurangabad,110002,6,student,False
C00525,Onkar Luthra,Thane,700001,1,business,True
C00526,Udant Subramanian,Salem,110002,2,business,False
C00527,Umang Dhar,Durgapur,600002,4,student,False
C00528,Om De,Hazaribagh,226001,4,business,True
C00529,Bhavya Kata,Raebareli,226001,5,salaried,True
C00530,Urvi Prasad,Ramgarh,110002,3,business,False
C00531,Garima Menon,Dharmavaram,226001,7,business,True
C00532,Meera Sarraf,Hyderabad,600002,3,salaried,False
C00533,Ekanta Das,Naihati,500003,3,homemaker,False
C00534,Ikbal Narang,Tadepalligudem,110002,7,business,False
C00535,Udarsh Dewan,Kurnool,500002,4,business,False
C00536,Hamsini Saxena,Ongole,700001,5,salaried,True
C00537,Daksha Korpal,Etawah,226001,1,business,True
C00538,Balhaar Savant,Katihar,226001,7,salaried,True
C00539,Atharv Yadav,Shimoga,500001,6,salaried,False
C00540,Watika Amble,Dewas,110001,2,business,False
C00541,Manbir Menon,Chapra,110002,7,salaried,False
C00542,Shravya Padmanabhan,Lucknow,560001,1,business,True
C00543,Nimrat Bhavsar,Sirsa,226001,4,salaried,True
C00544,Nitesh Zachariah,Fatehpur,700001,6,salaried,True
C00545,Xiti Karan,Unnao,500002,6,salaried,False
C00546,Omya Johal,Loni,226001,6,homemaker,True
C00547,Bachittar Basak,Akola,500002,3,business,False
C00548,Dhriti Narasimhan,Bokaro,600002,2,business,False
C00549,Parth Chhabra,Ludhiana,600002,4,salaried,False
C00550,Devansh Rajagopal,Karimnagar,110001,4,salaried,False
C00551,Krishna Kapoor,Kota,500003,6,homemaker,False
C00552,Umang Rama,Kolkata,560001,4,salaried,True
C00553,Gaurang Gour,Amravati,500001,2,salaried,False
C00554,Ekanta Tandon,Bhavnagar,110001,2,business,False
C00555,Sanya Buch,Darbhanga,600001,5,salaried,False
C00556,Anusha Mani,Bettiah,500001,7,student,False
C00557,Falak Sem,Sikar,110002,7,business,False
C00558,Nathan Prakash,Navi Mumbai,700001,5,salaried,True
C00559,Hiral Anand,Jamnagar,600001,1,salaried,False
C00560,Panini Balan,Nagpur,600001,7,salaried,False
C00561,Pranit Garg,Alappuzha,110001,2,homemaker,False
C00562,Chaitanya Naidu,Jalna,500003,2,business,False
C00563,Lopa Lal,Vellore,110001,7,salaried,False
C00564,Ijaya Munshi,Eluru,110002,2,salaried,False
C00565,Omya Rastogi,Madhyamgram,226001,5,business,True
C00566,Yahvi Nagy,Dharmavaram,226001,6,business,True
C00567,Sneha Kale,Narasaraopet,500003,6,salaried,False
C00568,Harrison Vyas,Ujjain,110002,4,salaried,False
C00569,Warjas Contractor,Kozhikode,500003,6,salaried,False
C00570,Sai Varma,Pondicherry,500002,3,business,False
C00571,Anya Rama,Gwalior,226001,5,homemaker,True
C00572,Rachana Bora,Vijayanagaram,600001,2,salaried,False
C00573,Krish Prashad,Khandwa,560001,7,business,True
C00574,Daksh Mann,Kolkata,700001,6,salaried,True
C00575,Harsh Bobal,Jhansi,110002,5,salaried,False
C00576,Krishna Solanki,Jehanabad,500001,6,salaried,False
C00577,Gaurangi Modi,Berhampore,500003,1,student,False
C00578,Netra Nadig,Siliguri,700001,2,business,True
C00579,Vinaya Tara,Machilipatnam,500001,1,business,False
C00580,Gaurangi Minhas,Junagadh,700001,2,salaried,True
C00581,Barkha Prakash,Mango,560001,5,salaried,True
C00582,Raghav Ravi,Ambarnath,500001,4,salaried,False
C00583,Isaiah Shan,Bikaner,110001,6,student,False
C00584,Harrison Devi,Maheshtala,600002,6,salaried,False
C00585,Sarthak Wagle,Berhampore,110001,3,business,False
C00586,Pavani Uppal,Munger,226001,7,salaried,True
C00587,Kavya Gaba,Mahbubnagar,600002,1,salaried,False
C00588,Aadhya Mitra,Madanapalle,110001,6,business,False
C00589,Jagvi Dixit,Tadipatri,600002,5,salaried,False
C00590,Anmol Kaul,Chennai,600002,4,salaried,False
C00591,Gunbir Sundaram,Bhusawal,600001,7,salaried,False
C00592,Ishani Kurian,Bhopal,500003,5,business,False
C00593,Nisha Munshi,Anantapuram,500003,1,business,False
C00594,Ria Patil,Srinagar,600001,3,salaried,False
C00595,Nihal Raja,Kurnool,700001,6,business,True
C00596,Jasmit Sandhu,Giridih,500002,5,salaried,False
C00597,Mahika Pandey,Kolhapur,700001,7,salaried,True
C00598,Banjeet Memon,Bhatpara,500001,2,salaried,False
C00599,Isaiah Choudhry,Jaipur,500001,4,homemaker,False
C00600,Saumya Palan,Bihar Sharif,600002,7,salaried,False
C00601,Bahadurjit Khalsa,Saharsa,110001,5,salaried,False
C00602,Anvi Chaudry,Mau,110001,4,salaried,False
C00603,Nachiket Srinivasan,Mysore,500003,6,salaried,False
C00604,Tanish Bir,Bhilwara,110002,2,business,False
C00605,Rudra Munshi,Hajipur,700001,3,salaried,True
C00606,Shravya Ratti,Nashik,226001,7,salaried,True
C00607,Benjamin Raja,Tadipatri,560001,3,business,True
C00608,Dev Thakur,Nashik,110001,2,salaried,False
C00609,Odika Agarwal,Sonipat,560001,4,student,True
C00610,Teerth Bakshi,Machilipatnam,600002,6,business,False
C00611,Ranbir Golla,Pudukkottai,560001,5,salaried,True
C00612,Nirja Narasimhan,Haridwar,226001,2,business,True
C00613,Aachal Madan,Berhampur,600001,1,salaried,False
C00614,Chaitaly Batra,Aurangabad,226001,4,business,True
C00615,Ekani Bahl,Nangloi Jat,560001,3,salaried,True
C00616,Ansh Sami,Tadipatri,226001,7,salaried,True
C00617,Abhimanyu Sankar,Motihari,500002,2,business,False
C00618,Pahal Narayanan,Eluru,600002,3,homemaker,False
C00619,Sai Lanka,Solapur,700001,4,homemaker,True
C00620,Charles Parmer,Belgaum,600001,3,business,False
C00621,Lajita Loke,Barasat,110001,2,salaried,False
C00622,Rehaan Palla,Nagaon,500001,4,salaried,False
C00623,Peter Dani,Bhagalpur,700001,1,salaried,True
C00624,Christopher Bansal,Udaipur,500001,2,business,False
C00625,Amrita Menon,Hospet,600002,5,salaried,False
C00626,Girindra Pillay,Kolkata,600001,6,homemaker,False
C00627,Kamya Buch,Bardhaman,500003,2,salaried,False
C00628,Gautam Buch,Bangalore,110001,4,salaried,False
C00629,Nitesh Kashyap,Ambarnath,500002,7,salaried,False
C00630,Lakshmi Seshadri,Arrah,500003,6,student,False
C00631,Ikbal Bhattacharyya,Moradabad,600002,2,business,False
C00632,Ryan Mall,Dhule,700001,1,business,True
C00633,Dayamai Bhardwaj,Siwan,500002,7,salaried,False
C00634,Finn Pillay,Bidar,226001,1,student,True
C00635,Urishilla Minhas,Mirzapur,560001,5,salaried,True
C00636,Abeer Yadav,Belgaum,500002,7,homemaker,False
C00637,Inaya Sandal,Raurkela Industrial Township,600002,3,business,False
C00638,Gautami Gaba,Guntur,110002,7,salaried,False
C00639,Nilima Dass,Chapra,560001,6,business,True
C00640,Anmol Hayre,Bharatpur,500001,7,business,False
C00641,Shaurya Bava,Faridabad,110001,4,salaried,False
C00642,Jagrati Balakrishnan,Sambhal,500001,4,homemaker,False
C00643,Bina Gaba,Bilaspur,500002,3,salaried,False
C00644,Chanakya Bhattacharyya,Udaipur,500001,7,salaried,False
C00645,Qasim Jain,Moradabad,600002,1,salaried,False
C00646,Qadim Doctor,Cuttack,226001,1,salaried,True
C00647,Anthony Wadhwa,Ozhukarai,700001,2,business,True
C00648,Zansi Bhatnagar,Bhavnagar,110001,5,salaried,False
C00649,Xalak Bal,Gopalpur,500001,6,business,False
C00650,Chasmum Gole,Siliguri,500001,5,salaried,False
C00651,Noah Ghose,Karimnagar,500002,7,homemaker,False
C00652,Avni Saraf,Srinagar,700001,5,business,True
C00653,Krish Ramesh,Kulti,500003,2,student,False
C00654,Nitesh Pal,Pimpri-Chinchwad,500001,5,salaried,False
C00655,Sudiksha Sarraf,Jalandhar,600002,3,salaried,False
C00656,Yauvani Singhal,Barasat,110002,2,salaried,False
C00657,Guneet Guha,Bhimavaram,110001,3,business,False
C00658,Varsha Mann,Pali,500001,7,homemaker,False
C00659,Gopal Dixit,Pudukkottai,600002,2,salaried,False
C00660,Ethan Kant,Chittoor,600002,7,salaried,False
C00661,Harrison Tripathi,Noida,110001,7,homemaker,False
C00662,Rishi Narain,Ambattur,500003,5,salaried,False
C00663,Sai Mani,Aurangabad,600002,3,business,False
C00664,Hemani Prasad,Bhatpara,110002,7,business,False
C00665,Nitara Memon,Kadapa,600002,3,student,False
C00666,Abeer Bhatti,Eluru,600002,3,salaried,False
C00667,Panini Sarna,Rewa,600002,2,salaried,False
C00668,Farhan Sarna,Berhampore,226001,4,business,True
C00669,Pratyush Yogi,Anand,226001,5,homemaker,True
C00670,Akshay Kaur,Loni,500003,7,salaried,False
C00671,Vrinda Sathe,Indore,500001,3,salaried,False
C00672,Nihal Soman,Bhagalpur,600002,6,business,False
C00673,George Buch,Hosur,700001,4,homemaker,True
C00674,Nathaniel Randhawa,Coimbatore,500001,7,student,False
C00675,Harini Chawla,Rohtak,500003,6,homemaker,False
C00676,Jagvi Ahuja,Bhavnagar,600001,5,salaried,False
C00677,Lopa Madan,Madurai,500001,5,salaried,False
C00678,Varenya Lall,Buxar,500001,3,business,False
C00679,Praneel Iyengar,Coimbatore,560001,3,student,True
C00680,Farhan Sibal,Varanasi,500002,7,salaried,False
C00681,Vasana Nagar,Sri Ganganagar,560001,2,salaried,True
C00682,Manthan Chakrabarti,Hazaribagh,110002,4,student,False
C00683,Advaith Nazareth,Jamalpur,226001,7,salaried,True
C00684,Farhan Baral,Pallavaram,226001,4,salaried,True
C00685,Chakradhar Basu,Pali,500002,3,business,False
C00686,Balendra Iyengar,Bardhaman,110001,5,business,False
C00687,Teerth Mander,Ujjain,110001,3,student,False
C00688,Peter Natt,Amritsar,500003,5,salaried,False
C00689,Vihaan Manne,Purnia,500002,7,business,False
C00690,Jonathan Gera,Bongaigaon,500001,5,business,False
C00691,Gaurangi Singhal,Guna,110001,3,business,False
C00692,Jalsa Luthra,Dewas,600002,1,business,False
C00693,Mitesh Chhabra,Giridih,700001,4,salaried,True
C00694,Viraj Cheema,Patiala,500001,6,salaried,False
C00695,Tanmayi Arora,Vijayanagaram,110002,5,salaried,False
C00696,Ekavir Dhillon,Belgaum,600002,5,salaried,False
C00697,Neha Ramakrishnan,Unnao,600002,1,business,False
C00698,Nathaniel Shenoy,Udaipur,500002,7,student,False
C00699,Vritti Prabhu,Morbi,500003,7,student,False
C00700,Kamya Ravi,Jalna,110002,7,student,False
C00701,Unni Tandon,Gorakhpur,110001,6,salaried,False
C00702,Kevin Narasimhan,Arrah,500002,2,salaried,False
C00703,Ranbir Borra,Hazaribagh,110001,1,salaried,False
C00704,Vivaan Savant,Tiruvottiyur,500002,6,salaried,False
C00705,Omaja Mangal,Chandrapur,500002,1,salaried,False
C00706,Vivaan Vora,Jammu,500002,5,business,False
C00707,Quincy Sheth,Mau,500003,4,homemaker,False
C00708,Kalpit Ranganathan,Bilaspur,500002,1,salaried,False
C00709,Amaira Natarajan,Jaipur,600001,2,salaried,False
C00710,Henry Mishra,Chittoor,700001,3,student,True
C00711,Yadavi Nagar,Nizamabad,110001,6,salaried,False
C00712,Panini Rattan,Warangal,500001,1,student,False
C00713,Eesha Srinivasan,Khandwa,560001,1,student,True
C00714,Bachittar Sachdeva,Imphal,110002,2,homemaker,False
C00715,Yug Pradhan,Udupi,226001,4,salaried,True
C00716,Harini Sawhney,Pudukkottai,500003,1,business,False
C00717,Ekbal Bhatti,Tirupati,500001,1,business,False
C00718,Zehaan Sachdev,Khora ,600002,4,business,False
C00719,Devansh Tara,Danapur,600001,2,salaried,False
C00720,Lohit Sastry,Vadodara,226001,6,salaried,True
C00721,Manthan Jha,Vellore,560001,6,business,True
C00722,Chakradhar Mand,Thiruvananthapuram,500001,1,business,False
C00723,Frado Badal,Dharmavaram,226001,4,student,True
C00724,Jagdish Bhatt,Mahbubnagar,500001,1,student,False
C00725,Chakradev Ram,Adoni,600001,7,business,False
C00726,Mason Prabhu,Bardhaman,560001,3,salaried,True
C00727,Keya Ganguly,Allahabad,600002,6,student,False
C00728,Frado Balan,Bally,500002,7,business,False
C00729,Omaja Aurora,Chandigarh,110001,5,homemaker,False
C00730,Aradhana Ramaswamy,Raiganj,600002,3,homemaker,False
C00731,Bhavani Lalla,Hosur,500002,1,salaried,False
C00732,Jeet Batta,Panipat,500003,2,student,False
C00733,Qasim Dua,Bongaigaon,700001,6,salaried,True
C00734,Saanvi Chopra,Dindigul,110002,5,salaried,False
C00735,Tanay Dar,Warangal,110002,3,business,False
C00736,Tristan Babu,Kharagpur,110001,6,salaried,False
C00737,Maya Rajagopal,Tadepalligudem,560001,4,student,True
C00738,Chanakya Maharaj,Darbhanga,600001,2,salaried,False
C00739,Saksham Kapoor,Jalna,560001,3,salaried,True
C00740,Daksh Krishna,Danapur,600001,4,business,False
C00741,Shivani Dua,Firozabad,560001,7,student,True
C00742,Om Srinivas,Chandrapur,700001,1,homemaker,True
C00743,Ikbal Pingle,Motihari,500003,4,student,False
C00744,Gabriel Tara,Narasaraopet,500003,3,business,False
C00745,Liam Rattan,Amaravati,500002,3,salaried,False
C00746,Ekbal Pandey,Kochi,226001,7,salaried,True
C00747,Advaith Krishnan,Latur,500003,1,salaried,False
C00748,Leena Chandra,Cuttack,500003,4,business,False
C00749,Abhiram Sagar,Bhopal,600002,4,business,False
C00750,Meghana Kant,Pali,600002,1,salaried,False
C00751,Chasmum Chaudhry,Gurgaon,500002,4,student,False
C00752,Chaitanya Dhaliwal,Loni,226001,6,business,True
C00753,Shivansh Zachariah,Bongaigaon,110001,1,salaried,False
C00754,Nikita Dada,Panvel,600002,2,salaried,False
C00755,Krish Sathe,Hubli–Dharwad,110001,3,student,False
C00756,Nitara Wable,Korba,500001,2,student,False
C00757,Shivansh Raval,Nellore,600002,6,homemaker,False
C00758,Sathvik Chaudhary,Mirzapur,700001,7,salaried,True
C00759,Chakrika Venkatesh,Mangalore,226001,6,homemaker,True
C00760,Anvi Ghosh,Raiganj,500002,5,salaried,False
C00761,Jeremiah Padmanabhan,Malegaon,500001,5,salaried,False
C00762,Vinaya Muni,Davanagere,226001,5,homemaker,True
C00763,Ekbal Ghose,Berhampur,700001,1,salaried,True
C00764,Raagini Goyal,Jamalpur,226001,4,business,True
C00765,Gabriel Barad,Dhanbad,700001,6,salaried,True
C00766,Nihal Sur,Suryapet,700001,2,business,True
C00767,Krisha Dixit,Berhampore,110001,7,homemaker,False
C00768,Nirja Ghose,Jabalpur,560001,2,salaried,True
C00769,Teerth Vasa,New Delhi,500001,2,business,False
C00770,Sai Sidhu,Delhi,226001,2,salaried,True
C00771,Agastya Borah,Navi Mumbai,600001,7,business,False
C00772,Kalpit Golla,Begusarai,500001,5,salaried,False
C00773,Rudra Thakkar,Chittoor,560001,2,salaried,True
C00774,Chanakya Bumb,Latur,500001,7,salaried,False
C00775,Nidhi Ramesh,Phagwara,500003,7,salaried,False
C00776,Logan Loke,Pallavaram,600001,4,homemaker,False
C00777,Wriddhish Srinivasan,Hindupur,560001,7,salaried,True
C00778,Upkaar Joshi,Sambhal,110001,5,salaried,False
C00779,Manbir Mallick,Sasaram,226001,2,salaried,True
C00780,Devansh Prabhakar,Srikakulam,110002,7,salaried,False
C00781,Lekha Nanda,Pudukkottai,560001,1,student,True
C00782,Balendra Varkey,Mangalore,500002,7,homemaker,False
C00783,Ranveer Pillai,Dhule,226001,3,salaried,True
C00784,Jasmit Ghosh,Raichur,560001,3,homemaker,True
C00785,Luke Sur,Haldia,500003,3,business,False
C00786,Raghav Khanna,Amaravati,110002,7,salaried,False
C00787,Bhavna Palla,Thrissur,500003,5,business,False
C00788,Abdul Sabharwal,Saharanpur,110002,2,business,False
C00789,Jeevika Naik,Vellore,500002,6,business,False
C00790,Girik Choudhary,Darbhanga,226001,6,homemaker,True
C00791,Advik Patel,Davanagere,110001,6,salaried,False
C00792,Adya Majumdar,Udaipur,500003,5,homemaker,False
C00793,Omaja Barman,Gopalpur,500003,4,student,False
C00794,Lavanya Boase,Srikakulam,700001,1,business,True
C00795,Pranav Sibal,Ambala,110002,1,business,False
C00796,Amol Choudhury,Vijayanagaram,600002,3,salaried,False
C00797,Rohan Dani,Malda,226001,3,homemaker,True
C00798,Zansi Hayre,Naihati,110002,7,business,False
C00799,Inaya Toor,Mysore,700001,6,salaried,True
C00800,Dalbir Oza,Shimoga,500001,7,salaried,False
C00801,Upadhriti Mukherjee,Katihar,110002,6,business,False
C00802,Eta Chaudhry,Moradabad,110001,3,salaried,False
C00803,Ethan Bhavsar,Nagaon,226001,2,salaried,True
C00804,Shaurya Bala,Etawah,700001,4,business,True
C00805,Ganga Mody,Chapra,500001,7,salaried,False
C00806,Suhani Mannan,Bhilwara,600001,4,salaried,False
C00807,Varsha Ray,Vadodara,700001,4,salaried,True
C00808,Finn Butala,Rohtak,600001,4,salaried,False
C00809,Urvashi Badal,Tinsukia,226001,3,business,True
C00810,Zashil Banik,Hyderabad,500003,1,business,False
C00811,Gunbir Jain,Naihati,700001,3,salaried,True
C00812,Gauri Sidhu,Chittoor,500002,4,salaried,False
C00813,Diya Barman,Jorhat,600001,3,business,False
C00814,Charan Mitter,Nagercoil,110001,4,salaried,False
C00815,Ekta Edwin,Jabalpur,500002,5,salaried,False
C00816,Banjeet Iyer,Gangtok,560001,6,salaried,True
C00817,Reyansh Butala,Anantapur,560001,1,student,True
C00818,Lavanya Sunder,Hazaribagh,500001,5,student,False
C00819,Omisha Naik,Khora ,500003,2,student,False
C00820,William Prabhakar,Amravati,226001,3,student,True
C00821,Rudra Datta,Giridih,700001,2,business,True
C00822,Udarsh Borde,Ongole,600002,7,business,False
C00823,Yashoda Anand,Pondicherry,110001,3,business,False
C00824,Vrishti Handa,Mathura,600001,6,salaried,False
C00825,Dhruv Lalla,Anantapur,226001,5,business,True
C00826,Michael Vaidya,Shimoga,500002,6,student,False
C00827,Saksham Dara,Tirupati,560001,7,business,True
C00828,Devansh Anand,Udupi,110001,4,salaried,False
C00829,Rajeshri Chaudry,Tumkur,600002,6,salaried,False
C00830,Aryan Menon,Pondicherry,700001,6,business,True
C00831,Charvi Ganguly,Bharatpur,500001,4,business,False
C00832,Aryan Sabharwal,Jabalpur,600002,3,homemaker,False
C00833,Ishaan Ghose,Visakhapatnam,110001,4,salaried,False
C00834,Henry Ahluwalia,Dhanbad,600002,5,student,False
C00835,Varsha Dutt,Delhi,110001,6,business,False
C00836,Krishna Ganesan,Aurangabad,110001,4,homemaker,False
C00837,Gautami Sekhon,Hazaribagh,110002,7,business,False
C00838,Kritika Biswas,North Dumdum,600001,7,business,False
C00839,Upkaar Kant,Uluberia,560001,6,business,True
C00840,Wyatt Iyer,Rampur,110002,5,student,False
C00841,Noah Sami,Jodhpur,700001,2,homemaker,True
C00842,Urishilla Bakshi,Pali,110002,5,salaried,False
C00843,Dhruv Ravel,Kolkata,500003,1,salaried,False
C00844,Adweta Khalsa,Anantapuram,500003,1,homemaker,False
C00845,Yochana Vohra,New Delhi,560001,1,business,True
C00846,Sanaya Lall,Guna,600002,6,business,False
C00847,Charles Sarkar,Bhimavaram,600001,7,business,False
C00848,Pranit Bhalla,Ujjain,560001,3,salaried,True
C00849,Pratyush Natt,Haridwar,110001,7,student,False
C00850,Yatan Kota,Kalyan-Dombivli,500002,3,student,False
C00851,Dhruv Mohan,Dewas,600001,3,salaried,False
C00852,Indira Pillai,Anand,600001,7,salaried,False
C00853,Indrajit Kothari,Khandwa,110001,6,student,False
C00854,Anamika Kuruvilla,Howrah,110001,5,salaried,False
C00855,Nitesh Hari,Gurgaon,500001,3,homemaker,False
C00856,Harita Bajaj,Chapra,560001,2,salaried,True
C00857,Siya Sama,Ambattur,110001,7,business,False
C00858,Yashvi Hegde,Hubli–Dharwad,500003,7,homemaker,False
C00859,Nachiket Narula,Vasai-Virar,700001,1,business,True
C00860,Aarna Sood,Sirsa,500002,5,salaried,False
C00861,Neelima Vora,Thiruvananthapuram,560001,1,business,True
C00862,Bahadurjit Uppal,Pondicherry,226001,7,salaried,True
C00863,Aarnav Nayar,Aligarh,500003,7,salaried,False
C00864,Rachita Parmar,Gwalior,600002,3,homemaker,False
C00865,Amol Borde,Karnal,110001,5,student,False
C00866,Logan Bava,Shimla,226001,4,business,True
C00867,Chaitaly Sharaf,Ozhukarai,110001,2,salaried,False
C00868,Vansha Menon,Mira-Bhayandar,600001,3,salaried,False
C00869,Unni Lad,Gandhinagar,500003,7,salaried,False
C00870,Charan Mannan,Mango,600001,3,business,False
C00871,Harinakshi Dugar,Bhubaneswar,500001,2,student,False
C00872,Rudra Batta,Jhansi,600001,7,business,False
C00873,Viraj Modi,Kakinada,500001,2,student,False
C00874,Vasatika Mangat,Ahmedabad,500001,4,salaried,False
C00875,Baghyawati Morar,Chandigarh,226001,3,salaried,True
C00876,Yashvi Merchant,Bhimavaram,110001,6,salaried,False
C00877,Balveer Chadha,Bathinda,600002,3,salaried,False
C00878,Sai Grewal,Darbhanga,600001,1,salaried,False
C00879,Aradhana Khalsa,Bellary,500003,5,homemaker,False
C00880,Anvi Sekhon,Kishanganj,500001,5,salaried,False
C00881,Rayaan Narasimhan,Etawah,110001,1,homemaker,False
C00882,Ayush Oak,Bikaner,500002,7,salaried,False
C00883,Ubika Apte,Munger,560001,5,homemaker,True
C00884,Neel Ratti,Bhilai,226001,2,business,True
C00885,Sudiksha Kata,Ghaziabad,600002,5,homemaker,False
C00886,Madhavi Ramachandran,Bijapur,110002,5,salaried,False
C00887,Aditya Dugal,Asansol,226001,1,student,True
C00888,Bhavna Joshi,Nagercoil,500002,7,homemaker,False
C00889,Tanish Bajaj,Bhagalpur,560001,4,salaried,True
C00890,Karan Raj,Srinagar,500002,5,salaried,False
C00891,Michael Walia,Bilaspur,600001,6,salaried,False
C00892,Noah Sundaram,Hindupur,500001,5,homemaker,False
C00893,Gabriel Bhatnagar,Phagwara,600002,4,business,False
C00894,Jairaj Bhatt,Orai,700001,1,business,True
C00895,Divya Master,Kollam,500001,4,salaried,False
C00896,Geetika Chopra,Raiganj,700001,1,salaried,True
C00897,Chaman Shere,Tinsukia,560001,2,student,True
C00898,Saksham Panchal,Ludhiana,110001,1,salaried,False
C00899,Amol Gopal,Dharmavaram,110002,2,business,False
C00900,Bhanumati Zacharia,Ajmer,500003,2,homemaker,False
C00901,Gunbir Bansal,Bokaro,500001,1,salaried,False
C00902,Balveer Wali,Firozabad,600002,6,business,False
C00903,Yoshita Madan,Vasai-Virar,500002,3,salaried,False
C00904,Theodore Dugar,Udupi,600002,1,business,False
C00905,Kala Bawa,Etawah,560001,5,salaried,True
C00906,Yashvi Dash,Raipur,700001,6,student,True
C00907,Rachit Bora,Amritsar,500002,6,salaried,False
C00908,Sara Date,Udaipur,500003,5,business,False
C00909,Teerth Deep,Deoghar,500003,3,business,False
C00910,Lopa Nagi,Madurai,500001,6,salaried,False
C00911,Yashoda Vasa,Bhagalpur,560001,2,student,True
C00912,Radhika Comar,Saharanpur,110001,3,salaried,False
C00913,Lopa Ghose,Bulandshahr,560001,7,business,True
C00914,Teerth Shankar,Thanjavur,700001,5,salaried,True
C00915,Gautam Kala,Kozhikode,600002,3,business,False
C00916,Dakshesh Amble,Phagwara,500003,1,salaried,False
C00917,Barkha Tara,Darbhanga,600002,3,salaried,False
C00918,Harita Deo,Thiruvananthapuram,600002,2,salaried,False
C00919,Ekani Dugar,Begusarai,600002,1,student,False
C00920,Zayan Dubey,Jaunpur,500003,4,salaried,False
C00921,Varenya Oommen,Vadodara,226001,5,homemaker,True
C00922,Gopal Gulati,Cuttack,600001,5,homemaker,False
C00923,Omisha Sankar,Buxar,700001,3,salaried,True
C00924,Tara Palla,Nizamabad,226001,6,business,True
C00925,Radhika Batra,Gudivada,700001,1,salaried,True
C00926,Ranveer Prashad,Bardhaman,500002,4,salaried,False
C00927,Chatura Sankar,Nandyal,560001,1,student,True
C00928,Yasti Pathak,Farrukhabad,560001,5,business,True
C00929,Dalaja Barad,Firozabad,110002,1,business,False
C00930,Anusha Palla,Agra,560001,4,salaried,True
C00931,Tara Mane,Pondicherry,500003,6,salaried,False
C00932,Gavin Hari,Mau,110001,3,salaried,False
C00933,Eta Hegde,Pimpri-Chinchwad,500001,2,student,False
C00934,Ekalinga Jani,Kanpur,110002,1,business,False
C00935,Avni Nadig,Varanasi,500001,2,student,False
C00936,Ganga Venkatesh,Machilipatnam,700001,5,salaried,True
C00937,Anika Dua,Bhind,500001,3,salaried,False
C00938,Keya Sachdeva,Ghaziabad,500001,7,salaried,False
C00939,Anthony Sinha,Tadipatri,110002,3,salaried,False
C00940,Daksh Varughese,Giridih,500002,1,salaried,False
C00941,Samuel Kibe,Mangalore,600002,6,student,False
C00942,Saanvi Bala,Davanagere,560001,3,homemaker,True
C00943,Vivaan Sawhney,Miryalaguda,560001,1,business,True
C00944,Baghyawati Patil,Surendranagar Dudhrej,500003,1,business,False
C00945,Yashasvi Chacko,Ahmedabad,110002,2,salaried,False
C00946,Dalaja Mitter,Bidhannagar,500003,3,homemaker,False
C00947,Wakeeta Maharaj,Tezpur,110001,1,salaried,False
C00948,Ekalinga Muni,Guntur,110001,2,homemaker,False
C00949,Raghav Hayer,Chandrapur,500003,4,business,False
C00950,Lekha Dani,Bhubaneswar,110002,7,salaried,False
C00951,Faqid Gola,Bihar Sharif,500003,2,homemaker,False
C00952,Jeet Brar,Amaravati,560001,2,salaried,True
C00953,Lekha Bava,Dehradun,226001,1,business,True
C00954,Lila Ratti,Baranagar,600001,5,business,False
C00955,Bachittar Yohannan,Haldia,500001,5,salaried,False
C00956,Gautam Varty,Begusarai,600001,6,salaried,False
C00957,Ayaan Chanda,Chittoor,110002,5,business,False
C00958,Quincy Ahuja,Lucknow,600001,2,student,False
C00959,Yutika Nagar,Begusarai,110001,6,salaried,False
C00960,Damyanti Kadakia,Karnal,700001,1,homemaker,True
C00961,Vrinda Koshy,Jehanabad,500001,3,salaried,False
C00962,Isaiah Sachdeva,Nellore,600002,7,salaried,False
C00963,Abhiram Saini,Dehradun,110002,7,salaried,False
C00964,Nakul Om,Hyderabad,500001,2,salaried,False
C00965,Omkaar Chandra,Mira-Bhayandar,600001,2,salaried,False
C00966,Wazir Brar,Chittoor,110001,6,homemaker,False
C00967,Atharv Tailor,Thoothukudi,500002,1,salaried,False
C00968,Anirudh Sawhney,Kurnool,226001,4,salaried,True
C00969,Naksh Joshi,Vijayanagaram,600002,2,salaried,False
C00970,Wahab Ahluwalia,Chandigarh,226001,4,student,True
C00971,Ijaya Sekhon,Pallavaram,500001,4,homemaker,False
C00972,Balveer Nadkarni,Srikakulam,110001,5,salaried,False
C00973,Gaurav Wadhwa,Madurai,110001,1,salaried,False
C00974,Ladli Garde,Tirupati,600001,7,salaried,False
C00975,Hemangini Sagar,Haridwar,560001,7,salaried,True
C00976,Nakul Krishnan,Vadodara,600001,4,salaried,False
C00977,Forum Datta,Yamunanagar,560001,7,salaried,True
C00978,Christopher Pingle,Thrissur,560001,1,salaried,True
C00979,Dipta Vala,Amritsar,600002,5,business,False
C00980,Qabil Din,Udupi,600001,1,salaried,False
C00981,Jagat Suresh,Hindupur,500002,2,homemaker,False
C00982,Kritika Biswas,Shivpuri,500003,4,homemaker,False
C00983,Xalak Ghosh,Saharanpur,500003,1,business,False
C00984,Vivaan Dyal,Korba,600001,7,salaried,False
C00985,Harshil Nayak,Vijayanagaram,600001,3,salaried,False
C00986,Isha Chaudry,Madurai,226001,1,salaried,True
C00987,Unnati Sarkar,Kolhapur,600002,4,student,False
C00988,Zansi Sankar,Siliguri,600001,5,business,False
C00989,Imaran Kala,Nagercoil,226001,7,homemaker,True
C00990,Bachittar Ramachandran,Ichalkaranji,560001,5,homemaker,True
C00991,Amruta Balasubramanian,Ramgarh,110001,4,salaried,False
C00992,Chakradev Grewal,Nadiad,110001,7,business,False
C00993,Lucky Comar,Dindigul,560001,2,salaried,True
C00994,Raksha Nagy,Warangal,110002,7,salaried,False
C00995,Logan Bahl,Kolkata,226001,2,salaried,True
C00996,Zaid Ramakrishnan,Haldia,226001,5,salaried,True
C00997,Baghyawati Rau,Rampur,560001,5,homemaker,True
C00998,Wahab Deol,Fatehpur,500002,4,salaried,False
C00999,Yauvani Lall,Orai,700001,2,business,True
C01000,Warhi Kant,Durgapur,500001,5,business,False
C01001,Logan Barman,Miryalaguda,560001,2,business,True
C01002,Vedant Krish,Kirari Suleman Nagar,600001,5,salaried,False
C01003,Anirudh Mangat,Chapra,600001,7,homemaker,False
C01004,Jeet Sule,Ranchi,600002,1,business,False
C01005,Manbir Nanda,Bathinda,560001,3,salaried,True
C01006,Saanvi Batra,Agra,600002,7,salaried,False
C01007,Januja Balakrishnan,Chennai,560001,6,business,True
C01008,Yauvani Chokshi,Dindigul,226001,1,student,True
C01009,Charles Garg,Miryalaguda,500001,6,business,False
C01010,Tarak Sehgal,Kamarhati,226001,5,student,True
C01011,Udant Raghavan,Belgaum,700001,3,business,True
C01012,Dhriti Goda,Jorhat,110001,3,salaried,False
C01013,Laksh Kapur,Pimpri-Chinchwad,500003,5,salaried,False
C01014,Jagvi Salvi,Ghaziabad,560001,5,salaried,True
C01015,Zayyan Tella,Hosur,700001,2,business,True
C01016,Arjun Aurora,Singrauli,110001,5,student,False
C01017,Neha Cherian,Guntur,110002,4,salaried,False
C01018,Vasudha Mitra,Maheshtala,500001,5,business,False
C01019,Samarth Rajagopal,Varanasi,600002,4,salaried,False
C01020,Dalbir Madan,Aizawl,600002,5,salaried,False
C01021,Yagnesh Dutt,Bhilwara,226001,2,salaried,True
C01022,Tanish Narain,Ujjain,600001,4,salaried,False
C01023,Warinder Singhal,Morbi,110001,1,salaried,False
C01024,Harita Minhas,Gangtok,110002,4,salaried,False
C01025,Hritik Nair,Katni,700001,7,salaried,True
C01026,Hiral Mangal,Jabalpur,500001,2,salaried,False
C01027,Jatin Khare,Purnia,110001,6,business,False
C01028,Dayamai Mand,Jamalpur,110002,4,salaried,False
C01029,Balveer Bhatt,Noida,500003,7,homemaker,False
C01030,Gunbir Badami,Jamnagar,560001,7,salaried,True
C01031,Eta Kurian,Hazaribagh,600002,7,salaried,False
C01032,Vyanjana Solanki,Siliguri,700001,5,salaried,True
C01033,Bhavini Date,Alappuzha,600002,7,salaried,False
C01034,Ansh Pandya,Thrissur,700001,5,student,True
C01035,Gaurika Sahni,Tirunelveli,226001,6,salaried,True
C01036,Falan Sem,Berhampur,600001,2,homemaker,False
C01037,Falak Bajwa,Tumkur,700001,3,homemaker,True
C01038,Zaitra Gade,Jalna,600002,5,business,False
C01039,Chakradev Ghose,Panchkula,226001,7,business,True
C01040,Raghav Kari,Gandhinagar,700001,7,business,True
C01041,Robert Deshmukh,Bidar,500003,1,salaried,False
C01042,Eiravati Vora,Guntur,600001,7,business,False
C01043,Faraj Murty,Karimnagar,700001,2,salaried,True
C01044,Falguni Agate,Medininagar,226001,4,salaried,True
C01045,Victor Ram,Guna,110001,4,business,False
C01046,Caleb Kant,Aurangabad,500002,7,business,False
C01047,Anjali Barad,Loni,110002,1,homemaker,False
C01048,Kamya Borde,Alappuzha,500002,5,salaried,False
C01049,Aadi Mannan,Hyderabad,500002,2,student,False
C01050,Ojasvi Sridhar,Siwan,500001,1,salaried,False
C01051,Oni Krishna,Bilaspur,500003,5,salaried,False
C01052,Fariq Virk,Ichalkaranji,110001,2,salaried,False
C01053,Hritik Gandhi,Saharanpur,560001,7,salaried,True
C01054,Samarth Singhal,Kishanganj,700001,4,salaried,True
C01055,Edhitha Taneja,Silchar,110002,2,business,False
C01056,Neelima Chaudry,Giridih,600001,7,student,False
C01057,Aarush Chaudhari,Gudivada,110001,6,salaried,False
C01058,Yashasvi Chahal,Shimoga,600002,3,business,False
C01059,Veda Tella,Mau,560001,2,student,True
C01060,Gaurika Arya,Sri Ganganagar,500001,3,student,False
C01061,Ronith Mukhopadhyay,Aizawl,500001,2,business,False
C01062,Qarin Srinivas,Rourkela,110001,3,salaried,False
C01063,Jalsa Sibal,Ghaziabad,226001,6,homemaker,True
C01064,Riya Bhatti,Hapur,500002,4,business,False
C01065,Vaishnavi Tandon,Kolhapur,600002,5,salaried,False
C01066,Champak Rao,Bulandshahr,500001,3,salaried,False
C01067,Reva Murty,Anantapur,110002,6,student,False
C01068,Praneel Handa,Varanasi,500001,3,salaried,False
C01069,Vyanjana Batta,Thiruvananthapuram,600001,4,homemaker,False
C01070,Aahana Sunder,Warangal,700001,3,salaried,True
C01071,Balhaar Dalal,Ajmer,500001,6,student,False
C01072,Lipika Savant,Dhanbad,600001,7,salaried,False
C01073,Tamanna Varty,Ramgarh,110001,6,business,False
C01074,Yoshita Bhagat,Miryalaguda,110001,1,homemaker,False
C01075,Nisha Kannan,Delhi,560001,4,salaried,True
C01076,Sara Mutti,Anantapur,500001,7,business,False
C01077,Nakul Pant,Khora ,110002,1,salaried,False
C01078,Nitesh Manda,Surendranagar Dudhrej,500001,4,salaried,False
C01079,Lipika Malhotra,Mirzapur,110002,7,salaried,False
C01080,Upma Subramanian,Singrauli,500003,3,business,False
C01081,Damini Narayanan,Ranchi,560001,7,salaried,True
C01082,Nathaniel Soni,Bhavnagar,500003,6,salaried,False
C01083,Wriddhish Nayar,Meerut,500001,1,salaried,False
C01084,Hema Uppal,Tirunelveli,560001,3,business,True
C01085,Jalsa Pall,Adoni,500003,6,student,False
C01086,Ethan Koshy,Vasai-Virar,500002,4,salaried,False
C01087,Farhan Sane,Bikaner,500001,7,salaried,False
C01088,Ekanta Amble,Raebareli,500003,6,homemaker,False
C01089,Yochana Dutta,Tiruppur,500002,3,salaried,False
C01090,Ryan Chopra,Shimoga,500002,1,homemaker,False
C01091,George Mishra,Eluru,110001,1,homemaker,False
C01092,Zinal Savant,Varanasi,500001,7,student,False
C01093,Nidra Krish,Secunderabad,500002,6,salaried,False
C01094,Neel Dutt,Chennai,110001,3,student,False
C01095,Naveen Pandit,Khora ,500003,2,student,False
C01096,Keya Bora,Aizawl,600001,4,business,False
C01097,Tarak Dugar,Tirunelveli,500001,4,salaried,False
C01098,Veda Ray,Siwan,560001,3,salaried,True
C01099,Prisha Raja,Vijayanagaram,110002,2,salaried,False
C01100,Naksh Dara,Ambala,110002,1,business,False
C01101,Lekha Swamy,Buxar,500003,7,business,False
C01102,Abha Chakrabarti,Bhagalpur,226001,5,salaried,True
C01103,Xavier Bava,Allahabad,226001,5,business,True
C01104,Anusha Deshmukh,Machilipatnam,500003,7,salaried,False
C01105,Abdul Zacharia,Raichur,500002,3,business,False
C01106,Ucchal Chokshi,Raebareli,500001,2,homemaker,False
C01107,Kai Bhagat,Panipat,110002,2,salaried,False
C01108,Samaksh Chander,Ballia,110002,4,salaried,False
C01109,Bhavani Doctor,Pudukkottai,500002,1,salaried,False
C01110,Odika Oommen,Mirzapur,110002,6,business,False
C01111,Pooja Nadig,Kavali,560001,2,student,True
C01112,Avni Mangal,Coimbatore,500001,7,homemaker,False
C01113,Urvashi Sarraf,Rourkela,700001,6,salaried,True
C01114,Thomas Yadav,Singrauli,110002,5,homemaker,False
C01115,Abhiram Jhaveri,Kochi,500003,6,salaried,False
C01116,Daniel Dara,Panihati,560001,1,business,True
C01117,Jagrati Manda,Latur,110002,7,salaried,False
C01118,Gagan Buch,Agra,560001,1,homemaker,True
C01119,Isaiah Murty,Nagercoil,110001,6,business,False
C01120,Yatin Chaudhuri,Jabalpur,700001,3,business,True
C01121,Anamika Bhalla,Muzaffarpur,600002,2,student,False
C01122,Libni Hari,Nandyal,500003,7,salaried,False
C01123,Vinaya Chawla,Muzaffarnagar,500003,3,salaried,False
C01124,Ubika Srinivas,Rajkot,500001,6,homemaker,False
C01125,Zayan Pant,Sambalpur,560001,2,salaried,True
C01126,Naveen Sodhi,Chapra,500002,4,salaried,False
C01127,Anirudh Bobal,Ichalkaranji,500003,3,business,False
C01128,Oni Oza,Thane,560001,3,business,True
C01129,Ekavir Patla,Latur,560001,6,salaried,True
C01130,Diya Agrawal,Malda,600001,5,salaried,False
C01131,Kala Bhatt,Bhiwani,600001,6,salaried,False
C01132,Oeshi Lala,Orai,600002,3,salaried,False
C01133,Harita Rajan,Siwan,110001,2,homemaker,False
C01134,Upasna Sama,Miryalaguda,600002,5,homemaker,False
C01135,Azaan Apte,Ichalkaranji,110002,6,business,False
C01136,Ethan Raja,Chennai,500002,7,salaried,False
C01137,Wyatt Peri,Sonipat,110002,6,homemaker,False
C01138,Eta Kaur,Nagpur,226001,3,business,True
C01139,Hitesh Kalita,Anantapur,110002,3,salaried,False
C01140,Frado Narain,Berhampore,500001,4,homemaker,False
C01141,Naksh Sami,Ramgarh,110002,6,student,False
C01142,Edhitha Gour,Hosur,600002,3,student,False
C01143,Harita Gola,Agartala,500003,7,student,False
C01144,Rachana Vohra,Ajmer,500003,1,salaried,False
C01145,Liam Viswanathan,Kishanganj,600001,5,salaried,False
C01146,Chakrika Saxena,Jamnagar,500002,1,business,False
C01147,Harish Chand,Meerut,500002,5,salaried,False
C01148,Robert Nagy,Howrah,500001,7,salaried,False
C01149,George Dixit,Purnia,600002,6,student,False
C01150,Widisha Barad,Jalandhar,600001,4,student,False
C01151,Yauvani Ganguly,Sasaram,226001,3,business,True
C01152,Christopher Wable,Siwan,500002,3,student,False
C01153,Oviya Devan,Navi Mumbai,500003,3,student,False
C01154,Rachita Pillay,Durg,110002,6,business,False
C01155,Kashish Balakrishnan,Rampur,110002,5,salaried,False
C01156,Faqid Chandra,Silchar,600001,7,salaried,False
C01157,Chandran Dugal,Tumkur,600002,3,salaried,False
C01158,Chasmum D’Alia,Rajpur Sonarpur,600002,1,salaried,False
C01159,Dakshesh Shetty,Allahabad,110001,3,salaried,False
C01160,Nirja Patel,Mysore,700001,6,salaried,True
C01161,Dayamai Jaggi,Ahmedabad,500002,7,business,False
C01162,Laksh Dewan,Thanjavur,600002,4,homemaker,False
C01163,Vihaan Wadhwa,Ozhukarai,500003,7,salaried,False
C01164,Onveer Kapur,Kadapa,600001,1,student,False
C01165,Eta Bir,Jaipur,226001,3,business,True
C01166,Pushti Narula,Raiganj,110001,3,salaried,False
C01167,Aryan Mallick,Amroha,560001,2,homemaker,True
C01168,Arin Toor,Uluberia,500001,5,business,False
C01169,Charles Dass,Dewas,226001,1,salaried,True
C01170,Omkaar Sankar,Serampore,560001,2,student,True
C01171,Anya Sarkar,Guntakal,110002,7,salaried,False
C01172,Vasatika Chad,Chapra,500001,4,business,False
C01173,Pooja Chaudry,Amritsar,500002,5,salaried,False
C01174,Devika Amble,Purnia,500003,1,student,False
C01175,Reva Kashyap,Varanasi,500001,3,salaried,False
C01176,Ishaan Rai,Moradabad,700001,7,business,True
C01177,Warda Bali,Barasat,560001,1,salaried,True
C01178,Manan Bhat,Kavali,500002,3,business,False
C01179,Dalaja Viswanathan,Bellary,700001,5,student,True
C01180,Inaya Gara,Gopalpur,110002,3,business,False
C01181,Yahvi Behl,Ramgarh,700001,4,business,True
C01182,Banjeet Vala,Kulti,110001,7,business,False
C01183,Jason Bhatnagar,Gaya,110001,6,homemaker,False
C01184,Daksha Dugar,Agra,600001,3,business,False
C01185,Azad Gill,Raiganj,226001,4,student,True
C01186,Max Gara,Begusarai,226001,6,student,True
C01187,Netra Sehgal,Kurnool,500002,7,salaried,False
C01188,Gaurav Vohra,Srinagar,110002,5,salaried,False
C01189,Arjun Salvi,Coimbatore,600002,5,salaried,False
C01190,Vaishnavi Borah,Bhilwara,110001,7,student,False
C01191,Neel Goyal,Kamarhati,500002,7,salaried,False
C01192,Yutika Vala,Pimpri-Chinchwad,600002,1,business,False
C01193,Chaitanya Trivedi,Bareilly,226001,4,student,True
C01194,Zansi Virk,Surendranagar Dudhrej,600001,4,salaried,False
C01195,Maanas Patla,Sambhal,700001,7,business,True
C01196,Aachal Kale,Chandrapur,110001,2,salaried,False
C01197,Rudra Narain,Hubli–Dharwad,500002,2,salaried,False
C01198,Anay Raman,Cuttack,500001,6,student,False
C01199,Lakshit Kumer,Bettiah,600002,6,salaried,False
C01200,Bachittar Dhar,Bikaner,700001,2,salaried,True
C01201,Falguni Parmar,Mango,110001,7,homemaker,False
C01202,Aashi Narayan,Phusro,226001,7,salaried,True
C01203,Ishwar Kunda,Bhalswa Jahangir Pur,110002,6,homemaker,False
C01204,Joshua Balan,Etawah,600002,3,homemaker,False
C01205,Dayamai Bal,Davanagere,226001,7,salaried,True
C01206,Riya Thakkar,Pallavaram,110001,2,salaried,False
C01207,Baljiwan Sibal,Saharanpur,600002,4,student,False
C01208,Jyoti Cheema,Ahmednagar,700001,7,business,True
C01209,Niharika Ghosh,Mysore,110001,7,salaried,False
C01210,Zilmil Pandey,Hospet,560001,3,student,True
C01211,Benjamin Ghosh,Silchar,500002,6,salaried,False
C01212,Wriddhish Varkey,Kochi,700001,7,homemaker,True
C01213,Lekha Keer,Adoni,600002,5,salaried,False
C01214,Lopa Agate,Durg,110002,1,salaried,False
C01215,Anvi Pant,Purnia,226001,2,salaried,True
C01216,Forum Mand,Nagpur,500001,5,homemaker,False
C01217,Ubika Lad,Bhopal,226001,6,business,True
C01218,Neel Chahal,Bhagalpur,600002,4,student,False
C01219,Finn Bhardwaj,Nadiad,226001,1,salaried,True
C01220,Unnati Saran,Maheshtala,500002,5,salaried,False
C01221,Nikita Issac,Noida,110001,1,salaried,False
C01222,Ekani Gopal,Nagercoil,500001,2,business,False
C01223,Lipika Yogi,Danapur,500003,6,business,False
C01224,Rushil Borah,Hosur,600002,7,business,False
C01225,Kabir Minhas,Bhind,600001,4,salaried,False
C01226,Bahadurjit Manne,Bhusawal,500003,6,homemaker,False
C01227,Janaki Bhatia,Mathura,226001,1,salaried,True
C01228,Yashvi Borah,Aizawl,600002,5,homemaker,False
C01229,Mitali Keer,Bardhaman,560001,2,salaried,True
C01230,Lucky Sibal,Ghaziabad,600001,2,business,False
C01231,Rajata Kalla,Aurangabad,500001,6,salaried,False
C01232,Ethan Wali,Tadipatri,110002,7,salaried,False
C01233,Nisha Bora,Silchar,560001,5,business,True
C01234,Aarini Basu,Chinsurah,500003,7,salaried,False
C01235,Thomas Mody,Bally,110001,7,salaried,False
C01236,Chatresh Kaul,Bidar,500002,5,student,False
C01237,Pratyush Sami,Belgaum,110002,1,business,False
C01238,Barkha Gola,Jalna,560001,6,student,True
C01239,Eta Parsa,Durgapur,110001,6,salaried,False
C01240,Aachal Walia,Moradabad,110001,3,business,False
C01241,Nandini Venkatesh,Karawal Nagar,600002,6,business,False
C01242,Yuvraj Mandal,Dindigul,560001,2,salaried,True
C01243,Wazir Bava,Jamalpur,500001,1,business,False
C01244,Sanaya Bose,Firozabad,226001,5,salaried,True
C01245,Eiravati Bhavsar,Khora ,600001,6,salaried,False
C01246,Ishwar Chaudry,Bongaigaon,600001,1,salaried,False
C01247,Oliver Bains,Singrauli,500003,6,salaried,False
C01248,Zayan Bhandari,Madanapalle,500003,5,business,False
C01249,George Nagar,Unnao,600001,4,business,False
C01250,Chaman Sagar,Faridabad,500001,5,homemaker,False
C01251,Harsh Sura,Erode,500002,5,student,False
C01252,Anamika Borah,Raurkela Industrial Township,700001,5,salaried,True
C01253,Jagvi Chaudhari,Chandrapur,226001,6,homemaker,True
C01254,Radha Kapur,Alwar,500002,3,homemaker,False
C01255,Pahal Oak,Morbi,600002,5,salaried,False
C01256,Zilmil Devan,Jalgaon,700001,2,business,True
C01257,Ekta Murthy,Vellore,700001,2,homemaker,True
C01258,Sai Chokshi,Berhampore,560001,1,business,True
C01259,Vrishti Samra,Agra,500001,3,homemaker,False
C01260,Nirja Gole,Jodhpur,500001,1,salaried,False
C01261,Manya Kar,Bongaigaon,700001,2,salaried,True
C01262,Anya Chacko,Madhyamgram,560001,7,salaried,True
C01263,Radhika Kapadia,Udaipur,226001,2,business,True
C01264,Agastya More,Pallavaram,700001,4,student,True
C01265,Vrishti Oak,Aizawl,110002,5,homemaker,False
C01266,Priya Mann,Nanded,500003,7,salaried,False
C01267,Frederick Khatri,Siwan,500003,2,salaried,False
C01268,Advaith Bhattacharyya,Ajmer,500002,6,student,False
C01269,Lohit Subramaniam,Deoghar,600002,6,business,False
C01270,Varsha Pradhan,Dindigul,500003,1,salaried,False
C01271,Jagvi Krish,Rourkela,110001,7,business,False
C01272,Tejas Dayal,Siliguri,500002,1,student,False
C01273,Liam Setty,Nandyal,500003,5,student,False
C01274,Tripti Dyal,Etawah,600002,5,business,False
C01275,Shaurya Oak,Hospet,500001,4,salaried,False
C01276,Neha Shere,Hosur,500001,3,homemaker,False
C01277,Girindra Chaudhuri,Naihati,226001,1,business,True
C01278,Ishwar Balasubramanian,Narasaraopet,700001,5,salaried,True
C01279,Bhavna Dalal,Sultan Pur Majra,110002,1,salaried,False
C01280,Kritika Mall,Nagaon,500001,5,student,False
C01281,Divya Mann,Nellore,560001,2,salaried,True
C01282,Faras Narain,Thoothukudi,500003,1,salaried,False
C01283,Shivani Shah,Vellore,560001,2,business,True
C01284,Irya Aurora,Pune,600002,1,salaried,False
C01285,Zilmil Grewal,Guwahati,500001,3,business,False
C01286,Laban Sachdeva,Gandhinagar,110002,4,salaried,False
C01287,Dev Saraf,Pimpri-Chinchwad,600002,6,business,False
C01288,Gaurav Bakshi,Mira-Bhayandar,110001,6,salaried,False
C01289,Amruta Zacharia,Udaipur,110001,6,salaried,False
C01290,Yagnesh Ratti,Rajahmundry,560001,2,salaried,True
C01291,Urvashi Kapur,Morbi,700001,7,homemaker,True
C01292,Advik De,Dewas,500002,5,homemaker,False
C01293,Rachana Borra,Gwalior,700001,6,salaried,True
C01294,Banjeet Chaudry,Dharmavaram,226001,3,student,True
C01295,Ayaan Jayaraman,Ambarnath,700001,6,business,True
C01296,Caleb Dutt,Pudukkottai,226001,1,homemaker,True
C01297,Jackson Kota,Guwahati,226001,2,salaried,True
C01298,Unnati Mall,Pondicherry,110002,7,business,False
C01299,Ekapad Dugal,Ahmednagar,500001,1,salaried,False
C01300,Deepa Deshmukh,Shimla,110002,7,salaried,False
C01301,Dev Deo,Junagadh,226001,1,homemaker,True
C01302,Owen Kannan,Akola,600002,1,business,False
C01303,Mason Mukhopadhyay,Kadapa,110001,4,salaried,False
C01304,Indira Ravi,Pimpri-Chinchwad,226001,4,salaried,True
C01305,Alexander Kashyap,Kharagpur,110002,5,student,False
C01306,Teerth Verma,Tirunelveli,600002,2,business,False
C01307,Ubika Maharaj,Suryapet,110002,3,salaried,False
C01308,Jonathan Bhat,Guna,700001,3,homemaker,True
C01309,Mitali Mistry,Dehradun,500003,3,salaried,False
C01310,Lohit Memon,Rajahmundry,560001,1,salaried,True
C01311,Thomas Ahluwalia,Lucknow,500002,4,homemaker,False
C01312,Krisha Chahal,Mehsana,110002,2,salaried,False
C01313,Odika Toor,Lucknow,500002,1,salaried,False
C01314,Chaitaly Grover,Bhavnagar,600001,7,business,False
C01315,Madhavi Nayar,Bidar,110002,4,student,False
C01316,Hiral Sampath,Rampur,500003,4,salaried,False
C01317,Umang Reddy,Tirupati,500002,6,homemaker,False
C01318,Bishakha Hans,Satna,226001,6,student,True
C01319,Simon Bhardwaj,Muzaffarpur,110002,2,salaried,False
C01320,Tamanna Khanna,Shimla,500001,7,student,False
C01321,Meera Kari,Kollam,560001,2,salaried,True
C01322,Yamini Goda,Mau,500003,2,salaried,False
C01323,Ekaraj Sanghvi,Siwan,500002,1,student,False
C01324,Warhi Morar,Srikakulam,500003,5,homemaker,False
C01325,Kamya Dutta,Muzaffarnagar,600002,2,salaried,False
C01326,Naksh Agrawal,Panvel,560001,6,salaried,True
C01327,Tara Rao,Aizawl,226001,5,business,True
C01328,Samar Goda,Rajahmundry,110002,1,salaried,False
C01329,Pranit Gara,Bareilly,110002,5,salaried,False
C01330,Yoshita Rai,Mumbai,110002,3,salaried,False
C01331,Dayita Oza,Madurai,560001,7,business,True
C01332,Arin Kakar,Jehanabad,500001,5,salaried,False
C01333,Warjas Ratti,Patiala,600001,2,salaried,False
C01334,Bhavani Palan,Khandwa,110001,1,student,False
C01335,Kamya Batra,Davanagere,700001,7,student,True
C01336,Ansh Dixit,Alwar,500002,2,business,False
C01337,Raghav Kota,Sambhal,500001,7,salaried,False
C01338,Fitan Bobal,Nagaon,226001,6,business,True
C01339,Leela Hora,Saharanpur,500002,3,salaried,False
C01340,Indrajit Mand,Bhilwara,110002,6,salaried,False
C01341,Lakshit Merchant,Avadi,500003,2,student,False
C01342,Jeet Jhaveri,Naihati,226001,2,salaried,True
C01343,Keya Tank,Rourkela,500002,2,salaried,False
C01344,Ayaan Borra,Satara,110002,4,salaried,False
C01345,Balvan Srinivasan,Aurangabad,500002,3,salaried,False
C01346,Kala Chaudry,Thanjavur,500003,7,salaried,False
C01347,Vedant Dora,Pimpri-Chinchwad,110002,2,homemaker,False
C01348,Hema Narain,Thanjavur,600001,2,salaried,False
C01349,Vasudha Chatterjee,Srikakulam,500001,7,salaried,False
C01350,Qushi Tiwari,Tenali,600002,6,salaried,False
C01351,Yash Garde,Thoothukudi,700001,6,homemaker,True
C01352,Baghyawati Kalita,Bhavnagar,560001,2,business,True
C01353,Harita Deshpande,Nellore,700001,1,salaried,True
C01354,Udant Shroff,Panihati,226001,4,homemaker,True
C01355,Qarin Chada,Burhanpur,700001,6,salaried,True
C01356,Yasti Saini,Nadiad,110002,1,salaried,False
C01357,Ria Balan,Tiruppur,600001,4,salaried,False
C01358,Jagat Bir,Tiruppur,600002,2,salaried,False
C01359,Caleb Mangat,Rajpur Sonarpur,500001,3,salaried,False
C01360,Unni Tank,Bangalore,500001,5,business,False
C01361,Xalak Pall,Maheshtala,500003,5,salaried,False
C01362,Baghyawati Gola,Dehri,560001,2,business,True
C01363,Hredhaan Parikh,Amaravati,500002,6,salaried,False
C01364,Tanvi Yogi,Visakhapatnam,600001,1,salaried,False
C01365,Neha Sibal,Pimpri-Chinchwad,500002,3,salaried,False
C01366,Girik Thaman,Uluberia,600002,7,homemaker,False
C01367,Jason Taneja,Jamalpur,700001,4,salaried,True
C01368,Zilmil Deol,Khammam,500001,2,business,False
C01369,Kai Garg,Akola,600002,3,salaried,False
C01370,Patrick Contractor,Vijayanagaram,700001,3,salaried,True
C01371,Osha Tiwari,Kolkata,500001,6,salaried,False
C01372,Chameli Bir,Tirupati,700001,4,salaried,True
C01373,Unni Dua,Tiruchirappalli,560001,3,salaried,True
C01374,Mugdha Ramanathan,Kalyan-Dombivli,600001,6,salaried,False
C01375,Indira Narula,Shimla,226001,1,student,True
C01376,Yashica Shenoy,Dibrugarh,600002,6,salaried,False
C01377,Zehaan Iyer,Bhiwandi,600002,1,business,False
C01378,Ubika Varma,Mirzapur,110001,1,salaried,False
C01379,Anamika Kibe,Jalna,110002,7,business,False
C01380,Ekanta Rege,Hyderabad,560001,7,business,True
C01381,Tanvi Muni,Srinagar,560001,3,salaried,True
C01382,Farhan Contractor,Uluberia,500002,6,salaried,False
C01383,Gopal Dugar,Nellore,700001,7,student,True
C01384,Theodore Dass,Chandigarh,110002,1,homemaker,False
C01385,Vinaya Karpe,Tiruppur,600001,7,salaried,False
C01386,Arin Bal,Jaunpur,600001,4,salaried,False
C01387,Viraj Sethi,Nagercoil,560001,3,homemaker,True
C01388,Anamika Kadakia,Tezpur,600001,6,salaried,False
C01389,Bimala Mammen,Jodhpur,110001,6,business,False
C01390,Hitesh Warrior,Satara,600002,5,salaried,False
C01391,Upma Narang,Udaipur,500003,6,salaried,False
C01392,Lucky Krishnamurthy,Nellore,226001,3,business,True
C01393,Lohit Pradhan,Thrissur,500002,4,business,False
C01394,Pushti Murty,Tezpur,700001,6,salaried,True
C01395,Gauri Varghese,Moradabad,226001,5,business,True
C01396,Eesha Pau,Rohtak,700001,3,student,True
C01397,Rohan Wali,Silchar,500001,1,business,False
C01398,Ojas Zachariah,Raiganj,226001,2,salaried,True
C01399,Aarav Pai,Kota,500003,2,business,False
C01400,Yashodhara Prabhakar,Bally,560001,1,student,True
C01401,Janya Saran,Amaravati,110001,7,student,False
C01402,Oni Khare,Munger,600002,6,business,False
C01403,Bhavani Ramesh,Parbhani,600002,2,salaried,False
C01404,Darpan Raj,Srikakulam,110001,7,student,False
C01405,Abdul Chokshi,Sambalpur,110002,2,business,False
C01406,Avi Mandal,Sikar,500001,1,salaried,False
C01407,Nathan Sastry,Darbhanga,700001,6,salaried,True
C01408,Dalaja Palla,Giridih,500003,6,salaried,False
C01409,Qadim Kakar,Bhiwandi,600001,7,business,False
C01410,Darsh Butala,Thanjavur,226001,1,salaried,True
C01411,Advaith Mitra,Kozhikode,500001,7,business,False
C01412,Neel More,Dindigul,226001,6,homemaker,True
C01413,Gaurangi Kalla,Bareilly,500003,6,student,False
C01414,Jeevika Karpe,Baranagar,500002,3,homemaker,False
C01415,Hema Mody,Thanjavur,500002,7,homemaker,False
C01416,Sathvik Dani,Aligarh,500001,3,salaried,False
C01417,Om Edwin,Saharsa,560001,1,business,True
C01418,Kritika Rau,Nizamabad,500003,4,salaried,False
C01419,Ayaan Pingle,Bikaner,500003,2,homemaker,False
C01420,Ekansh Badami,Thiruvananthapuram,110001,3,salaried,False
C01421,Damini Zachariah,Salem,560001,2,homemaker,True
C01422,Chavvi Pall,Sangli-Miraj & Kupwad,700001,5,business,True
C01423,Kala Chaudhry,Faridabad,700001,1,student,True
C01424,Maanav Khare,Motihari,600001,4,salaried,False
C01425,Bina Sachdeva,North Dumdum,600002,5,salaried,False
C01426,Meghana Pal,Danapur,500002,5,student,False
C01427,Xavier Menon,Vadodara,700001,6,salaried,True
C01428,Bimala Chana,Danapur,560001,5,student,True
C01429,Anika Luthra,Panvel,500003,1,salaried,False
C01430,Rajata Mahajan,Pallavaram,700001,3,business,True
C01431,Tanmayi Kashyap,Durgapur,500003,1,salaried,False
C01432,Aashi Raval,Silchar,700001,3,business,True
C01433,Anika Keer,Jaunpur,500002,5,business,False
C01434,Meghana Sharma,Alappuzha,226001,5,salaried,True
C01435,Orinder Lalla,Ludhiana,700001,4,salaried,True
C01436,Aryan Cherian,Purnia,560001,3,salaried,True
C01437,Oviya Tank,Burhanpur,700001,5,business,True
C01438,Azad Golla,Jodhpur,600002,6,business,False
C01439,Avi Tank,Hazaribagh,500002,2,student,False
C01440,Pavani Radhakrishnan,Sikar,560001,4,business,True
C01441,Azad Naik,Ajmer,110001,1,salaried,False
C01442,Yoshita Rajagopal,Agartala,560001,4,salaried,True
C01443,Anya Bhatia,Dehri,600002,2,salaried,False
C01444,Gaurangi Agate,Meerut,226001,3,salaried,True
C01445,Vasudha Nair,Tiruppur,500002,1,homemaker,False
C01446,Charles Gill,Bhatpara,110001,1,homemaker,False
C01447,Yashica Chhabra,Ranchi,600002,3,salaried,False
C01448,Hardik Ravel,Jalandhar,600002,7,business,False
C01449,Anamika Chatterjee,North Dumdum,500001,7,student,False
C01450,Raagini Date,Munger,500002,4,salaried,False
C01451,Gautami Mukhopadhyay,Tenali,560001,5,salaried,True
C01452,Yahvi Sem,Nagaon,500003,7,salaried,False
C01453,Reyansh Bir,Hapur,226001,4,business,True
C01454,Riya Babu,Panchkula,500003,7,homemaker,False
C01455,Yoshita Sunder,Machilipatnam,560001,2,business,True
C01456,Advaith Kalita,Bhilwara,560001,6,salaried,True
C01457,Lavanya Garde,Machilipatnam,500002,5,salaried,False
C01458,Faraj Sahota,Tiruchirappalli,560001,4,student,True
C01459,Yashasvi Narang,Etawah,500001,6,student,False
C01460,Hritik Reddy,Gorakhpur,110001,6,business,False
C01461,Teerth Mall,Giridih,560001,7,business,True
C01462,Lekha Keer,Satara,500003,3,salaried,False
C01463,Chanchal Zachariah,Pali,560001,2,student,True
C01464,Luke Krishna,Bellary,500001,2,student,False
C01465,Pranit Keer,Jaunpur,700001,2,salaried,True
C01466,Benjamin Nazareth,Satara,700001,5,student,True
C01467,Sanaya Deol,Narasaraopet,600002,1,salaried,False
C01468,Aashi Raman,Sonipat,226001,5,salaried,True
C01469,Ekantika Goyal,Etawah,600001,4,salaried,False
C01470,Tristan Hora,Nadiad,110001,6,salaried,False
C01471,Benjamin Banik,Loni,110002,6,salaried,False
C01472,Yoshita Tiwari,Surat,600002,1,salaried,False
C01473,Max Mukhopadhyay,Anand,226001,4,business,True
C01474,Christopher Swaminathan,Kadapa,700001,1,business,True
C01475,Pallavi Garg,Ozhukarai,500003,6,salaried,False
C01476,Zaitra Vig,Bidhannagar,110002,7,salaried,False
C01477,Sanaya Bhandari,Satna,226001,5,business,True
C01478,Manthan Din,Amaravati,226001,2,salaried,True
C01479,Shivansh Desai,Latur,600002,6,salaried,False
C01480,Indira Sankar,Gangtok,110002,3,homemaker,False
C01481,Saumya Raj,Kumbakonam,500002,2,student,False
C01482,Indira Jha,Durg,600001,6,homemaker,False
C01483,Finn Deol,Coimbatore,500002,5,business,False
C01484,Kevin Mani,Bhopal,110002,1,salaried,False
C01485,Ikbal Sarraf,Patiala,500002,7,business,False
C01486,Wazir Issac,Ambala,500001,7,salaried,False
C01487,Balvan Kala,Thanjavur,700001,2,salaried,True
C01488,Vasudha Dube,Deoghar,500001,5,salaried,False
C01489,Ishita Biswas,Alappuzha,560001,7,student,True
C01490,Mohammed Wadhwa,Kota,500002,7,salaried,False
C01491,Januja Batta,Secunderabad,560001,4,homemaker,True
C01492,Zayan Manne,North Dumdum,500003,3,homemaker,False
C01493,Jackson Desai,Ranchi,110001,2,business,False
C01494,Waida Garde,Rajahmundry,500003,1,student,False
C01495,Robert Mukherjee,Aurangabad,110002,7,business,False
C01496,Sneha Khosla,Muzaffarnagar,226001,4,student,True
C01497,Jatin Aurora,Jehanabad,700001,5,salaried,True
C01498,Manya Parekh,Darbhanga,500002,7,student,False
C01499,Wyatt Lanka,Noida,600002,3,business,False
C01500,Waida Sastry,Jhansi,110001,1,homemaker,False
C01501,Meera Gole,Gurgaon,600001,5,business,False
C01502,Tristan Mittal,Vijayawada,600001,5,business,False
C01503,Falguni Chatterjee,Kadapa,600001,2,student,False
C01504,Pushti Deshpande,Akola,500002,7,student,False
C01505,Ayushman Sachar,Vasai-Virar,600001,2,business,False
C01506,Samaksh Dhillon,Bardhaman,500001,1,salaried,False
C01507,Hemani Raval,Sri Ganganagar,110001,7,business,False
C01508,Xalak Barman,Khandwa,500001,6,homemaker,False
C01509,Krishna Behl,Surendranagar Dudhrej,226001,7,student,True
C01510,Lipika Brahmbhatt,Pali,110001,6,student,False
C01511,Vedika Mutti,Gulbarga,500001,5,salaried,False
C01512,Mohini Jaggi,Motihari,110001,2,business,False
C01513,Laksh Pal,Tenali,226001,3,business,True
C01514,Urmi Purohit,Katni,560001,7,student,True
C01515,Jairaj Choudhry,Latur,500002,3,salaried,False
C01516,Yadavi Raghavan,Gopalpur,500002,7,homemaker,False
C01517,Raagini Kakar,Sambhal,600001,5,business,False
C01518,Rishi Viswanathan,Bhiwandi,500003,2,salaried,False
C01519,Diya Dhar,Ambattur,600001,1,salaried,False
C01520,Hardik Sura,Latur,110002,1,salaried,False
C01521,Yashasvi Menon,Firozabad,500001,1,business,False
C01522,Wyatt Verma,Mirzapur,110001,7,salaried,False
C01523,Adweta Dhawan,Nellore,500003,7,salaried,False
C01524,Nachiket Mittal,New Delhi,226001,3,student,True
C01525,Lohit Jha,Korba,110002,2,salaried,False
C01526,Samar Bhatia,Tiruchirappalli,226001,7,salaried,True
C01527,Balendra Sharaf,Anantapuram,500002,2,business,False
C01528,Tanish Bora,Surat,500002,3,business,False
C01529,Yatan Chander,Ichalkaranji,600001,7,student,False
C01530,Wakeeta Lalla,Muzaffarnagar,500001,1,salaried,False
C01531,Aadhya Goyal,Ambarnath,500003,1,student,False
C01532,Sathvik Hegde,Gangtok,700001,5,business,True
C01533,Maanas Sama,Indore,110002,6,salaried,False
C01534,Nitesh Nadig,Shimla,110002,4,salaried,False
C01535,Vrinda Tailor,Haridwar,600001,6,salaried,False
C01536,Turvi Basak,Panihati,500002,7,salaried,False
C01537,Thomas Bhakta,Motihari,600001,2,student,False
C01538,Jhalak Vasa,Narasaraopet,110001,7,business,False
C01539,Anjali Saxena,Davanagere,500003,2,salaried,False
C01540,Advaith Rai,Sultan Pur Majra,500001,2,salaried,False
C01541,Mitali Prabhakar,Arrah,560001,6,salaried,True
C01542,Bhavani Konda,Tenali,600002,4,business,False
C01543,Yug Chandra,Chinsurah,600002,5,salaried,False
C01544,Libni Bhakta,Mysore,600001,6,business,False
C01545,Praneel Khosla,Cuttack,110001,4,salaried,False
C01546,Riya Suri,Pimpri-Chinchwad,500003,1,business,False
C01547,Yachana Bir,Raipur,700001,1,homemaker,True
C01548,Adweta Gaba,Bongaigaon,600002,2,salaried,False
C01549,Manthan Mital,Panipat,500003,3,business,False
C01550,Madhav Suresh,New Delhi,500001,7,homemaker,False
C01551,Dipta Keer,Bardhaman,226001,7,salaried,True
C01552,Thomas Choudhry,Siwan,110001,2,business,False
C01553,Vaishnavi Narain,Guntur,500002,3,salaried,False
C01554,Diya Sarkar,Barasat,500003,4,business,False
C01555,Wridesh Misra,Thrissur,500001,1,salaried,False
C01556,Raagini Modi,Belgaum,700001,7,homemaker,True
C01557,Janaki Sibal,Burhanpur,560001,6,student,True
C01558,Ojasvi Chada,Kulti,500002,3,student,False
C01559,Ishaan Guha,Indore,560001,4,student,True
C01560,Adya Mahal,Gulbarga,700001,1,business,True
C01561,Chakradev Chana,Kurnool,500001,6,salaried,False
C01562,Balendra Bahri,Sonipat,600002,3,homemaker,False
C01563,Januja Parikh,Tiruppur,560001,2,homemaker,True
C01564,Yadavi Desai,Rajahmundry,500002,2,business,False
C01565,Indira Bajwa,Amravati,600001,2,homemaker,False
C01566,Sathvik Padmanabhan,Sirsa,110002,7,business,False
C01567,Vyanjana Ramanathan,Satara,500003,4,business,False
C01568,Tanish Chacko,Erode,600002,2,business,False
C01569,Naveen Sane,Tiruchirappalli,560001,7,salaried,True
C01570,Nidra Prakash,Davanagere,226001,5,salaried,True
C01571,Chaitaly Krishna,Eluru,500003,7,salaried,False
C01572,Yashoda Som,Aurangabad,600001,1,business,False
C01573,Yahvi Sura,Moradabad,700001,7,salaried,True
C01574,Ekiya Ramaswamy,Jorhat,110002,4,salaried,False
C01575,Ishani Kohli,Saharanpur,500001,6,homemaker,False
C01576,Jatin Nagi,Panchkula,600001,7,salaried,False
C01577,Chakrika Din,Deoghar,600001,2,business,False
C01578,Lavanya Narayanan,Thane,700001,1,salaried,True
C01579,Triveni Mahajan,Bhilwara,110001,3,salaried,False
C01580,Siddharth Kohli,Rajpur Sonarpur,700001,2,student,True
C01581,Madhavi Sibal,Jorhat,110001,1,business,False
C01582,Anay Sami,Siwan,110001,5,student,False
C01583,Zayyan Pingle,Vellore,600002,3,salaried,False
C01584,Anusha Palla,Aizawl,600002,5,business,False
C01585,Kai Vasa,Bongaigaon,500002,6,salaried,False
C01586,Girik Trivedi,Bhagalpur,560001,1,salaried,True
C01587,Chandani Dhingra,Begusarai,560001,5,salaried,True
C01588,Inaya Bhalla,Hajipur,500001,6,salaried,False
C01589,Chaman Soni,Ongole,560001,1,salaried,True
C01590,Kamya Thakkar,Erode,600002,1,salaried,False
C01591,Logan Bumb,Nangloi Jat,500002,5,homemaker,False
C01592,Rehaan Wadhwa,Kalyan-Dombivli,500002,1,salaried,False
C01593,Gaurav Khanna,Bhagalpur,110001,2,salaried,False
C01594,Chameli Chaudhari,Kozhikode,700001,1,salaried,True
C01595,Ikbal Khosla,Ambattur,500001,4,business,False
C01596,Chavvi Patla,Saharsa,110001,6,salaried,False
C01597,Yashoda Mittal,Barasat,700001,1,homemaker,True
C01598,Vincent Jayaraman,Chennai,560001,4,homemaker,True
C01599,Lakshmi Solanki,Serampore,110001,1,salaried,False
C01600,Dipta Sundaram,Jamshedpur,500003,1,business,False
C01601,Geetika Sahni,Shimoga,560001,5,salaried,True
C01602,Parth Chada,Aizawl,700001,2,business,True
C01603,Patrick Reddy,Aizawl,500001,6,salaried,False
C01604,Owen Loke,Burhanpur,700001,2,salaried,True
C01605,Christopher Talwar,Mysore,110001,3,salaried,False
C01606,Rushil Ahluwalia,Chapra,110001,5,business,False
C01607,Vivaan Balasubramanian,Agra,600001,5,salaried,False
C01608,Faraj Rajan,Sri Ganganagar,500001,2,salaried,False
C01609,Benjamin Edwin,Ichalkaranji,226001,7,business,True
C01610,Patrick Palla,Karimnagar,560001,5,business,True
C01611,Unnati Nair,Rajahmundry,500002,2,homemaker,False
C01612,Pooja Yohannan,Mysore,500001,5,salaried,False
C01613,Om Ghose,Ratlam,500002,1,student,False
C01614,Krish Krishna,Saharsa,500001,2,business,False
C01615,Tristan Palla,Anantapur,500001,2,salaried,False
C01616,Bachittar Kala,Hajipur,700001,4,business,True
C01617,Faras Khosla,Kirari Suleman Nagar,500001,5,salaried,False
C01618,Idika Om,Varanasi,600001,5,homemaker,False
C01619,Omkaar Tak,Eluru,226001,2,salaried,True
C01620,Zayyan Sanghvi,Amaravati,110001,1,business,False
C01621,Yutika Samra,Jehanabad,110002,1,salaried,False
C01622,Michael Rastogi,Aizawl,500002,6,homemaker,False
C01623,Matthew Chhabra,Jorhat,110001,1,salaried,False
C01624,Mugdha Khare,Pimpri-Chinchwad,110002,5,homemaker,False
C01625,Ikbal Deep,Kolkata,226001,7,homemaker,True
C01626,Ishwar Nayak,Arrah,226001,4,salaried,True
C01627,Urvi Chaudhuri,Bokaro,500002,2,student,False
C01628,Zehaan Bumb,Nagaon,500002,3,homemaker,False
C01629,Amol Madan,Ghaziabad,226001,4,salaried,True
C01630,Kalpit Gera,Meerut,110002,7,salaried,False
C01631,Frado Taneja,Thiruvananthapuram,500001,3,business,False
C01632,Logan Kale,Ajmer,560001,4,salaried,True
C01633,Ishani Palla,Moradabad,500003,1,salaried,False
C01634,Chandresh Bhandari,Bidar,110001,5,salaried,False
C01635,Vincent Guha,Belgaum,700001,7,salaried,True
C01636,Bhavya Sani,Dibrugarh,110001,3,salaried,False
C01637,Zaid Pant,Loni,700001,7,salaried,True
C01638,Dominic Rama,Junagadh,110002,4,homemaker,False
C01639,Chakradhar Koshy,Rampur,700001,5,student,True
C01640,Oviya Sant,Gandhidham,500002,7,salaried,False
C01641,Arin Kata,Farrukhabad,560001,3,business,True
C01642,Ojas Ben,Loni,560001,2,business,True
C01643,Osha Chahal,Allahabad,500002,4,homemaker,False
C01644,Sudiksha Bhargava,Hosur,600001,2,salaried,False
C01645,Ojas Sarma,Hospet,110002,1,salaried,False
C01646,Zilmil Swamy,Hindupur,600001,2,homemaker,False
C01647,Pranav Pal,Rajahmundry,600001,2,homemaker,False
C01648,Gopal Das,Raipur,110001,6,student,False
C01649,Odika Deep,Chinsurah,226001,4,student,True
C01650,Veer Dutta,Kolkata,110001,1,salaried,False
C01651,Chaaya Ahuja,Ludhiana,226001,2,business,True
C01652,Vaishnavi Ghose,Jalna,500003,5,salaried,False
C01653,Yahvi Kadakia,Jodhpur,700001,3,salaried,True
C01654,Nathan Ahluwalia,Chinsurah,226001,2,student,True
C01655,Samuel Kothari,Surat,500002,1,salaried,False
C01656,Gunbir Bhatti,Chinsurah,110001,2,business,False
C01657,Bhavya Shroff,Amroha,110002,3,homemaker,False
C01658,Rehaan Sem,Panipat,700001,1,salaried,True
C01659,Warda Hans,Raurkela Industrial Township,500003,4,homemaker,False
C01660,Isaiah Choudhry,Surendranagar Dudhrej,226001,1,homemaker,True
C01661,Xalak Butala,Jabalpur,500003,4,business,False
C01662,Mitesh Sampath,Thane,110002,1,salaried,False
C01663,Aadi Aurora,South Dumdum,600001,7,salaried,False
C01664,Adya Tak,Arrah,560001,3,salaried,True
C01665,Mason Kaur,Bhimavaram,110002,3,salaried,False
C01666,Manbir Anne,Kalyan-Dombivli,600002,1,salaried,False
C01667,Radha Walia,Kochi,110002,7,homemaker,False
C01668,Upma Chandran,Thiruvananthapuram,500003,2,salaried,False
C01669,Gauri Srinivasan,Unnao,500002,3,student,False
C01670,Inaya Grover,Bhalswa Jahangir Pur,110001,4,salaried,False
C01671,Qarin Pillay,Jalna,500002,4,business,False
C01672,Yasti Guha,Tiruchirappalli,500003,5,homemaker,False
C01673,William Tank,Chandigarh,110001,6,salaried,False
C01674,Wridesh Handa,Guwahati,600002,7,salaried,False
C01675,Sai Kaul,Dindigul,560001,6,business,True
C01676,Logan Ramesh,Tezpur,700001,6,student,True
C01677,Zaid Atwal,Khora ,500003,4,business,False
C01678,Gautami Nayar,Rourkela,226001,5,salaried,True
C01679,Zilmil Dutt,Tiruchirappalli,500003,6,salaried,False
C01680,Chameli Saha,Bhind,500003,6,homemaker,False
C01681,Xiti Walla,Bongaigaon,110001,1,homemaker,False
C01682,Amaira Mammen,Patna,500001,1,business,False
C01683,Pahal Jha,Kolhapur,110002,1,student,False
C01684,Ridhi Bedi,Bihar Sharif,500001,2,business,False
C01685,Ekaja Bhargava,Sikar,600002,6,salaried,False
C01686,Arunima Edwin,Nagpur,226001,2,salaried,True
C01687,Adya Vohra,Bokaro,560001,5,salaried,True
C01688,Lakshit Apte,Kavali,600001,7,business,False
C01689,Chakrika Krish,Muzaffarnagar,600002,4,salaried,False
C01690,Sathvik Koshy,Berhampur,600001,6,salaried,False
C01691,Yahvi Upadhyay,Aurangabad,600001,4,student,False
C01692,Qabil Agate,Bahraich,560001,7,business,True
C01693,Zinal Muni,Faridabad,500002,1,business,False
C01694,Sarthak Mital,Gorakhpur,500001,6,homemaker,False
C01695,Omkaar Walia,Kumbakonam,500003,3,salaried,False
C01696,Xavier Gaba,Haridwar,700001,2,business,True
C01697,Ganga Peri,South Dumdum,600001,2,student,False
C01698,Faqid Ramakrishnan,Aizawl,226001,6,business,True
C01699,Caleb Bava,Kalyan-Dombivli,600002,7,salaried,False
C01700,Baghyawati Warrior,Latur,500002,1,salaried,False
C01701,Krishna Menon,Dewas,600001,2,homemaker,False
C01702,Nilima Chopra,Bhiwani,500002,1,business,False
C01703,Kamya Devi,Proddatur,500002,5,homemaker,False
C01704,Vamakshi Nair,Tiruppur,600001,4,business,False
C01705,Darika Subramanian,Phusro,110001,7,business,False
C01706,Bachittar Rau,Nadiad,110002,3,student,False
C01707,Chanchal Anand,Srinagar,226001,4,business,True
C01708,Bishakha Venkatesh,Karawal Nagar,500003,4,salaried,False
C01709,Darsh Patil,Avadi,500003,5,business,False
C01710,Gaurang Chandran,Shimoga,226001,2,student,True
C01711,Ethan Kapur,Bally,110001,3,salaried,False
C01712,Chasmum Bajwa,Jamalpur,500003,2,salaried,False
C01713,Fitan Master,Nashik,500002,6,salaried,False
C01714,Oeshi Ramachandran,Tirunelveli,560001,4,homemaker,True
C01715,Kalpit Solanki,Panvel,600002,6,salaried,False
C01716,Sara Chokshi,Ujjain,500001,1,business,False
C01717,Tanish Dugar,Bhalswa Jahangir Pur,500003,4,salaried,False
C01718,Hema Kar,Ambarnath,226001,2,salaried,True
C01719,Niharika Dada,Dhanbad,560001,4,business,True
C01720,Yutika Sethi,Delhi,600001,1,salaried,False
C01721,Garima Sodhi,Sonipat,110002,5,business,False
C01722,Madhav Chaudhry,Durgapur,226001,6,student,True
C01723,Faqid Dey,Hospet,500002,6,student,False
C01724,Tejas Bhatti,Kakinada,110002,2,salaried,False
C01725,Andrew Sekhon,Thiruvananthapuram,600002,4,homemaker,False
C01726,Oeshi Johal,Kumbakonam,600002,2,business,False
C01727,Varenya Murthy,Pali,110001,5,homemaker,False
C01728,Akshay Rai,Korba,700001,4,business,True
C01729,Lajita Shukla,Hosur,110001,4,business,False
C01730,Urvashi Patla,Shahjahanpur,560001,2,homemaker,True
C01731,Arjun Narasimhan,Dindigul,110002,2,homemaker,False
C01732,Baghyawati Walla,Jaipur,700001,1,salaried,True
C01733,Qarin Taneja,North Dumdum,600001,7,salaried,False
C01734,Viraj Natt,Bharatpur,500002,7,salaried,False
C01735,Qasim Shankar,Ambattur,110002,5,salaried,False
C01736,Adya Sibal,Jamnagar,110001,7,salaried,False
C01737,Waida Jha,Karnal,500001,1,salaried,False
C01738,Varenya Keer,Nagercoil,700001,6,homemaker,True
C01739,Mitali Nigam,Bettiah,700001,4,salaried,True
C01740,Yashvi Dey,Munger,500002,2,business,False
C01741,Kashvi Kumer,Ballia,500003,4,salaried,False
C01742,Patrick Sanghvi,Ulhasnagar,600002,4,salaried,False
C01743,Nidhi Kannan,Secunderabad,600002,3,salaried,False
C01744,Ranbir Krishnamurthy,Allahabad,500001,6,salaried,False
C01745,Damyanti Gill,Gulbarga,560001,3,student,True
C01746,Gauri Bhakta,Korba,560001,7,homemaker,True
C01747,Garima Bahl,Bhiwani,600001,4,salaried,False
C01748,Aachal Sehgal,Vijayanagaram,110002,2,business,False
C01749,Dhriti Dhillon,Nandyal,226001,4,business,True
C01750,Yashodhara Talwar,Kozhikode,500003,6,homemaker,False
C01751,Forum Narasimhan,Parbhani,110001,3,student,False
C01752,Urvashi Ganesh,Bilaspur,226001,2,business,True
C01753,Varsha Krishna,South Dumdum,226001,4,business,True
C01754,Farhan Sastry,Thane,700001,5,student,True
C01755,Lopa Ramesh,Serampore,500001,6,salaried,False
C01756,Tarak Yogi,Satara,600002,6,salaried,False
C01757,Patrick Tella,Khora ,600001,5,homemaker,False
C01758,Jasmit Khosla,Udaipur,560001,4,student,True
C01759,Sathvik Saxena,Gandhinagar,500001,6,business,False
C01760,Oviya Ganesan,Pimpri-Chinchwad,700001,2,business,True
C01761,Waida Narasimhan,Sangli-Miraj & Kupwad,110001,4,salaried,False
C01762,Abhiram Shenoy,Guwahati,600001,4,business,False
C01763,Chandani Chokshi,Bokaro,700001,3,business,True
C01764,Aarnav Narula,Panihati,600002,6,salaried,False
C01765,Mason Thakur,Sangli-Miraj & Kupwad,600002,6,student,False
C01766,Utkarsh Lata,Kishanganj,600002,5,homemaker,False
C01767,Kashish Grewal,Serampore,500001,3,salaried,False
C01768,Vritti Tiwari,Ajmer,500001,7,business,False
C01769,Aayush Yohannan,Ambarnath,560001,3,salaried,True
C01770,Pooja Madan,Chandigarh,560001,6,business,True
C01771,Jagdish Krishnan,Sangli-Miraj & Kupwad,110001,4,salaried,False
C01772,Chandresh Saxena,North Dumdum,600001,3,business,False
C01773,William Lata,Tadepalligudem,500002,5,homemaker,False
C01774,Arin Ray,Durgapur,500002,3,salaried,False
C01775,Ria Chowdhury,Satna,700001,5,homemaker,True
C01776,Abhiram Magar,Dhanbad,600002,7,homemaker,False
C01777,Tejas Johal,Maheshtala,600001,3,salaried,False
C01778,Vrishti Vaidya,Gandhidham,226001,5,salaried,True
C01779,Ekantika Rajagopal,Shimoga,500001,3,homemaker,False
C01780,Gavin Thaker,Darbhanga,110002,7,homemaker,False
C01781,Harini Tiwari,Nagaon,500003,3,salaried,False
C01782,Benjamin Dani,Phusro,110001,2,salaried,False
C01783,Bhavani Bava,Gopalpur,600002,5,salaried,False
C01784,Shivani Subramanian,Bhalswa Jahangir Pur,600002,7,homemaker,False
C01785,Gopal Dhingra,Singrauli,600002,5,salaried,False
C01786,Max Patil,Bhopal,500001,5,business,False
C01787,Pooja Panchal,Saharsa,500001,1,student,False
C01788,Chaman Buch,Shahjahanpur,500003,7,salaried,False
C01789,Pahal Mohanty,Dewas,226001,3,business,True
C01790,Darsh Ray,Mau,600001,5,salaried,False
C01791,Odika Cheema,Junagadh,600002,6,homemaker,False
C01792,Krish Ratta,Surat,500002,1,salaried,False
C01793,Rayaan Bawa,South Dumdum,560001,2,business,True
C01794,Ishanvi Jhaveri,Ajmer,500002,5,business,False
C01795,Sanaya Natarajan,Ichalkaranji,700001,5,salaried,True
C01796,Triya Iyer,Mira-Bhayandar,500002,1,salaried,False
C01797,Neha Khare,Chandrapur,700001,3,salaried,True
C01798,Aadhya Mukhopadhyay,Dharmavaram,110002,6,salaried,False
C01799,Luke Dey,Ambattur,560001,2,student,True
C01800,Gopal Tara,Durg,500002,5,student,False
C01801,Saumya Kala,Karimnagar,110002,3,business,False
C01802,Vincent Ramanathan,Raichur,110001,7,business,False
C01803,Advik Patla,Guna,600001,6,business,False
C01804,Madhav Ravel,Burhanpur,110002,7,student,False
C01805,Chandresh D’Alia,Katni,600001,6,salaried,False
C01806,Nicholas Saraf,Shimla,500002,2,salaried,False
C01807,Sai Wali,Satara,226001,4,salaried,True
C01808,Forum Gour,Amroha,110002,6,business,False
C01809,Rachita Kapadia,Morena,560001,4,salaried,True
C01810,Krishna Handa,Begusarai,500002,7,salaried,False
C01811,Samuel Wable,Vellore,600002,6,salaried,False
C01812,Ekansh Narayan,Asansol,500001,2,student,False
C01813,Maya Dada,Satara,110002,1,salaried,False
C01814,Shivansh Kala,Gandhinagar,560001,2,salaried,True
C01815,Noah Gara,Dharmavaram,110001,2,salaried,False
C01816,Darika Uppal,Adoni,600002,1,salaried,False
C01817,Harsh Bhatti,Erode,110001,1,business,False
C01818,Sanaya Panchal,Gandhinagar,500002,3,salaried,False
C01819,Gaurav Bobal,Mysore,500001,6,salaried,False
C01820,Vincent Prasad,Vijayawada,110002,7,business,False
C01821,Suhani Gour,Darbhanga,110002,3,salaried,False
C01822,Anita Ben,Srinagar,226001,1,salaried,True
C01823,Qasim Modi,Patiala,226001,4,homemaker,True
C01824,Pushti Sridhar,Sasaram,500002,7,salaried,False
C01825,Yatin Gulati,Nanded,500002,4,salaried,False
C01826,Ganga Vala,Udupi,500001,2,salaried,False
C01827,George Mitter,Thrissur,226001,5,business,True
C01828,Alka Karpe,Thoothukudi,560001,2,business,True
C01829,Fitan Dewan,Farrukhabad,560001,2,business,True
C01830,Leela Raju,Buxar,500001,5,student,False
C01831,Lakshmi Ram,Shimoga,560001,6,salaried,True
C01832,Maanav Trivedi,Shivpuri,700001,1,salaried,True
C01833,Jason Narang,Purnia,600001,4,student,False
C01834,Charan Aggarwal,Baranagar,500001,2,homemaker,False
C01835,Falak Ganguly,Sonipat,500001,5,salaried,False
C01836,Keya Ganesan,Kamarhati,500003,3,business,False
C01837,Laksh Zacharia,Mehsana,600002,2,salaried,False
C01838,Wriddhish Manda,Varanasi,600002,4,salaried,False
C01839,Meghana Purohit,Guntakal,700001,1,salaried,True
C01840,Ishani Sibal,Anand,226001,2,salaried,True
C01841,Raagini Jaggi,Bhiwandi,500002,2,student,False
C01842,Owen Raghavan,Katni,500002,6,business,False
C01843,Dipta Sha,Shimla,110001,5,salaried,False
C01844,Balhaar Bahri,Coimbatore,700001,3,salaried,True
C01845,Abha Prakash,Siliguri,500001,3,student,False
C01846,Irya Kalita,Alwar,700001,7,salaried,True
C01847,Watika Munshi,Jaunpur,700001,1,business,True
C01848,Waida Memon,Rajahmundry,700001,7,salaried,True
C01849,Damyanti Devi,Nagercoil,600002,4,business,False
C01850,Aayush Nagarajan,Katni,700001,1,salaried,True
C01851,Mitali Mitra,Thoothukudi,600001,2,salaried,False
C01852,Vihaan Chanda,Nagpur,500002,2,salaried,False
C01853,Sai Saxena,Gandhinagar,110001,3,salaried,False
C01854,Aarnav Kanda,Agartala,600001,4,salaried,False
C01855,Jatin Pandey,Junagadh,110001,5,business,False
C01856,Anika Bhatt,Bikaner,500003,4,salaried,False
C01857,Unni Sampath,Eluru,110001,2,salaried,False
C01858,Yashasvi Ratti,Bhilai,500002,5,business,False
C01859,Chanchal Din,Proddatur,500002,4,business,False
C01860,Logan Vasa,Raipur,700001,4,homemaker,True
C01861,Geetika Tak,Eluru,110002,5,business,False
C01862,Lekha Babu,Lucknow,500003,2,business,False
C01863,Girindra Mammen,Warangal,500001,4,business,False
C01864,Zaid Seshadri,Aurangabad,560001,5,homemaker,True
C01865,Mohini Ramesh,Navi Mumbai,110001,6,student,False
C01866,Rishi Choudhry,Dewas,110002,6,salaried,False
C01867,Alexander Sampath,Saharsa,700001,2,salaried,True
C01868,Avni Luthra,Gudivada,600002,5,salaried,False
C01869,Yachana Kapadia,Aurangabad,500001,6,business,False
C01870,Indali Buch,Barasat,226001,5,student,True
C01871,Kala Murthy,Hosur,110002,4,business,False
C01872,Sai Bora,Ghaziabad,600002,2,salaried,False
C01873,Alka Hayre,Amritsar,500003,6,student,False
C01874,Pooja Bhakta,Ambarnath,700001,7,student,True
C01875,Bhavani Saxena,Gwalior,500001,4,salaried,False
C01876,Unnati Warrior,Barasat,500001,7,business,False
C01877,Aashi Sani,Panihati,500001,7,salaried,False
C01878,Quincy Banik,Bangalore,500003,1,homemaker,False
C01879,Onveer Mistry,Guntakal,110001,1,student,False
C01880,Qarin Bhatti,Rourkela,226001,2,business,True
C01881,Arya Bhasin,Davanagere,500003,6,business,False
C01882,Lila Viswanathan,Miryalaguda,560001,6,homemaker,True
C01883,Gautami Baral,Berhampore,226001,6,business,True
C01884,Ganga Soman,Panipat,500002,5,salaried,False
C01885,Omya Babu,Jamnagar,700001,4,student,True
C01886,Lakshit Singhal,Gwalior,500003,6,salaried,False
C01887,Samesh Date,Phagwara,600002,4,salaried,False
C01888,Isha Tata,Tumkur,226001,2,homemaker,True
C01889,Fitan Gala,Bhatpara,560001,7,student,True
C01890,Samesh Rattan,Ambala,500002,6,salaried,False
C01891,Finn Gopal,Hyderabad,110001,2,salaried,False
C01892,Harinakshi Parikh,Tadepalligudem,600002,6,salaried,False
C01893,Vihaan Sankaran,Rajpur Sonarpur,226001,1,salaried,True
C01894,Rushil Narayan,Ajmer,700001,3,salaried,True
C01895,Bachittar Ahluwalia,Yamunanagar,600002,2,student,False
C01896,Gaurang Kumar,Indore,500002,6,salaried,False
C01897,Zansi Koshy,Alwar,600002,3,business,False
C01898,Nilima Ravel,Silchar,600001,2,salaried,False
C01899,Jhalak Krishna,Meerut,110002,5,homemaker,False
C01900,Naksh Kamdar,Bettiah,110001,6,salaried,False
C01901,Turvi More,Pune,500002,5,salaried,False
C01902,Chakrika Venkataraman,Begusarai,600002,1,salaried,False
C01903,Geetika Rai,Malda,110002,6,business,False
C01904,Unnati Subramaniam,Surendranagar Dudhrej,110002,7,business,False
C01905,Henry Dube,Hospet,600002,1,salaried,False
C01906,Pranit Chandran,Alappuzha,700001,3,salaried,True
C01907,Kalpit Hans,Yamunanagar,600001,2,salaried,False
C01908,Krishna Batta,Bhilwara,500003,4,business,False
C01909,Raghav Nath,Bhatpara,600001,1,business,False
C01910,Gautam Shukla,Ghaziabad,600002,4,salaried,False
C01911,Jagdish Bobal,Nashik,110001,4,salaried,False
C01912,Aradhana Bhattacharyya,Ballia,500003,2,salaried,False
C01913,Daksha Bhat,Durg,500002,3,salaried,False
C01914,Alka Panchal,Anantapur,600001,2,business,False
C01915,Anya Raj,Miryalaguda,600002,6,salaried,False
C01916,Warjas Kota,Berhampore,600001,1,salaried,False
C01917,Onveer Bhatti,Satara,500003,4,salaried,False
C01918,Lila Kar,Singrauli,560001,2,homemaker,True
C01919,Abeer Yadav,Tadipatri,226001,2,homemaker,True
C01920,Madhav Murthy,Gorakhpur,600001,2,salaried,False
C01921,Yoshita Anne,Bhalswa Jahangir Pur,500002,1,salaried,False
C01922,Jai Deshmukh,Vijayawada,500002,3,salaried,False
C01923,Zashil Narang,Muzaffarpur,500001,7,business,False
C01924,Jeet Nanda,Sambhal,600001,2,salaried,False
C01925,Nathan Sethi,Tiruchirappalli,226001,1,business,True
C01926,Sai Rege,Dindigul,700001,4,business,True
C01927,Kavya Mall,Serampore,110002,6,homemaker,False
C01928,Prisha Kibe,Vellore,226001,7,salaried,True
C01929,Waida Banik,Jodhpur,110002,5,student,False
C01930,Alexander Tiwari,Katihar,110002,7,student,False
C01931,Bakhshi Goda,Latur,560001,7,salaried,True
C01932,Dayita Badal,Gangtok,500001,1,salaried,False
C01933,Bahadurjit Borah,Nagpur,226001,5,salaried,True
C01934,Andrew Palan,Eluru,226001,2,salaried,True
C01935,Rushil Devi,Meerut,560001,2,salaried,True
C01936,Janya Rajagopal,Morena,600001,7,business,False
C01937,Ikbal Peri,Bellary,600001,1,salaried,False
C01938,Eesha Golla,Rampur,600001,5,homemaker,False
C01939,Krisha Joshi,Nashik,110001,2,salaried,False
C01940,Jeevika Doshi,Alappuzha,110002,4,homemaker,False
C01941,Max Dubey,Phusro,110001,3,salaried,False
C01942,Jackson Deshmukh,Warangal,500001,3,student,False
C01943,Amrita Keer,Saharanpur,560001,2,salaried,True
C01944,Nitara Sabharwal,Kochi,226001,5,salaried,True
C01945,Sathvik Bhatia,Bhilwara,110002,6,homemaker,False
C01946,Maanas Balasubramanian,Gurgaon,110001,2,salaried,False
C01947,Anika Majumdar,Berhampur,110001,6,business,False
C01948,Tripti Bhat,Bahraich,600002,6,business,False
C01949,Jeet Sachdev,Bokaro,110001,5,business,False
C01950,Harshil Sahota,Yamunanagar,700001,6,business,True
C01951,Reva Kapadia,Tumkur,226001,4,student,True
C01952,Eesha Dyal,Kumbakonam,700001,5,salaried,True
C01953,David Din,Surat,226001,2,business,True
C01954,Nikita Narayanan,Amritsar,560001,7,homemaker,True
C01955,Henry Anand,Kavali,226001,4,salaried,True
C01956,Chandresh Prabhu,Visakhapatnam,700001,1,salaried,True
C01957,Ekalinga Memon,Udupi,226001,3,student,True
C01958,Zayyan Loyal,Ratlam,560001,2,salaried,True
C01959,Vyanjana Ramesh,Nanded,560001,2,salaried,True
C01960,Xiti Raval,Nangloi Jat,500001,2,salaried,False
C01961,Oni Ghosh,Bihar Sharif,226001,4,business,True
C01962,Zaid Lad,Hubli–Dharwad,600002,1,salaried,False
C01963,Zaid Pandit,Nangloi Jat,600001,7,business,False
C01964,Janani Kuruvilla,Bhalswa Jahangir Pur,500002,5,student,False
C01965,Neha Saxena,Kirari Suleman Nagar,560001,1,salaried,True
C01966,Omya Sengupta,Barasat,500003,4,business,False
C01967,Wridesh Bhardwaj,Ghaziabad,600001,2,homemaker,False
C01968,Akshay Vora,Jaipur,110002,3,business,False
C01969,Rohan Doctor,Nagaon,226001,2,student,True
C01970,Ekalinga Lanka,Sambhal,700001,5,salaried,True
C01971,Dayita Sama,Sultan Pur Majra,500002,6,student,False
C01972,Tanmayi Sampath,Begusarai,500003,3,salaried,False
C01973,Widisha Chowdhury,Ulhasnagar,600001,2,salaried,False
C01974,Azad Maharaj,Mathura,226001,7,salaried,True
C01975,Madhav Rattan,Thoothukudi,500001,3,salaried,False
C01976,Leela Atwal,Alappuzha,110002,6,student,False
C01977,Girik Jain,Bikaner,500002,1,salaried,False
C01978,Maya Behl,Hosur,600002,4,business,False
C01979,Indrajit Raja,Pallavaram,500001,2,student,False
C01980,Unni Shetty,Morbi,500003,5,business,False
C01981,Advika Sibal,Mehsana,500002,1,salaried,False
C01982,Damini Sachar,Mango,500001,2,business,False
C01983,Peter Krishna,Ahmednagar,110002,1,salaried,False
C01984,Advik Shan,Karnal,600002,5,salaried,False
C01985,Leela Lad,Hindupur,500001,2,homemaker,False
C01986,Qabil Buch,Unnao,110001,6,salaried,False
C01987,Ekansh Dash,Nizamabad,600002,6,salaried,False
C01988,Lila Parmar,Parbhani,500003,5,homemaker,False
C01989,Dalbir Kannan,Bathinda,110002,3,salaried,False
C01990,Widisha Chaudhary,Pali,226001,5,business,True
C01991,Riya Raman,Warangal,700001,3,salaried,True
C01992,Jacob Verma,Aurangabad,700001,2,salaried,True
C01993,Vedhika Batta,Ambarnath,700001,3,salaried,True
C01994,Yahvi Prabhakar,Hajipur,500002,2,salaried,False
C01995,Chakradev Bhatnagar,Sangli-Miraj & Kupwad,500003,2,salaried,False
C01996,Tarak Murthy,Nashik,110002,7,student,False
C01997,Reyansh Devan,Berhampur,600002,4,business,False
C01998,Zarna Hora,Udupi,500002,2,homemaker,False
C01999,Ucchal Dixit,Alappuzha,500003,3,salaried,False
C02000,Wyatt Soni,Udupi,226001,4,business,True
C02001,Zashil Varghese,Arrah,110001,4,business,False
C02002,Bimala Nori,Ambala,110002,2,homemaker,False
C02003,Azaan Mani,Sambalpur,700001,5,salaried,True
C02004,Veda Wagle,Barasat,500001,5,business,False
C02005,Pranit Badal,Berhampore,110002,6,homemaker,False
C02006,Aishani Korpal,Sikar,560001,4,salaried,True
C02007,Ronith Sampath,Durgapur,500003,2,homemaker,False
C02008,Vritti Bhandari,Arrah,600001,7,salaried,False
C02009,Omisha Pall,Noida,226001,5,student,True
C02010,Daniel Salvi,Tiruppur,110001,7,homemaker,False
C02011,Rehaan Pai,Kumbakonam,226001,2,business,True
C02012,Bina Bobal,Hazaribagh,110002,2,salaried,False
C02013,Nakul Toor,Mathura,600001,4,salaried,False
C02014,Chakradhar Halder,Raiganj,560001,7,homemaker,True
C02015,Laban Kant,Begusarai,600002,6,business,False
C02016,Daksh Jha,Katni,500001,4,salaried,False
C02017,Kiaan Badal,Amroha,600001,1,business,False
C02018,Zaitra Tata,Bhopal,500003,7,business,False
C02019,Shivani Balakrishnan,Vasai-Virar,700001,5,salaried,True
C02020,Jason Kata,Noida,560001,5,salaried,True
C02021,Sanya Dass,Sultan Pur Majra,500001,5,salaried,False
C02022,Ekansh Dani,Motihari,110001,3,business,False
C02023,Daniel Swaminathan,Bettiah,700001,2,business,True
C02024,Anita Dara,Karaikudi,110002,4,business,False
C02025,Neelima Padmanabhan,Karimnagar,600001,5,student,False
C02026,Aradhana Tank,Siwan,500001,1,homemaker,False
C02027,Pranit Kapadia,Miryalaguda,500002,5,business,False
C02028,Ikbal Madan,Nashik,600002,6,salaried,False
C02029,Qasim Das,Narasaraopet,600002,2,business,False
C02030,Parth Sanghvi,Sri Ganganagar,560001,7,salaried,True
C02031,Ekavir Bhatia,Hajipur,110001,2,business,False
C02032,Rajata Maharaj,Ramagundam,560001,7,business,True
C02033,Ishaan Rajagopalan,Firozabad,500002,7,salaried,False
C02034,Ishanvi Mitter,Patiala,500003,4,homemaker,False
C02035,Rudra Zachariah,Yamunanagar,110001,3,salaried,False
C02036,Nihal Kothari,Gulbarga,226001,7,business,True
C02037,Omisha Sarna,Gopalpur,500003,7,salaried,False
C02038,Aradhana Merchant,Saharanpur,110001,4,homemaker,False
C02039,Ucchal Savant,Howrah,110001,5,salaried,False
C02040,Nandini Dora,Guna,500002,6,salaried,False
C02041,Dominic Raman,Panihati,110002,1,salaried,False
C02042,Lakshit Rana,Berhampur,500002,4,salaried,False
C02043,Nathan Sarna,Hosur,110001,3,salaried,False
C02044,Theodore Nair,Surat,500001,4,business,False
C02045,Frado Banik,Aizawl,500003,2,salaried,False
C02046,Rudra Zacharia,Indore,500002,5,salaried,False
C02047,Advaith Gopal,Ratlam,110002,5,salaried,False
C02048,Advay Sankar,Kakinada,600001,7,student,False
C02049,Viraj Chauhan,Bhilwara,560001,5,business,True
C02050,Anita Kari,Jalgaon,110001,5,student,False
C02051,Veda Sinha,Siwan,226001,5,business,True
C02052,Dalbir Reddy,Guna,600001,5,salaried,False
C02053,Vasana Tara,Munger,600002,1,salaried,False
C02054,Lopa Samra,Sultan Pur Majra,700001,3,salaried,True
C02055,Yahvi Divan,Madhyamgram,110002,7,student,False
C02056,Manya Raja,Saharsa,226001,5,homemaker,True
C02057,Yutika Ratta,Kharagpur,700001,7,business,True
C02058,Arya Basu,Guntur,110002,3,salaried,False
C02059,Suhani Chadha,Ajmer,500001,6,salaried,False
C02060,Gagan Chaudhary,Meerut,560001,5,salaried,True
C02061,Samarth Natt,Eluru,600001,7,business,False
C02062,Azad Seth,Bulandshahr,500003,4,salaried,False
C02063,Kamya Misra,Gandhidham,110002,7,homemaker,False
C02064,William Sood,Darbhanga,500003,5,salaried,False
C02065,Amruta Iyer,Kalyan-Dombivli,560001,2,homemaker,True
C02066,Tarak Dugar,Hapur,110001,1,student,False
C02067,Gagan Bhasin,Nanded,600002,4,student,False
C02068,Luke Shan,Jalna,600001,4,business,False
C02069,Hamsini Tripathi,Bhusawal,560001,2,business,True
C02070,Varsha Dhingra,Adoni,560001,5,business,True
C02071,Unnati Nair,Purnia,500001,1,business,False
C02072,Saanvi Shankar,Jamalpur,700001,4,business,True
C02073,Wishi Solanki,Bongaigaon,600002,1,homemaker,False
C02074,Nisha Mohan,Guwahati,600001,4,student,False
C02075,Yamini Zachariah,Karawal Nagar,110001,5,student,False
C02076,William Deo,Khora ,110001,6,homemaker,False
C02077,Abha Bhattacharyya,Bhusawal,500002,4,salaried,False
C02078,Odika Dutt,Rohtak,560001,6,salaried,True
C02079,Yashodhara Jhaveri,Giridih,110002,4,business,False
C02080,Rishi Deol,Anand,500001,3,business,False
C02081,Nihal Sarma,Kakinada,600002,5,student,False
C02082,Nimrat Bhatnagar,Pallavaram,110001,2,salaried,False
C02083,Daksha Bassi,Dindigul,600001,6,business,False
C02084,Sai Vig,Sambhal,500002,2,business,False
C02085,Yagnesh Kara,Bally,600001,5,salaried,False
C02086,Nilima Barad,Ramagundam,500001,7,business,False
C02087,Baljiwan Shroff,Satna,110002,2,student,False
C02088,Oliver Sheth,Rampur,500002,5,salaried,False
C02089,Dalaja Hegde,Davanagere,500002,2,business,False
C02090,Avni Mall,Kirari Suleman Nagar,700001,6,business,True
C02091,Krishna Malhotra,Rajpur Sonarpur,600002,3,salaried,False
C02092,Vrinda Yadav,Farrukhabad,500002,2,salaried,False
C02093,Saanvi Prasad,Sonipat,700001,6,homemaker,True
C02094,Caleb Datta,Ambattur,700001,4,salaried,True
C02095,Champak Krishnamurthy,Barasat,500001,5,salaried,False
C02096,Ganga Shenoy,Katihar,500003,1,salaried,False
C02097,Sachi Char,Bilaspur,600001,7,business,False
C02098,Deepa Jhaveri,Dehradun,110002,1,business,False
C02099,Fariq Mital,Akola,226001,5,business,True
C02100,Dhriti Rana,Dewas,600001,3,salaried,False
C02101,Manbir Bhagat,Indore,500002,2,homemaker,False
C02102,Champak Cherian,Singrauli,110002,3,salaried,False
C02103,Falguni Chokshi,Asansol,110001,1,salaried,False
C02104,Vasana Dara,Guwahati,500003,7,business,False
C02105,Zaitra Pall,Rajkot,110001,6,salaried,False
C02106,Ranveer Dutt,Ahmedabad,110001,7,homemaker,False
C02107,Dev Ahuja,Belgaum,600002,5,homemaker,False
C02108,Shaurya Zachariah,Siliguri,600001,5,salaried,False
C02109,Rishi Sagar,Raiganj,226001,3,homemaker,True
C02110,Widisha Mani,Dindigul,500001,6,student,False
C02111,Leena Barad,Darbhanga,226001,3,homemaker,True
C02112,Rajeshri Chaudhary,Raiganj,110001,2,salaried,False
C02113,Azad Shanker,Jodhpur,500002,4,business,False
C02114,Ganga Mishra,Tadepalligudem,500003,6,salaried,False
C02115,Zaitra Ghose,Jalandhar,560001,4,student,True
C02116,Hardik Pathak,Bikaner,226001,7,salaried,True
C02117,Fariq Chaudhari,Mysore,110001,2,business,False
C02118,Urvi Purohit,Karaikudi,500003,4,salaried,False
C02119,Pushti Baral,Pali,110002,1,salaried,False
C02120,Balendra Taneja,Secunderabad,600001,7,business,False
C02121,Indira Suresh,Rajpur Sonarpur,700001,4,homemaker,True
C02122,Simon Bajaj,Giridih,600002,2,business,False
C02123,Samuel Balakrishnan,Hubli–Dharwad,500003,4,homemaker,False
C02124,Dayita Vohra,Thoothukudi,500002,5,salaried,False
C02125,Jason Lall,Amaravati,500002,3,business,False
C02126,Chanakya Mann,Ramagundam,500003,1,business,False
C02127,Qadim Brar,Khora ,500002,5,salaried,False
C02128,Sudiksha Dayal,Rajpur Sonarpur,600001,5,business,False
C02129,Falguni Bhagat,Vijayanagaram,500002,2,business,False
C02130,Aadhya Raja,Hosur,226001,3,business,True
C02131,Omkaar Mishra,Karaikudi,700001,3,student,True
C02132,Ansh Naidu,Chandrapur,500002,6,business,False
C02133,Wakeeta Andra,Madhyamgram,700001,7,salaried,True
C02134,Anita Bawa,Bhiwani,110001,1,salaried,False
C02135,Orinder Raval,Moradabad,500001,7,business,False
C02136,Mitali Mani,Kulti,600001,2,salaried,False
C02137,Ranbir Viswanathan,Tadepalligudem,500001,1,salaried,False
C02138,Ekansh Gaba,Madanapalle,110001,6,salaried,False
C02139,Adweta Sundaram,Mumbai,600001,4,business,False
C02140,Amruta Narayanan,Jamshedpur,500003,5,salaried,False
C02141,Nisha Bassi,Avadi,500003,1,student,False
C02142,Yoshita Ravi,Rourkela,700001,7,business,True
C02143,Rohan Guha,Kurnool,110001,5,salaried,False
C02144,Chakrika Narayan,Dharmavaram,700001,2,student,True
C02145,Maanas Rege,Purnia,600002,7,business,False
C02146,Gaurangi Saran,Kalyan-Dombivli,500002,4,business,False
C02147,Ranveer Badal,Ambarnath,560001,2,business,True
C02148,Yahvi Das,Srinagar,600002,4,salaried,False
C02149,Alka Ramakrishnan,Rewa,500002,4,business,False
C02150,Riya Venkataraman,Shahjahanpur,600001,5,salaried,False
C02151,Vincent Khosla,Darbhanga,700001,2,homemaker,True
C02152,Sathvik Subramanian,Guntakal,600001,2,student,False
C02153,Anya Konda,Madurai,600001,1,business,False
C02154,Rajeshri Reddy,Farrukhabad,500002,7,salaried,False
C02155,Lajita Mangat,Ballia,110001,2,salaried,False
C02156,Isha Dasgupta,Morbi,500002,1,salaried,False
C02157,Xiti Bora,Vasai-Virar,110002,3,business,False
C02158,Tanish Krish,Kavali,500003,3,salaried,False
C02159,Gunbir Savant,Jalna,500003,3,business,False
C02160,Gabriel Dar,Thoothukudi,600002,6,salaried,False
C02161,Brinda Barad,Burhanpur,500003,2,homemaker,False
C02162,Jeet Vohra,Bokaro,500002,6,salaried,False
C02163,Laban Ganguly,Ajmer,226001,7,homemaker,True
C02164,Udant Sibal,Giridih,700001,2,homemaker,True
C02165,Aashi Nath,Motihari,500002,1,business,False
C02166,Azaan Dugar,Ulhasnagar,500002,6,student,False
C02167,Omisha Halder,Rajkot,560001,6,salaried,True
C02168,Urmi Shanker,Rajkot,700001,7,business,True
C02169,Warjas Barad,Bettiah,110002,6,salaried,False
C02170,Sarthak Soman,Kamarhati,500003,4,salaried,False
C02171,Aarini Din,Ahmednagar,700001,1,business,True
C02172,Riya Menon,Morena,500003,3,business,False
C02173,Tanish Bumb,Solapur,600002,1,business,False
C02174,Anirudh Kala,Machilipatnam,700001,4,salaried,True
C02175,Ekanta Shetty,Nangloi Jat,500003,7,salaried,False
C02176,Bhavika Sekhon,Moradabad,110002,7,salaried,False
C02177,Chanchal Dutt,Ahmednagar,500001,2,salaried,False
C02178,Vrinda Parsa,Jammu,600001,1,salaried,False
C02179,Baghyawati Rout,Bihar Sharif,600001,7,salaried,False
C02180,Damyanti Raj,Hyderabad,110002,6,salaried,False
C02181,Nathaniel Sharaf,Mango,560001,7,student,True
C02182,Barkha Amble,Mehsana,500001,7,salaried,False
C02183,Anthony Mandal,Madurai,600002,7,business,False
C02184,Vidhi Rattan,Satara,110002,7,salaried,False
C02185,Anita Dutt,Danapur,600001,3,homemaker,False
C02186,Manya Chokshi,Bokaro,600001,3,business,False
C02187,Vinaya Sunder,Nangloi Jat,600001,2,salaried,False
C02188,Banjeet Dasgupta,Vijayawada,110001,7,business,False
C02189,Jatin Sarkar,Tirunelveli,110002,1,salaried,False
C02190,Samesh Shanker,Indore,500002,4,business,False
C02191,Niharika Sandal,Begusarai,600002,2,salaried,False
C02192,Jonathan Khalsa,Mahbubnagar,600001,1,homemaker,False
C02193,Jatin Mangal,Karimnagar,500003,7,salaried,False
C02194,Shravya Zachariah,Udaipur,110002,5,salaried,False
C02195,Amaira Khosla,Kurnool,110001,7,student,False
C02196,Aarnav Batta,Mathura,110002,3,salaried,False
C02197,Lekha Rajagopal,Bhiwandi,600002,4,student,False
C02198,Janani Krishnamurthy,Kishanganj,110001,6,business,False
C02199,Zaitra Issac,Kochi,600002,4,student,False
C02200,Jackson Brahmbhatt,Rohtak,110002,6,salaried,False
C02201,Harini Tata,Naihati,500002,4,student,False
C02202,Nihal Johal,Gaya,600002,3,student,False
C02203,Yadavi Sachdev,Visakhapatnam,110001,6,salaried,False
C02204,Harinakshi Singhal,Miryalaguda,110001,1,salaried,False
C02205,Matthew Walia,Sambalpur,600002,6,salaried,False
C02206,Shivansh Sagar,Katihar,226001,2,homemaker,True
C02207,Turvi Raju,Raebareli,110002,1,salaried,False
C02208,Rudra Samra,Ichalkaranji,226001,2,business,True
C02209,Nikita Kala,Akola,560001,7,salaried,True
C02210,Amruta Singhal,Shahjahanpur,110002,4,salaried,False
C02211,Ekiya Dani,Sasaram,600002,1,business,False
C02212,Qarin Ganesh,Nellore,500001,4,homemaker,False
C02213,Madhavi Chandra,Kurnool,600002,7,business,False
C02214,Tristan Walia,Jamalpur,226001,5,student,True
C02215,Chanakya Gola,Parbhani,500002,4,business,False
C02216,Ridhi Doshi,Aurangabad,600002,7,salaried,False
C02217,Nakul Mitra,Bahraich,600002,4,salaried,False
C02218,Turvi Pandey,Bulandshahr,500002,7,business,False
C02219,Naveen Kalla,Burhanpur,600002,2,homemaker,False
C02220,Guneet Reddy,Mumbai,600001,7,homemaker,False
C02221,Oliver Ranganathan,Rajkot,500001,6,salaried,False
C02222,Advika Bhatt,Guntakal,500003,5,salaried,False
C02223,Tamanna Bahri,Khammam,500001,4,salaried,False
C02224,Falguni Kota,Arrah,600002,7,homemaker,False
C02225,Nikita Mand,Alappuzha,600001,7,homemaker,False
C02226,Dev Wadhwa,Meerut,110002,4,student,False
C02227,Krisha Deo,Navi Mumbai,600002,5,salaried,False
C02228,Ucchal Prashad,Faridabad,226001,5,business,True
C02229,Bhavya Merchant,Ramgarh,600001,7,business,False
C02230,Turvi Bhasin,Ramagundam,500002,1,salaried,False
C02231,Ayushman Borde,Adoni,600001,2,business,False
C02232,Urishilla Chokshi,Sangli-Miraj & Kupwad,500002,5,salaried,False
C02233,Girindra Chada,Hapur,560001,5,salaried,True
C02234,Bakhshi Sawhney,Vijayawada,500003,3,homemaker,False
C02235,Hredhaan Babu,Machilipatnam,700001,6,student,True
C02236,Ladli Kanda,Katihar,600001,5,salaried,False
C02237,Irya Gill,Suryapet,110001,2,business,False
C02238,Faras Pillai,North Dumdum,226001,6,salaried,True
C02239,Odika Bhatia,Alwar,600002,6,student,False
C02240,Anvi Natarajan,Katihar,226001,4,student,True
C02241,Thomas Devi,Hyderabad,500001,4,student,False
C02242,Vyanjana Om,Bhiwandi,700001,4,student,True
C02243,Shivani Arora,Satara,500001,4,salaried,False
C02244,Omya Sagar,Raichur,560001,3,salaried,True
C02245,Yutika Sastry,Kharagpur,700001,5,business,True
C02246,Shivani Oak,Mumbai,700001,4,salaried,True
C02247,Yashasvi Joshi,Guwahati,500001,7,student,False
C02248,Widisha Venkataraman,Nellore,500002,1,salaried,False
C02249,Ikbal Ram,Sasaram,500001,4,salaried,False
C02250,Panini Devan,Ghaziabad,226001,5,salaried,True
C02251,Rudra Sandal,Mysore,500002,4,homemaker,False
C02252,Matthew Sinha,Bhatpara,226001,3,salaried,True
C02253,Rohan Chhabra,Hapur,560001,2,business,True
C02254,Gauri Sachdeva,Barasat,600002,2,salaried,False
C02255,Isha Bal,Unnao,110002,5,salaried,False
C02256,Anusha Parmer,Howrah,500002,7,business,False
C02257,Adya Patil,New Delhi,560001,2,student,True
C02258,Pushti Pai,Kumbakonam,110001,2,business,False
C02259,Chanchal Bhandari,Alwar,560001,1,homemaker,True
C02260,Urvashi Barad,Bongaigaon,500001,5,salaried,False
C02261,Chaitanya Nazareth,Patna,500001,7,salaried,False
C02262,Nandini Kohli,Thiruvananthapuram,110002,5,homemaker,False
C02263,Unni Nair,Navi Mumbai,560001,2,salaried,True
C02264,Daniel Barad,Bhilai,500003,2,business,False
C02265,Wishi Purohit,Kanpur,600002,2,student,False
C02266,Amol Banerjee,Mirzapur,500001,6,salaried,False
C02267,Aarnav Bakshi,Panvel,110002,3,student,False
C02268,Ojas Mohanty,Durg,600002,4,salaried,False
C02269,Balvan Kanda,Udaipur,560001,3,salaried,True
C02270,Anay Nagy,Saharsa,560001,5,salaried,True
C02271,Rachana Anand,Baranagar,700001,1,student,True
C02272,Yadavi Kala,Maheshtala,110002,4,salaried,False
C02273,Ronith Anand,Muzaffarpur,500001,1,student,False
C02274,Ishanvi Chadha,Ratlam,500003,7,homemaker,False
C02275,Osha Mutti,Kavali,560001,6,business,True
C02276,Alka Kaur,Nagaon,500003,5,business,False
C02277,Luke Sarin,Hajipur,560001,6,business,True
C02278,Idika Bhatt,Shimla,500001,5,salaried,False
C02279,Adweta Palla,Gangtok,600002,1,business,False
C02280,Vedhika Magar,Chapra,600001,1,business,False
C02281,Naksh Deol,Anantapur,600002,1,homemaker,False
C02282,Reyansh Chanda,Medininagar,560001,5,homemaker,True
C02283,Zaitra Loyal,Secunderabad,226001,2,homemaker,True
C02284,Reyansh Bajwa,Suryapet,600001,1,homemaker,False
C02285,Zayan Bhatti,Kurnool,600001,6,business,False
C02286,Vanya Kata,Bharatpur,500003,7,business,False
C02287,Luke Gill,Cuttack,110002,4,homemaker,False
C02288,Victor Kata,Sambalpur,500003,5,salaried,False
C02289,Matthew Peri,Kochi,500003,6,homemaker,False
C02290,Krish Char,Kochi,226001,3,salaried,True
C02291,Barkha Pandey,Cuttack,600002,7,business,False
C02292,Rachana Jha,Barasat,600002,3,student,False
C02293,Barkha Naidu,Ballia,110001,4,homemaker,False
C02294,Simon Nigam,Kota,560001,2,salaried,True
C02295,Abhimanyu Dara,Bhusawal,226001,1,student,True
C02296,Raghav Mannan,Bareilly,110001,5,business,False
C02297,Nidra Chaudhari,Tinsukia,500001,6,salaried,False
C02298,Zehaan Nanda,Guwahati,560001,1,student,True
C02299,Vanya Dara,Bhagalpur,560001,6,business,True
C02300,Mahika Bhardwaj,Aizawl,700001,5,business,True
C02301,Rajeshri Konda,Loni,700001,3,salaried,True
C02302,Triya Dalal,Sambalpur,500002,1,business,False
C02303,Bimala Parekh,Nangloi Jat,500002,4,business,False
C02304,Mohini Viswanathan,Shimla,500003,2,salaried,False
C02305,Finn Ganesan,Bahraich,500001,4,salaried,False
C02306,Fiyaz Ratta,Khammam,600001,2,homemaker,False
C02307,Urvi Kapoor,Katni,600001,7,business,False
C02308,Frado Bains,Rohtak,700001,6,student,True
C02309,Chakradev Johal,Tumkur,700001,1,salaried,True
C02310,Praneel Doctor,Silchar,700001,1,salaried,True
C02311,Mitali Nori,Gulbarga,226001,7,salaried,True
C02312,Vanya Saha,Sambhal,110002,2,salaried,False
C02313,Pavani Amble,Malda,500002,3,business,False
C02314,Harini Bala,Kota,226001,5,business,True
C02315,Rachit Shah,Dhanbad,600002,4,business,False
C02316,Upadhriti Swaminathan,Hubli–Dharwad,600001,7,salaried,False
C02317,Wyatt Bhakta,Karaikudi,560001,6,business,True
C02318,Yatan Vohra,Kadapa,500002,7,salaried,False
C02319,Dhruv Sidhu,Mahbubnagar,110001,4,salaried,False
C02320,Naveen Bose,Warangal,600002,4,homemaker,False
C02321,Pranit Kapur,Katihar,500002,6,business,False
C02322,Vasatika Dube,Kanpur,226001,6,business,True
C02323,Jack Purohit,Ahmednagar,500001,1,salaried,False
C02324,Neha Ramanathan,Firozabad,560001,4,homemaker,True
C02325,Samaksh Madan,Tirupati,500002,5,business,False
C02326,Bhanumati Banerjee,Orai,110002,5,student,False
C02327,Owen Ravi,Alwar,700001,2,salaried,True
C02328,Kai Gola,Agartala,700001,7,homemaker,True
C02329,Faris Mane,Erode,560001,6,student,True
C02330,Jagdish Chanda,Madurai,226001,1,homemaker,True
C02331,Chakradhar Mahal,Cuttack,700001,5,salaried,True
C02332,Baghyawati Shukla,Jehanabad,500002,3,salaried,False
C02333,Yashawini Majumdar,Junagadh,110001,1,salaried,False
C02334,Amara Prashad,Nandyal,600001,1,salaried,False
C02335,Baghyawati Dani,Kanpur,600001,5,homemaker,False
C02336,Ekani Buch,Katihar,600002,3,salaried,False
C02337,Girish Singh,Rajpur Sonarpur,500003,2,salaried,False
C02338,Ganga Kibe,Bareilly,500001,5,salaried,False
C02339,Pratyush Tailor,Avadi,560001,3,salaried,True
C02340,Waida Seshadri,Ramgarh,600002,1,salaried,False
C02341,Prisha Goel,Ludhiana,500003,3,student,False
C02342,Yochana Edwin,Warangal,226001,1,business,True
C02343,Indrajit Keer,Panvel,110002,7,salaried,False
C02344,Yochana Dara,Nashik,110002,5,salaried,False
C02345,Garima Mody,Durgapur,500001,6,salaried,False
C02346,Viraj Dhawan,Dehradun,700001,5,salaried,True
C02347,Samuel Soni,Junagadh,500002,7,business,False
C02348,Oviya Bhargava,Munger,600002,4,student,False
C02349,Harsh Sangha,Jalandhar,600002,4,student,False
C02350,Watika Majumdar,Gangtok,560001,4,student,True
C02351,Triya Rau,Adoni,560001,5,salaried,True
C02352,Chanchal Randhawa,Satara,110002,2,homemaker,False
C02353,Zarna Patil,Muzaffarnagar,110002,5,student,False
C02354,Kashish Deshpande,Maheshtala,110001,7,homemaker,False
C02355,Ekantika Gaba,Jamnagar,110001,7,salaried,False
C02356,Jagrati Kapadia,Bilaspur,700001,6,homemaker,True
C02357,Neelima Bansal,Madhyamgram,110001,3,student,False
C02358,Balvan Kothari,Pondicherry,500002,5,student,False
C02359,Balendra Suresh,Asansol,500002,5,salaried,False
C02360,Anika Srinivasan,Rewa,600002,1,student,False
C02361,Kabir Lall,Giridih,600001,7,homemaker,False
C02362,Harita Dash,Ozhukarai,500002,1,business,False
C02363,Amruta Kar,Bhalswa Jahangir Pur,500003,1,business,False
C02364,Wyatt Chada,Patna,110002,5,homemaker,False
C02365,Sanaya Gade,Kozhikode,560001,2,salaried,True
C02366,Faras Thakkar,Gangtok,110001,3,business,False
C02367,Ishita Biswas,Kalyan-Dombivli,600002,3,business,False
C02368,Wazir Chhabra,Gwalior,500001,7,homemaker,False
C02369,Chandani Rajagopalan,Chandigarh,560001,6,salaried,True
C02370,Siya Rajagopalan,Vellore,500003,7,business,False
C02371,Anya Andra,Bardhaman,110001,2,business,False
C02372,Daksha Palla,Noida,500003,2,student,False
C02373,Irya Rattan,Malegaon,110002,3,business,False
C02374,Januja Patil,Farrukhabad,110002,4,homemaker,False
C02375,Charan Goda,Parbhani,700001,1,homemaker,True
C02376,Ekaja Shroff,Vijayanagaram,600002,1,salaried,False
C02377,Kashish Walla,Jehanabad,560001,3,salaried,True
C02378,Gopal Garde,Arrah,226001,7,salaried,True
C02379,Jeevika Tak,Malegaon,226001,2,salaried,True
C02380,Warhi Sathe,Siwan,560001,7,business,True
C02381,Naveen Tank,Secunderabad,500001,6,homemaker,False
C02382,Chatresh Goda,Proddatur,600002,4,student,False
C02383,Aarini Nath,Begusarai,500003,3,salaried,False
C02384,Lakshit Seth,Morena,500001,1,salaried,False
C02385,Mohini Parsa,Eluru,600001,5,business,False
C02386,Chakradev Nagi,Bhagalpur,560001,7,business,True
C02387,Champak Guha,Anantapuram,500003,2,salaried,False
C02388,Liam Thaman,Akola,226001,5,homemaker,True
C02389,Eshana Sridhar,Karimnagar,500002,6,homemaker,False
C02390,Eesha Koshy,Ballia,700001,3,salaried,True
C02391,Sudiksha Sastry,Jalna,226001,7,homemaker,True
C02392,Michael Sinha,Ranchi,600002,1,salaried,False
C02393,Onveer Ravel,Chinsurah,110002,7,student,False
C02394,Triya Agate,Bidar,500002,4,business,False
C02395,Anika Gupta,Thoothukudi,700001,5,salaried,True
C02396,Faqid Chad,Bardhaman,700001,4,homemaker,True
C02397,Chaaya Suresh,Gandhidham,600001,6,business,False
C02398,Urvashi Kala,Bhalswa Jahangir Pur,600001,1,student,False
C02399,Vedant Virk,Khora ,110001,5,salaried,False
C02400,Faraj Kakar,Chinsurah,226001,6,salaried,True
C02401,Aryan Subramanian,Kurnool,226001,4,salaried,True
C02402,Hemal Kapoor,Narasaraopet,226001,4,business,True
C02403,Yatin Khalsa,Howrah,110001,5,business,False
C02404,Samar Biswas,Kanpur,500001,1,salaried,False
C02405,Jhalak Thakkar,Thanjavur,700001,4,business,True
C02406,Bahadurjit Murty,Farrukhabad,500002,3,business,False
C02407,Zayyan Pandit,Dehri,600002,6,student,False
C02408,Reva Bhakta,Hubli–Dharwad,700001,5,business,True
C02409,Ojasvi Murthy,Gulbarga,600001,2,homemaker,False
C02410,Shravya Tiwari,Begusarai,500003,2,business,False
C02411,Vyanjana Munshi,Deoghar,110002,1,business,False
C02412,Raksha Halder,Bhiwani,110001,3,salaried,False
C02413,Triya Sha,Jorhat,560001,4,salaried,True
C02414,Avi Nori,Srinagar,500003,2,salaried,False
C02415,Rehaan Bhandari,Thane,600002,1,business,False
C02416,Rachita Gupta,Tumkur,226001,6,salaried,True
C02417,Logan Chandra,Solapur,600001,3,salaried,False
C02418,Warhi Goswami,Bathinda,600001,3,student,False
C02419,Krisha Dani,Gulbarga,600001,7,salaried,False
C02420,Bhavini Borra,Ratlam,226001,1,salaried,True
C02421,Udarsh Banik,Shahjahanpur,560001,1,salaried,True
C02422,Isaac Prakash,Ajmer,110001,7,student,False
C02423,Unnati Raju,Allahabad,500003,4,salaried,False
C02424,Aahana Sarkar,Bardhaman,226001,1,business,True
C02425,Divya Chanda,Vasai-Virar,600002,7,business,False
C02426,Bakhshi Salvi,Kollam,110001,4,business,False
C02427,Madhavi Golla,Mathura,600002,4,business,False
C02428,Gauri Bains,Naihati,110001,5,student,False
C02429,Harshil Ram,Gangtok,560001,3,salaried,True
C02430,Deepa Lalla,Khammam,110002,6,salaried,False
C02431,Utkarsh Guha,Dindigul,600002,3,salaried,False
C02432,Tanmayi Manne,Guwahati,226001,3,salaried,True
C02433,Dhruv Lala,Morbi,110001,5,salaried,False
C02434,Kevin Pau,Morena,600001,4,salaried,False
C02435,Jeet Naik,Jamnagar,700001,4,business,True
C02436,Ranveer Gade,Dewas,600001,1,business,False
C02437,Aryan Nori,Berhampore,500001,5,salaried,False
C02438,Zinal Palan,Raurkela Industrial Township,110002,1,student,False
C02439,Daksha Krishna,Panihati,110002,5,salaried,False
C02440,Yutika Pingle,Loni,600001,1,salaried,False
C02441,Gopal Prashad,Guntakal,500003,2,business,False
C02442,Jagvi Chaudhry,Gangtok,560001,7,salaried,True
C02443,Triya Shan,Mumbai,600002,3,salaried,False
C02444,Anita Khare,Madhyamgram,226001,3,salaried,True
C02445,Oviya Bhatia,Kozhikode,110002,6,homemaker,False
C02446,Faris Kashyap,Mira-Bhayandar,600001,7,student,False
C02447,Chatura Om,Dibrugarh,600001,4,salaried,False
C02448,Divya Madan,Guntur,560001,6,student,True
C02449,Kritika Vig,Bangalore,560001,2,student,True
C02450,Hemangini Shenoy,Burhanpur,500002,6,business,False
C02451,Mohammed Sibal,Bhilai,500002,3,student,False
C02452,Yashawini Bansal,Salem,500003,4,salaried,False
C02453,Robert Kulkarni,Malda,500003,2,salaried,False
C02454,Unni Loke,Bihar Sharif,500001,3,business,False
C02455,Gaurav Rajagopalan,Phusro,500003,7,business,False
C02456,Girindra Sethi,Madurai,110001,1,business,False
C02457,Yug Krishnan,Nagercoil,560001,5,business,True
C02458,Shivansh Pandit,Patna,226001,2,homemaker,True
C02459,Tamanna Din,Darbhanga,110001,4,homemaker,False
C02460,Ishanvi Chand,Adoni,600002,6,homemaker,False
C02461,Gopal Pingle,Bellary,600001,7,student,False
C02462,Raghav Natt,Jaipur,500003,6,homemaker,False
C02463,Rajata Shroff,Jabalpur,600001,2,salaried,False
C02464,Chakrika Thakkar,Sonipat,110002,7,salaried,False
C02465,Pushti Aurora,Phagwara,500001,4,business,False
C02466,Ronith Bhargava,Bangalore,110002,2,student,False
C02467,Karan Dewan,Gulbarga,500001,4,business,False
C02468,Waida Varughese,Bardhaman,500002,6,student,False
C02469,Dhruv Varkey,Panvel,600001,3,salaried,False
C02470,Aayush De,Ongole,500001,7,salaried,False
C02471,Sudiksha Mittal,Siwan,700001,1,student,True
C02472,Finn Bora,Kota,110001,3,salaried,False
C02473,Vincent Nayak,Satna,500001,1,salaried,False
C02474,Anika Patil,Ranchi,500001,6,salaried,False
C02475,Kashvi Varkey,Ajmer,110001,7,salaried,False
C02476,Bhavini Buch,Narasaraopet,600001,3,student,False
C02477,Jeevika Batra,Ahmednagar,600001,3,salaried,False
C02478,Manbir Hayre,Faridabad,110001,2,business,False
C02479,Jeevika Wason,Kurnool,110002,5,salaried,False
C02480,Darika Kant,Thiruvananthapuram,700001,6,student,True
C02481,Michael Minhas,Jamshedpur,226001,4,salaried,True
C02482,Anusha Pandey,Kochi,600002,6,business,False
C02483,Amruta Sibal,Mumbai,700001,4,student,True
C02484,Aadi Sanghvi,Gandhinagar,600001,7,salaried,False
C02485,Yoshita Chhabra,Adoni,226001,4,homemaker,True
C02486,Yashvi Buch,Guntakal,500002,1,business,False
C02487,Janani Thakur,Pallavaram,500003,4,salaried,False
C02488,Hiral Uppal,Belgaum,500001,4,salaried,False
C02489,Vedant Brahmbhatt,Bathinda,110001,2,homemaker,False
C02490,Wakeeta Om,Alappuzha,110001,3,student,False
C02491,Januja Wadhwa,Mirzapur,500001,6,salaried,False
C02492,Maanas Gala,Ozhukarai,500003,6,salaried,False
C02493,Harrison Chahal,Vellore,600002,7,student,False
C02494,Chaitanya Dixit,Nanded,500003,7,business,False
C02495,Neel Mangal,Ahmednagar,226001,4,student,True
C02496,Omisha Narula,Gwalior,500003,5,salaried,False
C02497,Gaurika Kalita,Davanagere,226001,6,student,True
C02498,Faqid Mistry,Kochi,500003,7,salaried,False
C02499,Charita Bhagat,Ambattur,600002,4,salaried,False
C02500,Aarna Bakshi,Sasaram,600002,7,business,False
C02501,Widisha Tailor,North Dumdum,600001,1,homemaker,False
C02502,Ishani Hayre,Burhanpur,500001,1,salaried,False
C02503,Nicholas Contractor,Shimoga,600002,7,business,False
C02504,Abha Ganesan,Junagadh,226001,1,business,True
C02505,Jagat Chander,Ajmer,600002,7,business,False
C02506,Amol Tara,Bahraich,600001,4,student,False
C02507,Vamakshi Brahmbhatt,Narasaraopet,110001,2,student,False
C02508,Utkarsh Dua,Lucknow,226001,5,salaried,True
C02509,Darpan Deshpande,Ghaziabad,600001,4,homemaker,False
C02510,Ijaya Kapadia,Mehsana,110002,2,student,False
C02511,Forum Nadkarni,Jorhat,110002,2,homemaker,False
C02512,Jagdish Samra,Jalandhar,500002,6,business,False
C02513,Mitali Sachdeva,Tadepalligudem,500003,4,homemaker,False
C02514,Charita Apte,Haridwar,500001,4,salaried,False
C02515,Oscar Anne,Srikakulam,560001,7,salaried,True
C02516,Gagan Chatterjee,Madanapalle,700001,2,homemaker,True
C02517,Aarush Sampath,Amroha,600001,2,salaried,False
C02518,Lipika Bhagat,Vijayanagaram,110001,2,salaried,False
C02519,Nirja Devi,Nagpur,700001,7,student,True
C02520,Lavanya Bedi,Bareilly,110001,6,student,False
C02521,Wazir Basu,Rajahmundry,700001,4,salaried,True
C02522,Barkha Thaker,Bettiah,600001,2,homemaker,False
C02523,Vedhika Dhar,Nadiad,560001,1,business,True
C02524,Vidhi Shere,Burhanpur,700001,4,business,True
C02525,Warda Sidhu,Chapra,600001,7,student,False
C02526,Sai Ram,Chapra,600002,6,salaried,False
C02527,Dalaja Lad,Ajmer,560001,1,salaried,True
C02528,Gagan Chowdhury,Uluberia,226001,7,salaried,True
C02529,Sanaya Rau,Chandigarh,110001,3,business,False
C02530,Kamala Jani,Kishanganj,110002,4,business,False
C02531,Sudiksha Das,Gudivada,500003,3,student,False
C02532,Yashvi Borde,Kottayam,110002,7,student,False
C02533,Forum Manne,Morbi,560001,7,business,True
C02534,Om Bhagat,Howrah,226001,7,student,True
C02535,Jonathan Nanda,Haldia,110001,2,salaried,False
C02536,Chatura Kumer,Morena,226001,6,salaried,True
C02537,Bhavani Bava,Bareilly,700001,2,homemaker,True
C02538,Isaiah Salvi,Munger,110001,6,salaried,False
C02539,Anthony Aggarwal,Phagwara,700001,5,salaried,True
C02540,Zaid Dewan,Raebareli,600001,2,business,False
C02541,Bakhshi Singh,Gulbarga,560001,3,salaried,True
C02542,Nirja Varkey,Ichalkaranji,600001,6,homemaker,False
C02543,Omya Kurian,Imphal,500002,2,salaried,False
C02544,Anamika Koshy,Coimbatore,226001,4,salaried,True
C02545,Yochana Vora,Gandhidham,700001,7,salaried,True
C02546,Tanveer Goel,Anantapuram,600002,6,business,False
C02547,Lila Kakar,Kumbakonam,600001,6,salaried,False
C02548,Tanish Kalita,Malegaon,500002,2,business,False
C02549,Simon Sachar,Vadodara,500001,5,homemaker,False
C02550,Omisha Bhatia,Rajahmundry,110002,2,homemaker,False
C02551,Irya Patel,Davanagere,110001,3,salaried,False
C02552,Saksham Chawla,Munger,500002,3,business,False
C02553,Aachal Kata,Lucknow,560001,6,business,True
C02554,Triya Bal,Silchar,600001,6,homemaker,False
C02555,Ikshita Natarajan,Bahraich,560001,2,homemaker,True
C02556,Shaurya Ganesh,Shivpuri,110002,3,salaried,False
C02557,Niharika Devi,Chennai,600002,3,student,False
C02558,Hemal Sule,Ratlam,226001,5,salaried,True
C02559,Hemani Bath,Haldia,226001,4,salaried,True
C02560,Tamanna Iyengar,Tinsukia,560001,5,salaried,True
C02561,Aadi Date,Munger,700001,1,business,True
C02562,Saksham Maharaj,Ozhukarai,600002,7,business,False
C02563,Gabriel Gill,Panchkula,226001,5,salaried,True
C02564,Abhiram Choudhury,Dharmavaram,600002,2,business,False
C02565,Sudiksha Kadakia,Tumkur,500002,4,salaried,False
C02566,Nathaniel Uppal,Morena,600002,2,business,False
C02567,Bhavna Mahajan,Patna,500003,7,salaried,False
C02568,Vyanjana Kala,Tenali,110002,1,salaried,False
C02569,Daniel Buch,Bathinda,226001,4,salaried,True
C02570,Aryan Dasgupta,Ranchi,600002,6,salaried,False
C02571,Wyatt Choudhury,Khammam,560001,3,business,True
C02572,Jeet Bandi,Junagadh,500001,5,salaried,False
C02573,Chanakya Bath,Belgaum,500003,2,business,False
C02574,Patrick Doshi,Raipur,500003,1,salaried,False
C02575,Tanish Bhagat,Guna,700001,3,business,True
C02576,Lakshmi Buch,Indore,600002,5,student,False
C02577,Onveer Ahuja,Bhusawal,700001,3,salaried,True
C02578,Rachita Tailor,Ajmer,700001,5,business,True
C02579,Ekanta Memon,Ranchi,500001,6,salaried,False
C02580,Ekantika Sachdeva,Tumkur,500002,4,business,False
C02581,Dominic Chaudhary,Berhampur,600002,3,salaried,False
C02582,Yashasvi Dutt,Anantapur,600001,3,business,False
C02583,Hritik Badami,Ambarnath,226001,3,business,True
C02584,Kai Mander,Khandwa,700001,4,homemaker,True
C02585,Yashawini Sama,Srinagar,110002,1,business,False
C02586,Girindra Gaba,Ahmednagar,110001,5,business,False
C02587,Ayushman Kashyap,Etawah,110002,6,salaried,False
C02588,Zilmil Rege,Anantapur,500001,3,homemaker,False
C02589,Rohan Magar,Guwahati,500001,7,student,False
C02590,Balendra Narayanan,Jehanabad,560001,4,salaried,True
C02591,Timothy Puri,Gaya,500002,1,student,False
C02592,Upadhriti Kapur,Rohtak,226001,5,salaried,True
C02593,Hredhaan Sane,Pimpri-Chinchwad,700001,4,student,True
C02594,Eesha Guha,Bidar,110002,6,student,False
C02595,Wriddhish Issac,Rohtak,110001,6,salaried,False
C02596,Nitara Thaman,Indore,500001,5,student,False
C02597,Siya Dewan,Sultan Pur Majra,500001,3,salaried,False
C02598,Divya Divan,Bardhaman,500002,6,salaried,False
C02599,Zaitra Tailor,North Dumdum,110001,1,salaried,False
C02600,Wriddhish Chopra,Shimla,110001,4,student,False
C02601,Yauvani Vasa,Malda,500002,1,salaried,False
C02602,Amrita Murty,Karawal Nagar,500001,3,salaried,False
C02603,Vincent Sura,Tenali,226001,1,student,True
C02604,Harrison Vala,Mira-Bhayandar,600002,1,salaried,False
C02605,Logan Sankaran,New Delhi,600002,2,salaried,False
C02606,Mekhala Dara,Giridih,500002,1,salaried,False
C02607,Nathaniel Sibal,Patiala,110001,5,salaried,False
C02608,Joshua Chatterjee,Ramgarh,700001,4,business,True
C02609,Hema Bains,Amritsar,500002,2,salaried,False
C02610,Chasmum Kapur,Gopalpur,226001,4,homemaker,True
C02611,Hemangini Krishnamurthy,Gudivada,500002,4,student,False
C02612,Umang Parekh,Ludhiana,500003,3,salaried,False
C02613,Aadi Bawa,Ramgarh,110002,3,salaried,False
C02614,Saanvi Jha,Tadipatri,110001,2,salaried,False
C02615,Ridhi Datta,Thane,560001,6,business,True
C02616,Ekantika Kaur,Pune,560001,7,salaried,True
C02617,Kala Pau,Hosur,110001,3,salaried,False
C02618,Ishwar Gupta,Aurangabad,226001,7,homemaker,True
C02619,Pranit Prakash,Kadapa,500003,3,salaried,False
C02620,Udyati Chadha,Machilipatnam,500003,3,salaried,False
C02621,Nandini Sahni,Jaipur,500001,4,homemaker,False
C02622,Edhitha Choudhry,Rajkot,110002,2,business,False
C02623,Hamsini Bhandari,Kirari Suleman Nagar,600002,4,salaried,False
C02624,Aryan Ghosh,Asansol,600001,5,business,False
C02625,Kamya Agarwal,Asansol,226001,4,salaried,True
C02626,Rayaan Shah,Bhiwandi,600001,7,student,False
C02627,Rachit Saha,Anantapur,600001,7,business,False
C02628,Rajata Dewan,Kavali,110001,5,student,False
C02629,Hitesh Hari,Gudivada,560001,1,homemaker,True
C02630,Urvi Iyengar,Vadodara,560001,1,homemaker,True
C02631,Oviya Lad,Mira-Bhayandar,600002,5,homemaker,False
C02632,Gautami Kadakia,Hazaribagh,110001,5,business,False
C02633,Vaishnavi Padmanabhan,Kanpur,600001,4,salaried,False
C02634,Harrison Kaul,Alwar,700001,5,business,True
C02635,Divya Behl,Nagpur,560001,2,business,True
C02636,Liam Dube,Jammu,226001,1,homemaker,True
C02637,Tara Sura,Rourkela,226001,1,salaried,True
C02638,Qadim Sampath,Guna,500001,6,homemaker,False
C02639,Omkaar Bhatia,Orai,500002,5,student,False
C02640,Mitesh Sengupta,Ajmer,700001,3,homemaker,True
C02641,Tristan Kumer,Meerut,560001,3,homemaker,True
C02642,Chatresh Badal,Rohtak,500003,5,salaried,False
C02643,Yashica Sabharwal,Bhagalpur,560001,2,salaried,True
C02644,Gaurika Raman,Gurgaon,500001,3,salaried,False
C02645,Ira Prashad,Korba,226001,6,salaried,True
C02646,Michael Dada,Sonipat,600001,7,business,False
C02647,Indrajit Bera,Ongole,500003,5,student,False
C02648,Devika Varghese,Bilaspur,110001,2,homemaker,False
C02649,Upasna Hans,Narasaraopet,110002,2,business,False
C02650,Jagvi Savant,Amravati,600001,4,salaried,False
C02651,Henry Dhillon,Kumbakonam,110002,2,salaried,False
C02652,Ikshita Saraf,Durg,700001,3,salaried,True
C02653,Lekha Gill,Anantapur,500002,7,salaried,False
C02654,Gayathri Luthra,Barasat,500003,3,business,False
C02655,Falak Konda,Bhubaneswar,600002,5,salaried,False
C02656,Saanvi Kakar,Rewa,500003,7,salaried,False
C02657,Varenya Jha,Moradabad,560001,5,salaried,True
C02658,Upkaar Vohra,Secunderabad,226001,2,business,True
C02659,Benjamin Sem,Agra,560001,6,business,True
C02660,Ishani Shere,Tumkur,560001,1,business,True
C02661,Lajita Salvi,Kharagpur,700001,7,salaried,True
C02662,Harini Srivastava,Tumkur,600001,4,homemaker,False
C02663,Nathaniel Varty,Agartala,600002,1,salaried,False
C02664,Unnati Acharya,Navi Mumbai,600002,2,business,False
C02665,Meghana Mahal,Ghaziabad,560001,2,student,True
C02666,Vasana Raju,Guwahati,110002,1,business,False
C02667,Nihal Thakkar,Medininagar,700001,4,homemaker,True
C02668,Radhika Om,Bihar Sharif,560001,7,salaried,True
C02669,Gauri Chahal,Jodhpur,500002,7,business,False
C02670,Urmi Nair,Gurgaon,226001,1,salaried,True
C02671,Akshay Sankar,Tadipatri,600001,5,business,False
C02672,Neha Chatterjee,Bharatpur,110001,3,salaried,False
C02673,Nidhi Ranganathan,Surendranagar Dudhrej,500002,6,salaried,False
C02674,Baghyawati Yadav,Gurgaon,110002,5,business,False
C02675,Yagnesh Dasgupta,Salem,500003,7,business,False
C02676,Charvi Chanda,Berhampore,500003,3,salaried,False
C02677,Forum Naik,Nagercoil,500002,6,business,False
C02678,Ishani Ganesh,Uluberia,560001,6,business,True
C02679,Unni Master,Jalna,110001,6,salaried,False
C02680,Adweta Tara,Jalgaon,500001,2,business,False
C02681,Isha D’Alia,Karawal Nagar,500001,6,student,False
C02682,Charvi Doshi,Moradabad,110002,4,business,False
C02683,Chandresh Chad,Meerut,560001,1,salaried,True
C02684,Kritika Tella,North Dumdum,600002,7,salaried,False
C02685,Samar Thakur,Ratlam,600002,4,business,False
C02686,Manan Buch,Jhansi,600001,1,homemaker,False
C02687,Ayushman Dyal,Uluberia,110001,5,business,False
C02688,Qadim Sarma,Kadapa,110001,5,salaried,False
C02689,Vyanjana Ahluwalia,Jodhpur,500003,1,business,False
C02690,Yoshita Madan,Nanded,700001,4,homemaker,True
C02691,Gavin Balan,Alappuzha,110002,1,salaried,False
C02692,Rachita Seshadri,Sultan Pur Majra,500001,6,homemaker,False
C02693,Luke Chaudhary,Chandigarh,110002,2,homemaker,False
C02694,Tanay Yadav,Jhansi,600002,7,salaried,False
C02695,Ekbal Sehgal,Gudivada,600002,5,homemaker,False
C02696,Upma Narang,Saharanpur,500002,7,salaried,False
C02697,Mason Pau,Durg,600001,2,student,False
C02698,Bhavya Khalsa,Nagaon,110001,6,salaried,False
C02699,Ranbir Mahajan,Tadipatri,226001,6,salaried,True
C02700,Gautam Yohannan,Proddatur,110002,5,business,False
C02701,Amaira Warrior,South Dumdum,600002,5,student,False
C02702,Meghana Bahl,Sagar,700001,6,salaried,True
C02703,Chasmum Kohli,Bhavnagar,500003,3,business,False
C02704,Sachi Sood,Asansol,500001,7,salaried,False
C02705,Bhavna Oak,Muzaffarnagar,600001,2,salaried,False
C02706,Wyatt Balay,Tinsukia,700001,7,salaried,True
C02707,Gabriel Goswami,Gangtok,600001,2,business,False
C02708,Sachi Aggarwal,Ahmedabad,500002,3,salaried,False
C02709,Mahika Cherian,Amroha,226001,4,salaried,True
C02710,Azad Das,Bettiah,600002,2,salaried,False
C02711,Lopa Gupta,Loni,500003,7,salaried,False
C02712,Qarin Mangal,Surat,700001,1,business,True
C02713,Nisha Pathak,Ratlam,600001,6,homemaker,False
C02714,Nisha Cherian,Nangloi Jat,110001,6,salaried,False
C02715,Vidhi Oza,Guntur,500002,3,homemaker,False
C02716,Anita Basak,Sultan Pur Majra,110001,2,student,False
C02717,Kashish Murthy,Kumbakonam,500003,4,business,False
C02718,Andrew Nath,Jalgaon,700001,2,business,True
C02719,Pranit Soni,Jalandhar,500002,6,student,False
C02720,Idika D’Alia,Satara,700001,5,salaried,True
C02721,Lakshit Deo,Naihati,600002,1,business,False
C02722,Nimrat Barad,Nagaon,560001,3,business,True
C02723,Ati Tailor,Shivpuri,500002,5,business,False
C02724,Teerth Wali,Meerut,110001,7,student,False
C02725,Zansi Choudhry,Tinsukia,500003,4,salaried,False
C02726,Riya Prabhu,Chennai,226001,5,business,True
C02727,Oni Narula,Korba,600002,7,business,False
C02728,Pranit Raja,Pimpri-Chinchwad,560001,5,salaried,True
C02729,Osha Bhagat,Durg,226001,4,salaried,True
C02730,Rayaan Kalla,Jhansi,500001,5,business,False
C02731,Vasatika Deep,Hindupur,600002,3,homemaker,False
C02732,Anmol Sinha,Etawah,500003,6,business,False
C02733,Divya Arora,Motihari,600001,2,student,False
C02734,Dhriti Dani,Tiruvottiyur,500002,5,salaried,False
C02735,Meera Kapur,Silchar,700001,3,salaried,True
C02736,Bhanumati Kashyap,Amroha,500003,2,salaried,False
C02737,Pooja Lala,Ramgarh,500002,7,salaried,False
C02738,Xiti Mane,Kharagpur,226001,2,salaried,True
C02739,Raagini Pant,Ahmedabad,700001,7,salaried,True
C02740,Turvi Narayanan,Chennai,110002,5,student,False
C02741,Gautam Guha,Karaikudi,110001,3,student,False
C02742,Ranveer Bora,Kottayam,500001,6,salaried,False
C02743,Atharv Sarna,Giridih,600002,5,salaried,False
C02744,Sanaya Halder,Bidar,500003,7,salaried,False
C02745,Kashvi Patla,Ahmedabad,500001,4,business,False
C02746,Jason Nayak,Thane,600001,2,salaried,False
C02747,Ekapad Majumdar,Buxar,500002,5,salaried,False
C02748,Yasti Raghavan,Eluru,500002,7,homemaker,False
C02749,Zaid Dutt,Bihar Sharif,500003,2,student,False
C02750,Geetika Menon,Ballia,560001,7,salaried,True
C02751,Gaurika Khalsa,Mira-Bhayandar,560001,3,salaried,True
C02752,Yachana Merchant,Imphal,110002,1,salaried,False
C02753,Balendra Nazareth,Eluru,110001,5,student,False
C02754,Bhavya Sura,Sagar,700001,6,business,True
C02755,Ekaja Aurora,Berhampore,600001,5,salaried,False
C02756,Wakeeta Krish,Morena,500001,2,student,False
C02757,Jagdish Karpe,Bellary,560001,3,salaried,True
C02758,Hredhaan Narayanan,Kishanganj,110002,7,salaried,False
C02759,Avni Sethi,Farrukhabad,110002,4,salaried,False
C02760,Charvi Divan,Adoni,500003,6,business,False
C02761,Aarini Peri,Bahraich,600001,3,salaried,False
C02762,Devika Ravi,Ramgarh,226001,5,salaried,True
C02763,Chaitanya Bhardwaj,Solapur,700001,4,salaried,True
C02764,Irya Sandhu,Khora ,110001,3,salaried,False
C02765,Chaman Muni,Barasat,600002,1,student,False
C02766,Zaid Narula,Tiruchirappalli,500003,6,salaried,False
C02767,Januja Zacharia,Ballia,700001,2,salaried,True
C02768,Kavya Subramaniam,Sirsa,600002,3,business,False
C02769,Charles Gour,Kochi,600002,3,student,False
C02770,Umang Wable,Ahmedabad,600001,1,student,False
C02771,Chaman Patil,Pondicherry,600001,5,business,False
C02772,Saumya Kalita,Rajahmundry,500001,7,salaried,False
C02773,Abdul Chander,Aurangabad,110002,7,student,False
C02774,Abeer Korpal,Jamalpur,700001,6,business,True
C02775,Oeshi Mani,Pallavaram,500003,6,salaried,False
C02776,Charita Basu,Davanagere,500002,2,homemaker,False
C02777,Benjamin Soni,Karimnagar,500003,3,salaried,False
C02778,Logan Luthra,Lucknow,500001,4,homemaker,False
C02779,Ojas Wason,Loni,110001,3,homemaker,False
C02780,Aarnav Nazareth,Korba,110002,7,business,False
C02781,Hitesh Kara,Cuttack,500002,2,homemaker,False
C02782,Ekiya Dewan,Ranchi,560001,3,student,True
C02783,Logan Talwar,Jalandhar,110001,1,salaried,False
C02784,Leena Dubey,Surat,600001,7,salaried,False
C02785,Harish Mani,Munger,600002,3,salaried,False
C02786,Aadi Borra,Mirzapur,560001,3,salaried,True
C02787,Kevin Bail,Ahmednagar,500003,7,student,False
C02788,Harita Agate,Raurkela Industrial Township,500003,4,salaried,False
C02789,Ganga Narang,Satara,600001,7,salaried,False
C02790,Keya Rama,Bikaner,500001,1,business,False
C02791,Ekbal Mukhopadhyay,Dhanbad,700001,1,homemaker,True
C02792,Osha Mody,Thane,560001,3,salaried,True
C02793,Gaurav Bir,Bongaigaon,560001,6,salaried,True
C02794,Avi Pandya,Kavali,226001,4,salaried,True
C02795,Kavya Sathe,Amritsar,110001,3,business,False
C02796,Zashil Wadhwa,Noida,110002,7,salaried,False
C02797,Dipta Lad,Sonipat,110001,3,business,False
C02798,Veda Bahri,Udupi,700001,2,salaried,True
C02799,Ladli Shetty,Pondicherry,500003,2,salaried,False
C02800,Daniel Tailor,Sultan Pur Majra,500003,6,homemaker,False
C02801,Maanav Mann,Maheshtala,500003,4,salaried,False
C02802,Michael Deshpande,Tiruchirappalli,226001,5,salaried,True
C02803,Mason Atwal,Bharatpur,500003,2,salaried,False
C02804,Ayushman Nagarajan,Korba,700001,5,business,True
C02805,Gaurangi Singhal,Mangalore,600001,1,business,False
C02806,Ekta Sehgal,Sultan Pur Majra,110002,2,salaried,False
C02807,Hemani Devan,Kollam,700001,2,salaried,True
C02808,Bina Sagar,Visakhapatnam,110002,4,salaried,False
C02809,Laban Agrawal,Srikakulam,700001,6,business,True
C02810,Megha Sagar,Davanagere,500003,5,student,False
C02811,Widisha Biswas,Madurai,600001,7,business,False
C02812,Rudra Khare,South Dumdum,560001,2,business,True
C02813,Chakrika Sangha,Tiruchirappalli,110001,2,salaried,False
C02814,Raagini Pal,Serampore,600002,4,salaried,False
C02815,Umang Khalsa,Pune,600001,4,salaried,False
C02816,Charita Edwin,Indore,560001,6,salaried,True
C02817,Kavya Oak,Dehri,500001,5,salaried,False
C02818,Charvi Ramaswamy,Bidhannagar,700001,1,business,True
C02819,Warda Parmer,Salem,500001,7,business,False
C02820,George Sawhney,Sambhal,560001,6,homemaker,True
C02821,Prisha Ravi,Bettiah,600001,1,salaried,False
C02822,Divya Ram,Alwar,700001,3,business,True
C02823,Irya Goyal,Serampore,600002,2,student,False
C02824,Rushil Randhawa,Medininagar,500003,5,business,False
C02825,Robert Sastry,Satara,700001,6,salaried,True
C02826,Simon Gill,Dhanbad,700001,2,salaried,True
C02827,Prisha Majumdar,Gaya,600001,5,salaried,False
C02828,Aarush Sule,Deoghar,600001,5,salaried,False
C02829,Mohammed Pillay,Guntur,560001,5,student,True
C02830,Viraj Bajaj,Giridih,500002,2,salaried,False
C02831,Wakeeta Dugar,Machilipatnam,700001,6,salaried,True
C02832,Vedhika Shan,Bardhaman,110001,7,student,False
C02833,Baghyawati Aggarwal,Meerut,700001,4,student,True
C02834,Samaksh Varkey,Pali,560001,2,business,True
C02835,Onkar Shroff,Nandyal,110002,5,business,False
C02836,Warjas Gupta,Tirupati,500001,6,salaried,False
C02837,Owen Dass,Nanded,500003,7,salaried,False
C02838,Nilima Sur,Bhimavaram,500002,3,salaried,False
C02839,Teerth Mitter,Junagadh,600002,1,business,False
C02840,Ekapad Sawhney,Morena,600002,5,homemaker,False
C02841,Raksha Kapadia,Junagadh,600002,3,salaried,False
C02842,Ethan Karan,Tinsukia,600001,4,business,False
C02843,Adweta Naidu,Buxar,600002,7,salaried,False
C02844,Bhavna Dayal,Delhi,500003,7,business,False
C02845,Chaaya Lalla,Bhimavaram,500001,5,salaried,False
C02846,Maanav Biswas,Panihati,600002,7,salaried,False
C02847,Arjun Reddy,Kadapa,700001,3,student,True
C02848,Reyansh Nadig,Firozabad,700001,5,business,True
C02849,Chameli Jani,Kollam,600001,2,business,False
C02850,Vritti Nagarajan,Bangalore,500003,6,salaried,False
C02851,Faraj Prabhakar,Indore,500001,3,salaried,False
C02852,Ekanta Goswami,Parbhani,500002,6,salaried,False
C02853,Adweta Garde,Rohtak,560001,2,student,True
C02854,Kashish Raja,Darbhanga,500001,2,homemaker,False
C02855,Ucchal Chadha,Kozhikode,560001,6,salaried,True
C02856,Bhavini Merchant,Anand,110002,3,salaried,False
C02857,Simon Mital,Shivpuri,560001,6,student,True
C02858,Pavani Srinivas,Morbi,110001,6,salaried,False
C02859,Ekanta Swamy,Shimoga,700001,1,business,True
C02860,Krishna Behl,Dehri,500003,3,salaried,False
C02861,Joshua Balakrishnan,Delhi,226001,1,student,True
C02862,Laksh Aurora,Navi Mumbai,600001,5,business,False
C02863,Keya Mukherjee,Begusarai,110001,7,student,False
C02864,Liam Master,Tirunelveli,560001,6,student,True
C02865,Jagat Ganesan,Shimla,600002,5,salaried,False
C02866,Yashodhara Pillay,Thiruvananthapuram,500003,3,student,False
C02867,Fiyaz Roy,Mangalore,110001,6,student,False
C02868,Keya Shroff,Warangal,600001,7,salaried,False
C02869,Lajita Talwar,Mehsana,700001,5,salaried,True
C02870,Triya Nigam,Hapur,500003,4,salaried,False
C02871,Sai Bassi,Bhalswa Jahangir Pur,600001,2,business,False
C02872,Aishani Sandhu,Hubli–Dharwad,110002,6,salaried,False
C02873,Praneel Borra,Bongaigaon,110002,7,business,False
C02874,Nicholas Suresh,Akola,600001,2,salaried,False
C02875,Yashasvi Sule,Burhanpur,110001,1,homemaker,False
C02876,Adweta Mohan,Bhilai,500003,5,salaried,False
C02877,Bhavika Choudhary,Ghaziabad,110001,1,salaried,False
C02878,Saanvi Prakash,Hosur,500002,7,business,False
C02879,Janani Das,Alwar,560001,6,business,True
C02880,Libni Sarma,Durg,500002,2,salaried,False
C02881,Mugdha Sachdeva,Alwar,110002,2,salaried,False
C02882,Rachana Soni,Hubli–Dharwad,700001,5,salaried,True
C02883,Qushi Khosla,Bidhannagar,500001,6,student,False
C02884,Arjun Anand,Sasaram,560001,4,student,True
C02885,Naveen Peri,Udupi,110002,4,business,False
C02886,Anita Parsa,Chennai,110001,5,student,False
C02887,Vansha Kari,Karawal Nagar,110001,6,student,False
C02888,Faris Dyal,Vellore,110001,5,salaried,False
C02889,Megha Lall,Rewa,700001,6,homemaker,True
C02890,Siddharth Peri,Munger,500002,7,student,False
C02891,Shravya Dara,Eluru,500001,7,salaried,False
C02892,Rohan Batra,Latur,110001,1,salaried,False
C02893,Balendra Sani,Phusro,226001,5,salaried,True
C02894,Wyatt Handa,Aurangabad,560001,6,salaried,True
C02895,Lipika Chanda,Dehri,500003,4,student,False
C02896,Jack Kibe,Dehri,226001,6,business,True
C02897,Lakshit Cheema,Pallavaram,500001,7,student,False
C02898,Anmol Sama,Tiruvottiyur,700001,6,student,True
C02899,Pushti Sanghvi,Korba,500001,5,business,False
C02900,Yauvani Sahni,Gorakhpur,500003,1,business,False
C02901,Jairaj Srinivas,Ambala,560001,1,salaried,True
C02902,Anjali Ganesh,Rajkot,500003,1,salaried,False
C02903,Widisha Chaudhuri,Yamunanagar,600001,1,business,False
C02904,Mitesh Johal,Haldia,560001,7,salaried,True
C02905,Chasmum Bawa,Vijayawada,500001,3,salaried,False
C02906,Eiravati Kibe,Secunderabad,110001,5,homemaker,False
C02907,Victor Batra,Khora ,500001,2,business,False
C02908,Harshil Chatterjee,Kavali,500001,5,salaried,False
C02909,Neha Deshpande,Satara,560001,3,business,True
C02910,Sai Dhawan,Gopalpur,600001,1,student,False
C02911,Vedant Bedi,Bhubaneswar,500001,3,salaried,False
C02912,Matthew Gole,Bhilwara,226001,4,salaried,True
C02913,Avni Gopal,Jhansi,110002,4,homemaker,False
C02914,Vidhi Bedi,Thrissur,600002,7,salaried,False
C02915,Devika Bhatnagar,Bhilwara,600002,5,salaried,False
C02916,Champak Khare,Siwan,500001,5,business,False
C02917,Aarnav Rana,Gudivada,226001,2,student,True
C02918,Ekansh Nigam,Kalyan-Dombivli,110001,7,salaried,False
C02919,Manan Chowdhury,Gudivada,700001,2,salaried,True
C02920,Thomas Bava,Mysore,700001,4,salaried,True
C02921,Ikbal Dyal,Alappuzha,560001,1,homemaker,True
C02922,Ekani Raman,Mango,600002,3,salaried,False
C02923,Sai Raman,Farrukhabad,500001,2,business,False
C02924,Udyati Brahmbhatt,Nagercoil,700001,6,homemaker,True
C02925,Yahvi Kibe,Jalna,500001,2,salaried,False
C02926,Vritti Lall,Jamnagar,560001,1,homemaker,True
C02927,Janani Bhatnagar,Rourkela,600002,1,homemaker,False
C02928,Prisha Mohanty,Kakinada,500003,5,homemaker,False
C02929,Finn Ranganathan,North Dumdum,110002,3,salaried,False
C02930,Oviya Patel,Pudukkottai,110002,1,business,False
C02931,Gunbir Bedi,Junagadh,700001,7,student,True
C02932,Yashoda Desai,Ramagundam,110002,2,homemaker,False
C02933,Aarnav Bawa,Nizamabad,500003,2,salaried,False
C02934,Charita Gour,Silchar,500001,4,student,False
C02935,Kabir Yogi,Erode,560001,1,salaried,True
C02936,Jyoti Rastogi,Bokaro,500003,6,salaried,False
C02937,Janani Mukhopadhyay,Bareilly,560001,5,salaried,True
C02938,Bhavika Gopal,Avadi,560001,3,student,True
C02939,Lila Rattan,Amritsar,600002,6,business,False
C02940,Damini Tailor,Haldia,500001,5,business,False
C02941,Garima Kota,Sonipat,226001,2,homemaker,True
C02942,Kevin Divan,Jalna,110002,6,salaried,False
C02943,Darsh Yogi,Jabalpur,226001,5,business,True
C02944,Ganga Doshi,Ramagundam,600002,2,salaried,False
C02945,Ronith Swaminathan,Sagar,560001,2,salaried,True
C02946,Jagrati Bhatt,Motihari,700001,2,business,True
C02947,Janaki Tandon,Bhilai,110002,2,homemaker,False
C02948,Bishakha Ganesh,Vellore,110002,7,business,False
C02949,Tanmayi Dhingra,Kolhapur,500001,2,student,False
C02950,Dhriti De,Tiruvottiyur,600001,4,salaried,False
C02951,Amara Wagle,Vasai-Virar,500002,6,salaried,False
C02952,Karan Rajan,Proddatur,500002,5,business,False
C02953,Umang Kapoor,Etawah,500002,4,salaried,False
C02954,Lajita Baral,Jorhat,600001,7,salaried,False
C02955,Qarin Oak,Ozhukarai,500001,4,business,False
C02956,Vanya Devi,Bikaner,600001,1,salaried,False
C02957,Zinal Nazareth,Medininagar,500002,1,salaried,False
C02958,Shivansh Warrior,Gurgaon,600002,1,business,False
C02959,Guneet Barman,Bhagalpur,500003,3,business,False
C02960,Watika Baria,Aurangabad,560001,1,homemaker,True
C02961,Yasti Loke,Raebareli,600001,5,business,False
C02962,Dhriti Dhillon,Nizamabad,500001,4,salaried,False
C02963,Charvi Subramanian,Patna,500001,5,homemaker,False
C02964,Abhimanyu Prakash,Mysore,226001,6,student,True
C02965,Amol Khurana,Durgapur,500003,1,salaried,False
C02966,Ijaya Wable,Guntur,700001,7,salaried,True
C02967,Chandran Chakrabarti,Hosur,110002,3,business,False
C02968,Aadi Memon,Mahbubnagar,500002,6,business,False
C02969,Watika Bora,Bhilai,700001,7,student,True
C02970,Harita Minhas,Vijayawada,226001,3,student,True
C02971,Rudra Comar,Agartala,500002,6,business,False
C02972,Yashoda Deep,Moradabad,500003,4,homemaker,False
C02973,Samesh Mannan,Chandrapur,226001,5,business,True
C02974,Lakshit Behl,Udupi,500002,2,salaried,False
C02975,Turvi Thakur,Bhiwandi,500003,5,student,False
C02976,Advay Kata,Tirunelveli,110001,1,salaried,False
C02977,Hredhaan Trivedi,Tiruchirappalli,700001,7,student,True
C02978,Ayush Om,Bhubaneswar,700001,2,homemaker,True
C02979,Gaurang Dalal,Ballia,110002,3,business,False
C02980,Aarini Kothari,Gandhinagar,500003,4,business,False
C02981,Eta Srinivas,Chandigarh,600001,4,business,False
C02982,Gabriel Ramaswamy,Gopalpur,110001,3,salaried,False
C02983,Timothy Garg,Erode,600002,1,salaried,False
C02984,Qushi Chahal,Phagwara,500002,3,business,False
C02985,Amrita Prasad,Ranchi,110001,6,student,False
C02986,Amrita Issac,Rourkela,500003,7,business,False
C02987,Isaac Nazareth,Panchkula,560001,7,salaried,True
C02988,Noah Khanna,Jaunpur,500002,1,business,False
C02989,Quincy Hegde,Agartala,500001,2,student,False
C02990,Laban Goswami,Meerut,700001,3,business,True
C02991,Vasana Minhas,Jorhat,500003,1,business,False
C02992,Mugdha Mahajan,Thoothukudi,500001,7,student,False
C02993,Vritti Sanghvi,Ramagundam,110002,2,business,False
C02994,Yashasvi Dugal,Sirsa,226001,3,salaried,True
C02995,Qushi Borra,Ranchi,600002,4,homemaker,False
C02996,Wakeeta Patla,Mirzapur,600002,3,salaried,False
C02997,Tanvi Bassi,Kishanganj,500001,5,homemaker,False
C02998,Mahika Gera,Dehradun,700001,3,salaried,True
C02999,Chameli Nayar,Bhind,110002,5,salaried,False
C03000,Anmol Mani,Hubli–Dharwad,560001,2,homemaker,True
C03001,Utkarsh Koshy,Kolkata,700001,3,salaried,True
C03002,Zansi Doctor,Pudukkottai,110001,2,student,False
C03003,Chaaya Kapur,Berhampore,600002,2,student,False
C03004,Harsh Khosla,Morena,110001,7,homemaker,False
C03005,Tripti Reddy,Asansol,500002,1,homemaker,False
C03006,Ekaja Dubey,Madhyamgram,600001,2,salaried,False
C03007,Turvi Bajaj,Shahjahanpur,500003,2,student,False
C03008,Devika Krishnan,Surat,110002,7,salaried,False
C03009,Harita Tella,Bahraich,700001,7,salaried,True
C03010,Devansh Sibal,Udupi,600002,3,student,False
C03011,Chavvi Subramaniam,Naihati,110001,7,salaried,False
C03012,Darsh Kibe,Delhi,226001,3,business,True
C03013,Nitesh Bhagat,Madanapalle,500002,4,business,False
C03014,Neha Sahota,Ratlam,500003,7,business,False
C03015,Jeet Munshi,Munger,500003,1,homemaker,False
C03016,Aahana Ramesh,Erode,700001,2,salaried,True
C03017,Veer Bava,Guna,110002,1,business,False
C03018,Kamya Behl,Gulbarga,560001,5,homemaker,True
C03019,Zinal Bhagat,Panihati,226001,7,business,True
C03020,Bachittar Jha,Maheshtala,700001,2,salaried,True
C03021,Pratyush Banik,Raiganj,110001,1,business,False
C03022,Zehaan Sant,Ongole,600001,7,salaried,False
C03023,Harrison Deshmukh,Surendranagar Dudhrej,500001,7,salaried,False
C03024,Gopal Warrior,Srikakulam,560001,4,student,True
C03025,Chanchal Ghose,Durg,110002,4,business,False
C03026,Mekhala Purohit,Sri Ganganagar,500002,2,homemaker,False
C03027,Sachi Korpal,Nanded,560001,5,student,True
C03028,Mitali Lal,Dehradun,600002,4,business,False
C03029,Oni Bedi,Unnao,110002,4,salaried,False
C03030,Frado Chakraborty,Barasat,600001,5,salaried,False
C03031,Om Bath,Bhalswa Jahangir Pur,600002,1,salaried,False
C03032,Vinaya Lata,Bokaro,560001,4,homemaker,True
C03033,Anjali Bath,Bhind,500001,3,salaried,False
C03034,Balvan Goel,Bokaro,500001,6,salaried,False
C03035,Harshil Naidu,Gangtok,600001,6,business,False
C03036,Yashodhara Balakrishnan,Mumbai,500003,4,salaried,False
C03037,Yashoda Brar,Ghaziabad,226001,1,salaried,True
C03038,Yuvraj Bhasin,Orai,500002,7,business,False
C03039,Aryan Boase,Bhalswa Jahangir Pur,500003,1,salaried,False
C03040,Isaac Jhaveri,Jodhpur,500001,2,salaried,False
C03041,Anika Sunder,Uluberia,500001,3,salaried,False
C03042,Jeremiah Swamy,Medininagar,110001,1,student,False
C03043,Gavin Gour,Ambala,600002,5,business,False
C03044,Maanav Goyal,Bokaro,560001,3,salaried,True
C03045,Mitesh Bora,Raichur,500002,6,business,False
C03046,Ojasvi Kakar,Chennai,600001,3,salaried,False
C03047,Noah Sathe,Mehsana,560001,5,homemaker,True
C03048,Kavya Rastogi,Mumbai,110001,4,salaried,False
C03049,Balendra Gupta,Jamnagar,500001,5,business,False
C03050,Ekaja Patil,Proddatur,600001,5,homemaker,False
C03051,Faqid Nanda,Danapur,500001,4,student,False
C03052,Praneel Kumer,Adoni,500002,4,salaried,False
C03053,Chameli Sunder,Howrah,600002,4,salaried,False
C03054,Sathvik Gade,Baranagar,560001,4,student,True
C03055,Oviya Vohra,Tiruppur,560001,4,salaried,True
C03056,Naveen Bal,Loni,500003,5,student,False
C03057,Yashodhara Chaudhuri,Aizawl,600001,2,student,False
C03058,Chaitanya Shere,Farrukhabad,226001,2,student,True
C03059,Saumya Basu,Bulandshahr,110001,1,salaried,False
C03060,Falan Varma,Sambhal,226001,2,student,True
C03061,Qushi Garde,Bhusawal,500003,6,business,False
C03062,Yash Ramaswamy,Aurangabad,500002,2,student,False
C03063,Jagvi Srivastava,Bettiah,110001,5,salaried,False
C03064,Yoshita Oza,Arrah,600002,4,salaried,False
C03065,Wridesh Bala,Indore,226001,4,salaried,True
C03066,Yug Bahri,Karimnagar,600002,7,salaried,False
C03067,Balveer Merchant,Bhusawal,226001,7,business,True
C03068,Chakradev Suri,Tirunelveli,600002,7,homemaker,False
C03069,Yochana Parmer,South Dumdum,226001,5,salaried,True
C03070,Anthony Madan,Hosur,600002,6,student,False
C03071,Dominic Dhaliwal,Dewas,500003,2,salaried,False
C03072,Vedant Murthy,Dhanbad,110002,5,salaried,False
C03073,Vasatika Narayan,Orai,110001,1,salaried,False
C03074,Fitan Pall,Chennai,600001,4,salaried,False
C03075,Christopher Tank,Bhiwandi,500002,7,homemaker,False
C03076,Tanish Suresh,Kozhikode,700001,3,salaried,True
C03077,Jacob Mitra,Bongaigaon,500001,1,business,False
C03078,Meera Patel,Muzaffarnagar,600001,7,business,False
C03079,Dayamai Bose,Uluberia,500001,6,homemaker,False
C03080,Patrick Vaidya,Gudivada,110001,1,salaried,False
C03081,Suhani Swaminathan,Kolhapur,600001,5,salaried,False
C03082,Edhitha Bora,Pimpri-Chinchwad,600002,2,salaried,False
C03083,Harsh Bhardwaj,Kamarhati,600002,4,salaried,False
C03084,Osha Doshi,Ulhasnagar,700001,6,salaried,True
C03085,Qasim Kulkarni,Aizawl,500001,6,homemaker,False
C03086,Falak Shroff,Bhagalpur,500002,3,business,False
C03087,Raghav Kala,Sri Ganganagar,110001,1,business,False
C03088,Siddharth Shroff,Ongole,600002,3,business,False
C03089,Qarin Bhasin,Proddatur,110002,2,salaried,False
C03090,Vansha Kale,Sri Ganganagar,500003,7,salaried,False
C03091,Sathvik Walla,Jodhpur,500003,2,homemaker,False
C03092,Farhan Pingle,Ambarnath,226001,7,student,True
C03093,Champak Issac,Coimbatore,500002,3,homemaker,False
C03094,Theodore Jain,Erode,500003,4,student,False
C03095,Chakradhar Lanka,Bhiwandi,226001,2,salaried,True
C03096,Riya Morar,Berhampore,500001,3,salaried,False
C03097,Anya Setty,Silchar,600002,1,salaried,False
C03098,Yashodhara Uppal,Mahbubnagar,600002,3,salaried,False
C03099,Jagrati Wagle,Warangal,110002,3,salaried,False
C03100,Prisha Ravel,Sikar,600001,5,business,False
C03101,Yadavi Choudhary,Bikaner,500003,2,business,False
C03102,Balvan Grewal,Phusro,500001,4,homemaker,False
C03103,Gunbir Sridhar,Jodhpur,560001,4,student,True
C03104,Gagan Bains,Raiganj,500003,5,homemaker,False
C03105,Oeshi Kakar,Raipur,500002,7,salaried,False
C03106,Fiyaz Sangha,Hosur,600001,6,salaried,False
C03107,Omisha Ray,Shimoga,500003,7,business,False
C03108,Oscar Sarkar,Kirari Suleman Nagar,500001,4,salaried,False
C03109,Bahadurjit Hora,Hubli–Dharwad,500003,3,salaried,False
C03110,Benjamin Boase,Sikar,500002,5,salaried,False
C03111,Amruta Bhattacharyya,Mau,560001,1,salaried,True
C03112,Parth Mannan,Parbhani,110001,2,business,False
C03113,Manthan Modi,Gwalior,700001,2,salaried,True
C03114,Jagrati Kadakia,Gudivada,560001,2,business,True
C03115,Vansha Baral,Pune,226001,3,business,True
C03116,Gayathri Thakur,Bardhaman,500003,1,salaried,False
C03117,Upma Sha,Tiruchirappalli,600002,5,salaried,False
C03118,Siddharth Shenoy,Shimla,110002,5,salaried,False
C03119,Devansh Dave,Aizawl,600002,2,salaried,False
C03120,Amruta Sule,Madurai,560001,1,student,True
C03121,Lopa Sekhon,Panihati,600002,1,student,False
C03122,Anmol Sandal,Baranagar,500001,1,business,False
C03123,Parth Dara,Tiruvottiyur,600002,4,salaried,False
C03124,Nidra Dugal,Bhilai,600001,4,business,False
C03125,Gayathri Lall,Varanasi,110001,2,business,False
C03126,Karan Narayan,Anand,500003,1,business,False
C03127,Advika Dutta,Shimla,600002,6,business,False
C03128,Dominic Doshi,Muzaffarpur,500002,1,business,False
C03129,Dalbir Comar,Dehradun,110001,5,business,False
C03130,Ira Kala,Mehsana,110001,5,student,False
C03131,Thomas Wason,Aurangabad,600002,2,salaried,False
C03132,Hredhaan Doctor,Pudukkottai,110001,6,student,False
C03133,Ishaan Venkatesh,Miryalaguda,110002,1,salaried,False
C03134,Meera Swamy,Gangtok,600002,7,salaried,False
C03135,Ronith Rout,Malda,500001,6,homemaker,False
C03136,Tanmayi Atwal,Mehsana,560001,2,homemaker,True
C03137,Kamala Nagarajan,Suryapet,600001,5,salaried,False
C03138,Yochana Karnik,Ahmedabad,700001,7,salaried,True
C03139,Jack Subramanian,Rewa,226001,5,salaried,True
C03140,Jhalak Hans,Rewa,110001,4,business,False
C03141,Madhavi Ravel,Khora ,500001,2,student,False
C03142,Naveen Bal,Karimnagar,500003,2,homemaker,False
C03143,Gabriel Ben,Amaravati,500003,1,business,False
C03144,Keya Raghavan,Amroha,226001,1,salaried,True
C03145,Nachiket Pingle,Kishanganj,600001,4,business,False
C03146,Saanvi Banik,Tiruppur,110001,7,salaried,False
C03147,Reyansh Srinivas,Berhampore,110002,3,homemaker,False
C03148,Nicholas Bala,Guna,226001,6,homemaker,True
C03149,Gaurang Khurana,Patiala,600001,3,business,False
C03150,Ria Ramaswamy,Yamunanagar,110001,3,salaried,False
C03151,Xiti Vyas,Ballia,500001,2,salaried,False
C03152,Owen Behl,Machilipatnam,560001,6,salaried,True
C03153,Shivansh Ghose,Kharagpur,110002,2,student,False
C03154,Nakul Shanker,Bidhannagar,700001,6,business,True
C03155,Vasatika Garg,Bettiah,500003,5,salaried,False
C03156,Chaaya Mani,Kakinada,500002,2,business,False
C03157,Falak Tak,Vijayanagaram,500001,2,student,False
C03158,Lekha Sodhi,Kanpur,500003,2,salaried,False
C03159,Reva Sengupta,Malda,600002,7,homemaker,False
C03160,Vedika Datta,Gandhidham,500002,4,homemaker,False
C03161,Eesha Bhatti,Ghaziabad,500003,2,homemaker,False
C03162,Naveen Kashyap,Parbhani,600001,1,salaried,False
C03163,Niharika Sampath,Jaunpur,110002,1,salaried,False
C03164,Lakshmi Gill,Morbi,500003,6,salaried,False
C03165,Udant Mahajan,Khandwa,700001,5,salaried,True
C03166,Chandresh Srinivasan,Katni,560001,4,salaried,True
C03167,Arin Shan,Berhampur,600001,7,business,False
C03168,Anmol Pal,Junagadh,500001,6,business,False
C03169,Ranveer Loyal,Kharagpur,500001,1,homemaker,False
C03170,Baljiwan More,Kakinada,500001,4,salaried,False
C03171,Gaurika Mutti,Panvel,500001,4,business,False
C03172,Ishani Dayal,Sagar,560001,5,student,True
C03173,Ijaya Baria,Jehanabad,500003,4,student,False
C03174,Krish Reddy,Motihari,110001,2,homemaker,False
C03175,Edhitha Chopra,Moradabad,500003,4,student,False
C03176,Vedika Sem,Ongole,600002,5,homemaker,False
C03177,Kai Nori,Hajipur,110002,6,salaried,False
C03178,Pallavi Gaba,Pondicherry,500002,5,business,False
C03179,Zehaan Rajagopal,Dibrugarh,110001,7,salaried,False
C03180,Priya Bath,Hosur,110001,5,salaried,False
C03181,Azaan Borah,Bhind,500003,1,salaried,False
C03182,Balhaar Lad,Bihar Sharif,110001,2,salaried,False
C03183,Yashodhara Panchal,Bidar,226001,1,salaried,True
C03184,Kritika Chadha,Davanagere,226001,6,salaried,True
C03185,Avi Ramakrishnan,Deoghar,600002,3,salaried,False
C03186,Hemani Balay,Morena,500002,6,homemaker,False
C03187,Nitara Sinha,Ludhiana,700001,2,salaried,True
C03188,Gunbir Lal,Mathura,560001,4,student,True
C03189,Bakhshi Loke,Miryalaguda,500003,5,salaried,False
C03190,Lavanya Prasad,Ozhukarai,560001,3,homemaker,True
C03191,Sathvik Patla,Bhagalpur,700001,2,homemaker,True
C03192,Rayaan Mand,Bhilwara,500003,1,business,False
C03193,Jackson Ahluwalia,Ujjain,500003,5,business,False
C03194,Hredhaan Bir,Thiruvananthapuram,500002,6,salaried,False
C03195,Geetika Mahajan,Farrukhabad,560001,1,homemaker,True
C03196,Amol Kibe,Bahraich,226001,2,homemaker,True
C03197,Nikita Bains,Chinsurah,500001,2,homemaker,False
C03198,Aishani Wagle,Indore,560001,6,business,True
C03199,Pahal Nagi,Gandhinagar,110002,3,salaried,False
C03200,Om Apte,Pondicherry,110002,6,homemaker,False
C03201,Tamanna Handa,Guwahati,500003,4,salaried,False
C03202,Manthan Wali,Bellary,500001,1,business,False
C03203,Jagat Vora,Jamnagar,600001,3,salaried,False
C03204,Yauvani Morar,Kochi,700001,5,homemaker,True
C03205,Ansh Borra,Malda,600002,7,salaried,False
C03206,Liam Johal,Berhampore,500001,4,salaried,False
C03207,Krishna Bhargava,Burhanpur,600002,3,business,False
C03208,Harrison Natt,Rajahmundry,560001,7,student,True
C03209,Benjamin Chander,Saharsa,560001,7,business,True
C03210,Pratyush Loke,Tadipatri,600002,1,salaried,False
C03211,Theodore Dubey,Siwan,700001,2,salaried,True
C03212,Samarth Mannan,Nizamabad,500001,5,student,False
C03213,Vinaya Loke,Thrissur,600001,6,homemaker,False
C03214,Adweta Doshi,Tirunelveli,500003,1,student,False
C03215,Rachit Choudhary,Morbi,500002,4,business,False
C03216,Daksh Chana,Visakhapatnam,560001,7,homemaker,True
C03217,Nisha Merchant,Hapur,110002,4,salaried,False
C03218,Watika Walla,Imphal,700001,7,business,True
C03219,Harshil Nanda,Allahabad,500002,2,business,False
C03220,Yochana Garg,Tadepalligudem,600001,2,salaried,False
C03221,Ucchal Zachariah,Hosur,110001,5,student,False
C03222,Fariq Dash,Loni,500003,6,business,False
C03223,Brijesh Dasgupta,Saharanpur,560001,5,salaried,True
C03224,Yashoda Baria,Rohtak,500003,2,salaried,False
C03225,Mugdha Rattan,Anand,500002,2,salaried,False
C03226,Bhavya Raghavan,Bhiwandi,500003,4,business,False
C03227,Yadavi Deo,Durgapur,110001,2,salaried,False
C03228,Deepa Nayak,South Dumdum,500002,3,salaried,False
C03229,Tristan Karnik,Raurkela Industrial Township,560001,7,business,True
C03230,Lucky Ramaswamy,Rohtak,500001,1,business,False
C03231,Samuel Karnik,Dindigul,110002,2,student,False
C03232,Edhitha Khanna,Hospet,500002,5,business,False
C03233,Qasim Samra,Ambarnath,226001,6,homemaker,True
C03234,Xalak Dutta,Mirzapur,110001,7,homemaker,False
C03235,Nihal Madan,Katni,500002,7,student,False
C03236,Madhav Hayre,Karimnagar,500002,6,business,False
C03237,Ranveer Mishra,Miryalaguda,226001,6,salaried,True
C03238,Mitesh Gulati,Jhansi,560001,7,homemaker,True
C03239,Nathaniel Master,Kamarhati,500002,3,salaried,False
C03240,Bina Walia,Nellore,110002,5,salaried,False
C03241,Abhiram Bhagat,Dhule,500003,3,salaried,False
C03242,Mason Deo,Aurangabad,560001,2,salaried,True
C03243,Vinaya Sant,Ahmednagar,110002,1,homemaker,False
C03244,Udant Dara,Gurgaon,560001,6,business,True
C03245,Ikshita Sidhu,Bhilwara,110002,5,business,False
C03246,Qarin Minhas,Belgaum,110001,6,business,False
C03247,Rayaan Sarna,Serampore,110002,3,business,False
C03248,Finn Goel,Ambattur,600002,4,salaried,False
C03249,Urishilla Keer,Begusarai,110002,2,business,False
C03250,Indali Upadhyay,Pondicherry,500001,1,student,False
C03251,Gabriel Date,Phusro,500001,2,salaried,False
C03252,Guneet Ramaswamy,Bareilly,700001,4,student,True
C03253,Ishanvi Bali,Muzaffarnagar,600002,1,salaried,False
C03254,Jyoti Banerjee,Kota,600002,4,salaried,False
C03255,Arin Subramanian,Karimnagar,500003,2,salaried,False
C03256,Yahvi Das,Thane,600002,3,salaried,False
C03257,Deepa Halder,Malda,500003,7,student,False
C03258,Abha Sehgal,Rohtak,700001,2,student,True
C03259,Aarav Rama,Saharsa,700001,2,salaried,True
C03260,Anita Rama,Parbhani,110001,2,business,False
C03261,Arin Bobal,Gudivada,500001,5,student,False
C03262,Zehaan Sachdeva,Mumbai,110002,4,salaried,False
C03263,Neha Modi,Dehri,110002,4,salaried,False
C03264,Udyati Mohanty,Dhanbad,226001,6,homemaker,True
C03265,Zehaan Randhawa,Giridih,226001,4,business,True
C03266,Anay Subramanian,Chennai,600001,6,homemaker,False
C03267,Manan Jha,Davanagere,560001,5,salaried,True
C03268,Faras Merchant,Ratlam,110001,3,student,False
C03269,Amrita Das,Darbhanga,600001,6,salaried,False
C03270,Adweta Basak,Tadepalligudem,600001,2,salaried,False
C03271,Yashoda Sheth,Guntur,500002,3,business,False
C03272,Wazir Hans,Madhyamgram,500002,7,salaried,False
C03273,Owen Nayak,Gandhinagar,600001,5,salaried,False
C03274,Benjamin Thakkar,Dhanbad,600002,4,salaried,False
C03275,Champak Kibe,Amaravati,560001,6,salaried,True
C03276,Qadim Bahl,Pali,110001,2,student,False
C03277,Girish Vaidya,Farrukhabad,600001,1,business,False
C03278,Dev Pandey,Karimnagar,110002,7,salaried,False
C03279,Watika Boase,Surendranagar Dudhrej,560001,1,salaried,True
C03280,Darsh Dora,Hospet,500002,3,salaried,False
C03281,Unnati Balasubramanian,Jamnagar,110002,4,business,False
C03282,Jagdish Batra,Shivpuri,500002,1,salaried,False
C03283,Dayamai Bakshi,Asansol,500002,3,student,False
C03284,Krishna Nori,Avadi,560001,5,salaried,True
C03285,Bakhshi Bedi,Jhansi,500002,3,salaried,False
C03286,Tripti Wadhwa,Kadapa,700001,7,homemaker,True
C03287,Rachita Sha,Sirsa,500001,3,student,False
C03288,Zinal Dewan,Giridih,700001,7,salaried,True
C03289,Tara Gade,Fatehpur,500001,3,student,False
C03290,Kala Subramaniam,Howrah,226001,2,business,True
C03291,Samesh Hegde,Khora ,226001,3,student,True
C03292,Quincy Mukhopadhyay,Proddatur,500002,6,business,False
C03293,Orinder Buch,Kharagpur,110001,3,business,False
C03294,Madhavi Khatri,Madhyamgram,110001,2,homemaker,False
C03295,Chaaya Deep,Hazaribagh,500001,2,salaried,False
C03296,Chaitanya Prakash,Tiruppur,110002,5,business,False
C03297,Kala Kalla,Raichur,560001,7,business,True
C03298,Samaksh Gulati,Phagwara,500002,4,salaried,False
C03299,Ijaya Som,Pondicherry,560001,1,salaried,True
C03300,Naveen Loke,Bangalore,700001,1,salaried,True
C03301,Unnati Banik,Bhimavaram,110001,3,business,False
C03302,Naveen Dhaliwal,Nashik,600002,5,business,False
C03303,Kiaan Nagi,Bhind,700001,3,business,True
C03304,Samarth Srinivasan,Udaipur,700001,1,salaried,True
C03305,Theodore Rege,Sangli-Miraj & Kupwad,500001,7,business,False
C03306,Rajata Mallick,Bhimavaram,500003,7,homemaker,False
C03307,Yashvi Rastogi,Phusro,700001,7,salaried,True
C03308,Gunbir Chad,Durg,500002,2,business,False
C03309,Avni Wali,Dehradun,600001,4,student,False
C03310,Charita Swamy,Tirupati,600001,5,student,False
C03311,Harshil Dada,Loni,500002,2,business,False
C03312,Vedika Deep,South Dumdum,500003,4,homemaker,False
C03313,Mohini Dhaliwal,Karnal,500003,5,salaried,False
C03314,Azad Kari,Tiruvottiyur,500001,5,homemaker,False
C03315,Shivansh Gupta,Morbi,110001,1,salaried,False
C03316,Qabil Palan,Bilaspur,560001,2,salaried,True
C03317,Tarak Savant,Madhyamgram,500003,5,salaried,False
C03318,Atharv Kapoor,Allahabad,600002,6,student,False
C03319,Netra Narula,Saharanpur,500001,7,salaried,False
C03320,Dayita Kibe,Gudivada,226001,5,salaried,True
C03321,Tripti Yohannan,Baranagar,110002,4,salaried,False
C03322,Lopa Hayre,Khammam,226001,1,homemaker,True
C03323,Yash Handa,Serampore,500001,3,student,False
C03324,Jeremiah Dash,Morbi,700001,7,business,True
C03325,Janaki Chatterjee,Bathinda,560001,1,business,True
C03326,Warjas Barman,Agartala,110002,3,business,False
C03327,Jeevika Khosla,Tirunelveli,226001,2,salaried,True
C03328,Ekbal Saini,Bharatpur,110002,2,homemaker,False
C03329,Chameli Shah,Malda,600002,5,salaried,False
C03330,Qarin Apte,Jamshedpur,600002,6,salaried,False
C03331,Tarak Madan,Muzaffarnagar,600002,2,salaried,False
C03332,Ridhi Dave,Ambattur,500001,5,business,False
C03333,Nidra Mitra,Tiruppur,560001,7,business,True
C03334,Rachit Gera,Jabalpur,500001,1,business,False
C03335,Vinaya Chopra,Kavali,600001,2,salaried,False
C03336,Bhavini Walia,Hosur,700001,1,business,True
C03337,Maanas Zacharia,Bareilly,700001,1,salaried,True
C03338,Chavvi Zachariah,Dewas,600002,6,salaried,False
C03339,Vihaan Malhotra,Barasat,600001,2,salaried,False
C03340,Zansi Chada,Jamshedpur,500003,1,student,False
C03341,Prisha Dass,Lucknow,500003,6,salaried,False
C03342,Leena Chandran,Khandwa,600002,6,business,False
C03343,Anmol Patil,Shimla,226001,2,student,True
C03344,Vasana Jaggi,Jamalpur,500001,6,business,False
C03345,Hritik Ben,Sri Ganganagar,600002,2,business,False
C03346,Abhimanyu Sane,Ulhasnagar,110001,2,salaried,False
C03347,Eshana Karan,Bahraich,110002,3,salaried,False
C03348,Bishakha Guha,Amaravati,700001,1,business,True
C03349,Hamsini Nadig,Coimbatore,500003,4,business,False
C03350,Karan Nayak,Coimbatore,500002,2,student,False
C03351,Damyanti Varghese,Malda,500003,1,homemaker,False
C03352,Caleb Chahal,Etawah,700001,7,salaried,True
C03353,Samar Narayanan,Bhusawal,110002,6,salaried,False
C03354,Kalpit Lad,Bihar Sharif,700001,5,business,True
C03355,Liam Sani,Dharmavaram,500002,2,salaried,False
C03356,Lakshmi Contractor,New Delhi,600002,6,salaried,False
C03357,Harish Barad,Ballia,600001,6,homemaker,False
C03358,Faris Virk,Gaya,500002,6,salaried,False
C03359,Sneha Patla,Dehri,700001,6,homemaker,True
C03360,Urmi Koshy,Avadi,700001,6,student,True
C03361,Forum Mani,Siwan,110001,2,student,False
C03362,Nirja Kuruvilla,Tirunelveli,110001,7,salaried,False
C03363,Gaurang Sura,Anantapuram,560001,4,salaried,True
C03364,Wriddhish Varma,Muzaffarpur,110001,3,business,False
C03365,Robert Wali,Thoothukudi,500001,6,salaried,False
C03366,Manthan Dixit,Hosur,600001,6,salaried,False
C03367,Aachal Gara,Bangalore,110002,3,salaried,False
C03368,Charita Jaggi,Rohtak,500002,7,salaried,False
C03369,Rajeshri Sachdev,Haridwar,700001,7,salaried,True
C03370,Varsha Malhotra,Nellore,560001,2,student,True
C03371,Lohit Sundaram,Gwalior,560001,1,salaried,True
C03372,Umang Doctor,Amravati,110002,5,salaried,False
C03373,Urmi Kumer,Nellore,600001,5,business,False
C03374,Kabir Kala,Danapur,500002,1,homemaker,False
C03375,Tanmayi Tripathi,Purnia,500003,2,salaried,False
C03376,Kashish Raval,Meerut,110001,5,salaried,False
C03377,Januja Kumer,Bidhannagar,600002,7,business,False
C03378,George Puri,Gorakhpur,560001,3,homemaker,True
C03379,Veda Mangat,Kadapa,110001,1,student,False
C03380,Amaira Varty,Nanded,110001,7,business,False
C03381,Hemang Sundaram,Bally,500001,4,salaried,False
C03382,Victor Gulati,Nangloi Jat,600001,2,business,False
C03383,Urishilla Natarajan,Katni,600002,1,salaried,False
C03384,Eshana Manda,Varanasi,500003,5,business,False
C03385,Darika Banik,Shivpuri,700001,2,student,True
C03386,Luke Parmar,Satna,500001,3,homemaker,False
C03387,Gaurang Sandhu,Medininagar,110001,2,salaried,False
C03388,Arjun Mital,Dhule,110001,2,salaried,False
C03389,Anika Ramakrishnan,Bhiwani,226001,3,business,True
C03390,Bhavna Samra,Parbhani,600002,6,student,False
C03391,Nathaniel Sidhu,Arrah,600002,3,student,False
C03392,Suhani Doshi,Hubli–Dharwad,226001,7,salaried,True
C03393,Sai Manda,Amaravati,600002,2,salaried,False
C03394,Ishaan Sunder,Phagwara,110001,3,business,False
C03395,Vrinda Pradhan,Korba,560001,6,salaried,True
C03396,Prisha Mohanty,Anand,500002,7,homemaker,False
C03397,Vivaan Bath,Raichur,110001,1,business,False
C03398,Darsh Toor,Kishanganj,500001,3,student,False
C03399,Bhavika Bir,Sasaram,600001,3,business,False
C03400,Anjali Tailor,Imphal,226001,2,student,True
C03401,Ucchal Maharaj,Ambarnath,500003,7,salaried,False
C03402,Ronith Karnik,Sasaram,700001,1,student,True
C03403,Damyanti Acharya,Deoghar,500003,4,salaried,False
C03404,Ucchal Purohit,Hospet,110001,4,business,False
C03405,Shivani Madan,Vasai-Virar,500001,5,salaried,False
C03406,Logan Bhardwaj,Nizamabad,110001,3,business,False
C03407,Gopal Acharya,Morena,600001,3,salaried,False
C03408,Sarthak Mangat,Guna,560001,1,salaried,True
C03409,Ojas Shanker,Naihati,700001,6,homemaker,True
C03410,Kashvi Dutta,Ambarnath,600001,4,salaried,False
C03411,Waida Majumdar,Varanasi,226001,5,student,True
C03412,Daksh Suri,Malda,226001,1,homemaker,True
C03413,Anusha Lala,Ambattur,110001,3,salaried,False
C03414,Yachana Mahajan,Kochi,500001,4,business,False
C03415,Theodore Kothari,Ulhasnagar,600001,7,salaried,False
C03416,Zansi Rastogi,Anantapur,110002,5,salaried,False
C03417,Rachita Mani,Jaipur,500001,2,salaried,False
C03418,Laksh Jain,Kavali,560001,4,homemaker,True
C03419,Naksh Kothari,Bahraich,226001,5,salaried,True
C03420,Om Patla,Dhanbad,110001,1,business,False
C03421,Hema Krishnamurthy,Bettiah,600002,2,business,False
C03422,Yatin Goyal,Rajpur Sonarpur,226001,5,homemaker,True
C03423,Harish Chaudry,Tinsukia,700001,5,salaried,True
C03424,Champak Lad,Motihari,500002,3,business,False
C03425,Wridesh Cheema,Jaipur,600002,6,business,False
C03426,Harita Sidhu,Junagadh,110001,4,business,False
C03427,Pallavi Balakrishnan,Dehri,110002,3,homemaker,False
C03428,Bakhshi Atwal,Hajipur,600002,7,student,False
C03429,Ira Bhakta,Pudukkottai,700001,2,salaried,True
C03430,Vamakshi Savant,Thane,500001,6,business,False
C03431,Triya Oak,Shivpuri,110002,5,salaried,False
C03432,Chavvi Kibe,Avadi,226001,3,salaried,True
C03433,Jackson Sampath,Bhimavaram,110002,6,business,False
C03434,Jalsa Puri,Rajkot,600001,7,salaried,False
C03435,Rajata Sharma,Davanagere,700001,4,salaried,True
C03436,Mohini Sawhney,Surendranagar Dudhrej,600002,7,homemaker,False
C03437,Brinda Bobal,Barasat,600001,2,salaried,False
C03438,Rishi Dayal,Nanded,110002,1,homemaker,False
C03439,Viraj Pathak,Ongole,600001,3,business,False
C03440,Tamanna Goda,Bhilwara,500003,2,business,False
C03441,Finn Misra,Mau,700001,1,student,True
C03442,Ikbal Dyal,Unnao,560001,3,salaried,True
C03443,Niharika Varughese,Arrah,500001,2,salaried,False
C03444,Watika Goyal,Sonipat,110002,7,salaried,False
C03445,Arjun Jha,Raipur,700001,2,salaried,True
C03446,Hardik Bansal,Raebareli,560001,6,homemaker,True
C03447,Reva Varghese,Jamshedpur,560001,7,student,True
C03448,David Yogi,Jodhpur,110001,3,salaried,False
C03449,Idika Parmar,Secunderabad,600001,2,salaried,False
C03450,Krishna Taneja,Bareilly,560001,5,salaried,True
C03451,Yasti Bhavsar,Hubli–Dharwad,500003,3,salaried,False
C03452,Zansi Samra,Cuttack,700001,2,business,True
C03453,Gauri Goel,Thoothukudi,500002,6,salaried,False
C03454,Bishakha Taneja,Ichalkaranji,500002,1,business,False
C03455,Geetika Contractor,Rohtak,110002,1,salaried,False
C03456,Oscar Gara,Thane,226001,5,salaried,True
C03457,Nikita Om,Burhanpur,600001,3,business,False
C03458,Raghav Mall,Guntakal,226001,6,business,True
C03459,Nihal Borah,Fatehpur,560001,2,homemaker,True
C03460,Ekantika Amble,Sangli-Miraj & Kupwad,700001,2,homemaker,True
C03461,Devansh Shan,Nagercoil,110002,1,salaried,False
C03462,Hitesh Nanda,Mira-Bhayandar,600002,6,salaried,False
C03463,Ayush Munshi,Pali,560001,7,student,True
C03464,Mekhala Sodhi,Unnao,600001,5,homemaker,False
C03465,Azaan Sachdeva,Kirari Suleman Nagar,500002,1,student,False
C03466,Patrick Shanker,Anantapur,110001,1,salaried,False
C03467,Jeet Ahuja,Jalandhar,700001,5,homemaker,True
C03468,Anya Salvi,Ambarnath,500001,3,salaried,False
C03469,Jhalak Din,Warangal,226001,2,student,True
C03470,Siddharth Sane,Asansol,110002,3,homemaker,False
C03471,Samaksh Thakur,Pimpri-Chinchwad,226001,6,salaried,True
C03472,Ishani Baria,Ghaziabad,700001,7,homemaker,True
C03473,Omisha Narang,Howrah,226001,4,salaried,True
C03474,Shivani Raj,Ujjain,700001,4,homemaker,True
C03475,Faris Manne,Tezpur,226001,4,salaried,True
C03476,Vamakshi Rajagopalan,Belgaum,500003,5,homemaker,False
C03477,Karan Virk,Erode,600002,1,salaried,False
C03478,Sanaya Rajagopalan,Bikaner,560001,7,student,True
C03479,Gautami Rajagopalan,Jehanabad,560001,3,business,True
C03480,Ekansh Mahal,Howrah,600001,2,business,False
C03481,Maya Karnik,Farrukhabad,500001,4,salaried,False
C03482,Vihaan Wason,Tiruvottiyur,500001,3,student,False
C03483,Ikbal Thakkar,Secunderabad,600001,4,salaried,False
C03484,Ekantika Handa,Baranagar,110001,7,business,False
C03485,Farhan Wali,Dhule,560001,4,salaried,True
C03486,Wazir Dewan,Kota,110001,2,homemaker,False
C03487,Chakradhar Dani,Pimpri-Chinchwad,700001,6,salaried,True
C03488,Balveer Chandran,Ahmednagar,700001,6,salaried,True
C03489,Dominic Yadav,Muzaffarpur,500002,7,salaried,False
C03490,Ansh Din,Rewa,226001,6,salaried,True
C03491,Ekbal Magar,Thane,500001,5,salaried,False
C03492,Tanmayi Rao,Tirupati,500002,1,business,False
C03493,Lakshit Swaminathan,Jamalpur,600002,5,homemaker,False
C03494,Alexander Toor,Parbhani,600001,3,student,False
C03495,Bhanumati Khalsa,Barasat,600001,5,business,False
C03496,Warda Rajagopalan,Proddatur,700001,3,salaried,True
C03497,Jalsa Doctor,Sri Ganganagar,560001,3,business,True
C03498,Radha Pandya,Mira-Bhayandar,110001,1,salaried,False
C03499,Hemal Karnik,Bhubaneswar,500001,2,student,False
C03500,Aachal Hans,Miryalaguda,500002,7,salaried,False
C03501,Alexander Naik,Solapur,110001,1,salaried,False
C03502,Ekbal Bhardwaj,Orai,500002,7,salaried,False
C03503,Wridesh Patla,Rohtak,226001,6,homemaker,True
C03504,Arin Majumdar,Kanpur,600002,6,salaried,False
C03505,Yasti Sha,Satara,600002,5,business,False
C03506,Veer Anne,Hyderabad,110001,3,salaried,False
C03507,Oeshi Patel,Nizamabad,110001,4,student,False
C03508,Ubika Panchal,Bulandshahr,110001,4,homemaker,False
C03509,Brijesh Shroff,Aizawl,500002,7,salaried,False
C03510,Wahab Kala,Hyderabad,226001,3,business,True
C03511,Irya Ganesan,Sultan Pur Majra,500003,7,homemaker,False
C03512,Wridesh Krish,Parbhani,110001,1,business,False
C03513,Christopher Balakrishnan,Kolkata,560001,2,business,True
C03514,Tanveer Mander,Muzaffarnagar,500001,1,business,False
C03515,Sachi Borde,Jehanabad,500001,3,business,False
C03516,Unnati Chanda,Dhanbad,500002,3,salaried,False
C03517,Harini Arora,Tiruchirappalli,110001,2,student,False
C03518,Chaman Iyengar,Nadiad,700001,7,salaried,True
C03519,Veer Luthra,Rajkot,600001,5,salaried,False
C03520,Charan Mani,Bhatpara,500003,5,student,False
C03521,Aishani Ravi,Rajahmundry,560001,2,salaried,True
C03522,Rayaan Konda,Anand,226001,5,salaried,True
C03523,Tanmayi Keer,Alappuzha,700001,4,business,True
C03524,Dipta Subramanian,Davanagere,600002,5,homemaker,False
C03525,Krisha Prabhu,Haridwar,700001,5,homemaker,True
C03526,Rachita Gopal,Suryapet,500002,5,homemaker,False
C03527,Samuel Narula,Malegaon,500003,4,homemaker,False
C03528,Bakhshi Prakash,Khammam,110002,7,salaried,False
C03529,Zarna Randhawa,Sagar,110002,5,salaried,False
C03530,Liam Kapur,Ambarnath,110001,6,student,False
C03531,Samarth Shah,Ahmedabad,110001,4,salaried,False
C03532,Ikbal Babu,Agra,500002,2,business,False
C03533,Kashvi Dayal,Giridih,226001,1,business,True
C03534,Kalpit Nair,Dibrugarh,110001,2,salaried,False
C03535,Oliver Bassi,Gudivada,600001,1,homemaker,False
C03536,Atharv Chada,Jabalpur,500003,2,business,False
C03537,Vincent Saran,Gopalpur,500002,6,business,False
C03538,Ayush Dalal,Thane,500001,1,homemaker,False
C03539,Sanaya Khare,Dehradun,600002,1,business,False
C03540,Lopa Parmer,Mangalore,500002,3,salaried,False
C03541,Alka Lad,North Dumdum,500002,1,business,False
C03542,Jacob Bhakta,Hospet,110002,1,student,False
C03543,Zaid Wadhwa,Phagwara,560001,3,student,True
C03544,Udarsh Baria,Ratlam,226001,5,student,True
C03545,Aarush Om,Phusro,560001,5,student,True
C03546,Chakradev Ramakrishnan,Avadi,600001,3,salaried,False
C03547,Charvi Shanker,Shahjahanpur,500001,4,homemaker,False
C03548,Omya Nagarajan,Motihari,110002,1,homemaker,False
C03549,Tanvi Kari,Akola,500001,1,salaried,False
C03550,Qadim Setty,Khora ,600001,3,salaried,False
C03551,Urmi Deol,Jabalpur,560001,3,homemaker,True
C03552,Lipika Kibe,Ajmer,500002,4,homemaker,False
C03553,Zarna Saraf,Karimnagar,110001,6,homemaker,False
C03554,Amruta Behl,Kolkata,110001,5,homemaker,False
C03555,Samuel Pall,Surendranagar Dudhrej,700001,2,business,True
C03556,Rishi Pant,Pallavaram,600002,6,business,False
C03557,Saanvi Chad,Sikar,226001,7,business,True
C03558,Balvan Chana,Mira-Bhayandar,600001,5,salaried,False
C03559,Turvi Gupta,Warangal,600002,1,student,False
C03560,Riya Kannan,Latur,226001,7,business,True
C03561,Aditya Mitter,Muzaffarnagar,600002,6,business,False
C03562,Alexander Devi,Karawal Nagar,560001,3,business,True
C03563,Nathan Bahl,Sirsa,226001,4,business,True
C03564,Indali Bassi,Nagaon,560001,5,salaried,True
C03565,Aarini Chandran,Tezpur,500002,4,salaried,False
C03566,Hredhaan Mani,Udaipur,110002,7,salaried,False
C03567,Suhani Malhotra,Rohtak,560001,5,salaried,True
C03568,Sara Mand,Mathura,110001,6,homemaker,False
C03569,Vivaan Sachdeva,Sirsa,600002,1,salaried,False
C03570,Rushil Muni,Gangtok,700001,2,salaried,True
C03571,Benjamin Lalla,Deoghar,500003,4,business,False
C03572,Gauri Babu,Bardhaman,226001,4,business,True
C03573,Dipta Bora,Hyderabad,600001,2,salaried,False
C03574,Ria Bhardwaj,New Delhi,700001,4,student,True
C03575,Yadavi Manda,Belgaum,110001,4,student,False
C03576,Thomas Sachdev,Mehsana,560001,5,salaried,True
C03577,Owen Dhawan,Ahmedabad,110002,5,salaried,False
C03578,Saanvi Choudhry,Guntur,500002,2,homemaker,False
C03579,Chavvi Chandran,Naihati,500003,7,student,False
C03580,Jyoti Chada,Delhi,500001,1,business,False
C03581,Nitara Dar,Ozhukarai,700001,6,salaried,True
C03582,Alexander Dhawan,Burhanpur,110002,6,salaried,False
C03583,Wriddhish Bumb,Kochi,500001,7,business,False
C03584,Ira Din,Srikakulam,500003,4,salaried,False
C03585,Praneel Kara,Thoothukudi,600001,1,salaried,False
C03586,Jalsa Gopal,Dindigul,600001,2,business,False
C03587,Udant Sibal,Raipur,600002,7,salaried,False
C03588,Priya Prabhakar,Hindupur,500003,2,student,False
C03589,Chaitaly Goel,Nellore,500003,5,student,False
C03590,Manya Mohan,Kumbakonam,500001,4,salaried,False
C03591,Max Dubey,Latur,110002,3,student,False
C03592,Arjun Chanda,Rewa,226001,2,salaried,True
C03593,Bhavya Muni,Bardhaman,500001,7,student,False
C03594,Anthony Lalla,Sambhal,500002,4,salaried,False
C03595,Eiravati Modi,Mysore,600001,1,salaried,False
C03596,Jackson Modi,Hindupur,600001,7,business,False
C03597,Geetika Saraf,Ozhukarai,600002,5,business,False
C03598,Jagdish Chaudhari,Danapur,500002,6,homemaker,False
C03599,Tanay Sane,Noida,600001,1,salaried,False
C03600,Yamini Pillai,Bardhaman,500001,2,salaried,False
C03601,Ronith Toor,Hubli–Dharwad,500002,2,business,False
C03602,Neel Chowdhury,Kirari Suleman Nagar,500001,1,business,False
C03603,Tanvi Tandon,Purnia,226001,2,salaried,True
C03604,Odika Dugar,Hyderabad,226001,7,business,True
C03605,Ethan Dugar,Amritsar,600001,4,student,False
C03606,Anusha Setty,Panihati,600001,2,homemaker,False
C03607,Gabriel Deep,Chandrapur,110002,5,homemaker,False
C03608,Arunima Grover,Aurangabad,226001,4,salaried,True
C03609,Patrick Sem,Katihar,700001,7,student,True
C03610,Leela Walla,Thanjavur,700001,3,salaried,True
C03611,Faris Sant,Bathinda,600002,2,business,False
C03612,Zinal Virk,Pondicherry,226001,2,business,True
C03613,Isha Sehgal,Sagar,500001,5,homemaker,False
C03614,Qadim Saha,Bhind,500001,7,student,False
C03615,Joshua Dada,Ludhiana,110001,5,homemaker,False
C03616,Hiral Walla,Kalyan-Dombivli,500002,6,student,False
C03617,Nitara Barad,Vijayawada,560001,7,homemaker,True
C03618,Krisha Lanka,Chittoor,700001,1,student,True
C03619,Krisha Munshi,Khammam,600001,1,business,False
C03620,Janya Dhillon,Saharanpur,600002,1,salaried,False
C03621,Gavin Shanker,Madanapalle,560001,5,salaried,True
C03622,Tanvi Kar,Mathura,500003,1,salaried,False
C03623,Ishani Pillay,Ajmer,600002,7,business,False
C03624,Suhani Saxena,Raipur,500003,1,business,False
C03625,Onkar Bera,Anantapuram,226001,3,business,True
C03626,Aarav Mangal,Vadodara,500003,1,homemaker,False
C03627,Girindra Parsa,Salem,500003,2,homemaker,False
C03628,Anjali Sastry,Nagpur,110002,6,salaried,False
C03629,Raghav Yogi,Ranchi,110002,5,salaried,False
C03630,Ekta Dube,Ahmedabad,110002,4,salaried,False
C03631,Rohan Srinivas,Tiruchirappalli,226001,6,salaried,True
C03632,Gayathri Magar,Parbhani,560001,3,student,True
C03633,Chaitanya Kale,Varanasi,600002,5,business,False
C03634,Samesh Bedi,Kurnool,600002,7,business,False
C03635,Qabil Padmanabhan,Ahmedabad,600001,5,homemaker,False
C03636,Lavanya Lala,Chennai,110002,2,student,False
C03637,Orinder Upadhyay,Kakinada,226001,7,salaried,True
C03638,Mason Sampath,Bidar,600001,6,student,False
C03639,Adya Soman,Gandhinagar,500002,6,salaried,False
C03640,Janaki Sethi,Surendranagar Dudhrej,600001,1,salaried,False
C03641,Lavanya Mohanty,Jabalpur,560001,7,salaried,True
C03642,Chanakya Behl,Jalna,700001,2,business,True
C03643,Jalsa Konda,Warangal,500003,1,salaried,False
C03644,Nachiket Lalla,Jamshedpur,110002,1,salaried,False
C03645,Leela Rattan,Miryalaguda,700001,5,business,True
C03646,Amrita Acharya,Shivpuri,600001,6,student,False
C03647,Vivaan Bawa,Kirari Suleman Nagar,226001,1,salaried,True
C03648,Dev Manda,Gurgaon,500003,3,salaried,False
C03649,Oni Sathe,Orai,600002,3,student,False
C03650,Zaid Mukhopadhyay,Moradabad,500001,6,salaried,False
C03651,Ganga Dave,Mau,500003,3,homemaker,False
C03652,Hemang Gara,Bhatpara,560001,5,business,True
C03653,Daksh Lad,Bokaro,560001,2,salaried,True
C03654,Maya Dora,Gudivada,600001,4,salaried,False
C03655,Dipta Barad,Kalyan-Dombivli,500002,1,salaried,False
C03656,Lipika Kapadia,Srinagar,560001,4,salaried,True
C03657,Ishani Kale,Allahabad,560001,2,salaried,True
C03658,Yug Sani,Faridabad,226001,2,business,True
C03659,Radha Devi,Barasat,600001,5,salaried,False
C03660,Zilmil Sharaf,Ballia,500003,3,business,False
C03661,Hamsini Jhaveri,Meerut,500002,3,business,False
C03662,Hemani Taneja,Kakinada,700001,2,salaried,True
C03663,Darsh Sengupta,Bally,500001,5,salaried,False
C03664,Tarak Raghavan,Pune,110002,5,salaried,False
C03665,Arya Barman,Ramgarh,600002,6,salaried,False
C03666,Aadi Deol,Madurai,560001,7,student,True
C03667,Janaki Pandit,Moradabad,600001,1,salaried,False
C03668,Mohammed Vohra,Bhalswa Jahangir Pur,110002,7,student,False
C03669,Jagdish Palla,Eluru,600002,3,salaried,False
C03670,Jackson Patla,Korba,600002,2,business,False
C03671,Nirja Sampath,Ambattur,700001,6,business,True
C03672,Owen Divan,Vadodara,700001,4,student,True
C03673,Aarush Dhingra,Junagadh,700001,3,salaried,True
C03674,Warhi Sami,Jabalpur,110001,1,salaried,False
C03675,Omaja Nanda,Bathinda,110001,5,business,False
C03676,Odika Bandi,Navi Mumbai,600002,2,salaried,False
C03677,Yochana Rajagopal,Udupi,700001,3,salaried,True
C03678,Wyatt Narula,Guntur,226001,4,business,True
C03679,Yashawini Modi,Ratlam,560001,1,business,True
C03680,Zinal Biswas,Junagadh,110002,1,business,False
C03681,Qasim Subramanian,Raurkela Industrial Township,110002,6,business,False
C03682,Arjun Tak,Kota,110001,3,student,False
C03683,Riya Mital,Tadepalligudem,600002,4,student,False
C03684,Hemang Chacko,Asansol,600001,1,business,False
C03685,Nidra Dhingra,Panihati,500003,2,business,False
C03686,Zinal Sachdev,Bilaspur,500003,1,homemaker,False
C03687,Ishanvi Sane,Vijayanagaram,110001,4,salaried,False
C03688,Raghav Hegde,Faridabad,600001,5,salaried,False
C03689,Saksham Badami,Gangtok,110001,5,student,False
C03690,Aarini Sastry,Begusarai,500003,6,business,False
C03691,Aadi Modi,Kalyan-Dombivli,600001,3,salaried,False
C03692,Saanvi Warrior,Bulandshahr,700001,4,homemaker,True
C03693,Kabir Suresh,Pali,600002,6,salaried,False
C03694,Avi Pall,Hosur,110002,7,student,False
C03695,Gopal Chhabra,Sirsa,226001,1,student,True
C03696,Zayan Master,Kamarhati,500002,7,homemaker,False
C03697,Tripti Goda,Mango,600002,1,salaried,False
C03698,Luke Goel,Nagaon,700001,5,business,True
C03699,Abha Bhalla,Aurangabad,500003,6,salaried,False
C03700,Champak Golla,Kalyan-Dombivli,700001,5,salaried,True
C03701,Aditya Ahuja,Gangtok,110001,2,salaried,False
C03702,Kai Muni,Pudukkottai,600001,7,business,False
C03703,Rudra Dash,Berhampore,110002,7,business,False
C03704,Veda Kala,Pudukkottai,560001,5,salaried,True
C03705,Varsha Chakraborty,Malda,110001,2,business,False
C03706,Kavya Vohra,Jalgaon,600002,1,student,False
C03707,Ishwar Nagy,Kamarhati,110001,6,student,False
C03708,Tanay Sangha,Ongole,600002,2,homemaker,False
C03709,Geetika Ray,Sagar,560001,6,salaried,True
C03710,Bhavini Bath,Gandhidham,500001,7,homemaker,False
C03711,Jairaj Kala,Hapur,110002,6,homemaker,False
C03712,Jasmit Nagy,Munger,226001,7,salaried,True
C03713,Vidhi Lala,Mira-Bhayandar,226001,2,salaried,True
C03714,Lucky Tripathi,Gangtok,500002,7,salaried,False
C03715,Laksh Kothari,Guntakal,700001,3,salaried,True
C03716,Advik Sawhney,Salem,500001,7,business,False
C03717,Vidhi Loke,Tirupati,226001,5,business,True
C03718,Inaya Ganguly,Vellore,110001,2,student,False
C03719,Chandran Dewan,Jhansi,700001,1,business,True
C03720,Ati Nigam,Gulbarga,500001,6,salaried,False
C03721,Upkaar Gill,Kota,600001,4,homemaker,False
C03722,Pranit Nori,Vasai-Virar,600001,2,salaried,False
C03723,Balveer Sehgal,Akola,700001,5,homemaker,True
C03724,Hema Mitter,Bongaigaon,600002,7,salaried,False
C03725,Laksh Kuruvilla,Madurai,600002,6,homemaker,False
C03726,Daniel Majumdar,Bhiwandi,110001,3,salaried,False
C03727,Charan Reddy,Dehradun,500001,1,salaried,False
C03728,Tejas Nadig,Surat,500001,3,salaried,False
C03729,Vritti Gandhi,Hospet,700001,4,student,True
C03730,Faraj Lad,South Dumdum,500003,2,homemaker,False
C03731,Gautami Guha,Unnao,600001,6,salaried,False
C03732,Qarin Ghosh,Kolhapur,500001,2,homemaker,False
C03733,Nitara Kade,Belgaum,700001,5,business,True
C03734,Luke Nagarajan,Hyderabad,560001,2,business,True
C03735,Madhavi Batra,Gandhidham,500002,1,student,False
C03736,Aadi Lad,Tiruppur,560001,4,salaried,True
C03737,Hamsini Manda,Bhusawal,110002,3,salaried,False
C03738,Maya Sem,Loni,110001,4,homemaker,False
C03739,Lekha Tripathi,Nagaon,500001,6,homemaker,False
C03740,Naksh Bhatti,Tadipatri,110002,2,homemaker,False
C03741,Ranbir More,Nellore,226001,6,homemaker,True
C03742,Gagan Verma,Tirunelveli,110002,3,salaried,False
C03743,Chaaya Bahri,Mumbai,700001,6,student,True
C03744,Pranit Wable,Korba,500001,5,salaried,False
C03745,Frederick Shah,Hazaribagh,500002,4,homemaker,False
C03746,Bhavini Dash,Bhiwandi,700001,3,business,True
C03747,Odika Murthy,Jalgaon,700001,3,business,True
C03748,Saksham Gara,Saharanpur,110001,7,business,False
C03749,Nandini Johal,Ambarnath,110001,3,salaried,False
C03750,Shravya Purohit,Ludhiana,600001,7,salaried,False
C03751,Dayita Chowdhury,Aurangabad,600001,1,homemaker,False
C03752,Bhavna Sangha,Muzaffarpur,600002,7,student,False
C03753,Ikbal Mukhopadhyay,Jalgaon,500003,4,salaried,False
C03754,Nidhi Gupta,Panipat,500001,6,student,False
C03755,Balendra Grewal,Ulhasnagar,500001,7,business,False
C03756,Theodore Dhaliwal,Vijayawada,110002,3,salaried,False
C03757,Advik Bala,Agra,500001,4,salaried,False
C03758,Gautami Patla,Sagar,500001,7,homemaker,False
C03759,Sudiksha Sunder,Siwan,500003,7,student,False
C03760,Tejas Salvi,Jaipur,226001,3,business,True
C03761,Tanveer Sodhi,Aurangabad,600001,5,business,False
C03762,Naksh Bath,Muzaffarnagar,600001,5,salaried,False
C03763,Oeshi Ramakrishnan,Bhimavaram,500002,7,business,False
C03764,Wazir Gala,Morena,500001,5,salaried,False
C03765,Zaitra Bhandari,Hindupur,500003,2,salaried,False
C03766,Ucchal Datta,Berhampur,600001,3,business,False
C03767,Rushil Narayan,Sultan Pur Majra,500003,2,homemaker,False
C03768,Vihaan Ahluwalia,Nadiad,560001,4,salaried,True
C03769,Veda Khatri,New Delhi,226001,2,salaried,True
C03770,Ekapad Garg,Orai,500001,4,business,False
C03771,Manthan Bansal,Faridabad,500002,7,homemaker,False
C03772,Saumya Grewal,Vijayanagaram,110002,4,student,False
C03773,Lipika Suri,Sonipat,600001,4,homemaker,False
C03774,Lajita Ramaswamy,Berhampore,560001,6,business,True
C03775,Jackson Pingle,Gurgaon,500003,2,student,False
C03776,Leela Dewan,Amroha,110001,6,salaried,False
C03777,Geetika Arya,Firozabad,700001,7,salaried,True
C03778,Mahika Iyer,Karaikudi,500001,3,salaried,False
C03779,Sachi Kumer,Nagaon,500001,2,business,False
C03780,Lila Aurora,Aurangabad,560001,3,homemaker,True
C03781,Tanish Goyal,Hospet,500003,3,homemaker,False
C03782,Hardik Arora,Malegaon,600002,4,salaried,False
C03783,Shivani Goda,Jalandhar,500001,2,salaried,False
C03784,Lila Dugar,Thiruvananthapuram,600002,3,salaried,False
C03785,Vritti Kota,Gulbarga,110001,5,salaried,False
C03786,Champak Thakur,Tinsukia,560001,3,business,True
C03787,Upasna Chawla,Firozabad,500003,5,homemaker,False
C03788,Watika Dhar,Mehsana,500003,2,homemaker,False
C03789,Yuvraj Gopal,Tadepalligudem,226001,7,business,True
C03790,Imaran Dash,Kottayam,700001,6,student,True
C03791,Bahadurjit Mani,Kakinada,600001,2,business,False
C03792,Shravya Saraf,Dhule,600001,6,salaried,False
C03793,Kiaan Gade,Tadipatri,110002,6,business,False
C03794,Ronith Borde,Howrah,500002,2,business,False
C03795,Ikshita Mistry,Sri Ganganagar,560001,3,student,True
C03796,Parth Sampath,Meerut,110001,1,salaried,False
C03797,Shivani Korpal,Nanded,500003,3,salaried,False
C03798,Yashawini Sodhi,Patiala,700001,3,salaried,True
C03799,Bhavika Sandal,Ramgarh,600002,7,homemaker,False
C03800,Samarth Rao,Visakhapatnam,560001,4,salaried,True
C03801,Manbir Karpe,Bhusawal,110002,4,student,False
C03802,Yahvi Dora,Kota,560001,3,student,True
C03803,Abdul Sangha,Tiruchirappalli,110002,5,salaried,False
C03804,Vasana Rout,Baranagar,500003,7,business,False
C03805,Girish Sheth,Mango,500002,6,homemaker,False
C03806,Tara Magar,Medininagar,110002,4,business,False
C03807,Umang Sachdev,Bhagalpur,500003,3,homemaker,False
C03808,Anika Handa,Meerut,500003,7,salaried,False
C03809,Aadi Bawa,Jammu,500002,1,salaried,False
C03810,Gaurangi Mander,Yamunanagar,600001,5,homemaker,False
C03811,Indira Bakshi,Gandhinagar,560001,2,student,True
C03812,Tanvi Biswas,Srikakulam,500001,3,homemaker,False
C03813,Ekansh Tata,Fatehpur,500001,7,business,False
C03814,Chaitaly Kaur,Guwahati,600002,3,homemaker,False
C03815,Urishilla Raman,Bhilai,600002,6,student,False
C03816,Januja Kurian,Anantapur,500001,5,student,False
C03817,Chatresh Chokshi,Ozhukarai,110001,4,business,False
C03818,Darpan Kamdar,Amritsar,500001,4,salaried,False
C03819,Rudra Zachariah,Bathinda,600002,4,homemaker,False
C03820,Gayathri Bhargava,Kalyan-Dombivli,700001,2,salaried,True
C03821,Unni Lall,Guntur,600002,7,business,False
C03822,Omaja Khare,Muzaffarnagar,110001,5,salaried,False
C03823,Harita Dubey,Karaikudi,560001,5,business,True
C03824,Praneel Dhaliwal,Shivpuri,500001,4,business,False
C03825,Vivaan Singhal,Bareilly,500002,4,salaried,False
C03826,Dhruv Sahota,Buxar,700001,6,homemaker,True
C03827,Faraj Merchant,Sasaram,500003,1,salaried,False
C03828,Eiravati Chandra,Secunderabad,110001,1,business,False
C03829,Sanya Shanker,Panvel,600002,3,salaried,False
C03830,Isha Narain,Ludhiana,500002,3,salaried,False
C03831,Vedika Peri,Ballia,110002,5,salaried,False
C03832,Shivani Dugar,Latur,600001,5,student,False
C03833,Oviya Raju,Jehanabad,500001,2,salaried,False
C03834,Ekaraj Cheema,Silchar,600001,2,homemaker,False
C03835,Hredhaan Warrior,Pali,110001,1,salaried,False
C03836,Patrick Gaba,Visakhapatnam,110002,3,salaried,False
C03837,Ekantika Nath,Hindupur,110002,1,salaried,False
C03838,Caleb Kamdar,Sambhal,110002,1,salaried,False
C03839,Aishani Srivastava,Malegaon,500003,3,student,False
C03840,Sathvik Mittal,Bulandshahr,110001,7,homemaker,False
C03841,Upma Halder,Haldia,560001,2,business,True
C03842,Ishita Kata,Bhubaneswar,600001,6,salaried,False
C03843,Jairaj Gandhi,Tinsukia,560001,6,salaried,True
C03844,Shivani Dugar,Guntur,500002,6,business,False
C03845,Jonathan Nori,Baranagar,226001,3,homemaker,True
C03846,Dipta Sheth,Rajahmundry,700001,4,salaried,True
C03847,Aryan Nair,Bahraich,700001,4,student,True
C03848,Advay Hari,Muzaffarpur,560001,4,salaried,True
C03849,Zaitra Dara,Chittoor,226001,5,salaried,True
C03850,Jeremiah Ahluwalia,Bongaigaon,226001,2,business,True
C03851,Hema Jaggi,Suryapet,500001,2,salaried,False
C03852,Keya Sangha,Gaya,500002,7,student,False
C03853,Krishna Chokshi,Jaunpur,110001,7,salaried,False
C03854,Upadhriti Wagle,Bhavnagar,226001,5,student,True
C03855,Vasana Agate,Begusarai,600002,1,salaried,False
C03856,Rushil Samra,Barasat,700001,7,homemaker,True
C03857,Charan Kanda,Mau,600002,6,salaried,False
C03858,Arunima Varkey,Alappuzha,500002,4,homemaker,False
C03859,Ekta Bir,Gopalpur,226001,6,student,True
C03860,Pallavi Shan,Fatehpur,600001,4,homemaker,False
C03861,Arjun Sandhu,Tirunelveli,700001,6,business,True
C03862,Mitesh Mallick,Latur,500001,1,student,False
C03863,Lipika Natarajan,Ratlam,500001,6,salaried,False
C03864,Kamala Ganesan,Chapra,110002,6,salaried,False
C03865,Chaitanya Chandra,Chennai,500003,3,salaried,False
C03866,Chatresh Nagi,Jalandhar,226001,6,salaried,True
C03867,Jonathan Brar,Katni,500002,3,homemaker,False
C03868,Henry Chacko,Haridwar,700001,2,salaried,True
C03869,Yashvi Sundaram,Jodhpur,500003,5,business,False
C03870,Om Bajwa,Satna,500002,6,business,False
C03871,Ekalinga Nadkarni,Silchar,560001,2,business,True
C03872,Pahal Kannan,Saharsa,226001,7,business,True
C03873,Ekantika Brar,Kolhapur,110001,7,salaried,False
C03874,Omkaar Varma,Bhiwani,110001,3,business,False
C03875,Ayaan Dar,Indore,226001,6,salaried,True
C03876,Leela Badami,Ahmednagar,110002,6,homemaker,False
C03877,Rajeshri Yohannan,Jhansi,110002,1,student,False
C03878,Tarak Bhargava,Mangalore,110001,2,homemaker,False
C03879,Kabir Madan,Berhampur,600001,4,salaried,False
C03880,Hemal Khurana,Jalna,700001,4,salaried,True
C03881,Krishna Natt,Etawah,110001,1,salaried,False
C03882,Shivani Nori,Hospet,600001,3,salaried,False
C03883,Jai Kumer,Dehradun,500003,4,salaried,False
C03884,Yatin Gupta,Davanagere,600001,4,business,False
C03885,Eshana Bir,Raipur,500003,7,salaried,False
C03886,Samar Ray,Khammam,500002,7,business,False
C03887,Vihaan Chad,Tinsukia,600002,5,homemaker,False
C03888,Raghav Nagi,Jabalpur,500002,2,business,False
C03889,Ijaya Ray,Ramagundam,110001,3,salaried,False
C03890,Niharika Patil,Raipur,500003,6,salaried,False
C03891,Tara Dave,Alwar,110001,2,business,False
C03892,Hemangini Raval,Alwar,226001,3,salaried,True
C03893,Gaurang Bhatt,Kakinada,700001,4,business,True
C03894,Urishilla Sem,Hosur,500001,5,salaried,False
C03895,Max Agate,Raichur,110001,2,homemaker,False
C03896,Charles Sen,Uluberia,700001,4,student,True
C03897,Sarthak Ram,Khammam,600001,3,business,False
C03898,Yuvraj Madan,Aurangabad,500002,2,salaried,False
C03899,Jeremiah Babu,Amaravati,600001,6,salaried,False
C03900,Vrishti Savant,Pimpri-Chinchwad,500001,2,student,False
C03901,Ronith Bora,Bijapur,500003,4,business,False
C03902,Yamini Baral,Rohtak,226001,2,salaried,True
C03903,Chaaya Sidhu,Vasai-Virar,700001,6,salaried,True
C03904,Wyatt Badami,Bahraich,226001,5,salaried,True
C03905,Kiaan Ravel,Morbi,600002,5,student,False
C03906,Pallavi Sehgal,Ramgarh,110001,4,salaried,False
C03907,Victor Lala,Katni,500003,3,business,False
C03908,Darpan Mukhopadhyay,Aligarh,600002,4,business,False
C03909,Champak Dar,Panipat,560001,5,business,True
C03910,Pranit Deol,Bhavnagar,110001,1,homemaker,False
C03911,Bina Bhattacharyya,Tadepalligudem,600001,1,homemaker,False
C03912,Fitan Mistry,Jammu,500002,2,business,False
C03913,Ishita Bansal,Nangloi Jat,700001,6,salaried,True
C03914,Deepa Borde,Mumbai,500001,7,salaried,False
C03915,Ayushman Sabharwal,Rewa,500001,7,business,False
C03916,Frederick Saha,Hosur,600001,7,business,False
C03917,Waida Bhagat,Agartala,110002,2,business,False
C03918,Hardik Trivedi,Sri Ganganagar,500001,1,salaried,False
C03919,Naksh Mittal,Unnao,700001,5,business,True
C03920,Dalaja Ram,New Delhi,600001,2,salaried,False
C03921,Osha Mukhopadhyay,Jamnagar,500003,7,student,False
C03922,Oliver Boase,Raichur,500001,7,salaried,False
C03923,Nihal Batra,Sagar,226001,4,student,True
C03924,Harita Sarraf,Hajipur,600001,7,salaried,False
C03925,Isha Sarin,Amravati,700001,6,salaried,True
C03926,Jyoti Pandey,Bhagalpur,226001,7,student,True
C03927,Raagini Mand,Yamunanagar,110001,4,salaried,False
C03928,Wridesh Pandit,Ahmedabad,110001,7,student,False
C03929,Lajita Naidu,Darbhanga,500001,6,business,False
C03930,Rachana Murthy,Bhatpara,226001,5,business,True
C03931,Xalak Ray,Kharagpur,500002,2,salaried,False
C03932,Ati Ravel,Siwan,110001,6,business,False
C03933,Irya Dhaliwal,Shimla,500002,4,business,False
C03934,Amol Bal,Vijayanagaram,500003,2,business,False
C03935,Libni Golla,Satara,600001,2,business,False
C03936,Bakhshi Krishna,Shimla,600002,4,salaried,False
C03937,Devansh Sarin,Faridabad,700001,1,salaried,True
C03938,Kashvi Solanki,Udupi,600001,7,salaried,False
C03939,Barkha Pandya,Srikakulam,700001,6,salaried,True
C03940,Varsha Desai,Moradabad,226001,4,salaried,True
C03941,Sanya Lata,Bokaro,500003,5,student,False
C03942,Yashasvi Dayal,Dewas,560001,3,student,True
C03943,Girik Bhat,Madanapalle,500001,4,salaried,False
C03944,Peter Sunder,Bharatpur,700001,7,homemaker,True
C03945,Rayaan Sem,Panchkula,700001,7,business,True
C03946,Panini Andra,Alwar,226001,2,homemaker,True
C03947,Adya Sura,Nagpur,500002,2,student,False
C03948,Nidhi Lad,Khammam,600001,4,student,False
C03949,Matthew Raghavan,Thiruvananthapuram,560001,3,salaried,True
C03950,Hredhaan Deep,Davanagere,110002,4,salaried,False
C03951,Arin Chandra,Katni,500001,3,salaried,False
C03952,Ekanta Savant,Hapur,600002,3,student,False
C03953,Kavya Batra,Bhubaneswar,110002,7,salaried,False
C03954,Veer Mann,Singrauli,600001,7,student,False
C03955,Geetika Mander,Ulhasnagar,500001,7,salaried,False
C03956,Pratyush Mangat,Arrah,700001,5,student,True
C03957,Suhani Dhillon,Cuttack,600002,7,salaried,False
C03958,Zaitra Bajaj,Mahbubnagar,500002,6,salaried,False
C03959,Theodore Salvi,Guna,560001,2,salaried,True
C03960,Unnati Palla,Rajpur Sonarpur,500002,2,salaried,False
C03961,Aachal Borde,Bhubaneswar,500003,3,salaried,False
C03962,Matthew Narasimhan,Delhi,226001,2,student,True
C03963,Rajata Wali,Saharanpur,500001,1,salaried,False
C03964,Kavya Chawla,Gaya,500002,3,salaried,False
C03965,Bahadurjit Amble,Berhampore,110002,2,student,False
C03966,Yadavi Dara,Avadi,226001,1,salaried,True
C03967,Ekantika Dugar,Sikar,500002,5,homemaker,False
C03968,Samarth Soni,Mumbai,110001,2,homemaker,False
C03969,Kala Mander,Khammam,500003,1,salaried,False
C03970,Ishanvi Raghavan,Shimla,600001,4,salaried,False
C03971,Tanay Tata,Gudivada,560001,6,salaried,True
C03972,Aradhana Gara,Raiganj,500003,4,student,False
C03973,Eiravati Sood,Ahmedabad,226001,1,business,True
C03974,Leela Tak,Hosur,110001,3,business,False
C03975,Falan Shroff,Berhampore,500001,7,student,False
C03976,Nitesh Shetty,Bardhaman,110002,7,salaried,False
C03977,Nidra Iyengar,South Dumdum,560001,7,student,True
C03978,Kevin Bobal,Kolkata,560001,3,student,True
C03979,Chasmum Bhattacharyya,Amaravati,500003,2,business,False
C03980,Pushti De,Fatehpur,226001,7,homemaker,True
C03981,Abdul Mitra,Latur,500001,4,student,False
C03982,Edhitha Bansal,Jehanabad,700001,3,salaried,True
C03983,Veer Prasad,Sambalpur,110001,3,salaried,False
C03984,Laksh Narain,Hubli–Dharwad,700001,7,business,True
C03985,Victor Hans,Jamnagar,110002,4,salaried,False
C03986,Manan Mann,Dindigul,500001,5,homemaker,False
C03987,Diya Rajagopal,Bhusawal,500001,3,salaried,False
C03988,Jason Sama,Mehsana,110001,7,business,False
C03989,Damini Tak,Satara,600002,6,business,False
C03990,Mason Wadhwa,Burhanpur,700001,1,salaried,True
C03991,Triya Sen,Aligarh,500002,2,homemaker,False
C03992,Jason Goel,Patna,560001,3,homemaker,True
C03993,Benjamin Ramesh,Nagercoil,600002,6,business,False
C03994,Isha Atwal,Durg,500002,6,salaried,False
C03995,Chaitaly Kapoor,Eluru,226001,3,salaried,True
C03996,Falak Puri,Junagadh,110001,5,salaried,False
C03997,Onkar Dhingra,Tirunelveli,226001,1,salaried,True
C03998,Azad Pant,Tumkur,560001,2,business,True
C03999,Vedhika Das,Sirsa,600001,3,homemaker,False
C04000,Adya Kamdar,Nangloi Jat,500002,2,business,False
C04001,Lopa Kamdar,Kadapa,600002,4,homemaker,False
C04002,Vamakshi Chhabra,Amaravati,500002,6,business,False
C04003,Vedant Dhar,Howrah,500002,6,business,False
C04004,Urvi Roy,Raipur,110001,3,homemaker,False
C04005,Tamanna Oak,Kakinada,226001,3,business,True
C04006,Wakeeta Nazareth,Mumbai,700001,4,homemaker,True
C04007,Shivani Trivedi,Morbi,600001,5,salaried,False
C04008,Ekapad Sandal,Jehanabad,110001,3,salaried,False
C04009,Hardik Merchant,Raiganj,110002,6,homemaker,False
C04010,Aradhana Misra,Raiganj,110001,2,business,False
C04011,Anmol Gole,Panchkula,560001,1,homemaker,True
C04012,Anirudh Hari,Jalna,600001,7,homemaker,False
C04013,Warhi Nanda,Danapur,500001,2,salaried,False
C04014,Diya Suri,Buxar,110002,5,business,False
C04015,Hema Dhingra,Saharsa,500003,1,salaried,False
C04016,Atharv Dass,Belgaum,110001,2,business,False
C04017,Farhan Saxena,Ghaziabad,500002,2,student,False
C04018,Tripti Anand,Motihari,700001,4,salaried,True
C04019,Hemangini Narasimhan,Srikakulam,500001,7,business,False
C04020,Diya Rama,Kakinada,110001,5,student,False
C04021,Aarna Bose,Silchar,110001,6,salaried,False
C04022,Rehaan Shanker,Durgapur,600002,4,student,False
C04023,Tripti Buch,Dhule,600002,1,business,False
C04024,Tanish Pathak,Mango,500001,7,homemaker,False
C04025,Xalak Divan,Katni,226001,6,salaried,True
C04026,Ethan Dash,Sri Ganganagar,600002,4,salaried,False
C04027,Lucky Nayar,Durgapur,500002,7,business,False
C04028,Urmi Varma,Cuttack,110002,5,salaried,False
C04029,Nisha Johal,Tumkur,500003,3,homemaker,False
C04030,Faraj Acharya,Anantapur,600001,3,salaried,False
C04031,Omaja Bandi,Kolkata,500003,1,student,False
C04032,Wazir Sur,Chandigarh,500003,3,business,False
C04033,Harrison Suresh,Thanjavur,600001,4,salaried,False
C04034,Tamanna Bir,Burhanpur,600002,1,salaried,False
C04035,Yauvani Deep,Thoothukudi,500001,6,business,False
C04036,Amaira Badal,Gulbarga,600001,5,business,False
C04037,Teerth Bava,Rajkot,560001,1,salaried,True
C04038,Arya Subramaniam,Amaravati,226001,6,homemaker,True
C04039,Unnati Joshi,Bhubaneswar,110002,1,salaried,False
C04040,Bahadurjit Behl,Pondicherry,700001,2,salaried,True
C04041,Siddharth Tiwari,Akola,600002,2,business,False
C04042,Bhavika Batra,Bellary,226001,1,salaried,True
C04043,Anirudh Ganesh,Kozhikode,600001,7,homemaker,False
C04044,Bina Ranganathan,Jorhat,560001,3,salaried,True
C04045,Guneet Upadhyay,Mysore,700001,2,salaried,True
C04046,Upkaar Ratti,Ahmedabad,110002,7,salaried,False
C04047,Ekani Rout,Orai,110002,7,business,False
C04048,Azad Agarwal,Singrauli,600002,5,business,False
C04049,Abhiram Koshy,Ranchi,600001,6,business,False
C04050,Libni Mistry,Buxar,226001,4,salaried,True
C04051,Dhriti Devi,Guwahati,500001,2,salaried,False
C04052,Timothy Amble,Arrah,226001,1,student,True
C04053,Michael Sani,Dehradun,226001,3,salaried,True
C04054,Dipta Sundaram,Ludhiana,110002,4,homemaker,False
C04055,Advay Oommen,Morbi,500001,6,salaried,False
C04056,Utkarsh Nair,Machilipatnam,500001,7,student,False
C04057,Netra Rajagopal,Ulhasnagar,600002,6,salaried,False
C04058,Aarnav Shukla,Sultan Pur Majra,700001,2,business,True
C04059,Fiyaz Jayaraman,Haridwar,110001,6,salaried,False
C04060,Guneet Bansal,Surendranagar Dudhrej,500003,6,salaried,False
C04061,Hardik Krishnan,Jamshedpur,500003,3,salaried,False
C04062,Brijesh Ramesh,Dibrugarh,110002,7,salaried,False
C04063,Upma Roy,Korba,110001,3,salaried,False
C04064,Keya Apte,Moradabad,700001,3,business,True
C04065,Neha Raghavan,Tadepalligudem,110001,1,business,False
C04066,Megha Issac,Jamnagar,600002,6,student,False
C04067,Neha Palla,Singrauli,226001,6,business,True
C04068,Qasim Thaker,Mango,110002,6,business,False
C04069,Varsha Iyengar,Surat,500001,5,salaried,False
C04070,Rachit Halder,Raebareli,110002,3,business,False
C04071,Noah Goel,Ulhasnagar,500003,4,salaried,False
C04072,Odika Ganesh,Malda,700001,2,student,True
C04073,Kai Gala,Salem,110001,7,salaried,False
C04074,Ayush Parikh,Motihari,700001,4,salaried,True
C04075,Matthew Mitra,Chandigarh,600002,7,business,False
C04076,Divya Singhal,Bharatpur,110002,1,salaried,False
C04077,Damyanti Sanghvi,New Delhi,600001,1,homemaker,False
C04078,Mitali Sood,Hapur,110002,7,homemaker,False
C04079,Meghana Rajan,Tirunelveli,500001,6,salaried,False
C04080,Eshana Kant,Mahbubnagar,110002,4,salaried,False
C04081,Baghyawati Deep,Rewa,560001,6,business,True
C04082,Ekta Pillay,Maheshtala,600002,5,business,False
C04083,Darpan Chanda,Kottayam,500002,1,salaried,False
C04084,Vansha Rattan,Anand,600002,1,student,False
C04085,Charles Gaba,Rourkela,110001,4,business,False
C04086,Akshay Deol,Gorakhpur,500002,1,salaried,False
C04087,Ekantika Ahuja,Raurkela Industrial Township,110001,5,salaried,False
C04088,Lucky Sarma,Latur,110001,5,student,False
C04089,Charles Gupta,Sasaram,500001,5,salaried,False
C04090,Jalsa Agarwal,Gaya,500001,2,student,False
C04091,Bakhshi Deep,Sambalpur,226001,5,salaried,True
C04092,Kiaan Srivastava,Tirunelveli,500003,5,business,False
C04093,Aishani Koshy,Singrauli,226001,2,homemaker,True
C04094,Parth Doshi,Kalyan-Dombivli,226001,6,homemaker,True
C04095,Benjamin Mohan,Yamunanagar,500003,3,salaried,False
C04096,Hritik Narula,Bikaner,600001,1,salaried,False
C04097,Zayan Kurian,Dehri,500002,5,student,False
C04098,Owen Choudhary,Warangal,700001,1,salaried,True
C04099,Tanvi Warrior,Bulandshahr,226001,4,salaried,True
C04100,Jonathan Bala,Pudukkottai,110002,1,homemaker,False
C04101,Matthew Nadkarni,Madanapalle,110002,7,salaried,False
C04102,Xavier Sharma,Bardhaman,110001,6,salaried,False
C04103,Raghav Mukhopadhyay,Ramgarh,500003,2,salaried,False
C04104,Omaja Gera,Tirupati,110001,1,business,False
C04105,Ansh Sundaram,Haridwar,560001,1,business,True
C04106,Faras Maharaj,Jehanabad,560001,1,salaried,True
C04107,Avi Bali,Satna,700001,3,salaried,True
C04108,Sai Bora,Mangalore,500001,3,salaried,False
C04109,Veda Dave,Amritsar,500001,4,business,False
C04110,Vihaan Jhaveri,Patna,500003,2,salaried,False
C04111,Aarush Shukla,Ambala,500003,1,homemaker,False
C04112,Aayush Mann,Tiruvottiyur,226001,1,salaried,True
C04113,Viraj Chokshi,Khammam,560001,1,homemaker,True
C04114,Aayush Bedi,Guna,226001,1,salaried,True
C04115,Omkaar Raghavan,Khandwa,500001,3,student,False
C04116,Michael Karan,Patiala,500002,6,salaried,False
C04117,Indali Mohanty,Raichur,500002,6,salaried,False
C04118,Shaurya Pall,Dehri,500003,4,homemaker,False
C04119,Pahal Issac,Jalgaon,110001,7,homemaker,False
C04120,Tanish Viswanathan,Mau,500001,5,salaried,False
C04121,Janya Sawhney,Ozhukarai,500002,2,student,False
C04122,Samuel Thaman,Jaipur,500001,6,business,False
C04123,Devika Shah,Narasaraopet,600002,7,homemaker,False
C04124,Balendra Thakur,Jabalpur,110002,1,salaried,False
C04125,Aarnav Char,Noida,560001,6,business,True
C04126,Mekhala Agarwal,Bellary,226001,4,business,True
C04127,Jagat Khalsa,Sasaram,500001,5,salaried,False
C04128,Eshana Sura,Dhule,110002,6,homemaker,False
C04129,Vasana Dhaliwal,Nashik,600002,4,salaried,False
C04130,Amruta Malhotra,Ranchi,226001,3,salaried,True
C04131,Ubika Nath,Gudivada,500001,5,business,False
C04132,Eshana Mannan,Kolhapur,500003,4,business,False
C04133,Gavin Dayal,Hindupur,110002,7,salaried,False
C04134,Damyanti Gokhale,Latur,226001,6,salaried,True
C04135,Yashasvi Sastry,Delhi,500001,3,homemaker,False
C04136,Chaman Krishna,Sangli-Miraj & Kupwad,110002,7,salaried,False
C04137,Mitali Bakshi,Gorakhpur,600002,4,business,False
C04138,Upasna Bedi,Amaravati,500001,4,student,False
C04139,Samar Nadkarni,Nagercoil,500001,7,salaried,False
C04140,Arjun Suri,Faridabad,500001,6,homemaker,False
C04141,Unnati Merchant,Bihar Sharif,700001,5,student,True
C04142,Manya Dani,Thane,500003,3,business,False
C04143,Aarush Kothari,Dehri,600002,1,business,False
C04144,Avni Chana,Danapur,226001,2,business,True
C04145,Harshil Kapadia,Dehri,700001,5,business,True
C04146,Warhi Saini,Durgapur,110001,3,homemaker,False
C04147,Nathaniel Goyal,Sambalpur,700001,7,salaried,True
C04148,Yatan Nori,Salem,560001,4,salaried,True
C04149,Imaran Warrior,Hajipur,560001,7,salaried,True
C04150,Aarush Sura,Tiruppur,500001,3,salaried,False
C04151,Liam Som,Jaunpur,700001,7,salaried,True
C04152,Jack Rastogi,Faridabad,110001,7,homemaker,False
C04153,Bishakha Srinivasan,Allahabad,700001,2,business,True
C04154,Eiravati Thakur,Arrah,500003,6,business,False
C04155,Baghyawati Balasubramanian,Dhanbad,500003,2,business,False
C04156,Chanakya Keer,Erode,110001,1,student,False
C04157,Jyoti Narula,Silchar,700001,1,business,True
C04158,Unni Ramakrishnan,Deoghar,110002,2,homemaker,False
C04159,Anamika Dugar,Avadi,500003,5,salaried,False
C04160,Benjamin Dani,Sagar,500003,5,homemaker,False
C04161,Matthew Buch,Erode,500002,7,business,False
C04162,Dayamai Nadig,Danapur,700001,7,salaried,True
C04163,Hamsini Mody,Nizamabad,500003,4,business,False
C04164,Hredhaan Gola,Moradabad,600002,1,business,False
C04165,Ira Jain,Faridabad,700001,4,salaried,True
C04166,Zansi Badami,Dharmavaram,560001,1,business,True
C04167,Fariq Peri,Tumkur,500002,2,salaried,False
C04168,Shivansh Tandon,Delhi,500003,5,salaried,False
C04169,Yochana Nair,Loni,500002,7,homemaker,False
C04170,Vritti Rastogi,Malegaon,560001,5,business,True
C04171,Baghyawati Bhat,Dewas,110001,2,homemaker,False
C04172,Nilima Barad,Tadepalligudem,110001,4,business,False
C04173,Bimala Prabhu,Khora ,700001,4,salaried,True
C04174,Yochana Sahni,Panihati,560001,3,business,True
C04175,Onkar Pingle,Bilaspur,600001,7,business,False
C04176,Dhruv Amble,Ambala,600001,7,homemaker,False
C04177,Fitan Subramanian,Khora ,700001,7,salaried,True
C04178,Leela Srinivasan,Anantapuram,500001,1,homemaker,False
C04179,Neel Ramakrishnan,Katni,500002,4,homemaker,False
C04180,Reva Malhotra,Shivpuri,500002,2,business,False
C04181,Samesh Dass,Belgaum,110001,4,homemaker,False
C04182,Ekanta Pingle,Vijayawada,600001,5,salaried,False
C04183,Anirudh Kumar,Delhi,226001,1,homemaker,True
C04184,Manan Iyengar,Kota,500003,7,student,False
C04185,Aditya Balay,Jaipur,500003,6,salaried,False
C04186,Hemal Comar,Jaunpur,500003,3,homemaker,False
C04187,Damyanti Dasgupta,Sri Ganganagar,110001,1,business,False
C04188,Chakrika Peri,Tinsukia,560001,5,business,True
C04189,Abha Balay,Ranchi,110002,7,business,False
C04190,Mekhala Lad,Unnao,600001,5,salaried,False
C04191,Urvashi Dixit,Nashik,600001,5,business,False
C04192,Waida Agarwal,Gaya,226001,7,student,True
C04193,Unnati Chad,Bhalswa Jahangir Pur,500002,5,salaried,False
C04194,Ekavir Mistry,Panchkula,500001,2,salaried,False
C04195,Bakhshi Bhargava,Berhampore,700001,3,salaried,True
C04196,Jalsa Ben,Amritsar,500002,6,salaried,False
C04197,Kala Mutti,Agra,560001,5,student,True
C04198,Yasti Raja,Berhampore,700001,5,student,True
C04199,Charita Chaudhari,Yamunanagar,600001,4,homemaker,False
C04200,Bakhshi Baria,Varanasi,560001,3,business,True
C04201,Yashodhara Chanda,Raurkela Industrial Township,700001,1,salaried,True
C04202,Timothy Kapadia,Jhansi,226001,3,homemaker,True
C04203,Jagdish Bhalla,Pondicherry,226001,3,student,True
C04204,Eiravati Golla,Erode,600002,7,business,False
C04205,Anika Natt,Rajahmundry,110002,7,business,False
C04206,Neha Anne,Warangal,226001,7,homemaker,True
C04207,Osha Sathe,Kulti,600001,6,student,False
C04208,Anusha Mani,Mysore,500001,3,salaried,False
C04209,Daksha Shah,Jalandhar,500003,6,student,False
C04210,Rayaan Jha,Pudukkottai,600002,5,salaried,False
C04211,Urvashi Cheema,Bhilai,500003,7,salaried,False
C04212,Upma Saraf,Amroha,110002,5,salaried,False
C04213,Yashodhara Kata,Kavali,700001,7,salaried,True
C04214,Rayaan Chad,Aurangabad,110001,2,salaried,False
C04215,Kashvi Goswami,Kolkata,226001,6,salaried,True
C04216,Vedhika Chawla,Khandwa,500001,6,business,False
C04217,Warjas Dora,Thiruvananthapuram,110002,1,student,False
C04218,George Prasad,Ambala,500003,4,homemaker,False
C04219,Lavanya Swaminathan,Bharatpur,600002,3,salaried,False
C04220,Nihal Guha,Jamalpur,226001,1,business,True
C04221,Fitan Bala,Saharanpur,600001,6,homemaker,False
C04222,Theodore Sagar,Salem,226001,1,salaried,True
C04223,Oscar Ranganathan,Bidhannagar,600002,2,student,False
C04224,Yashodhara Dora,Mathura,600002,4,student,False
C04225,Yuvraj Prabhu,Tiruchirappalli,110001,6,salaried,False
C04226,Aarini Soman,Madhyamgram,226001,6,homemaker,True
C04227,Arjun Ramakrishnan,Guntur,226001,3,student,True
C04228,Anamika Dani,Lucknow,110001,7,salaried,False
C04229,Chaitaly Sodhi,Hapur,560001,4,salaried,True
C04230,Hitesh Master,Bhind,560001,2,salaried,True
C04231,Neel Warrior,Dindigul,700001,5,salaried,True
C04232,Ishaan Raman,Surat,560001,1,business,True
C04233,Unni Balay,Karaikudi,500002,3,business,False
C04234,Ekiya Chanda,Guna,226001,6,salaried,True
C04235,Bhavika Madan,Purnia,500001,5,homemaker,False
C04236,Chakradhar Golla,Kishanganj,226001,2,salaried,True
C04237,Mahika Sampath,Erode,500002,4,salaried,False
C04238,Ayaan Mangal,Rourkela,500002,1,salaried,False
C04239,Baljiwan Ratta,Barasat,500003,3,business,False
C04240,Samarth Sethi,Giridih,226001,6,salaried,True
C04241,Turvi Ravel,Belgaum,110002,6,salaried,False
C04242,Libni Dasgupta,Mahbubnagar,500002,5,salaried,False
C04243,Bhavini Dyal,Latur,500001,5,student,False
C04244,Chandani Bail,Sultan Pur Majra,110001,1,homemaker,False
C04245,Udarsh Dhillon,Salem,700001,4,salaried,True
C04246,Wishi Mall,Ahmednagar,500003,2,salaried,False
C04247,Anthony Oommen,Durg,110001,7,business,False
C04248,Vrinda Sridhar,Kishanganj,500003,4,student,False
C04249,Urvi Raju,Ahmednagar,500001,4,salaried,False
C04250,Mitesh Murty,Shimoga,600002,4,homemaker,False
C04251,Amrita Sodhi,Udaipur,226001,7,business,True
C04252,Barkha Sangha,Khora ,600001,1,business,False
C04253,Qasim Sem,Dehradun,110002,7,business,False
C04254,Faqid Basu,Alwar,110001,1,homemaker,False
C04255,Tanmayi Nagar,Davanagere,226001,7,student,True
C04256,Krishna Sridhar,Giridih,110002,2,salaried,False
C04257,Chanchal Sur,Kishanganj,600002,4,salaried,False
C04258,Wishi Rout,Tadepalligudem,600001,1,business,False
C04259,Samesh Devan,Sikar,110002,7,salaried,False
C04260,Advaith Shroff,Kakinada,110002,2,student,False
C04261,Ira Rajagopal,Kavali,110001,7,student,False
C04262,Edhitha Srivastava,Phusro,560001,6,student,True
C04263,Harrison Dutta,Lucknow,600001,2,homemaker,False
C04264,Mohammed Vig,Raichur,226001,4,salaried,True
C04265,Zinal Badal,Etawah,600002,3,homemaker,False
C04266,Nidhi Raj,Eluru,600001,4,student,False
C04267,Shivansh Krishna,Chandigarh,500001,3,salaried,False
C04268,Advik Behl,Shivpuri,560001,2,student,True
C04269,Jagrati Murty,Ramagundam,500001,6,salaried,False
C04270,Pahal Chaudhry,Bharatpur,600002,6,student,False
C04271,Nakul Bumb,Ludhiana,110001,1,business,False
C04272,William Subramaniam,Purnia,110001,6,salaried,False
C04273,Zinal Bhandari,Sangli-Miraj & Kupwad,600002,5,business,False
C04274,Daksh Pillay,Mahbubnagar,500003,2,business,False
C04275,Nathaniel Dora,Tumkur,600002,1,salaried,False
C04276,Aarav Samra,Jaunpur,560001,6,salaried,True
C04277,Amol Ratti,Surat,500002,2,salaried,False
C04278,Upasna Kakar,Hazaribagh,110001,4,business,False
C04279,Advika Nori,Salem,700001,6,homemaker,True
C04280,Chandresh Bhattacharyya,Danapur,560001,7,homemaker,True
C04281,Jhalak Nanda,Jhansi,560001,3,business,True
C04282,Geetika Kalla,Chandrapur,560001,2,student,True
C04283,Laksh Chaudhry,Thoothukudi,110002,1,salaried,False
C04284,Jagat Lanka,Agartala,560001,4,student,True
C04285,Umang Bora,Ujjain,110001,5,salaried,False
C04286,Rohan Bir,Patna,500002,4,salaried,False
C04287,Oscar Karnik,Kolkata,500002,6,business,False
C04288,Zilmil Brahmbhatt,Thrissur,560001,3,salaried,True
C04289,Ekbal Jayaraman,Gandhinagar,500001,4,student,False
C04290,Alka Wable,Berhampore,110001,5,student,False
C04291,Bachittar Venkataraman,Thanjavur,110001,7,salaried,False
C04292,Zayyan Chaudhary,Panchkula,600001,1,salaried,False
C04293,Noah Parekh,Ramgarh,226001,2,homemaker,True
C04294,Krishna Kapoor,Kadapa,500003,3,student,False
C04295,Fiyaz Parsa,Nashik,500003,5,salaried,False
C04296,Lohit Oza,Bellary,500001,6,salaried,False
C04297,Gavin Sami,Aligarh,500003,6,business,False
C04298,Rajata Ramachandran,Sri Ganganagar,600001,6,business,False
C04299,Varsha Bhargava,Chandigarh,600002,3,salaried,False
C04300,Rushil Nath,Kozhikode,500003,4,salaried,False
C04301,Chaitaly Chaudhuri,Ajmer,110001,3,homemaker,False
C04302,Jacob Sane,Thrissur,600002,6,business,False
C04303,Om Khare,Kozhikode,500003,7,homemaker,False
C04304,Vrishti Amble,Bhalswa Jahangir Pur,110001,5,student,False
C04305,Harini Gole,Nangloi Jat,110001,2,homemaker,False
C04306,Gaurika Dass,Rourkela,560001,2,salaried,True
C04307,Tripti Sant,Faridabad,500002,3,student,False
C04308,Xiti Walla,Jabalpur,500001,6,salaried,False
C04309,Ekaraj Anand,Kulti,600001,1,business,False
C04310,Ikbal Soni,Singrauli,110002,7,business,False
C04311,Shivansh Patla,Bathinda,226001,3,salaried,True
C04312,Eesha Natarajan,Pallavaram,500003,6,homemaker,False
C04313,Ganga Hora,Bulandshahr,500003,4,homemaker,False
C04314,Widisha Goda,Raipur,600002,2,salaried,False
C04315,Warinder Narayanan,Haridwar,600002,2,business,False
C04316,Triveni Chokshi,Kota,226001,7,salaried,True
C04317,Anthony Kashyap,Dindigul,500003,2,salaried,False
C04318,Brijesh Merchant,Baranagar,700001,1,student,True
C04319,Harsh Solanki,Ballia,600001,6,salaried,False
C04320,Madhavi Tank,Kolhapur,500003,6,homemaker,False
C04321,Jason Wali,Aurangabad,500002,7,salaried,False
C04322,Amaira Roy,Guwahati,226001,6,business,True
C04323,Januja Oommen,Hapur,700001,7,business,True
C04324,Abhimanyu Goda,Mysore,600001,6,salaried,False
C04325,Rohan Sood,Aurangabad,500003,1,salaried,False
C04326,Kalpit Keer,Gaya,110002,5,student,False
C04327,Nachiket Amble,Bhatpara,560001,3,student,True
C04328,Akshay Patel,Hospet,500002,3,salaried,False
C04329,Turvi Shankar,Jaipur,110002,6,business,False
C04330,Sachi Parikh,Aizawl,600002,4,salaried,False
C04331,Omisha Gara,Gurgaon,600002,2,salaried,False
C04332,Omaja Ramesh,Machilipatnam,500003,1,business,False
C04333,Ronith Ramaswamy,Rohtak,600002,4,salaried,False
C04334,Zaid Natarajan,Ambattur,500002,4,student,False
C04335,Kamya Kara,Aurangabad,600001,6,student,False
C04336,Daniel Solanki,Saharanpur,110001,1,homemaker,False
C04337,Viraj Balan,Satna,500001,3,business,False
C04338,Yoshita Bal,Begusarai,226001,2,homemaker,True
C04339,Samar Wable,Bellary,600001,3,business,False
C04340,Edhitha Choudhary,Ajmer,110001,4,business,False
C04341,Sneha Nigam,Amritsar,700001,2,homemaker,True
C04342,Balveer Varma,Nagercoil,500002,5,business,False
C04343,Onveer Dhaliwal,Dibrugarh,110002,4,salaried,False
C04344,Triya Gour,Miryalaguda,110001,3,student,False
C04345,Arin Mangat,Ambattur,500002,3,homemaker,False
C04346,Bina Kakar,Bardhaman,560001,6,student,True
C04347,Qabil Choudhary,Sikar,110002,3,business,False
C04348,Saumya Vora,Jalgaon,600002,1,business,False
C04349,Aarna Boase,Bhind,600002,4,homemaker,False
C04350,Jeet Ghosh,Udupi,110002,7,salaried,False
C04351,Upkaar Sundaram,Sultan Pur Majra,700001,7,business,True
C04352,Harish Sunder,Raipur,700001,2,salaried,True
C04353,Frederick Tripathi,Gandhidham,700001,3,business,True
C04354,Jeremiah Varkey,Nanded,110001,6,business,False
C04355,Jalsa Hayre,Tadipatri,226001,6,salaried,True
C04356,Chakradhar Dhar,Kurnool,110001,3,salaried,False
C04357,Falan Issac,Jamnagar,500003,1,business,False
C04358,Damini Korpal,Tiruppur,500001,6,salaried,False
C04359,Bhanumati Sundaram,Tinsukia,110002,7,salaried,False
C04360,Lekha Varughese,Jalgaon,600001,2,student,False
C04361,Dhruv Sridhar,Ambala,500001,4,salaried,False
C04362,Orinder Raj,Gaya,560001,5,business,True
C04363,Panini Jayaraman,Ballia,110001,1,homemaker,False
C04364,Eiravati Chaudhry,Jhansi,110001,6,salaried,False
C04365,Panini Pal,Ajmer,500002,4,salaried,False
C04366,Falan Oza,Madanapalle,500001,5,business,False
C04367,Isha Kothari,Amravati,500002,3,student,False
C04368,Tejas Grover,Ambarnath,600001,3,homemaker,False
C04369,Nicholas Varkey,Siwan,500002,2,homemaker,False
C04370,Indira Shah,Darbhanga,500001,5,student,False
C04371,Aishani Pathak,Bhopal,110002,3,salaried,False
C04372,Warhi Mitter,Kulti,560001,3,salaried,True
C04373,Idika Nigam,Shahjahanpur,110001,7,salaried,False
C04374,Chakradhar Sani,Gorakhpur,600001,6,salaried,False
C04375,Ekbal Sarraf,Gudivada,110001,2,student,False
C04376,Kritika Sibal,Dehradun,500003,4,business,False
C04377,Zaid Anne,Bidhannagar,560001,3,salaried,True
C04378,Laban Malhotra,Chandrapur,226001,7,student,True
C04379,Brinda Borra,Rewa,500002,1,salaried,False
C04380,Dipta Kanda,North Dumdum,600002,1,salaried,False
C04381,Mohini Kapur,Nandyal,500001,4,business,False
C04382,Vritti Yohannan,Navi Mumbai,110001,5,salaried,False
C04383,Faqid Lala,Mangalore,500002,2,salaried,False
C04384,Ira Gour,Bahraich,600001,7,salaried,False
C04385,Nandini Raj,Nizamabad,110001,6,salaried,False
C04386,Rishi Sangha,Avadi,226001,7,student,True
C04387,Ria Mandal,Pimpri-Chinchwad,560001,1,homemaker,True
C04388,Zayyan Shukla,Miryalaguda,560001,1,salaried,True
C04389,Harrison Chad,Kishanganj,110001,4,salaried,False
C04390,Ubika Sundaram,Solapur,600001,5,student,False
C04391,Wyatt Oza,Mahbubnagar,560001,5,homemaker,True
C04392,Zaitra Saini,Raurkela Industrial Township,560001,4,salaried,True
C04393,Warhi Chacko,Sri Ganganagar,226001,7,salaried,True
C04394,Megha Mahajan,Morbi,500001,1,student,False
C04395,Banjeet Sabharwal,Firozabad,600001,7,business,False
C04396,Anmol Malhotra,Bhilai,600001,7,salaried,False
C04397,Bhavani Tiwari,Udupi,110002,2,business,False
C04398,Vasatika Mohan,Bally,110002,1,salaried,False
C04399,Rudra Deol,Bokaro,560001,5,business,True
C04400,Shivani Kapur,Farrukhabad,600002,6,business,False
C04401,Tamanna Keer,Katihar,110002,7,homemaker,False
C04402,Tristan Mistry,Kolkata,560001,1,business,True
C04403,Ekbal Din,Ludhiana,700001,7,salaried,True
C04404,Anjali Mohan,Tinsukia,500003,2,salaried,False
C04405,Ishwar Johal,Mau,500003,3,homemaker,False
C04406,Kashish Saxena,Dehradun,600001,1,salaried,False
C04407,Veda Bumb,Guntur,600002,4,salaried,False
C04408,Devansh Goswami,Kakinada,226001,3,salaried,True
C04409,Xavier Date,Kadapa,500001,7,student,False
C04410,Indira Chopra,Nagercoil,110002,4,business,False
C04411,Kala Sarraf,Danapur,700001,4,salaried,True
C04412,Gaurika Murty,Bhatpara,560001,4,salaried,True
C04413,Tanvi Dar,Kavali,600002,1,homemaker,False
C04414,Tamanna Dua,Hubli–Dharwad,600001,5,business,False
C04415,Kalpit Tandon,Pali,110002,7,student,False
C04416,Odika Sathe,Faridabad,600002,3,homemaker,False
C04417,Dominic Dutt,Karimnagar,110002,2,homemaker,False
C04418,Utkarsh Narayanan,Pune,500001,5,salaried,False
C04419,Hemang Datta,Sonipat,500001,7,homemaker,False
C04420,Lopa Chatterjee,Dhule,226001,1,salaried,True
C04421,Dakshesh Sankar,Rajahmundry,500003,4,salaried,False
C04422,Ria Peri,Amroha,500002,2,homemaker,False
C04423,Ryan Dave,Dehri,500002,7,salaried,False
C04424,Adweta Raju,Bhusawal,110002,3,salaried,False
C04425,Hitesh Krishna,Bardhaman,226001,7,salaried,True
C04426,Elijah Shroff,Bhiwani,500002,5,business,False
C04427,Reva Sood,Bhopal,600001,6,salaried,False
C04428,Tanveer Kant,Kulti,500002,5,student,False
C04429,Luke Mody,Anand,110001,7,homemaker,False
C04430,Upma Cherian,Kumbakonam,560001,2,business,True
C04431,Vasatika Sami,Fatehpur,226001,7,salaried,True
C04432,Alexander Kaur,Katihar,600001,7,homemaker,False
C04433,Turvi Vohra,Panchkula,600002,1,salaried,False
C04434,Manthan Bhattacharyya,Avadi,600001,3,salaried,False
C04435,Ranbir Barad,Satara,500003,2,salaried,False
C04436,Anvi Mukhopadhyay,Jalna,600002,7,business,False
C04437,Deepa Saha,Durg,700001,4,salaried,True
C04438,Chanakya Gopal,Haldia,560001,3,salaried,True
C04439,Reva Bahri,Khandwa,560001,5,salaried,True
C04440,Kavya Ramakrishnan,Kalyan-Dombivli,560001,2,salaried,True
C04441,Pavani Chaudhari,Jaipur,560001,5,business,True
C04442,Triveni Pall,Kolhapur,110002,7,student,False
C04443,Ayush Tara,Amravati,560001,5,student,True
C04444,Wriddhish Char,Raebareli,560001,5,salaried,True
C04445,Lakshmi Puri,Kolkata,560001,1,salaried,True
C04446,Zaid Choudhury,Tadipatri,226001,5,homemaker,True
C04447,Tanay Sethi,Korba,110002,4,salaried,False
C04448,Ria Chandran,Gwalior,500001,4,homemaker,False
C04449,Dev Gola,Guwahati,600001,3,salaried,False
C04450,Charvi Golla,Nagercoil,600001,7,homemaker,False
C04451,Rehaan Mukherjee,Bijapur,600002,6,salaried,False
C04452,Yadavi Acharya,Raipur,226001,5,salaried,True
C04453,Damini Jain,New Delhi,110001,5,student,False
C04454,Gunbir Biswas,Tiruchirappalli,600001,2,business,False
C04455,Adya Sant,Aurangabad,500002,1,salaried,False
C04456,Chatura Prashad,Sirsa,110001,6,business,False
C04457,Hemang Sachdev,Bettiah,560001,3,student,True
C04458,Warjas Sangha,Tiruppur,560001,6,salaried,True
C04459,Mekhala Gola,Munger,110002,5,salaried,False
C04460,Saanvi Basak,Buxar,110001,2,business,False
C04461,Benjamin Sethi,Srinagar,500002,7,salaried,False
C04462,Abhimanyu Saraf,Rewa,110002,1,business,False
C04463,Thomas Shukla,Narasaraopet,600002,7,salaried,False
C04464,Aayush Chowdhury,Ludhiana,110001,3,salaried,False
C04465,Jai Dhar,Amaravati,226001,6,salaried,True
C04466,Shivani Palla,Anantapuram,560001,3,business,True
C04467,Sai Chawla,Ujjain,560001,5,salaried,True
C04468,Yashvi Narula,Rajpur Sonarpur,500003,3,salaried,False
C04469,Daksha Sem,New Delhi,110002,7,salaried,False
C04470,Dhruv Varkey,Fatehpur,500001,2,homemaker,False
C04471,Bishakha Shah,Medininagar,500001,3,salaried,False
C04472,Warinder Shetty,Dindigul,110002,4,student,False
C04473,Jackson Mani,Vadodara,226001,2,salaried,True
C04474,Manthan Korpal,Bettiah,700001,6,salaried,True
C04475,Alka Mallick,Jamnagar,110002,1,business,False
C04476,Daksh Sankaran,Hazaribagh,226001,1,business,True
C04477,Henry Kari,Chandrapur,600002,5,homemaker,False
C04478,Harinakshi Vala,Morena,560001,5,homemaker,True
C04479,Pahal Bhattacharyya,Karawal Nagar,500002,4,student,False
C04480,Zilmil Banerjee,Hubli–Dharwad,700001,6,business,True
C04481,Varenya Patil,Bhind,110001,7,business,False
C04482,Chaaya Lall,Deoghar,700001,1,salaried,True
C04483,Advaith Nair,Raipur,500002,1,homemaker,False
C04484,Lakshit Keer,Dhanbad,500003,1,business,False
C04485,Yutika Srinivas,Aurangabad,560001,7,business,True
C04486,Jeevika Kalla,Kishanganj,500001,1,salaried,False
C04487,Harshil Acharya,Patna,226001,3,salaried,True
C04488,Tanmayi Dhar,Amaravati,110002,6,homemaker,False
C04489,Yashica Solanki,Bhind,110002,2,salaried,False
C04490,Gavin Parsa,Kamarhati,500001,2,salaried,False
C04491,Viraj Karan,Rohtak,700001,4,salaried,True
C04492,Gaurika Nanda,Dhanbad,560001,3,student,True
C04493,Shravya Munshi,Yamunanagar,600001,1,salaried,False
C04494,Upkaar Bal,Bharatpur,226001,1,student,True
C04495,Urishilla Dasgupta,Ahmedabad,600002,5,salaried,False
C04496,Madhavi Barman,Alappuzha,500002,5,homemaker,False
C04497,Tarak Buch,Khandwa,700001,4,student,True
C04498,Gabriel Sodhi,Aurangabad,110001,1,salaried,False
C04499,Vritti Som,Gopalpur,500003,4,business,False
C04500,Advika Palla,Danapur,110002,3,salaried,False
C04501,Jyoti Kade,Sambalpur,700001,2,salaried,True
C04502,Omisha Saraf,Ballia,500003,1,homemaker,False
C04503,Azad Rana,Meerut,500002,6,salaried,False
C04504,Theodore Sekhon,Barasat,110002,7,salaried,False
C04505,Aahana Mittal,Jamshedpur,110002,3,salaried,False
C04506,Upasna Kata,Machilipatnam,600001,1,salaried,False
C04507,Anika Sheth,Begusarai,700001,7,homemaker,True
C04508,Harrison Arya,Phagwara,560001,6,salaried,True
C04509,Nitara Thakkar,South Dumdum,500001,5,homemaker,False
C04510,Ekansh Mannan,Dewas,500001,4,homemaker,False
C04511,Arin Sharma,Raurkela Industrial Township,600002,5,salaried,False
C04512,Arunima Shah,Guntur,110001,2,salaried,False
C04513,Yahvi Krish,Nagpur,500003,5,homemaker,False
C04514,Mohammed Kala,Morena,700001,1,salaried,True
C04515,Sneha Pandit,Mathura,226001,6,salaried,True
C04516,Vedhika Dayal,Vadodara,110001,5,salaried,False
C04517,Reva Dhaliwal,Hyderabad,600001,1,business,False
C04518,Arjun Choudhry,Surendranagar Dudhrej,110002,2,student,False
C04519,Zinal Mahal,Gaya,560001,7,salaried,True
C04520,Turvi Swaminathan,Bhind,700001,6,salaried,True
C04521,Hritik Sengupta,Madhyamgram,110001,5,homemaker,False
C04522,Sathvik Bora,Avadi,110001,4,student,False
C04523,Nandini Narayan,Morbi,560001,4,business,True
C04524,Timothy Nagarajan,Hazaribagh,600002,6,student,False
C04525,Brinda Deol,Bareilly,500003,4,salaried,False
C04526,Rishi Nair,Korba,500003,5,student,False
C04527,Diya Palan,Mehsana,110001,5,salaried,False
C04528,Omaja Om,Guntur,500002,6,salaried,False
C04529,Tara Seth,Mira-Bhayandar,110001,5,student,False
C04530,Siddharth Gola,Mahbubnagar,110001,7,salaried,False
C04531,Fariq Rout,Mira-Bhayandar,560001,1,homemaker,True
C04532,Ekalinga Shroff,Bilaspur,110002,2,salaried,False
C04533,Christopher Ramakrishnan,Gangtok,560001,7,homemaker,True
C04534,Pranit Dugar,Gurgaon,700001,7,homemaker,True
C04535,Sachi Natt,Faridabad,110001,4,salaried,False
C04536,Aryan Jha,Panihati,500003,1,student,False
C04537,Dominic Mishra,New Delhi,226001,6,salaried,True
C04538,Indrajit Naidu,Kota,500003,4,homemaker,False
C04539,Ethan Som,Kurnool,500001,1,business,False
C04540,Manthan Saxena,Raiganj,600002,5,student,False
C04541,Vansha Dara,Hosur,600001,6,business,False
C04542,Gayathri Kohli,Nagaon,700001,6,salaried,True
C04543,Harsh Choudhury,Kakinada,700001,4,salaried,True
C04544,Naveen Bail,Hosur,600002,5,salaried,False
C04545,Umang Amble,Pune,226001,4,student,True
C04546,Udyati Wason,Imphal,600001,3,business,False
C04547,Varsha Sunder,Maheshtala,110002,1,business,False
C04548,Saumya Khatri,Nadiad,110001,3,salaried,False
C04549,Neha Parmer,Nagpur,600001,1,business,False
C04550,Qadim Wable,Uluberia,226001,2,salaried,True
C04551,Chaitanya Peri,Imphal,500002,7,student,False
C04552,Urvi Reddy,Howrah,500001,6,homemaker,False
C04553,Tanish Keer,Madanapalle,600001,4,salaried,False
C04554,Kabir Mitter,Kollam,600001,2,salaried,False
C04555,Wahab Mahajan,Sirsa,500001,2,salaried,False
C04556,Mekhala Doshi,Belgaum,110001,6,business,False
C04557,Aarna Bhatia,Tiruppur,600001,6,business,False
C04558,Aditya Rau,Bokaro,500001,1,student,False
C04559,Triveni Dutt,Dhule,500001,3,salaried,False
C04560,Qushi Upadhyay,Jalgaon,500001,5,student,False
C04561,Suhani Dutta,Mira-Bhayandar,560001,1,business,True
C04562,Raghav Muni,Bikaner,226001,5,salaried,True
C04563,Viraj Kumar,Chennai,560001,2,business,True
C04564,Bahadurjit Lata,Muzaffarnagar,500002,5,salaried,False
C04565,Rudra Tailor,Mumbai,110002,3,business,False
C04566,Mohammed Nagi,Shimoga,560001,1,homemaker,True
C04567,Kabir Cheema,Kirari Suleman Nagar,560001,6,salaried,True
C04568,Baghyawati Bhatt,Sultan Pur Majra,226001,3,student,True
C04569,Vasana Hayer,Ramagundam,110002,7,business,False
C04570,Krisha Lalla,Khammam,600002,3,salaried,False
C04571,Ansh Bala,Haldia,500001,7,business,False
C04572,Faraj Bhandari,Madhyamgram,700001,1,business,True
C04573,Ira Keer,Thrissur,110002,6,salaried,False
C04574,Qadim Nanda,Farrukhabad,500002,3,salaried,False
C04575,Vasudha Kamdar,Secunderabad,110001,7,salaried,False
C04576,Vamakshi Jani,Bijapur,500002,6,salaried,False
C04577,Siya Naik,Bardhaman,500001,4,salaried,False
C04578,Wahab Rattan,Belgaum,110002,4,salaried,False
C04579,Isaiah Khalsa,Shimoga,500002,4,salaried,False
C04580,Faras Bhakta,Panihati,500002,5,homemaker,False
C04581,Praneel Pandit,Singrauli,600002,3,salaried,False
C04582,Gopal Palla,Sri Ganganagar,600002,1,student,False
C04583,Mohini Chauhan,Panihati,110002,1,business,False
C04584,Ishita Narayan,Mau,500001,5,student,False
C04585,Balvan Khare,Malda,560001,1,salaried,True
C04586,Eesha Tak,Gudivada,500003,7,homemaker,False
C04587,Victor Kohli,Nagercoil,600001,4,business,False
C04588,Urmi Barman,Vasai-Virar,700001,3,student,True
C04589,Akshay Chopra,Bally,600001,1,salaried,False
C04590,Tanmayi Gala,Vijayawada,226001,1,salaried,True
C04591,Harshil Dhingra,Khora ,600002,2,business,False
C04592,Ubika Mittal,Satara,110002,2,salaried,False
C04593,Balendra Cherian,Satna,600001,2,business,False
C04594,Hemal Dugal,Madanapalle,500001,3,salaried,False
C04595,Hamsini Thakur,Panvel,700001,4,business,True
C04596,Rayaan Kumar,Hazaribagh,600001,6,homemaker,False
C04597,Thomas Shenoy,Bathinda,700001,4,business,True
C04598,Vansha Varughese,Bharatpur,110001,4,student,False
C04599,Finn More,Thrissur,500001,3,business,False
C04600,Wishi Sharaf,Ghaziabad,500003,7,business,False
C04601,Bhanumati Yohannan,Giridih,500002,7,homemaker,False
C04602,Sara Dhawan,Darbhanga,700001,3,homemaker,True
C04603,Jonathan Gaba,Visakhapatnam,500001,2,student,False
C04604,Robert Lala,Kalyan-Dombivli,700001,1,salaried,True
C04605,Fitan Dara,Lucknow,700001,5,business,True
C04606,Ranveer Dara,Bijapur,560001,5,salaried,True
C04607,Nihal Vasa,Haridwar,560001,6,salaried,True
C04608,Noah Borra,Madanapalle,500001,1,business,False
C04609,Manthan Buch,Madurai,560001,6,student,True
C04610,Siya Gade,Amritsar,226001,2,homemaker,True
C04611,Aayush Aurora,Arrah,500003,6,salaried,False
C04612,Hemangini Chauhan,Berhampur,110002,1,salaried,False
C04613,Vritti Madan,Guwahati,500001,1,homemaker,False
C04614,Mohammed Oommen,Navi Mumbai,500001,5,salaried,False
C04615,Ojas Mall,Rewa,226001,7,business,True
C04616,Rushil Hayre,Kolhapur,600002,2,salaried,False
C04617,Chameli Krishnan,Bhiwani,600002,3,salaried,False
C04618,Brijesh Radhakrishnan,Satara,560001,6,homemaker,True
C04619,Avni Balay,Amroha,110002,5,salaried,False
C04620,Anay Muni,Madhyamgram,560001,6,salaried,True
C04621,Omisha Ratti,Karimnagar,110001,6,salaried,False
C04622,Jeet Bajwa,Bathinda,110001,3,homemaker,False
C04623,Adya Dugar,Warangal,500002,2,homemaker,False
C04624,Caleb Mital,Junagadh,110001,1,salaried,False
C04625,Vivaan Mutti,Jodhpur,600002,4,salaried,False
C04626,Ikshita Sanghvi,Ongole,500003,6,business,False
C04627,Advika Chana,Haldia,110001,4,salaried,False
C04628,Xavier Rama,Vellore,560001,2,business,True
C04629,Jasmit Kapadia,Siliguri,700001,4,salaried,True
C04630,Dhriti Badal,Kochi,500001,6,salaried,False
C04631,Rishi Prashad,Ambala,500003,3,business,False
C04632,Jonathan Kapadia,Durg,500003,4,salaried,False
C04633,Nathan Setty,Shahjahanpur,560001,2,homemaker,True
C04634,Chameli Aurora,Pimpri-Chinchwad,500001,2,salaried,False
C04635,Amrita Johal,Raipur,600002,7,salaried,False
C04636,Rehaan Mody,Bhatpara,500003,7,homemaker,False
C04637,Sai Sule,Tiruvottiyur,500002,3,salaried,False
C04638,Chandani Krishnamurthy,Junagadh,560001,4,student,True
C04639,Mason Parikh,Buxar,500003,4,salaried,False
C04640,Gagan Muni,Jabalpur,110002,7,business,False
C04641,Oeshi Krish,Sangli-Miraj & Kupwad,500001,1,student,False
C04642,Chakradhar Lad,Dehradun,110001,5,salaried,False
C04643,Qasim Grewal,Ranchi,500003,2,student,False
C04644,Abhiram Kata,Amaravati,560001,1,business,True
C04645,Peter Natt,Gandhinagar,110001,2,salaried,False
C04646,Deepa Rana,Hosur,500002,1,business,False
C04647,David Ranganathan,Nagercoil,110001,7,business,False
C04648,Vasana Sane,Bhopal,110002,7,salaried,False
C04649,Theodore Dora,Ozhukarai,600002,5,salaried,False
C04650,Sachi Buch,Saharsa,500003,1,salaried,False
C04651,Adya Yadav,Singrauli,600001,2,salaried,False
C04652,Janya Sachdev,Ujjain,600001,4,student,False
C04653,Harini Jain,Mathura,110001,2,business,False
C04654,Krishna Bath,Saharsa,226001,6,homemaker,True
C04655,Vasatika Ranganathan,Sultan Pur Majra,500001,7,salaried,False
C04656,Kashish Dani,Chapra,600001,3,salaried,False
C04657,Matthew Lalla,Nizamabad,226001,3,student,True
C04658,Chameli Bawa,Kollam,600001,7,business,False
C04659,Advaith Kakar,Bardhaman,226001,6,business,True
C04660,Girindra Goyal,Sasaram,500001,3,salaried,False
C04661,Theodore Issac,Jammu,700001,7,salaried,True
C04662,Yadavi Dar,Kirari Suleman Nagar,600001,3,salaried,False
C04663,Avi Toor,Asansol,110002,7,homemaker,False
C04664,Ekavir Jani,Muzaffarpur,500003,5,salaried,False
C04665,Omisha Nigam,Madhyamgram,226001,4,homemaker,True
C04666,Owen Raju,Parbhani,500003,4,business,False
C04667,Arjun Suri,Silchar,560001,2,salaried,True
C04668,Reyansh Naidu,Faridabad,560001,6,business,True
C04669,Yashoda Mahajan,Madurai,500001,7,student,False
C04670,Bimala Mangat,Bidhannagar,226001,1,homemaker,True
C04671,Vamakshi Loyal,Mumbai,500002,2,salaried,False
C04672,Onkar Bora,Medininagar,560001,2,salaried,True
C04673,Rishi Gala,Jamalpur,500001,7,salaried,False
C04674,Pavani Pillai,Panchkula,560001,7,salaried,True
C04675,Prisha Chada,Gandhidham,560001,2,business,True
C04676,Gautam Samra,Dehri,500002,2,homemaker,False
C04677,Alexander Parikh,Guwahati,600001,4,salaried,False
C04678,Gaurang Naidu,Yamunanagar,110001,1,student,False
C04679,Nidra Balay,Sikar,700001,2,business,True
C04680,Vasudha Chahal,Bellary,560001,4,salaried,True
C04681,Forum Guha,Ludhiana,560001,2,salaried,True
C04682,Aadi Anand,Anantapur,110002,3,student,False
C04683,Ethan Tandon,Ongole,700001,2,homemaker,True
C04684,Gagan Narain,Panvel,500002,7,business,False
C04685,Mohammed Palla,Jamalpur,500003,6,salaried,False
C04686,Nikita Dhar,Jamnagar,226001,6,salaried,True
C04687,Mitesh Tiwari,Patiala,560001,2,salaried,True
C04688,Isaac Gola,Madurai,110001,5,business,False
C04689,Guneet Gill,Rourkela,226001,3,student,True
C04690,Benjamin Kanda,Fatehpur,700001,1,salaried,True
C04691,Samaksh Grover,Dhanbad,226001,2,student,True
C04692,Edhitha Borra,Purnia,600001,1,business,False
C04693,Hardik Dayal,Ranchi,560001,3,business,True
C04694,Vinaya Sant,Nashik,226001,2,homemaker,True
C04695,Vedika Chaudhry,Farrukhabad,500003,5,salaried,False
C04696,Advaith Sangha,Raipur,500003,4,homemaker,False
C04697,Zaitra Mitra,Guna,560001,5,salaried,True
C04698,Tripti Deshmukh,Hapur,600002,7,salaried,False
C04699,Xavier Hayer,Panihati,500003,5,homemaker,False
C04700,Amara Tripathi,Nagercoil,226001,4,homemaker,True
C04701,Gauri Ahuja,Guna,500001,7,business,False
C04702,Aditya Gokhale,Ajmer,500003,4,business,False
C04703,Fariq Batra,Siliguri,700001,6,student,True
C04704,Girik Gulati,Kavali,600002,4,student,False
C04705,Charvi Sunder,Nanded,226001,2,salaried,True
C04706,Hritik Raj,Panihati,500002,1,student,False
C04707,Chakrika Sur,Howrah,110002,6,business,False
C04708,Harinakshi Dalal,Purnia,500002,6,business,False
C04709,Anika Bawa,Kavali,600001,1,salaried,False
C04710,Bachittar Krish,Haldia,110002,6,business,False
C04711,Chasmum Raghavan,Jamalpur,600001,4,homemaker,False
C04712,Gaurika Baral,Sambalpur,110002,5,business,False
C04713,Zarna Bail,Karimnagar,110002,3,homemaker,False
C04714,Qushi Padmanabhan,Hazaribagh,500001,4,salaried,False
C04715,Anay Cherian,Kota,110001,7,student,False
C04716,Jagrati Grewal,Sonipat,700001,7,student,True
C04717,Vihaan Vyas,Shivpuri,500002,5,business,False
C04718,Naveen Dara,Kolkata,500003,5,business,False
C04719,Warhi Choudhury,Bettiah,226001,6,business,True
C04720,Kiaan Goel,Lucknow,600002,2,homemaker,False
C04721,Teerth Ahuja,Amroha,700001,2,student,True
C04722,Eshana Dash,Malegaon,600001,6,salaried,False
C04723,Ati Dara,Korba,500001,6,student,False
C04724,Ekiya Subramanian,Bharatpur,600001,1,salaried,False
C04725,Maya Saraf,Dhanbad,110001,1,salaried,False
C04726,Champak Hayre,Shimoga,600002,3,homemaker,False
C04727,Raagini Nori,Tezpur,500001,3,salaried,False
C04728,Chandran Babu,Srikakulam,600001,3,student,False
C04729,Qarin Walia,Sasaram,110001,3,salaried,False
C04730,Manthan Nagarajan,Sambalpur,226001,5,salaried,True
C04731,Zayyan Aggarwal,Kanpur,226001,5,business,True
C04732,Hemal Dash,Ambarnath,600001,1,salaried,False
C04733,Robert Saran,Meerut,700001,2,student,True
C04734,Ubika Saini,Danapur,600002,6,salaried,False
C04735,Daksh Rau,Bangalore,560001,7,salaried,True
C04736,Aryan Arya,Ajmer,700001,2,salaried,True
C04737,Pavani Doctor,Dehri,226001,4,salaried,True
C04738,Osha Patla,Belgaum,600002,5,student,False
C04739,Devika Sharma,Bilaspur,110001,3,salaried,False
C04740,Warinder Baral,Srikakulam,500001,3,business,False
C04741,Urishilla Rout,Haridwar,110002,4,homemaker,False
C04742,Vritti Rastogi,Dhule,600001,2,business,False
C04743,Amol Ravi,Khora ,500002,3,student,False
C04744,Pavani Baria,Bhagalpur,600002,2,salaried,False
C04745,Sai Subramanian,Kavali,500003,6,salaried,False
C04746,Lopa Vyas,Saharsa,110001,4,homemaker,False
C04747,Ucchal Pandit,Rajpur Sonarpur,560001,7,student,True
C04748,Abhimanyu Bhandari,Orai,110002,2,business,False
C04749,Brinda Wadhwa,Akola,500003,6,business,False
C04750,Radha Reddy,Ratlam,560001,2,salaried,True
C04751,Ekavir Warrior,Kalyan-Dombivli,500002,2,salaried,False
C04752,Charita Sampath,Rajpur Sonarpur,226001,3,student,True
C04753,Akshay Goda,Gulbarga,700001,1,business,True
C04754,Leena Sharaf,Aizawl,600001,5,business,False
C04755,Dhruv Kaur,Kanpur,500001,2,homemaker,False
C04756,Tara Kade,Rourkela,560001,2,salaried,True
C04757,Gagan Kumer,Burhanpur,110002,2,salaried,False
C04758,Anya Pandya,Malda,600002,1,homemaker,False
C04759,Praneel Gera,Orai,226001,6,student,True
C04760,Balhaar Mallick,Karimnagar,600002,7,business,False
C04761,Vidhi Dugar,Kochi,110002,7,salaried,False
C04762,Samar Kurian,Bathinda,600002,4,salaried,False
C04763,Bhavini Thakur,Serampore,560001,3,business,True
C04764,Girindra Sarraf,Baranagar,110001,1,salaried,False
C04765,Suhani Varty,Tadipatri,600002,6,student,False
C04766,Vedika Sangha,Bardhaman,700001,2,homemaker,True
C04767,Gauri Nadig,Rampur,500002,6,student,False
C04768,Gunbir Desai,Bardhaman,500001,1,salaried,False
C04769,Forum Koshy,Nizamabad,560001,1,student,True
C04770,Samar Bedi,Dewas,500003,1,salaried,False
C04771,Anvi Gade,Akola,110002,4,salaried,False
C04772,Unnati Bahl,Pimpri-Chinchwad,226001,5,salaried,True
C04773,Udarsh Manne,Jalandhar,560001,3,salaried,True
C04774,Advika Sahota,Amritsar,110001,4,homemaker,False
C04775,Balvan Basu,Thane,226001,4,salaried,True
C04776,Manthan Dugal,Firozabad,700001,5,salaried,True
C04777,Hamsini Vora,Surat,110002,4,homemaker,False
C04778,Devansh Kamdar,Vellore,226001,1,salaried,True
C04779,Anjali Tank,Khora ,600002,1,student,False
C04780,Baljiwan Som,Mumbai,560001,6,salaried,True
C04781,Kashvi Bose,Ghaziabad,500002,2,salaried,False
C04782,Farhan Guha,Parbhani,110002,4,homemaker,False
C04783,Gauri Kanda,Sambhal,600001,2,salaried,False
C04784,Vasana Malhotra,Jalandhar,700001,3,business,True
C04785,Agastya Issac,Nandyal,500001,7,salaried,False
C04786,Yash Loyal,Bhind,110002,1,salaried,False
C04787,Zashil Parmar,Buxar,110001,6,salaried,False
C04788,Atharv Wadhwa,Solapur,560001,3,salaried,True
C04789,Peter Devi,Thiruvananthapuram,600002,6,salaried,False
C04790,Deepa Rao,Kozhikode,500001,7,student,False
C04791,Adya Maharaj,Ulhasnagar,500001,7,business,False
C04792,Nidhi Kar,Rewa,700001,5,salaried,True
C04793,Tripti Sani,Latur,226001,1,salaried,True
C04794,Sneha Sidhu,Bongaigaon,110001,3,homemaker,False
C04795,Aadi Srivastava,Dhanbad,226001,5,homemaker,True
C04796,Ridhi Dalal,Amroha,600002,7,student,False
C04797,Manan Morar,Ratlam,500001,3,homemaker,False
C04798,Amol Hayer,Amravati,110001,6,salaried,False
C04799,Manthan Bhagat,Chapra,110001,5,salaried,False
C04800,Nathaniel Anand,Pallavaram,500003,5,business,False
C04801,Parth Palla,Kottayam,560001,1,business,True
C04802,Chaaya Vohra,Kota,500001,2,business,False
C04803,Hredhaan Solanki,Cuttack,500001,6,salaried,False
C04804,Yashica Nayak,Belgaum,110001,6,homemaker,False
C04805,Hemang Buch,Aurangabad,226001,5,student,True
C04806,Chavvi Kade,Kolhapur,500001,5,salaried,False
C04807,Ati Solanki,Rourkela,110001,1,student,False
C04808,Samuel Parmar,Hajipur,500001,2,salaried,False
C04809,Owen Mannan,Rajpur Sonarpur,110001,6,salaried,False
C04810,Avni Bir,Visakhapatnam,500003,7,salaried,False
C04811,Sachi Barad,Ambarnath,560001,4,salaried,True
C04812,Darpan Hayer,Indore,110001,4,salaried,False
C04813,Radhika Ratti,Gangtok,500001,2,student,False
C04814,Omisha D’Alia,Hapur,600002,3,salaried,False
C04815,Jacob Sarma,Bhilai,560001,1,business,True
C04816,Teerth Sridhar,Tirunelveli,500003,2,salaried,False
C04817,Vedant Nayar,Amritsar,110001,4,salaried,False
C04818,Adweta Dhaliwal,Coimbatore,600002,5,homemaker,False
C04819,Divya Panchal,Thiruvananthapuram,110001,4,business,False
C04820,Aryan Kala,Buxar,226001,5,homemaker,True
C04821,Odika Patel,Siliguri,500001,1,homemaker,False
C04822,Abhiram Halder,Korba,110002,5,salaried,False
C04823,Om Peri,Vadodara,700001,2,salaried,True
C04824,Pushti Rajagopal,Rampur,500002,5,homemaker,False
C04825,Jack Oommen,Hospet,226001,3,homemaker,True
C04826,Nihal Vohra,Bhilwara,600002,2,business,False
C04827,Fariq Palla,Rohtak,226001,1,student,True
C04828,Gaurav Kaur,Nagaon,600001,2,student,False
C04829,Pavani Hayre,Machilipatnam,110001,3,salaried,False
C04830,Hema Borra,Ichalkaranji,110001,1,business,False
C04831,Yagnesh Khosla,Belgaum,500002,4,student,False
C04832,Advika Rastogi,Amravati,500002,3,business,False
C04833,Hitesh Hans,Akola,600001,1,salaried,False
C04834,Hemangini Bhagat,Aurangabad,500001,7,salaried,False
C04835,Faraj Wagle,Kottayam,700001,5,salaried,True
C04836,Dalaja Sathe,Vijayawada,110002,2,salaried,False
C04837,Laban Peri,Dehri,110002,1,homemaker,False
C04838,Wishi Bawa,Karaikudi,500003,2,salaried,False
C04839,Aarini Nanda,Gandhinagar,500003,5,salaried,False
C04840,Faris Bhat,Tezpur,500001,1,salaried,False
C04841,Sneha Tailor,Firozabad,500003,4,business,False
C04842,Henry Khurana,Mehsana,500003,7,business,False
C04843,Laban Ahuja,Panchkula,600001,7,salaried,False
C04844,Pooja Goswami,Bihar Sharif,600001,3,salaried,False
C04845,Hamsini Nigam,Danapur,500003,1,salaried,False
C04846,Pahal Comar,Aizawl,226001,5,business,True
C04847,Hema Parsa,Bhimavaram,560001,1,salaried,True
C04848,Harita Bhat,Anantapuram,560001,2,homemaker,True
C04849,Bhavani Kala,Shivpuri,500001,6,business,False
C04850,Priya Srinivas,Bardhaman,110002,1,salaried,False
C04851,Luke Mohan,Ghaziabad,500002,7,student,False
C04852,Balendra Comar,Haridwar,500001,7,salaried,False
C04853,Anmol Ghose,Avadi,500003,7,business,False
C04854,Manbir Bumb,Mirzapur,600001,4,salaried,False
C04855,Daniel Parmar,Thoothukudi,110001,1,business,False
C04856,Mugdha Hans,Belgaum,226001,3,student,True
C04857,Yuvraj Khare,Bangalore,600002,1,homemaker,False
C04858,Balvan Agate,Noida,600001,6,salaried,False
C04859,Widisha Chaudhuri,Kirari Suleman Nagar,560001,7,salaried,True
C04860,Megha Grover,Howrah,600001,2,business,False
C04861,Faras Shukla,Agartala,226001,7,homemaker,True
C04862,Timothy Mody,Tinsukia,500002,1,homemaker,False
C04863,Sai Karpe,Panihati,500003,4,salaried,False
C04864,Yatan Goswami,Chennai,110001,5,salaried,False
C04865,Udant Bava,Jammu,560001,1,business,True
C04866,Kamya Sabharwal,Shahjahanpur,560001,1,salaried,True
C04867,Eiravati Oommen,Deoghar,700001,3,salaried,True
C04868,Madhavi Biswas,Bongaigaon,110002,4,salaried,False
C04869,Falan Bose,Thiruvananthapuram,500002,6,business,False
C04870,Oliver Loke,Kottayam,560001,5,homemaker,True
C04871,Eshana Dara,Sultan Pur Majra,110002,7,homemaker,False
C04872,Priya Korpal,Visakhapatnam,560001,2,salaried,True
C04873,Dayamai Wali,Jalgaon,500003,1,business,False
C04874,Faras Mukhopadhyay,Patiala,110002,6,homemaker,False
C04875,Sathvik Dhingra,Gangtok,226001,5,salaried,True
C04876,Amrita Aurora,Muzaffarnagar,700001,2,business,True
C04877,Rachita Bhatt,Panihati,500003,6,salaried,False
C04878,Ubika Rajagopalan,Hazaribagh,226001,4,salaried,True
C04879,Patrick Bera,Amravati,110001,4,salaried,False
C04880,Dhruv Saini,Shimoga,500002,5,salaried,False
C04881,Amara Muni,Belgaum,500002,7,business,False
C04882,Warjas Sridhar,Kanpur,600002,2,salaried,False
C04883,Kala Lata,Madanapalle,600002,4,salaried,False
C04884,Lavanya Dey,Durgapur,110002,5,salaried,False
C04885,Pratyush Jaggi,Parbhani,500002,4,homemaker,False
C04886,Daksha Zachariah,Aurangabad,110002,4,business,False
C04887,Krish Panchal,Gurgaon,600002,6,business,False
C04888,Sarthak Mammen,Thiruvananthapuram,110001,6,business,False
C04889,Isaac Vig,Tirunelveli,560001,4,salaried,True
C04890,Ridhi Bal,Dharmavaram,226001,3,salaried,True
C04891,Fiyaz Rai,Hajipur,600001,6,student,False
C04892,Triya Vaidya,Rourkela,110002,2,salaried,False
C04893,Baljiwan Raju,Berhampore,110001,5,salaried,False
C04894,Jai Bhandari,Hubli–Dharwad,226001,5,student,True
C04895,Yasti Bandi,Faridabad,500002,7,salaried,False
C04896,Ekiya Ghose,Begusarai,560001,2,salaried,True
C04897,Bhavika Cheema,Rajkot,226001,2,business,True
C04898,Watika Kanda,Muzaffarpur,700001,2,salaried,True
C04899,Hiral Sandal,Gaya,600002,7,student,False
C04900,Riya Bala,Cuttack,226001,2,business,True
C04901,Champak Choudhary,Mira-Bhayandar,600001,1,business,False
C04902,Chaitaly Kale,Nizamabad,110001,7,student,False
C04903,Nakul Saha,Jehanabad,560001,5,salaried,True
C04904,Ranbir De,Bhiwandi,500003,1,salaried,False
C04905,Viraj Sur,Tadepalligudem,226001,7,salaried,True
C04906,Ridhi Chaudhuri,Kalyan-Dombivli,500001,4,salaried,False
C04907,Meghana Edwin,Mangalore,600001,4,homemaker,False
C04908,Isha Sanghvi,Purnia,600001,5,student,False
C04909,Tara Khanna,Gorakhpur,500001,4,salaried,False
C04910,Ekantika Mukherjee,Vadodara,700001,2,salaried,True
C04911,Nimrat Raval,Mango,500003,7,salaried,False
C04912,Janya Naidu,Vellore,600002,1,salaried,False
C04913,Dalbir Dixit,Kota,110001,2,salaried,False
C04914,Udarsh Gour,Jorhat,560001,4,business,True
C04915,Ishani Sarin,Ramgarh,110001,6,homemaker,False
C04916,Balveer Dixit,Thiruvananthapuram,500003,1,student,False
C04917,Udant Chandra,Tezpur,110001,2,salaried,False
C04918,Yutika Sharaf,Varanasi,500001,7,salaried,False
C04919,Yashawini Mitter,Singrauli,600001,5,business,False
C04920,Brinda Kar,Suryapet,110001,2,student,False
C04921,Rajeshri Rout,Guna,110002,6,student,False
C04922,Yatin Solanki,Haridwar,226001,4,homemaker,True
C04923,Yochana Nagarajan,Ghaziabad,500003,1,business,False
C04924,Wazir Palla,Chinsurah,700001,5,business,True
C04925,Kashish Jaggi,Ramagundam,110002,1,salaried,False
C04926,Patrick Sridhar,Sikar,500001,5,business,False
C04927,Amaira Kapadia,Darbhanga,500002,7,salaried,False
C04928,Amara Modi,Jamshedpur,500001,1,salaried,False
C04929,Omkaar Yogi,Thoothukudi,700001,4,business,True
C04930,Sarthak Savant,Latur,700001,7,salaried,True
C04931,Ekani Dutt,Eluru,110002,7,salaried,False
C04932,Ekansh Arya,Bhilwara,226001,5,salaried,True
C04933,Saumya Nigam,Amravati,500003,3,salaried,False
C04934,Gaurika Ratti,Motihari,600002,1,salaried,False
C04935,Divya Patla,Fatehpur,600001,1,salaried,False
C04936,Michael Rattan,Giridih,110002,2,salaried,False
C04937,Turvi Mandal,Thrissur,700001,5,salaried,True
C04938,Darika Mann,Agra,500002,6,homemaker,False
C04939,Nicholas Toor,Ujjain,560001,3,salaried,True
C04940,Daksh Thakur,Ahmedabad,700001,4,salaried,True
C04941,Vyanjana Khosla,Burhanpur,226001,2,business,True
C04942,Maanav Prakash,Bhatpara,226001,3,homemaker,True
C04943,Rachana Dhawan,Anantapuram,700001,5,business,True
C04944,Omisha Wali,Bhubaneswar,226001,3,salaried,True
C04945,Mahika Kale,Karnal,110002,7,business,False
C04946,Nachiket Aurora,Rourkela,700001,1,student,True
C04947,Aarav Bajaj,Bhavnagar,700001,7,student,True
C04948,Ishwar Ram,Rewa,500003,1,business,False
C04949,Hiral Ben,Giridih,600001,2,homemaker,False
C04950,Vrishti Chhabra,Tiruchirappalli,500002,5,homemaker,False
C04951,Balveer Pau,Shivpuri,226001,5,business,True
C04952,Yug Luthra,Pali,500003,3,salaried,False
C04953,Ikshita Sunder,Gwalior,600002,2,business,False
C04954,Balendra Sachdeva,Sambalpur,600002,5,student,False
C04955,Girindra Ramaswamy,Mirzapur,110001,6,salaried,False
C04956,Chasmum Bala,Saharsa,110002,6,homemaker,False
C04957,Rohan Murthy,Rajahmundry,110002,7,salaried,False
C04958,Wishi Contractor,Jalandhar,500001,1,business,False
C04959,Falguni Venkatesh,Chapra,500002,3,homemaker,False
C04960,Mohini Naik,Udupi,700001,4,salaried,True
C04961,Advay Choudhry,Panipat,226001,1,business,True
C04962,Vrinda Taneja,Mira-Bhayandar,500002,2,salaried,False
C04963,Yashawini Kashyap,Orai,110001,5,salaried,False
C04964,Varenya Bhasin,Ambarnath,500001,1,salaried,False
C04965,Akshay Pandit,Sri Ganganagar,500003,4,salaried,False
C04966,Vanya Kalla,Berhampur,500002,4,salaried,False
C04967,Aarnav Bala,Loni,500003,6,homemaker,False
C04968,Anthony Raval,Kolhapur,600002,2,homemaker,False
C04969,Urvashi Parikh,Udupi,226001,1,salaried,True
C04970,Samuel Dara,Muzaffarnagar,110001,3,student,False
C04971,Chaitaly Srinivasan,Junagadh,700001,1,salaried,True
C04972,Saanvi Pau,Morena,226001,6,salaried,True
C04973,Omaja Bedi,Dewas,600001,7,salaried,False
C04974,Yahvi Palla,Panipat,110002,4,homemaker,False
C04975,Anita Prashad,Hajipur,110001,2,homemaker,False
C04976,Lucky Kale,Alwar,500002,2,salaried,False
C04977,Samuel Sant,Khammam,226001,3,salaried,True
C04978,Abeer Chandran,Gopalpur,560001,2,salaried,True
C04979,Harsh Barman,Varanasi,110002,6,business,False
C04980,Chandran Kala,Aizawl,110002,6,business,False
C04981,Gagan Dara,Adoni,560001,6,salaried,True
C04982,Xalak Ganesh,Madurai,500001,2,student,False
C04983,Jacob Balasubramanian,Gorakhpur,500001,2,salaried,False
C04984,Arin Sidhu,Malda,560001,6,homemaker,True
C04985,Advay Pandey,Dibrugarh,600001,2,business,False
C04986,Gabriel Bawa,Erode,600002,2,salaried,False
C04987,Faris Bora,Vadodara,560001,4,student,True
C04988,Zayan Bhasin,Pali,600002,1,student,False
C04989,Dipta Dara,Ambala,226001,5,salaried,True
C04990,Ishani Lall,Sambalpur,600001,2,salaried,False
C04991,Naksh Pandey,Bellary,110001,5,homemaker,False
C04992,Eshana Ratta,Dewas,600002,7,salaried,False
C04993,Zayyan Prasad,Rourkela,110002,5,salaried,False
C04994,Balvan Goyal,Vellore,226001,4,business,True
C04995,Hema Bains,Etawah,110002,2,student,False
C04996,Dhruv Dave,Khora ,600001,6,student,False
C04997,Niharika Vyas,Farrukhabad,600002,5,homemaker,False
C04998,Kevin Bava,Jaipur,500003,2,business,False
C04999,Aishani Sundaram,Parbhani,600001,3,salaried,False
