delivery_id,order_id,pincode,delivery_success,transit_hours,quality_complaint,temperature_breach,is_rural
DEL000000,ORD000000,600002,True,82,False,False,False
DEL000001,ORD000001,600002,True,28,False,False,False
DEL000002,ORD000002,110002,True,31,False,False,False
DEL000003,ORD000003,560001,True,59,False,False,True
DEL000004,ORD000004,500001,True,31,False,False,False
DEL000005,ORD000005,226001,True,86,True,False,True
DEL000006,ORD000006,110002,True,28,False,False,False
DEL000007,ORD000007,560001,True,17,False,False,True
DEL000008,ORD000008,500002,True,19,True,False,False
DEL000009,ORD000009,500001,True,5,False,False,False
DEL000010,ORD000010,700001,True,55,False,False,True
DEL000011,ORD000011,700001,True,80,False,False,True
DEL000012,ORD000012,500003,True,55,False,False,False
DEL000013,ORD000013,226001,True,62,True,True,True
DEL000014,ORD000014,700001,True,95,False,False,True
DEL000015,ORD000015,500001,True,82,False,False,False
DEL000016,ORD000016,500001,False,65,False,False,False
DEL000017,ORD000017,500002,True,79,False,False,False
DEL000018,ORD000018,110002,False,59,False,False,False
DEL000019,ORD000019,600001,True,68,False,False,False
DEL000020,ORD000020,700001,True,43,True,False,True
DEL000021,ORD000021,110001,True,23,True,True,False
DEL000022,ORD000022,560001,False,31,False,False,True
DEL000023,ORD000023,110002,True,75,False,False,False
DEL000024,ORD000024,700001,True,91,False,False,True
DEL000025,ORD000025,226001,False,42,True,False,True
DEL000026,ORD000026,700001,True,38,False,False,True
DEL000027,ORD000027,500002,True,69,False,False,False
DEL000028,ORD000028,500001,True,21,False,False,False
DEL000029,ORD000029,700001,True,13,False,False,True
DEL000030,ORD000030,700001,True,76,False,False,True
DEL000031,ORD000031,500003,True,56,False,False,False
DEL000032,ORD000032,110002,True,18,True,False,False
DEL000033,ORD000033,560001,True,89,True,False,True
DEL000034,ORD000034,500002,True,9,False,False,False
DEL000035,ORD000035,500003,False,85,False,False,False
DEL000036,ORD000036,110002,True,78,False,False,False
DEL000037,ORD000037,500003,True,61,False,False,False
DEL000038,ORD000038,700001,False,15,False,False,True
DEL000039,ORD000039,110002,True,36,False,False,False
DEL000040,ORD000040,700001,False,56,False,False,True
DEL000041,ORD000041,110002,True,74,False,False,False
DEL000042,ORD000042,110001,False,61,True,False,False
DEL000043,ORD000043,600002,False,48,False,False,False
DEL000044,ORD000044,500002,False,47,False,False,False
DEL000045,ORD000045,560001,True,68,False,False,True
DEL000046,ORD000046,600001,True,59,False,False,False
DEL000047,ORD000047,560001,False,63,False,False,True
DEL000048,ORD000048,110001,True,80,True,False,False
DEL000049,ORD000049,226001,True,49,False,False,True
DEL000050,ORD000050,110001,True,54,False,False,False
DEL000051,ORD000051,500003,True,75,False,False,False
DEL000052,ORD000052,110002,True,70,False,False,False
DEL000053,ORD000053,110002,True,92,False,False,False
DEL000054,ORD000054,600002,True,74,False,False,False
DEL000055,ORD000055,110001,True,57,False,False,False
DEL000056,ORD000056,110001,True,10,False,False,False
DEL000057,ORD000057,560001,True,80,False,False,True
DEL000058,ORD000058,700001,True,7,False,False,True
DEL000059,ORD000059,110001,False,30,False,False,False
DEL000060,ORD000060,500003,True,33,True,False,False
DEL000061,ORD000061,600002,True,4,False,False,False
DEL000062,ORD000062,500001,False,5,False,False,False
DEL000063,ORD000063,500001,True,19,False,False,False
DEL000064,ORD000064,226001,True,57,False,False,True
DEL000065,ORD000065,226001,True,11,False,False,True
DEL000066,ORD000066,500001,True,56,False,False,False
DEL000067,ORD000067,700001,True,34,False,False,True
DEL000068,ORD000068,226001,False,11,True,False,True
DEL000069,ORD000069,500002,True,39,False,False,False
DEL000070,ORD000070,226001,True,79,False,True,True
DEL000071,ORD000071,500001,True,69,False,True,False
DEL000072,ORD000072,600002,True,71,False,False,False
DEL000073,ORD000073,560001,False,75,False,False,True
DEL000074,ORD000074,600002,False,95,False,False,False
DEL000075,ORD000075,600002,True,85,False,False,False
DEL000076,ORD000076,226001,True,83,True,False,True
DEL000077,ORD000077,500002,True,13,False,False,False
DEL000078,ORD000078,110002,True,94,True,False,False
DEL000079,ORD000079,500001,True,22,False,False,False
DEL000080,ORD000080,500002,True,15,False,False,False
DEL000081,ORD000081,600002,True,82,True,False,False
DEL000082,ORD000082,110002,True,35,True,False,False
DEL000083,ORD000083,110002,True,82,False,False,False
DEL000084,ORD000084,560001,False,71,False,False,True
DEL000085,ORD000085,110001,True,31,False,False,False
DEL000086,ORD000086,500003,True,67,False,False,False
DEL000087,ORD000087,560001,True,72,True,True,True
DEL000088,ORD000088,500001,True,29,True,False,False
DEL000089,ORD000089,500003,False,38,False,False,False
DEL000090,ORD000090,560001,True,79,False,False,True
DEL000091,ORD000091,500003,True,66,False,True,False
DEL000092,ORD000092,600002,False,70,False,False,False
DEL000093,ORD000093,600002,True,77,False,False,False
DEL000094,ORD000094,110002,False,15,False,False,False
DEL000095,ORD000095,600001,True,16,False,False,False
DEL000096,ORD000096,226001,False,87,False,False,True
DEL000097,ORD000097,500002,True,39,False,False,False
DEL000098,ORD000098,500002,False,60,False,False,False
DEL000099,ORD000099,110002,True,54,False,True,False
DEL000100,ORD000100,500003,True,45,False,False,False
DEL000101,ORD000101,226001,True,86,False,False,True
DEL000102,ORD000102,500002,False,82,False,False,False
DEL000103,ORD000103,600002,True,4,False,False,False
DEL000104,ORD000104,500002,True,36,False,False,False
DEL000105,ORD000105,600002,True,84,True,False,False
DEL000106,ORD000106,560001,False,78,True,True,True
DEL000107,ORD000107,110001,True,84,False,False,False
DEL000108,ORD000108,500001,False,11,False,False,False
DEL000109,ORD000109,226001,True,1,True,False,True
DEL000110,ORD000110,110002,False,70,False,False,False
DEL000111,ORD000111,600001,True,16,True,False,False
DEL000112,ORD000112,600001,True,55,False,False,False
DEL000113,ORD000113,700001,True,53,False,False,True
DEL000114,ORD000114,226001,True,64,False,False,True
DEL000115,ORD000115,110001,True,24,False,False,False
DEL000116,ORD000116,226001,True,63,False,False,True
DEL000117,ORD000117,110002,True,75,False,False,False
DEL000118,ORD000118,500002,True,66,True,False,False
DEL000119,ORD000119,500003,True,88,False,False,False
DEL000120,ORD000120,226001,False,52,False,False,True
DEL000121,ORD000121,500001,True,4,False,False,False
DEL000122,ORD000122,600002,True,66,True,False,False
DEL000123,ORD000123,110002,True,40,False,False,False
DEL000124,ORD000124,110001,True,73,False,False,False
DEL000125,ORD000125,110001,False,40,True,True,False
DEL000126,ORD000126,110001,False,83,False,False,False
DEL000127,ORD000127,600001,False,39,False,False,False
DEL000128,ORD000128,110002,True,82,False,False,False
DEL000129,ORD000129,110001,True,9,False,False,False
DEL000130,ORD000130,600002,True,44,False,False,False
DEL000131,ORD000131,110002,False,29,False,False,False
DEL000132,ORD000132,110002,False,81,False,False,False
DEL000133,ORD000133,500002,True,51,False,False,False
DEL000134,ORD000134,600002,True,5,False,False,False
DEL000135,ORD000135,110002,True,39,False,False,False
DEL000136,ORD000136,560001,True,91,False,False,True
DEL000137,ORD000137,700001,True,44,False,False,True
DEL000138,ORD000138,600001,True,15,False,False,False
DEL000139,ORD000139,600002,True,89,False,False,False
DEL000140,ORD000140,560001,True,62,True,True,True
DEL000141,ORD000141,560001,False,85,False,False,True
DEL000142,ORD000142,500002,True,40,False,False,False
DEL000143,ORD000143,500001,True,27,False,False,False
DEL000144,ORD000144,226001,True,87,False,False,True
DEL000145,ORD000145,226001,True,18,False,False,True
DEL000146,ORD000146,600001,True,78,False,False,False
DEL000147,ORD000147,500002,True,13,False,False,False
DEL000148,ORD000148,226001,True,41,False,False,True
DEL000149,ORD000149,500003,False,85,False,False,False
DEL000150,ORD000150,500002,True,52,False,True,False
DEL000151,ORD000151,600001,True,90,False,False,False
DEL000152,ORD000152,560001,True,58,True,False,True
DEL000153,ORD000153,700001,False,34,False,False,True
DEL000154,ORD000154,110002,True,71,False,False,False
DEL000155,ORD000155,500002,True,2,False,False,False
DEL000156,ORD000156,110002,False,78,False,False,False
DEL000157,ORD000157,226001,False,46,False,False,True
DEL000158,ORD000158,110001,True,8,False,False,False
DEL000159,ORD000159,600001,True,62,True,True,False
DEL000160,ORD000160,500001,True,92,False,False,False
DEL000161,ORD000161,226001,False,74,False,False,True
DEL000162,ORD000162,226001,True,19,False,False,True
DEL000163,ORD000163,500001,True,93,True,False,False
DEL000164,ORD000164,110001,True,16,False,False,False
DEL000165,ORD000165,110002,False,33,False,False,False
DEL000166,ORD000166,500001,True,70,False,False,False
DEL000167,ORD000167,500002,True,45,False,False,False
DEL000168,ORD000168,700001,False,76,False,False,True
DEL000169,ORD000169,226001,True,91,False,False,True
DEL000170,ORD000170,600001,True,51,False,True,False
DEL000171,ORD000171,600001,True,65,False,False,False
DEL000172,ORD000172,226001,False,19,False,False,True
DEL000173,ORD000173,110001,True,88,False,True,False
DEL000174,ORD000174,600002,True,90,False,False,False
DEL000175,ORD000175,700001,True,71,False,False,True
DEL000176,ORD000176,500003,True,71,False,False,False
DEL000177,ORD000177,560001,False,23,False,False,True
DEL000178,ORD000178,500001,True,8,False,False,False
DEL000179,ORD000179,110002,True,6,True,True,False
DEL000180,ORD000180,560001,True,41,False,False,True
DEL000181,ORD000181,700001,True,55,False,False,True
DEL000182,ORD000182,226001,True,1,False,False,True
DEL000183,ORD000183,500001,True,1,False,False,False
DEL000184,ORD000184,500001,True,60,False,False,False
DEL000185,ORD000185,560001,True,89,False,False,True
DEL000186,ORD000186,500002,True,13,False,False,False
DEL000187,ORD000187,110001,True,25,True,False,False
DEL000188,ORD000188,560001,True,16,False,False,True
DEL000189,ORD000189,226001,True,48,False,False,True
DEL000190,ORD000190,110001,True,15,False,False,False
DEL000191,ORD000191,700001,True,35,False,False,True
DEL000192,ORD000192,560001,True,39,False,False,True
DEL000193,ORD000193,110002,True,75,False,False,False
DEL000194,ORD000194,600002,True,49,False,False,False
DEL000195,ORD000195,500001,True,86,False,False,False
DEL000196,ORD000196,500002,True,19,False,False,False
DEL000197,ORD000197,500002,True,4,False,False,False
DEL000198,ORD000198,500001,True,50,False,False,False
DEL000199,ORD000199,600002,True,56,False,False,False
DEL000200,ORD000200,500003,True,89,False,False,False
DEL000201,ORD000201,560001,True,6,False,False,True
DEL000202,ORD000202,500002,True,91,False,False,False
DEL000203,ORD000203,500003,True,2,True,False,False
DEL000204,ORD000204,700001,True,47,False,False,True
DEL000205,ORD000205,500002,False,75,False,False,False
DEL000206,ORD000206,700001,False,74,False,False,True
DEL000207,ORD000207,700001,False,21,False,False,True
DEL000208,ORD000208,500003,True,82,True,False,False
DEL000209,ORD000209,600002,True,6,True,False,False
DEL000210,ORD000210,226001,True,45,True,False,True
DEL000211,ORD000211,500002,True,80,False,False,False
DEL000212,ORD000212,500001,True,83,False,False,False
DEL000213,ORD000213,500003,False,61,False,False,False
DEL000214,ORD000214,560001,True,95,False,True,True
DEL000215,ORD000215,500002,True,81,False,False,False
DEL000216,ORD000216,600002,True,12,False,False,False
DEL000217,ORD000217,600001,True,84,False,False,False
DEL000218,ORD000218,700001,True,24,False,False,True
DEL000219,ORD000219,226001,True,9,False,False,True
DEL000220,ORD000220,600002,True,56,False,False,False
DEL000221,ORD000221,500001,True,46,False,False,False
DEL000222,ORD000222,110002,True,86,True,True,False
DEL000223,ORD000223,700001,True,30,False,True,True
DEL000224,ORD000224,110001,True,50,False,False,False
DEL000225,ORD000225,226001,True,61,True,False,True
DEL000226,ORD000226,560001,True,7,False,False,True
DEL000227,ORD000227,700001,True,15,False,False,True
DEL000228,ORD000228,110002,True,65,True,True,False
DEL000229,ORD000229,600002,True,15,False,False,False
DEL000230,ORD000230,500003,True,18,False,False,False
DEL000231,ORD000231,600001,True,21,False,False,False
DEL000232,ORD000232,600001,True,47,False,False,False
DEL000233,ORD000233,110002,True,65,False,False,False
DEL000234,ORD000234,700001,False,75,False,False,True
DEL000235,ORD000235,500002,True,16,False,False,False
DEL000236,ORD000236,226001,True,34,False,False,True
DEL000237,ORD000237,500002,True,80,False,False,False
DEL000238,ORD000238,600001,True,75,False,False,False
DEL000239,ORD000239,560001,False,9,False,False,True
DEL000240,ORD000240,226001,False,4,False,False,True
DEL000241,ORD000241,500001,True,66,False,False,False
DEL000242,ORD000242,110001,False,60,False,False,False
DEL000243,ORD000243,500001,True,22,False,False,False
DEL000244,ORD000244,700001,False,6,False,False,True
DEL000245,ORD000245,600002,True,29,False,False,False
DEL000246,ORD000246,500003,True,12,False,False,False
DEL000247,ORD000247,500001,True,69,False,False,False
DEL000248,ORD000248,600001,False,18,False,False,False
DEL000249,ORD000249,226001,True,66,True,False,True
DEL000250,ORD000250,110001,True,23,True,False,False
DEL000251,ORD000251,560001,False,42,False,False,True
DEL000252,ORD000252,700001,False,33,False,False,True
DEL000253,ORD000253,600001,True,64,False,False,False
DEL000254,ORD000254,600002,True,5,False,False,False
DEL000255,ORD000255,560001,False,31,False,False,True
DEL000256,ORD000256,500003,True,61,False,True,False
DEL000257,ORD000257,600001,True,14,False,True,False
DEL000258,ORD000258,226001,True,52,False,False,True
DEL000259,ORD000259,110001,True,5,False,False,False
DEL000260,ORD000260,600002,True,22,False,False,False
DEL000261,ORD000261,560001,False,22,False,False,True
DEL000262,ORD000262,226001,True,28,False,False,True
DEL000263,ORD000263,500002,True,61,False,False,False
DEL000264,ORD000264,700001,False,9,False,False,True
DEL000265,ORD000265,500001,True,92,False,False,False
DEL000266,ORD000266,500002,False,67,False,False,False
DEL000267,ORD000267,560001,True,39,False,True,True
DEL000268,ORD000268,560001,False,90,False,False,True
DEL000269,ORD000269,560001,True,78,False,False,True
DEL000270,ORD000270,500002,True,65,False,False,False
DEL000271,ORD000271,560001,True,10,False,False,True
DEL000272,ORD000272,600002,True,31,True,False,False
DEL000273,ORD000273,600001,True,48,False,False,False
DEL000274,ORD000274,500002,True,49,False,False,False
DEL000275,ORD000275,700001,True,81,True,False,True
DEL000276,ORD000276,500003,True,37,False,False,False
DEL000277,ORD000277,600002,False,68,False,False,False
DEL000278,ORD000278,600001,True,4,False,False,False
DEL000279,ORD000279,700001,True,79,False,False,True
DEL000280,ORD000280,600001,True,36,False,False,False
DEL000281,ORD000281,600002,False,84,True,False,False
DEL000282,ORD000282,560001,True,34,False,False,True
DEL000283,ORD000283,600001,True,76,False,False,False
DEL000284,ORD000284,500002,True,8,False,False,False
DEL000285,ORD000285,226001,True,36,False,False,True
DEL000286,ORD000286,500002,True,30,True,False,False
DEL000287,ORD000287,226001,True,37,True,False,True
DEL000288,ORD000288,700001,False,25,False,False,True
DEL000289,ORD000289,226001,True,78,False,False,True
DEL000290,ORD000290,110001,False,33,False,False,False
DEL000291,ORD000291,500001,True,82,False,False,False
DEL000292,ORD000292,226001,True,28,True,False,True
DEL000293,ORD000293,500002,True,6,False,False,False
DEL000294,ORD000294,700001,False,59,False,False,True
DEL000295,ORD000295,560001,True,95,False,False,True
DEL000296,ORD000296,700001,True,88,False,False,True
DEL000297,ORD000297,110001,True,24,True,False,False
DEL000298,ORD000298,500003,False,16,False,False,False
DEL000299,ORD000299,600001,True,52,False,True,False
DEL000300,ORD000300,110002,True,61,True,False,False
DEL000301,ORD000301,560001,True,51,False,False,True
DEL000302,ORD000302,226001,True,5,False,True,True
DEL000303,ORD000303,700001,True,70,False,False,True
DEL000304,ORD000304,226001,True,41,False,False,True
DEL000305,ORD000305,560001,True,74,False,False,True
DEL000306,ORD000306,500002,True,87,False,False,False
DEL000307,ORD000307,500002,True,59,False,False,False
DEL000308,ORD000308,600002,False,73,False,False,False
DEL000309,ORD000309,500002,True,60,False,False,False
DEL000310,ORD000310,500001,True,5,False,False,False
DEL000311,ORD000311,226001,True,82,False,False,True
DEL000312,ORD000312,600001,False,65,False,False,False
DEL000313,ORD000313,500001,False,40,False,False,False
DEL000314,ORD000314,600001,True,82,False,False,False
DEL000315,ORD000315,600001,True,42,False,False,False
DEL000316,ORD000316,110001,True,41,False,False,False
DEL000317,ORD000317,226001,False,63,False,False,True
DEL000318,ORD000318,600002,True,28,False,False,False
DEL000319,ORD000319,700001,True,43,False,False,True
DEL000320,ORD000320,226001,True,25,False,False,True
DEL000321,ORD000321,560001,True,76,False,False,True
DEL000322,ORD000322,110001,True,80,True,False,False
DEL000323,ORD000323,110001,False,56,True,False,False
DEL000324,ORD000324,110001,True,7,False,True,False
DEL000325,ORD000325,600001,False,49,False,False,False
DEL000326,ORD000326,600002,True,89,False,False,False
DEL000327,ORD000327,600001,False,61,False,False,False
DEL000328,ORD000328,500002,True,77,False,False,False
DEL000329,ORD000329,600002,True,19,False,False,False
DEL000330,ORD000330,500001,True,43,True,False,False
DEL000331,ORD000331,700001,True,54,False,False,True
DEL000332,ORD000332,226001,True,25,False,False,True
DEL000333,ORD000333,700001,False,24,False,False,True
DEL000334,ORD000334,700001,True,45,False,False,True
DEL000335,ORD000335,500002,True,64,False,False,False
DEL000336,ORD000336,500003,True,68,True,False,False
DEL000337,ORD000337,560001,True,62,False,False,True
DEL000338,ORD000338,500002,True,9,False,False,False
DEL000339,ORD000339,110001,False,78,False,False,False
DEL000340,ORD000340,700001,True,89,False,False,True
DEL000341,ORD000341,110002,True,14,False,False,False
DEL000342,ORD000342,500003,True,74,False,True,False
DEL000343,ORD000343,560001,True,87,False,False,True
DEL000344,ORD000344,700001,True,75,False,False,True
DEL000345,ORD000345,600002,True,82,False,False,False
DEL000346,ORD000346,560001,True,21,False,False,True
DEL000347,ORD000347,560001,True,94,False,False,True
DEL000348,ORD000348,500001,False,90,False,False,False
DEL000349,ORD000349,500002,False,87,False,False,False
DEL000350,ORD000350,110002,True,36,False,False,False
DEL000351,ORD000351,500001,True,16,False,False,False
DEL000352,ORD000352,600001,False,30,False,False,False
DEL000353,ORD000353,110002,True,73,False,False,False
DEL000354,ORD000354,226001,True,75,False,False,True
DEL000355,ORD000355,600002,True,24,False,True,False
DEL000356,ORD000356,500002,True,72,False,False,False
DEL000357,ORD000357,500003,True,89,False,False,False
DEL000358,ORD000358,560001,False,9,False,False,True
DEL000359,ORD000359,500001,True,2,False,False,False
DEL000360,ORD000360,600002,True,71,False,False,False
DEL000361,ORD000361,500003,True,72,False,False,False
DEL000362,ORD000362,700001,False,72,True,False,True
DEL000363,ORD000363,110001,True,53,False,False,False
DEL000364,ORD000364,600002,True,86,False,False,False
DEL000365,ORD000365,500003,False,43,False,False,False
DEL000366,ORD000366,600001,True,66,False,False,False
DEL000367,ORD000367,560001,True,68,True,False,True
DEL000368,ORD000368,500001,True,83,True,False,False
DEL000369,ORD000369,110002,True,5,True,False,False
DEL000370,ORD000370,500001,True,61,False,False,False
DEL000371,ORD000371,500001,True,60,False,False,False
DEL000372,ORD000372,600001,True,59,False,False,False
DEL000373,ORD000373,500002,True,60,False,False,False
DEL000374,ORD000374,500001,True,79,False,False,False
DEL000375,ORD000375,560001,False,71,False,False,True
DEL000376,ORD000376,226001,True,76,False,False,True
DEL000377,ORD000377,226001,False,39,False,False,True
DEL000378,ORD000378,110002,True,76,False,False,False
DEL000379,ORD000379,700001,True,25,False,False,True
DEL000380,ORD000380,500002,True,7,False,True,False
DEL000381,ORD000381,226001,False,73,False,False,True
DEL000382,ORD000382,226001,True,4,False,False,True
DEL000383,ORD000383,110001,True,14,False,False,False
DEL000384,ORD000384,500003,True,30,False,False,False
DEL000385,ORD000385,600002,True,7,False,False,False
DEL000386,ORD000386,700001,True,59,False,False,True
DEL000387,ORD000387,500003,True,73,False,False,False
DEL000388,ORD000388,700001,True,71,False,False,True
DEL000389,ORD000389,560001,True,47,False,False,True
DEL000390,ORD000390,226001,True,74,False,False,True
DEL000391,ORD000391,700001,True,2,False,False,True
DEL000392,ORD000392,500002,True,11,False,False,False
DEL000393,ORD000393,600001,True,9,False,False,False
DEL000394,ORD000394,500003,True,6,False,True,False
DEL000395,ORD000395,110001,True,22,False,False,False
DEL000396,ORD000396,560001,False,14,False,False,True
DEL000397,ORD000397,110002,True,16,False,False,False
DEL000398,ORD000398,500002,True,83,False,False,False
DEL000399,ORD000399,600002,False,6,False,False,False
DEL000400,ORD000400,600001,True,77,True,False,False
DEL000401,ORD000401,500001,True,3,False,False,False
DEL000402,ORD000402,600002,True,93,False,False,False
DEL000403,ORD000403,600002,False,52,False,False,False
DEL000404,ORD000404,600002,True,53,False,False,False
DEL000405,ORD000405,500003,True,35,False,False,False
DEL000406,ORD000406,500001,True,34,False,False,False
DEL000407,ORD000407,226001,False,15,False,False,True
DEL000408,ORD000408,110002,True,61,False,False,False
DEL000409,ORD000409,700001,True,92,False,False,True
DEL000410,ORD000410,226001,True,13,False,False,True
DEL000411,ORD000411,110001,True,64,False,False,False
DEL000412,ORD000412,600001,True,47,False,False,False
DEL000413,ORD000413,600002,True,12,False,False,False
DEL000414,ORD000414,500003,False,33,False,False,False
DEL000415,ORD000415,600001,True,59,False,False,False
DEL000416,ORD000416,226001,False,85,True,False,True
DEL000417,ORD000417,500003,True,44,False,False,False
DEL000418,ORD000418,226001,True,46,False,False,True
DEL000419,ORD000419,110002,True,59,False,False,False
DEL000420,ORD000420,600001,True,6,False,False,False
DEL000421,ORD000421,226001,True,94,False,False,True
DEL000422,ORD000422,110001,True,40,False,False,False
DEL000423,ORD000423,560001,True,78,True,False,True
DEL000424,ORD000424,560001,True,91,False,False,True
DEL000425,ORD000425,110001,True,57,False,False,False
DEL000426,ORD000426,700001,True,5,False,False,True
DEL000427,ORD000427,110001,True,20,False,False,False
DEL000428,ORD000428,700001,True,82,False,False,True
DEL000429,ORD000429,110001,False,77,False,False,False
DEL000430,ORD000430,700001,True,43,False,False,True
DEL000431,ORD000431,560001,False,62,False,False,True
DEL000432,ORD000432,110002,True,14,False,False,False
DEL000433,ORD000433,560001,True,67,True,True,True
DEL000434,ORD000434,600001,True,33,False,False,False
DEL000435,ORD000435,110002,False,73,False,False,False
DEL000436,ORD000436,500002,False,32,False,False,False
DEL000437,ORD000437,500003,True,50,False,True,False
DEL000438,ORD000438,500003,False,8,False,False,False
DEL000439,ORD000439,600002,False,20,False,False,False
DEL000440,ORD000440,600001,True,24,False,False,False
DEL000441,ORD000441,500001,True,40,True,False,False
DEL000442,ORD000442,110002,True,18,False,False,False
DEL000443,ORD000443,226001,False,87,False,False,True
DEL000444,ORD000444,500002,True,69,True,False,False
DEL000445,ORD000445,560001,True,17,False,False,True
DEL000446,ORD000446,600001,True,33,False,False,False
DEL000447,ORD000447,226001,True,17,False,False,True
DEL000448,ORD000448,600002,True,23,False,False,False
DEL000449,ORD000449,600001,False,78,False,False,False
DEL000450,ORD000450,600001,True,72,False,True,False
DEL000451,ORD000451,110001,True,5,False,False,False
DEL000452,ORD000452,600002,True,7,False,False,False
DEL000453,ORD000453,110001,False,65,False,False,False
DEL000454,ORD000454,500002,True,8,False,False,False
DEL000455,ORD000455,500001,False,68,False,False,False
DEL000456,ORD000456,500003,True,46,False,False,False
DEL000457,ORD000457,226001,True,43,False,False,True
DEL000458,ORD000458,560001,False,88,True,False,True
DEL000459,ORD000459,500001,True,88,False,False,False
DEL000460,ORD000460,560001,True,13,False,False,True
DEL000461,ORD000461,500002,True,50,True,True,False
DEL000462,ORD000462,226001,True,51,True,False,True
DEL000463,ORD000463,600001,False,82,False,False,False
DEL000464,ORD000464,500003,True,45,False,False,False
DEL000465,ORD000465,500001,True,28,True,False,False
DEL000466,ORD000466,560001,False,36,False,False,True
DEL000467,ORD000467,500001,False,14,False,False,False
DEL000468,ORD000468,110002,True,29,False,False,False
DEL000469,ORD000469,500003,True,4,False,False,False
DEL000470,ORD000470,500003,True,93,False,False,False
DEL000471,ORD000471,700001,True,79,False,False,True
DEL000472,ORD000472,560001,True,20,False,False,True
DEL000473,ORD000473,226001,True,39,False,False,True
DEL000474,ORD000474,500003,True,33,True,False,False
DEL000475,ORD000475,700001,False,17,False,False,True
DEL000476,ORD000476,110001,True,46,False,False,False
DEL000477,ORD000477,500003,True,27,False,False,False
DEL000478,ORD000478,110002,True,35,False,False,False
DEL000479,ORD000479,600001,True,6,False,False,False
DEL000480,ORD000480,110001,True,85,False,False,False
DEL000481,ORD000481,500002,True,38,False,False,False
DEL000482,ORD000482,700001,True,86,True,False,True
DEL000483,ORD000483,500003,False,57,False,False,False
DEL000484,ORD000484,226001,True,65,False,False,True
DEL000485,ORD000485,600001,True,32,False,True,False
DEL000486,ORD000486,700001,False,8,False,False,True
DEL000487,ORD000487,110002,True,61,False,False,False
DEL000488,ORD000488,500002,True,22,False,False,False
DEL000489,ORD000489,500001,True,13,True,False,False
DEL000490,ORD000490,110002,False,58,False,False,False
DEL000491,ORD000491,500002,True,70,False,False,False
DEL000492,ORD000492,110001,True,55,False,False,False
DEL000493,ORD000493,110001,True,59,False,False,False
DEL000494,ORD000494,600002,False,39,False,False,False
DEL000495,ORD000495,500002,True,93,False,False,False
DEL000496,ORD000496,700001,True,21,False,False,True
DEL000497,ORD000497,500001,True,43,False,False,False
DEL000498,ORD000498,226001,True,82,False,True,True
DEL000499,ORD000499,500001,False,67,False,False,False
DEL000500,ORD000500,500002,True,90,False,False,False
DEL000501,ORD000501,560001,True,50,False,False,True
DEL000502,ORD000502,600002,True,57,False,False,False
DEL000503,ORD000503,500003,True,5,False,False,False
DEL000504,ORD000504,600001,False,77,False,False,False
DEL000505,ORD000505,600001,True,53,False,False,False
DEL000506,ORD000506,700001,True,1,True,False,True
DEL000507,ORD000507,600002,True,6,False,True,False
DEL000508,ORD000508,600001,False,91,False,True,False
DEL000509,ORD000509,110002,True,77,False,False,False
DEL000510,ORD000510,110001,True,67,False,False,False
DEL000511,ORD000511,500002,True,17,False,False,False
DEL000512,ORD000512,600001,True,78,False,False,False
DEL000513,ORD000513,500003,True,83,True,False,False
DEL000514,ORD000514,700001,False,73,False,True,True
DEL000515,ORD000515,110001,True,78,True,False,False
DEL000516,ORD000516,500002,True,40,True,False,False
DEL000517,ORD000517,600002,True,1,False,False,False
DEL000518,ORD000518,110001,True,81,False,False,False
DEL000519,ORD000519,500001,True,71,False,False,False
DEL000520,ORD000520,226001,False,13,False,False,True
DEL000521,ORD000521,110001,True,95,False,False,False
DEL000522,ORD000522,500003,False,83,False,False,False
DEL000523,ORD000523,560001,True,45,False,True,True
DEL000524,ORD000524,600002,True,57,True,False,False
DEL000525,ORD000525,110001,True,15,False,False,False
DEL000526,ORD000526,600001,False,29,False,False,False
DEL000527,ORD000527,500001,False,48,False,True,False
DEL000528,ORD000528,600001,True,61,False,False,False
DEL000529,ORD000529,226001,False,87,False,False,True
DEL000530,ORD000530,600001,False,23,False,False,False
DEL000531,ORD000531,600001,True,68,False,True,False
DEL000532,ORD000532,500003,True,80,True,False,False
DEL000533,ORD000533,500003,True,50,False,False,False
DEL000534,ORD000534,500001,True,52,False,False,False
DEL000535,ORD000535,560001,True,57,False,False,True
DEL000536,ORD000536,110002,True,40,False,False,False
DEL000537,ORD000537,500003,True,22,False,False,False
DEL000538,ORD000538,110002,False,32,False,False,False
DEL000539,ORD000539,700001,True,37,True,False,True
DEL000540,ORD000540,110002,True,66,False,False,False
DEL000541,ORD000541,600001,True,61,False,False,False
DEL000542,ORD000542,500001,False,41,False,False,False
DEL000543,ORD000543,700001,False,27,False,False,True
DEL000544,ORD000544,560001,True,43,False,False,True
DEL000545,ORD000545,500003,True,18,False,False,False
DEL000546,ORD000546,226001,True,29,True,False,True
DEL000547,ORD000547,700001,True,29,False,False,True
DEL000548,ORD000548,600002,True,72,False,True,False
DEL000549,ORD000549,600001,True,15,False,True,False
DEL000550,ORD000550,110001,True,85,False,False,False
DEL000551,ORD000551,110002,True,67,False,True,False
DEL000552,ORD000552,110001,True,86,False,False,False
DEL000553,ORD000553,700001,True,76,False,False,True
DEL000554,ORD000554,500001,True,3,False,False,False
DEL000555,ORD000555,600001,False,37,False,True,False
DEL000556,ORD000556,500001,False,19,False,False,False
DEL000557,ORD000557,226001,True,39,False,False,True
DEL000558,ORD000558,110002,True,43,False,False,False
DEL000559,ORD000559,600001,False,20,False,False,False
DEL000560,ORD000560,500001,True,40,False,False,False
DEL000561,ORD000561,500001,True,88,True,False,False
DEL000562,ORD000562,560001,True,75,False,False,True
DEL000563,ORD000563,600001,True,81,True,True,False
DEL000564,ORD000564,226001,True,19,False,False,True
DEL000565,ORD000565,500003,False,24,False,False,False
DEL000566,ORD000566,700001,True,60,False,False,True
DEL000567,ORD000567,500002,True,7,False,True,False
DEL000568,ORD000568,600002,True,1,True,False,False
DEL000569,ORD000569,500002,True,60,False,False,False
DEL000570,ORD000570,500003,True,66,False,False,False
DEL000571,ORD000571,600002,True,48,False,False,False
DEL000572,ORD000572,500002,True,74,False,False,False
DEL000573,ORD000573,110002,True,84,True,False,False
DEL000574,ORD000574,500002,True,49,False,False,False
DEL000575,ORD000575,226001,True,7,False,False,True
DEL000576,ORD000576,600002,True,85,False,False,False
DEL000577,ORD000577,600002,True,48,False,False,False
DEL000578,ORD000578,500003,False,31,False,False,False
DEL000579,ORD000579,500002,True,51,True,True,False
DEL000580,ORD000580,560001,True,81,False,False,True
DEL000581,ORD000581,110001,True,60,False,False,False
DEL000582,ORD000582,226001,True,76,True,False,True
DEL000583,ORD000583,600002,True,72,False,False,False
DEL000584,ORD000584,500003,True,60,False,False,False
DEL000585,ORD000585,226001,False,79,False,False,True
DEL000586,ORD000586,500001,True,75,False,False,False
DEL000587,ORD000587,226001,True,67,False,False,True
DEL000588,ORD000588,600002,False,57,False,False,False
DEL000589,ORD000589,500001,False,95,True,False,False
DEL000590,ORD000590,500001,True,24,False,False,False
DEL000591,ORD000591,500003,True,23,False,False,False
DEL000592,ORD000592,500002,True,92,False,False,False
DEL000593,ORD000593,600002,True,71,False,False,False
DEL000594,ORD000594,600002,True,32,False,False,False
DEL000595,ORD000595,110002,True,94,False,False,False
DEL000596,ORD000596,600002,True,71,False,False,False
DEL000597,ORD000597,110002,True,49,False,False,False
DEL000598,ORD000598,560001,True,46,False,False,True
DEL000599,ORD000599,500001,True,40,False,False,False
DEL000600,ORD000600,600001,True,74,False,False,False
DEL000601,ORD000601,500001,False,53,False,False,False
DEL000602,ORD000602,110001,True,62,False,False,False
DEL000603,ORD000603,600001,True,3,False,False,False
DEL000604,ORD000604,700001,True,2,False,False,True
DEL000605,ORD000605,500001,True,54,False,True,False
DEL000606,ORD000606,110002,True,51,False,False,False
DEL000607,ORD000607,560001,True,46,False,False,True
DEL000608,ORD000608,500001,False,95,False,False,False
DEL000609,ORD000609,600001,True,19,False,False,False
DEL000610,ORD000610,500001,True,22,False,False,False
DEL000611,ORD000611,110001,True,19,False,False,False
DEL000612,ORD000612,500003,False,21,True,False,False
DEL000613,ORD000613,600002,False,27,False,False,False
DEL000614,ORD000614,500001,True,21,False,True,False
DEL000615,ORD000615,500001,True,80,True,False,False
DEL000616,ORD000616,110002,True,55,False,False,False
DEL000617,ORD000617,110001,False,29,False,False,False
DEL000618,ORD000618,700001,False,33,True,False,True
DEL000619,ORD000619,600002,True,75,True,False,False
DEL000620,ORD000620,500001,True,10,False,False,False
DEL000621,ORD000621,560001,True,21,False,False,True
DEL000622,ORD000622,500001,True,17,False,False,False
DEL000623,ORD000623,500001,False,58,True,False,False
DEL000624,ORD000624,226001,True,63,False,True,True
DEL000625,ORD000625,700001,True,62,False,False,True
DEL000626,ORD000626,110002,False,74,False,False,False
DEL000627,ORD000627,600002,False,93,False,False,False
DEL000628,ORD000628,600002,False,6,False,False,False
DEL000629,ORD000629,226001,True,10,False,False,True
DEL000630,ORD000630,560001,True,46,True,True,True
DEL000631,ORD000631,500003,True,71,False,True,False
DEL000632,ORD000632,500001,True,11,True,False,False
DEL000633,ORD000633,600002,True,43,False,False,False
DEL000634,ORD000634,600002,True,58,False,False,False
DEL000635,ORD000635,110002,True,38,False,False,False
DEL000636,ORD000636,226001,True,23,False,False,True
DEL000637,ORD000637,560001,True,46,False,False,True
DEL000638,ORD000638,110002,True,32,True,False,False
DEL000639,ORD000639,110002,True,89,False,True,False
DEL000640,ORD000640,700001,True,67,True,False,True
DEL000641,ORD000641,500001,True,92,True,False,False
DEL000642,ORD000642,560001,True,9,False,False,True
DEL000643,ORD000643,700001,True,4,False,False,True
DEL000644,ORD000644,500002,False,50,False,True,False
DEL000645,ORD000645,600001,True,69,False,True,False
DEL000646,ORD000646,560001,True,77,False,True,True
DEL000647,ORD000647,560001,True,73,False,False,True
DEL000648,ORD000648,500003,True,15,False,False,False
DEL000649,ORD000649,500001,True,59,False,False,False
DEL000650,ORD000650,110002,True,85,False,False,False
DEL000651,ORD000651,500001,True,20,False,False,False
DEL000652,ORD000652,110002,True,68,True,False,False
DEL000653,ORD000653,560001,True,91,False,False,True
DEL000654,ORD000654,500003,True,54,False,True,False
DEL000655,ORD000655,226001,True,13,False,False,True
DEL000656,ORD000656,500002,True,9,False,False,False
DEL000657,ORD000657,600001,True,12,False,False,False
DEL000658,ORD000658,500001,True,24,False,False,False
DEL000659,ORD000659,500002,True,28,False,False,False
DEL000660,ORD000660,700001,True,7,False,False,True
DEL000661,ORD000661,560001,False,48,False,False,True
DEL000662,ORD000662,700001,True,15,False,False,True
DEL000663,ORD000663,500001,True,17,False,False,False
DEL000664,ORD000664,226001,True,51,False,False,True
DEL000665,ORD000665,110001,True,73,False,False,False
DEL000666,ORD000666,500001,False,40,True,False,False
DEL000667,ORD000667,110002,False,67,False,True,False
DEL000668,ORD000668,226001,False,34,False,False,True
DEL000669,ORD000669,600002,False,6,False,False,False
DEL000670,ORD000670,560001,True,76,False,False,True
DEL000671,ORD000671,110001,True,8,False,False,False
DEL000672,ORD000672,500001,True,27,False,False,False
DEL000673,ORD000673,110002,True,78,False,False,False
DEL000674,ORD000674,110001,True,86,False,False,False
DEL000675,ORD000675,500003,True,70,False,False,False
DEL000676,ORD000676,560001,True,93,False,True,True
DEL000677,ORD000677,500003,True,6,False,False,False
DEL000678,ORD000678,560001,True,46,False,False,True
DEL000679,ORD000679,600002,True,45,False,False,False
DEL000680,ORD000680,226001,True,40,False,False,True
DEL000681,ORD000681,500003,False,4,False,False,False
DEL000682,ORD000682,560001,True,40,False,False,True
DEL000683,ORD000683,500002,True,24,False,False,False
DEL000684,ORD000684,226001,False,64,False,False,True
DEL000685,ORD000685,500001,False,50,True,False,False
DEL000686,ORD000686,560001,True,53,False,False,True
DEL000687,ORD000687,560001,True,19,False,False,True
DEL000688,ORD000688,600001,True,59,False,False,False
DEL000689,ORD000689,110002,True,19,False,False,False
DEL000690,ORD000690,500003,False,38,False,False,False
DEL000691,ORD000691,700001,True,21,False,False,True
DEL000692,ORD000692,500001,True,37,False,False,False
DEL000693,ORD000693,560001,True,87,False,False,True
DEL000694,ORD000694,110002,True,57,True,False,False
DEL000695,ORD000695,560001,True,47,False,False,True
DEL000696,ORD000696,600002,True,81,False,False,False
DEL000697,ORD000697,560001,True,31,False,False,True
DEL000698,ORD000698,110002,True,38,True,True,False
DEL000699,ORD000699,110002,False,3,False,False,False
DEL000700,ORD000700,600002,True,9,False,False,False
DEL000701,ORD000701,110002,False,47,False,False,False
DEL000702,ORD000702,226001,True,61,False,False,True
DEL000703,ORD000703,500001,True,76,False,False,False
DEL000704,ORD000704,560001,True,9,False,False,True
DEL000705,ORD000705,700001,False,47,False,True,True
DEL000706,ORD000706,226001,False,31,False,False,True
DEL000707,ORD000707,600001,True,85,False,False,False
DEL000708,ORD000708,600002,True,40,True,True,False
DEL000709,ORD000709,110002,True,49,False,False,False
DEL000710,ORD000710,110001,False,52,False,False,False
DEL000711,ORD000711,110001,True,42,True,True,False
DEL000712,ORD000712,110002,True,86,False,False,False
DEL000713,ORD000713,700001,False,6,False,False,True
DEL000714,ORD000714,500002,False,15,False,False,False
DEL000715,ORD000715,600002,False,28,False,False,False
DEL000716,ORD000716,110002,True,50,False,True,False
DEL000717,ORD000717,500001,True,64,False,False,False
DEL000718,ORD000718,110002,True,75,False,False,False
DEL000719,ORD000719,700001,True,10,True,False,True
DEL000720,ORD000720,700001,True,39,False,False,True
DEL000721,ORD000721,110002,True,95,False,False,False
DEL000722,ORD000722,226001,True,20,False,False,True
DEL000723,ORD000723,110001,True,4,False,False,False
DEL000724,ORD000724,226001,True,46,False,False,True
DEL000725,ORD000725,500001,True,76,False,False,False
DEL000726,ORD000726,110001,True,27,False,False,False
DEL000727,ORD000727,600001,True,49,False,False,False
DEL000728,ORD000728,600001,True,6,True,False,False
DEL000729,ORD000729,500002,True,53,False,False,False
DEL000730,ORD000730,560001,True,36,False,False,True
DEL000731,ORD000731,700001,True,22,False,True,True
DEL000732,ORD000732,500001,False,89,False,False,False
DEL000733,ORD000733,110002,False,61,False,True,False
DEL000734,ORD000734,110002,False,32,False,False,False
DEL000735,ORD000735,110002,True,52,False,False,False
DEL000736,ORD000736,600001,True,77,False,False,False
DEL000737,ORD000737,110001,True,52,True,False,False
DEL000738,ORD000738,226001,True,77,False,False,True
DEL000739,ORD000739,700001,False,53,False,False,True
DEL000740,ORD000740,700001,True,30,True,False,True
DEL000741,ORD000741,600001,False,29,True,False,False
DEL000742,ORD000742,500002,True,60,False,False,False
DEL000743,ORD000743,500002,True,31,False,False,False
DEL000744,ORD000744,500002,True,31,False,False,False
DEL000745,ORD000745,500001,True,30,False,False,False
DEL000746,ORD000746,226001,True,78,False,False,True
DEL000747,ORD000747,110002,True,23,False,False,False
DEL000748,ORD000748,110001,False,28,False,True,False
DEL000749,ORD000749,600002,True,40,False,False,False
DEL000750,ORD000750,500003,True,32,False,False,False
DEL000751,ORD000751,500003,True,90,False,False,False
DEL000752,ORD000752,500001,True,68,False,False,False
DEL000753,ORD000753,500001,True,23,True,False,False
DEL000754,ORD000754,226001,True,14,False,False,True
DEL000755,ORD000755,560001,True,69,False,False,True
DEL000756,ORD000756,110001,True,74,False,False,False
DEL000757,ORD000757,600002,True,73,False,False,False
DEL000758,ORD000758,600001,True,8,False,False,False
DEL000759,ORD000759,560001,False,77,False,False,True
DEL000760,ORD000760,226001,True,57,False,False,True
DEL000761,ORD000761,700001,True,77,True,False,True
DEL000762,ORD000762,500001,True,48,False,False,False
DEL000763,ORD000763,500002,True,2,False,False,False
DEL000764,ORD000764,600001,True,86,False,False,False
DEL000765,ORD000765,110001,True,34,False,True,False
DEL000766,ORD000766,226001,True,54,False,True,True
DEL000767,ORD000767,500003,True,52,False,False,False
DEL000768,ORD000768,500001,True,12,False,False,False
DEL000769,ORD000769,500003,False,55,False,False,False
DEL000770,ORD000770,560001,True,69,False,False,True
DEL000771,ORD000771,600002,True,46,False,False,False
DEL000772,ORD000772,500001,False,33,False,False,False
DEL000773,ORD000773,600002,True,86,False,False,False
DEL000774,ORD000774,226001,True,28,False,False,True
DEL000775,ORD000775,560001,True,11,True,False,True
DEL000776,ORD000776,700001,True,55,True,False,True
DEL000777,ORD000777,110001,True,37,False,False,False
DEL000778,ORD000778,600001,True,23,True,False,False
DEL000779,ORD000779,600002,False,75,False,False,False
DEL000780,ORD000780,500003,True,39,False,False,False
DEL000781,ORD000781,110002,False,87,False,False,False
DEL000782,ORD000782,226001,False,77,False,False,True
DEL000783,ORD000783,600001,True,87,False,False,False
DEL000784,ORD000784,226001,True,57,False,False,True
DEL000785,ORD000785,110002,True,78,False,False,False
DEL000786,ORD000786,226001,True,17,True,False,True
DEL000787,ORD000787,600001,True,15,False,False,False
DEL000788,ORD000788,500001,True,71,False,False,False
DEL000789,ORD000789,700001,False,38,False,False,True
DEL000790,ORD000790,226001,True,94,False,False,True
DEL000791,ORD000791,110002,True,28,False,False,False
DEL000792,ORD000792,226001,True,86,False,False,True
DEL000793,ORD000793,560001,True,67,False,False,True
DEL000794,ORD000794,600002,True,65,False,False,False
DEL000795,ORD000795,500002,False,3,False,False,False
DEL000796,ORD000796,500002,True,78,False,False,False
DEL000797,ORD000797,226001,True,22,False,False,True
DEL000798,ORD000798,500001,True,22,False,False,False
DEL000799,ORD000799,700001,True,92,False,False,True
DEL000800,ORD000800,110002,True,5,False,False,False
DEL000801,ORD000801,600001,True,85,False,False,False
DEL000802,ORD000802,600002,False,69,False,False,False
DEL000803,ORD000803,600001,True,49,False,False,False
DEL000804,ORD000804,500003,True,5,False,False,False
DEL000805,ORD000805,700001,True,87,False,False,True
DEL000806,ORD000806,110002,True,67,False,False,False
DEL000807,ORD000807,500002,True,3,False,False,False
DEL000808,ORD000808,500002,True,9,False,False,False
DEL000809,ORD000809,110002,False,9,False,False,False
DEL000810,ORD000810,700001,True,26,False,False,True
DEL000811,ORD000811,600001,True,11,False,False,False
DEL000812,ORD000812,110001,True,58,False,True,False
DEL000813,ORD000813,110001,True,41,False,False,False
DEL000814,ORD000814,700001,True,32,False,False,True
DEL000815,ORD000815,500002,False,19,False,False,False
DEL000816,ORD000816,226001,True,93,False,False,True
DEL000817,ORD000817,500002,True,86,False,False,False
DEL000818,ORD000818,600002,False,55,True,False,False
DEL000819,ORD000819,500003,True,71,False,False,False
DEL000820,ORD000820,600002,True,93,False,False,False
DEL000821,ORD000821,110002,True,14,False,False,False
DEL000822,ORD000822,226001,False,17,False,False,True
DEL000823,ORD000823,500001,True,12,False,False,False
DEL000824,ORD000824,600001,True,57,False,False,False
DEL000825,ORD000825,600001,True,91,False,False,False
DEL000826,ORD000826,600001,False,9,False,False,False
DEL000827,ORD000827,500003,True,13,True,False,False
DEL000828,ORD000828,600001,True,67,False,False,False
DEL000829,ORD000829,110002,True,80,False,False,False
DEL000830,ORD000830,500003,False,33,True,False,False
DEL000831,ORD000831,226001,False,69,False,False,True
DEL000832,ORD000832,700001,True,87,False,False,True
DEL000833,ORD000833,226001,True,39,False,False,True
DEL000834,ORD000834,560001,True,35,False,False,True
DEL000835,ORD000835,560001,False,15,False,True,True
DEL000836,ORD000836,600002,True,37,False,False,False
DEL000837,ORD000837,500003,True,16,False,False,False
DEL000838,ORD000838,500002,True,48,False,False,False
DEL000839,ORD000839,600001,True,5,False,False,False
DEL000840,ORD000840,226001,True,16,False,False,True
DEL000841,ORD000841,500002,True,49,True,False,False
DEL000842,ORD000842,700001,True,4,False,False,True
DEL000843,ORD000843,500002,True,9,False,True,False
DEL000844,ORD000844,600001,True,13,False,False,False
DEL000845,ORD000845,110002,True,87,True,True,False
DEL000846,ORD000846,500003,True,68,False,False,False
DEL000847,ORD000847,500001,True,88,False,False,False
DEL000848,ORD000848,226001,False,47,False,False,True
DEL000849,ORD000849,110001,False,50,False,False,False
DEL000850,ORD000850,500001,True,93,False,False,False
DEL000851,ORD000851,500002,True,95,False,False,False
DEL000852,ORD000852,110001,False,75,False,False,False
DEL000853,ORD000853,500002,True,2,False,False,False
DEL000854,ORD000854,600002,True,95,False,False,False
DEL000855,ORD000855,600001,True,52,False,False,False
DEL000856,ORD000856,560001,True,77,False,False,True
DEL000857,ORD000857,500002,True,95,False,False,False
DEL000858,ORD000858,500002,False,24,False,False,False
DEL000859,ORD000859,600001,True,11,False,False,False
DEL000860,ORD000860,500001,False,47,False,True,False
DEL000861,ORD000861,226001,True,76,False,False,True
DEL000862,ORD000862,500003,True,78,False,False,False
DEL000863,ORD000863,560001,True,64,False,False,True
DEL000864,ORD000864,700001,False,60,False,True,True
DEL000865,ORD000865,500003,True,88,False,False,False
DEL000866,ORD000866,110002,True,42,True,False,False
DEL000867,ORD000867,600001,False,35,False,False,False
DEL000868,ORD000868,500003,True,71,False,True,False
DEL000869,ORD000869,600002,True,82,True,False,False
DEL000870,ORD000870,700001,False,91,True,False,True
DEL000871,ORD000871,600001,True,62,False,False,False
DEL000872,ORD000872,560001,True,90,True,False,True
DEL000873,ORD000873,500002,True,15,False,False,False
DEL000874,ORD000874,700001,True,35,False,False,True
DEL000875,ORD000875,226001,True,83,False,False,True
DEL000876,ORD000876,500001,True,56,False,False,False
DEL000877,ORD000877,560001,True,59,True,False,True
DEL000878,ORD000878,560001,True,70,False,False,True
DEL000879,ORD000879,500003,True,38,False,False,False
DEL000880,ORD000880,500001,True,92,False,True,False
DEL000881,ORD000881,600001,True,4,True,False,False
DEL000882,ORD000882,500003,True,52,False,False,False
DEL000883,ORD000883,500002,True,36,False,False,False
DEL000884,ORD000884,110001,True,41,False,False,False
DEL000885,ORD000885,500003,True,79,False,False,False
DEL000886,ORD000886,110002,True,69,False,False,False
DEL000887,ORD000887,500002,False,9,False,True,False
DEL000888,ORD000888,600001,True,88,False,False,False
DEL000889,ORD000889,560001,True,53,False,False,True
DEL000890,ORD000890,500003,False,10,False,False,False
DEL000891,ORD000891,500001,True,38,False,False,False
DEL000892,ORD000892,600002,True,74,False,False,False
DEL000893,ORD000893,110002,True,30,False,False,False
DEL000894,ORD000894,600002,True,47,False,False,False
DEL000895,ORD000895,110001,True,49,False,True,False
DEL000896,ORD000896,226001,True,48,False,False,True
DEL000897,ORD000897,500001,True,81,False,False,False
DEL000898,ORD000898,500002,True,66,False,False,False
DEL000899,ORD000899,500001,True,46,False,False,False
DEL000900,ORD000900,500003,False,61,False,False,False
DEL000901,ORD000901,500003,True,89,True,False,False
DEL000902,ORD000902,226001,True,32,False,False,True
DEL000903,ORD000903,600001,True,31,False,False,False
DEL000904,ORD000904,110001,True,4,False,False,False
DEL000905,ORD000905,500002,True,6,False,False,False
DEL000906,ORD000906,500001,False,49,False,False,False
DEL000907,ORD000907,500001,True,94,False,False,False
DEL000908,ORD000908,226001,False,34,False,False,True
DEL000909,ORD000909,500003,True,73,False,False,False
DEL000910,ORD000910,600001,True,4,False,False,False
DEL000911,ORD000911,500002,True,88,False,True,False
DEL000912,ORD000912,600002,False,79,False,False,False
DEL000913,ORD000913,600002,True,33,False,False,False
DEL000914,ORD000914,700001,False,84,False,False,True
DEL000915,ORD000915,110002,True,79,False,False,False
DEL000916,ORD000916,500001,True,20,False,False,False
DEL000917,ORD000917,110002,True,79,False,False,False
DEL000918,ORD000918,500003,True,53,False,False,False
DEL000919,ORD000919,226001,True,52,False,False,True
DEL000920,ORD000920,500003,True,15,False,False,False
DEL000921,ORD000921,600001,True,70,False,False,False
DEL000922,ORD000922,500002,False,32,False,False,False
DEL000923,ORD000923,700001,False,57,False,False,True
DEL000924,ORD000924,110001,True,80,False,False,False
DEL000925,ORD000925,226001,True,1,False,False,True
DEL000926,ORD000926,110001,True,16,False,False,False
DEL000927,ORD000927,700001,True,56,False,False,True
DEL000928,ORD000928,500002,True,36,False,False,False
DEL000929,ORD000929,110001,True,73,False,False,False
DEL000930,ORD000930,700001,False,53,False,True,True
DEL000931,ORD000931,110002,True,81,False,False,False
DEL000932,ORD000932,700001,True,38,False,False,True
DEL000933,ORD000933,500001,False,95,False,False,False
DEL000934,ORD000934,700001,True,44,False,True,True
DEL000935,ORD000935,110001,True,56,False,False,False
DEL000936,ORD000936,110001,True,10,False,False,False
DEL000937,ORD000937,600002,True,72,False,False,False
DEL000938,ORD000938,500002,True,27,False,False,False
DEL000939,ORD000939,110001,True,94,False,False,False
DEL000940,ORD000940,500001,True,82,False,False,False
DEL000941,ORD000941,500001,True,21,False,False,False
DEL000942,ORD000942,110002,True,8,False,False,False
DEL000943,ORD000943,500001,True,62,False,False,False
DEL000944,ORD000944,600002,True,17,False,False,False
DEL000945,ORD000945,110001,False,59,False,False,False
DEL000946,ORD000946,600001,True,42,False,False,False
DEL000947,ORD000947,600002,False,16,False,False,False
DEL000948,ORD000948,500002,True,93,True,True,False
DEL000949,ORD000949,226001,False,26,False,False,True
DEL000950,ORD000950,110002,True,14,False,False,False
DEL000951,ORD000951,226001,True,33,False,False,True
DEL000952,ORD000952,500001,True,22,False,False,False
DEL000953,ORD000953,500002,False,4,False,False,False
DEL000954,ORD000954,560001,True,89,False,False,True
DEL000955,ORD000955,226001,False,31,False,False,True
DEL000956,ORD000956,500002,True,94,False,False,False
DEL000957,ORD000957,500001,True,61,True,True,False
DEL000958,ORD000958,600002,False,84,False,True,False
DEL000959,ORD000959,500002,True,68,False,False,False
DEL000960,ORD000960,226001,True,9,False,False,True
DEL000961,ORD000961,500003,False,39,False,False,False
DEL000962,ORD000962,110001,True,32,False,True,False
DEL000963,ORD000963,110001,True,27,False,False,False
DEL000964,ORD000964,500003,True,5,False,False,False
DEL000965,ORD000965,226001,True,28,False,False,True
DEL000966,ORD000966,226001,False,44,False,False,True
DEL000967,ORD000967,500003,True,84,False,True,False
DEL000968,ORD000968,110002,True,54,False,False,False
DEL000969,ORD000969,110001,True,46,False,False,False
DEL000970,ORD000970,500001,False,49,False,False,False
DEL000971,ORD000971,600002,False,86,False,False,False
DEL000972,ORD000972,110002,True,36,False,False,False
DEL000973,ORD000973,110001,True,38,False,False,False
DEL000974,ORD000974,600001,True,90,False,False,False
DEL000975,ORD000975,500001,True,69,False,False,False
DEL000976,ORD000976,110002,True,84,False,False,False
DEL000977,ORD000977,600001,True,68,False,False,False
DEL000978,ORD000978,600001,True,20,False,False,False
DEL000979,ORD000979,600002,False,25,False,False,False
DEL000980,ORD000980,110002,False,31,False,True,False
DEL000981,ORD000981,700001,True,41,False,False,True
DEL000982,ORD000982,600001,False,75,False,False,False
DEL000983,ORD000983,500001,False,76,True,False,False
DEL000984,ORD000984,500003,True,74,False,False,False
DEL000985,ORD000985,110002,True,49,False,False,False
DEL000986,ORD000986,226001,True,59,False,False,True
DEL000987,ORD000987,226001,False,56,False,False,True
DEL000988,ORD000988,110002,True,20,True,False,False
DEL000989,ORD000989,500002,True,36,False,False,False
DEL000990,ORD000990,110001,True,25,False,False,False
DEL000991,ORD000991,500003,True,92,False,False,False
DEL000992,ORD000992,226001,True,31,False,False,True
DEL000993,ORD000993,110002,True,9,False,False,False
DEL000994,ORD000994,500001,True,17,False,False,False
DEL000995,ORD000995,500002,False,12,False,False,False
DEL000996,ORD000996,110001,True,31,False,False,False
DEL000997,ORD000997,700001,True,19,False,False,True
DEL000998,ORD000998,500002,True,65,False,False,False
DEL000999,ORD000999,600001,True,47,False,False,False
DEL001000,ORD001000,600002,False,76,False,False,False
DEL001001,ORD001001,500002,False,28,True,False,False
DEL001002,ORD001002,560001,True,44,False,True,True
DEL001003,ORD001003,500003,True,13,False,False,False
DEL001004,ORD001004,600001,True,3,False,False,False
DEL001005,ORD001005,700001,True,79,False,False,True
DEL001006,ORD001006,226001,True,70,False,False,True
DEL001007,ORD001007,600002,True,91,False,False,False
DEL001008,ORD001008,500003,True,57,False,False,False
DEL001009,ORD001009,110002,False,3,False,True,False
DEL001010,ORD001010,500001,True,72,True,False,False
DEL001011,ORD001011,500003,True,73,False,False,False
DEL001012,ORD001012,600001,True,57,False,False,False
DEL001013,ORD001013,560001,False,23,False,False,True
DEL001014,ORD001014,110001,True,50,False,False,False
DEL001015,ORD001015,500003,False,82,True,False,False
DEL001016,ORD001016,700001,True,83,True,False,True
DEL001017,ORD001017,560001,True,16,False,False,True
DEL001018,ORD001018,226001,False,40,False,False,True
DEL001019,ORD001019,500001,True,71,False,False,False
DEL001020,ORD001020,600002,True,75,False,False,False
DEL001021,ORD001021,500001,True,69,False,False,False
DEL001022,ORD001022,226001,True,13,False,False,True
DEL001023,ORD001023,700001,False,32,True,False,True
DEL001024,ORD001024,500002,True,83,True,False,False
DEL001025,ORD001025,600001,True,65,False,True,False
DEL001026,ORD001026,500001,False,72,False,False,False
DEL001027,ORD001027,600001,True,17,False,True,False
DEL001028,ORD001028,700001,True,69,False,False,True
DEL001029,ORD001029,226001,False,58,False,False,True
DEL001030,ORD001030,600002,False,12,False,False,False
DEL001031,ORD001031,600002,True,40,False,False,False
DEL001032,ORD001032,500002,True,27,False,False,False
DEL001033,ORD001033,226001,True,69,False,False,True
DEL001034,ORD001034,110001,True,82,False,False,False
DEL001035,ORD001035,500001,False,51,False,False,False
DEL001036,ORD001036,226001,True,46,False,False,True
DEL001037,ORD001037,500001,True,6,False,False,False
DEL001038,ORD001038,600001,False,59,False,True,False
DEL001039,ORD001039,110002,True,71,False,False,False
DEL001040,ORD001040,600002,True,46,True,False,False
DEL001041,ORD001041,500003,True,82,False,True,False
DEL001042,ORD001042,700001,True,23,False,False,True
DEL001043,ORD001043,700001,False,27,False,True,True
DEL001044,ORD001044,500003,True,3,False,True,False
DEL001045,ORD001045,700001,True,9,False,False,True
DEL001046,ORD001046,500003,True,90,False,False,False
DEL001047,ORD001047,110001,True,34,False,False,False
DEL001048,ORD001048,500002,True,40,False,False,False
DEL001049,ORD001049,500002,True,15,False,True,False
DEL001050,ORD001050,110001,True,62,False,False,False
DEL001051,ORD001051,600002,True,33,True,False,False
DEL001052,ORD001052,600002,False,68,True,False,False
DEL001053,ORD001053,110002,True,30,False,False,False
DEL001054,ORD001054,500001,True,16,False,False,False
DEL001055,ORD001055,110001,True,70,False,False,False
DEL001056,ORD001056,700001,False,27,False,True,True
DEL001057,ORD001057,600002,False,12,False,False,False
DEL001058,ORD001058,226001,False,94,False,False,True
DEL001059,ORD001059,226001,True,41,False,False,True
DEL001060,ORD001060,110002,True,24,False,False,False
DEL001061,ORD001061,500003,True,28,False,False,False
DEL001062,ORD001062,226001,True,42,False,False,True
DEL001063,ORD001063,560001,False,86,False,False,True
DEL001064,ORD001064,500001,True,81,True,False,False
DEL001065,ORD001065,226001,True,14,True,False,True
DEL001066,ORD001066,110002,True,79,False,False,False
DEL001067,ORD001067,110001,False,64,False,False,False
DEL001068,ORD001068,226001,False,79,True,False,True
DEL001069,ORD001069,110001,False,72,False,False,False
DEL001070,ORD001070,500001,True,58,False,False,False
DEL001071,ORD001071,500002,True,78,False,False,False
DEL001072,ORD001072,110001,True,65,False,False,False
DEL001073,ORD001073,500002,False,65,False,False,False
DEL001074,ORD001074,600001,True,17,False,False,False
DEL001075,ORD001075,110001,False,37,False,False,False
DEL001076,ORD001076,500002,True,77,False,False,False
DEL001077,ORD001077,110001,True,55,False,False,False
DEL001078,ORD001078,700001,True,78,False,False,True
DEL001079,ORD001079,110001,True,16,False,False,False
DEL001080,ORD001080,226001,True,47,False,False,True
DEL001081,ORD001081,110002,True,86,False,True,False
DEL001082,ORD001082,500003,True,53,False,False,False
DEL001083,ORD001083,600001,False,85,False,False,False
DEL001084,ORD001084,600001,False,60,False,False,False
DEL001085,ORD001085,500001,True,50,False,False,False
DEL001086,ORD001086,700001,True,83,True,False,True
DEL001087,ORD001087,700001,True,14,False,False,True
DEL001088,ORD001088,110002,True,89,False,False,False
DEL001089,ORD001089,500002,False,14,False,False,False
DEL001090,ORD001090,500003,False,54,False,False,False
DEL001091,ORD001091,110002,True,65,False,False,False
DEL001092,ORD001092,500001,True,55,False,False,False
DEL001093,ORD001093,500003,True,38,False,False,False
DEL001094,ORD001094,600001,True,17,False,False,False
DEL001095,ORD001095,600002,True,53,False,False,False
DEL001096,ORD001096,110002,False,86,False,False,False
DEL001097,ORD001097,700001,True,90,False,False,True
DEL001098,ORD001098,500002,True,68,False,False,False
DEL001099,ORD001099,110001,True,40,False,False,False
DEL001100,ORD001100,500002,True,43,False,False,False
DEL001101,ORD001101,226001,False,47,False,False,True
DEL001102,ORD001102,500002,True,53,False,False,False
DEL001103,ORD001103,226001,False,9,False,False,True
DEL001104,ORD001104,600002,True,63,False,False,False
DEL001105,ORD001105,600002,True,27,False,False,False
DEL001106,ORD001106,500001,True,25,False,False,False
DEL001107,ORD001107,560001,False,59,False,True,True
DEL001108,ORD001108,560001,True,11,False,False,True
DEL001109,ORD001109,500001,True,68,False,False,False
DEL001110,ORD001110,110001,True,13,False,False,False
DEL001111,ORD001111,700001,True,32,False,False,True
DEL001112,ORD001112,600002,True,20,True,False,False
DEL001113,ORD001113,110002,True,17,False,False,False
DEL001114,ORD001114,110001,True,23,False,False,False
DEL001115,ORD001115,500001,True,4,False,True,False
DEL001116,ORD001116,500003,True,86,False,False,False
DEL001117,ORD001117,110002,False,86,False,False,False
DEL001118,ORD001118,560001,True,11,True,False,True
DEL001119,ORD001119,110002,True,66,False,False,False
DEL001120,ORD001120,500001,True,89,False,False,False
DEL001121,ORD001121,500003,True,16,True,False,False
DEL001122,ORD001122,500002,False,94,False,True,False
DEL001123,ORD001123,600001,True,37,False,False,False
DEL001124,ORD001124,500003,False,76,False,False,False
DEL001125,ORD001125,700001,True,45,False,False,True
DEL001126,ORD001126,110001,False,32,False,False,False
DEL001127,ORD001127,110001,True,66,True,False,False
DEL001128,ORD001128,110001,False,33,False,False,False
DEL001129,ORD001129,700001,True,43,False,False,True
DEL001130,ORD001130,700001,True,52,False,True,True
DEL001131,ORD001131,700001,True,68,False,False,True
DEL001132,ORD001132,600001,True,72,False,False,False
DEL001133,ORD001133,110001,True,92,False,False,False
DEL001134,ORD001134,700001,True,75,False,False,True
DEL001135,ORD001135,110001,True,84,True,True,False
DEL001136,ORD001136,560001,True,56,False,False,True
DEL001137,ORD001137,560001,False,13,False,False,True
DEL001138,ORD001138,600002,False,63,False,False,False
DEL001139,ORD001139,500003,True,45,False,False,False
DEL001140,ORD001140,110001,True,16,True,False,False
DEL001141,ORD001141,600002,False,56,False,False,False
DEL001142,ORD001142,500003,False,65,False,False,False
DEL001143,ORD001143,110001,False,74,False,False,False
DEL001144,ORD001144,600001,False,13,False,False,False
DEL001145,ORD001145,110001,False,53,False,False,False
DEL001146,ORD001146,110002,True,17,False,False,False
DEL001147,ORD001147,500001,True,50,False,False,False
DEL001148,ORD001148,110001,True,40,False,False,False
DEL001149,ORD001149,560001,True,43,False,False,True
DEL001150,ORD001150,226001,True,52,False,False,True
DEL001151,ORD001151,500003,True,16,False,False,False
DEL001152,ORD001152,500002,False,43,False,False,False
DEL001153,ORD001153,110002,True,80,False,False,False
DEL001154,ORD001154,226001,False,51,False,False,True
DEL001155,ORD001155,600001,False,65,False,False,False
DEL001156,ORD001156,110002,True,85,False,False,False
DEL001157,ORD001157,700001,False,60,False,False,True
DEL001158,ORD001158,560001,True,24,False,False,True
DEL001159,ORD001159,500002,True,54,False,True,False
DEL001160,ORD001160,226001,True,46,False,False,True
DEL001161,ORD001161,110001,True,20,False,False,False
DEL001162,ORD001162,500003,True,49,False,False,False
DEL001163,ORD001163,500002,False,14,False,False,False
DEL001164,ORD001164,226001,True,1,False,False,True
DEL001165,ORD001165,500003,True,86,False,False,False
DEL001166,ORD001166,110002,False,53,True,False,False
DEL001167,ORD001167,110001,True,71,False,False,False
DEL001168,ORD001168,700001,True,32,False,False,True
DEL001169,ORD001169,500003,False,4,False,False,False
DEL001170,ORD001170,500003,True,16,False,False,False
DEL001171,ORD001171,560001,True,81,False,False,True
DEL001172,ORD001172,500003,True,30,False,False,False
DEL001173,ORD001173,600001,True,71,False,True,False
DEL001174,ORD001174,226001,True,20,False,False,True
DEL001175,ORD001175,226001,True,60,True,False,True
DEL001176,ORD001176,560001,True,33,False,False,True
DEL001177,ORD001177,500003,False,76,False,False,False
DEL001178,ORD001178,110002,True,15,False,False,False
DEL001179,ORD001179,600002,True,57,False,False,False
DEL001180,ORD001180,700001,True,15,False,False,True
DEL001181,ORD001181,500001,True,20,False,False,False
DEL001182,ORD001182,600001,True,81,False,False,False
DEL001183,ORD001183,500003,True,42,False,True,False
DEL001184,ORD001184,700001,False,93,False,False,True
DEL001185,ORD001185,110002,True,88,False,True,False
DEL001186,ORD001186,600002,True,41,False,False,False
DEL001187,ORD001187,226001,False,15,False,False,True
DEL001188,ORD001188,500001,True,12,False,False,False
DEL001189,ORD001189,560001,True,19,False,False,True
DEL001190,ORD001190,500001,False,13,False,False,False
DEL001191,ORD001191,500001,True,33,False,True,False
DEL001192,ORD001192,500003,True,94,False,False,False
DEL001193,ORD001193,500001,False,7,True,False,False
DEL001194,ORD001194,500003,True,44,False,False,False
DEL001195,ORD001195,600002,True,18,False,True,False
DEL001196,ORD001196,500002,True,61,False,False,False
DEL001197,ORD001197,600002,True,48,False,True,False
DEL001198,ORD001198,226001,True,25,False,False,True
DEL001199,ORD001199,110001,True,61,False,False,False
DEL001200,ORD001200,600002,True,76,False,False,False
DEL001201,ORD001201,560001,True,34,False,False,True
DEL001202,ORD001202,110001,False,85,False,False,False
DEL001203,ORD001203,600001,True,71,False,False,False
DEL001204,ORD001204,500002,True,30,False,False,False
DEL001205,ORD001205,560001,False,80,False,False,True
DEL001206,ORD001206,700001,True,59,False,False,True
DEL001207,ORD001207,560001,True,57,False,True,True
DEL001208,ORD001208,226001,True,63,False,False,True
DEL001209,ORD001209,700001,True,47,False,False,True
DEL001210,ORD001210,500001,True,39,False,True,False
DEL001211,ORD001211,600002,True,86,False,False,False
DEL001212,ORD001212,500003,True,16,False,False,False
DEL001213,ORD001213,600001,True,69,True,False,False
DEL001214,ORD001214,600002,True,73,False,False,False
DEL001215,ORD001215,226001,False,92,False,False,True
DEL001216,ORD001216,500001,True,95,False,False,False
DEL001217,ORD001217,500002,False,20,False,False,False
DEL001218,ORD001218,560001,False,18,False,False,True
DEL001219,ORD001219,226001,True,81,False,False,True
DEL001220,ORD001220,110001,True,30,False,False,False
DEL001221,ORD001221,700001,False,36,False,False,True
DEL001222,ORD001222,500002,False,78,False,False,False
DEL001223,ORD001223,110001,True,25,False,False,False
DEL001224,ORD001224,700001,False,45,False,False,True
DEL001225,ORD001225,500001,True,40,False,False,False
DEL001226,ORD001226,226001,True,4,True,False,True
DEL001227,ORD001227,226001,True,66,True,False,True
DEL001228,ORD001228,560001,True,94,False,False,True
DEL001229,ORD001229,600001,True,26,False,False,False
DEL001230,ORD001230,600002,True,75,True,False,False
DEL001231,ORD001231,600002,True,70,False,False,False
DEL001232,ORD001232,600001,True,38,False,False,False
DEL001233,ORD001233,500003,True,83,False,False,False
DEL001234,ORD001234,500003,True,83,False,False,False
DEL001235,ORD001235,600002,True,75,False,False,False
DEL001236,ORD001236,500001,True,55,True,False,False
DEL001237,ORD001237,600001,True,57,False,True,False
DEL001238,ORD001238,700001,False,62,False,False,True
DEL001239,ORD001239,500002,True,70,False,False,False
DEL001240,ORD001240,500001,True,93,False,False,False
DEL001241,ORD001241,700001,True,14,False,False,True
DEL001242,ORD001242,226001,False,74,False,True,True
DEL001243,ORD001243,110002,True,90,False,False,False
DEL001244,ORD001244,600002,True,41,False,False,False
DEL001245,ORD001245,560001,True,95,False,False,True
DEL001246,ORD001246,560001,True,45,False,False,True
DEL001247,ORD001247,600002,False,50,False,False,False
DEL001248,ORD001248,500002,False,59,False,True,False
DEL001249,ORD001249,500003,False,52,False,False,False
DEL001250,ORD001250,500002,True,36,False,True,False
DEL001251,ORD001251,110001,True,74,False,False,False
DEL001252,ORD001252,500002,False,26,False,True,False
DEL001253,ORD001253,500003,True,10,True,False,False
DEL001254,ORD001254,600001,True,84,False,True,False
DEL001255,ORD001255,500002,True,85,False,False,False
DEL001256,ORD001256,500001,True,59,False,False,False
DEL001257,ORD001257,110002,True,64,False,False,False
DEL001258,ORD001258,500001,True,82,False,False,False
DEL001259,ORD001259,226001,True,12,True,False,True
DEL001260,ORD001260,110002,True,77,False,False,False
DEL001261,ORD001261,600002,False,4,False,False,False
DEL001262,ORD001262,500002,False,91,False,False,False
DEL001263,ORD001263,700001,True,9,True,False,True
DEL001264,ORD001264,110001,True,28,False,False,False
DEL001265,ORD001265,110002,True,52,False,False,False
DEL001266,ORD001266,700001,True,75,False,False,True
DEL001267,ORD001267,560001,True,42,False,True,True
DEL001268,ORD001268,560001,True,74,False,False,True
DEL001269,ORD001269,500003,False,27,False,False,False
DEL001270,ORD001270,560001,False,28,False,False,True
DEL001271,ORD001271,600001,True,10,False,False,False
DEL001272,ORD001272,110002,True,28,False,False,False
DEL001273,ORD001273,110001,True,3,False,False,False
DEL001274,ORD001274,500001,True,15,False,False,False
DEL001275,ORD001275,600001,True,47,False,False,False
DEL001276,ORD001276,700001,True,81,False,False,True
DEL001277,ORD001277,700001,True,27,False,False,True
DEL001278,ORD001278,110002,True,87,False,False,False
DEL001279,ORD001279,500003,True,55,False,False,False
DEL001280,ORD001280,500003,True,28,False,False,False
DEL001281,ORD001281,560001,True,27,False,True,True
DEL001282,ORD001282,700001,True,83,False,True,True
DEL001283,ORD001283,500003,True,74,False,False,False
DEL001284,ORD001284,560001,False,78,False,False,True
DEL001285,ORD001285,110001,False,18,True,False,False
DEL001286,ORD001286,600002,False,1,False,False,False
DEL001287,ORD001287,110002,False,66,False,False,False
DEL001288,ORD001288,500002,True,18,True,False,False
DEL001289,ORD001289,500001,True,49,False,False,False
DEL001290,ORD001290,500002,True,88,False,False,False
DEL001291,ORD001291,500002,True,85,False,False,False
DEL001292,ORD001292,600001,True,78,False,False,False
DEL001293,ORD001293,500002,True,44,False,True,False
DEL001294,ORD001294,600001,True,55,False,False,False
DEL001295,ORD001295,600001,True,12,False,False,False
DEL001296,ORD001296,500001,True,81,False,False,False
DEL001297,ORD001297,700001,False,34,False,False,True
DEL001298,ORD001298,500003,True,25,False,False,False
DEL001299,ORD001299,600001,True,58,False,False,False
DEL001300,ORD001300,500003,False,60,False,False,False
DEL001301,ORD001301,500001,False,45,True,False,False
DEL001302,ORD001302,226001,True,95,False,False,True
DEL001303,ORD001303,110002,False,4,False,False,False
DEL001304,ORD001304,560001,True,56,False,False,True
DEL001305,ORD001305,500001,True,25,False,False,False
DEL001306,ORD001306,700001,True,56,False,False,True
DEL001307,ORD001307,700001,True,36,True,False,True
DEL001308,ORD001308,500001,True,34,False,False,False
DEL001309,ORD001309,560001,True,59,False,False,True
DEL001310,ORD001310,600001,True,37,False,False,False
DEL001311,ORD001311,500003,True,38,False,False,False
DEL001312,ORD001312,110002,True,45,False,False,False
DEL001313,ORD001313,500002,True,22,False,False,False
DEL001314,ORD001314,500003,True,76,False,False,False
DEL001315,ORD001315,700001,True,67,False,False,True
DEL001316,ORD001316,600002,True,62,False,False,False
DEL001317,ORD001317,110001,False,4,False,False,False
DEL001318,ORD001318,500003,True,48,False,False,False
DEL001319,ORD001319,500003,True,8,False,False,False
DEL001320,ORD001320,560001,True,32,False,False,True
DEL001321,ORD001321,500003,True,69,False,False,False
DEL001322,ORD001322,226001,True,23,False,False,True
DEL001323,ORD001323,600001,True,58,False,True,False
DEL001324,ORD001324,110002,False,39,False,False,False
DEL001325,ORD001325,700001,True,78,False,False,True
DEL001326,ORD001326,500003,True,19,False,False,False
DEL001327,ORD001327,110001,False,87,False,False,False
DEL001328,ORD001328,500003,False,59,False,False,False
DEL001329,ORD001329,500003,True,57,False,False,False
DEL001330,ORD001330,110001,True,21,False,False,False
DEL001331,ORD001331,500001,True,11,False,False,False
DEL001332,ORD001332,500001,True,36,False,False,False
DEL001333,ORD001333,600001,True,41,True,False,False
DEL001334,ORD001334,500003,True,40,False,False,False
DEL001335,ORD001335,110002,False,11,False,False,False
DEL001336,ORD001336,110002,True,89,False,False,False
DEL001337,ORD001337,600001,True,56,False,True,False
DEL001338,ORD001338,110002,True,80,False,False,False
DEL001339,ORD001339,600001,True,88,False,False,False
DEL001340,ORD001340,560001,True,24,False,False,True
DEL001341,ORD001341,600001,True,75,False,False,False
DEL001342,ORD001342,500002,True,44,False,False,False
DEL001343,ORD001343,226001,True,88,False,True,True
DEL001344,ORD001344,600001,False,17,False,False,False
DEL001345,ORD001345,226001,True,60,False,False,True
DEL001346,ORD001346,500003,True,37,False,False,False
DEL001347,ORD001347,600002,True,18,True,True,False
DEL001348,ORD001348,600001,True,89,True,False,False
DEL001349,ORD001349,226001,True,52,False,False,True
DEL001350,ORD001350,110001,True,8,True,False,False
DEL001351,ORD001351,500003,False,64,False,True,False
DEL001352,ORD001352,500003,True,39,True,False,False
DEL001353,ORD001353,600001,True,80,False,False,False
DEL001354,ORD001354,500003,True,29,False,False,False
DEL001355,ORD001355,500003,True,73,False,True,False
DEL001356,ORD001356,600001,False,7,False,False,False
DEL001357,ORD001357,226001,True,78,False,False,True
DEL001358,ORD001358,560001,False,25,False,True,True
DEL001359,ORD001359,110002,True,37,False,False,False
DEL001360,ORD001360,500001,True,83,False,False,False
DEL001361,ORD001361,600001,True,66,False,True,False
DEL001362,ORD001362,110001,True,19,False,False,False
DEL001363,ORD001363,110002,True,66,False,False,False
DEL001364,ORD001364,226001,True,88,False,False,True
DEL001365,ORD001365,700001,False,74,True,False,True
DEL001366,ORD001366,500001,True,50,False,False,False
DEL001367,ORD001367,500001,True,56,False,True,False
DEL001368,ORD001368,500002,False,13,False,False,False
DEL001369,ORD001369,600001,True,1,False,False,False
DEL001370,ORD001370,500002,True,15,False,False,False
DEL001371,ORD001371,110002,True,53,False,False,False
DEL001372,ORD001372,226001,True,7,False,False,True
DEL001373,ORD001373,560001,True,80,False,False,True
DEL001374,ORD001374,500001,True,7,False,False,False
DEL001375,ORD001375,226001,True,82,False,False,True
DEL001376,ORD001376,560001,True,92,False,False,True
DEL001377,ORD001377,226001,False,63,False,False,True
DEL001378,ORD001378,700001,True,14,True,False,True
DEL001379,ORD001379,700001,True,81,False,False,True
DEL001380,ORD001380,500002,True,23,False,False,False
DEL001381,ORD001381,500003,True,57,True,True,False
DEL001382,ORD001382,700001,False,23,True,False,True
DEL001383,ORD001383,560001,True,24,False,False,True
DEL001384,ORD001384,600001,False,85,False,True,False
DEL001385,ORD001385,600002,True,86,False,False,False
DEL001386,ORD001386,600001,True,90,False,False,False
DEL001387,ORD001387,600002,True,36,False,False,False
DEL001388,ORD001388,500001,True,55,False,False,False
DEL001389,ORD001389,500002,False,29,False,False,False
DEL001390,ORD001390,500002,True,71,False,False,False
DEL001391,ORD001391,600002,True,56,False,False,False
DEL001392,ORD001392,500002,True,81,False,False,False
DEL001393,ORD001393,500001,True,11,False,False,False
DEL001394,ORD001394,226001,True,55,False,False,True
DEL001395,ORD001395,600002,True,25,False,False,False
DEL001396,ORD001396,500002,True,41,False,False,False
DEL001397,ORD001397,500002,False,48,True,False,False
DEL001398,ORD001398,500001,False,51,False,False,False
DEL001399,ORD001399,226001,False,8,False,False,True
DEL001400,ORD001400,500003,False,4,False,False,False
DEL001401,ORD001401,500002,True,37,False,False,False
DEL001402,ORD001402,110002,False,73,False,False,False
DEL001403,ORD001403,560001,True,78,False,False,True
DEL001404,ORD001404,700001,True,48,False,False,True
DEL001405,ORD001405,560001,True,14,True,False,True
DEL001406,ORD001406,110001,True,23,False,False,False
DEL001407,ORD001407,560001,True,33,False,False,True
DEL001408,ORD001408,500001,True,82,True,False,False
DEL001409,ORD001409,700001,True,42,False,False,True
DEL001410,ORD001410,560001,True,74,False,False,True
DEL001411,ORD001411,500003,True,77,False,False,False
DEL001412,ORD001412,500002,True,24,False,False,False
DEL001413,ORD001413,700001,False,64,False,False,True
DEL001414,ORD001414,500003,False,24,False,False,False
DEL001415,ORD001415,110001,True,48,True,False,False
DEL001416,ORD001416,500002,True,48,False,False,False
DEL001417,ORD001417,600002,True,67,False,False,False
DEL001418,ORD001418,110001,True,84,False,False,False
DEL001419,ORD001419,700001,False,3,False,False,True
DEL001420,ORD001420,600001,True,10,False,False,False
DEL001421,ORD001421,226001,False,90,False,False,True
DEL001422,ORD001422,700001,True,60,False,False,True
DEL001423,ORD001423,110002,True,80,False,False,False
DEL001424,ORD001424,700001,False,4,True,False,True
DEL001425,ORD001425,500003,True,50,True,False,False
DEL001426,ORD001426,700001,True,64,False,False,True
DEL001427,ORD001427,110002,False,33,False,False,False
DEL001428,ORD001428,110002,True,36,False,False,False
DEL001429,ORD001429,110001,True,57,False,False,False
DEL001430,ORD001430,226001,True,34,False,False,True
DEL001431,ORD001431,500002,False,74,False,False,False
DEL001432,ORD001432,110002,False,87,False,False,False
DEL001433,ORD001433,560001,False,45,False,False,True
DEL001434,ORD001434,226001,True,62,False,False,True
DEL001435,ORD001435,500001,True,17,False,False,False
DEL001436,ORD001436,560001,True,72,False,False,True
DEL001437,ORD001437,560001,True,95,False,True,True
DEL001438,ORD001438,600002,True,65,False,False,False
DEL001439,ORD001439,600001,True,84,False,False,False
DEL001440,ORD001440,500002,False,69,False,False,False
DEL001441,ORD001441,500003,True,27,False,False,False
DEL001442,ORD001442,500003,False,14,False,False,False
DEL001443,ORD001443,110001,True,58,False,False,False
DEL001444,ORD001444,110001,True,90,False,False,False
DEL001445,ORD001445,700001,True,95,False,False,True
DEL001446,ORD001446,560001,False,2,False,True,True
DEL001447,ORD001447,700001,False,28,False,False,True
DEL001448,ORD001448,500001,True,22,False,False,False
DEL001449,ORD001449,226001,True,54,False,False,True
DEL001450,ORD001450,500001,True,8,False,False,False
DEL001451,ORD001451,600001,True,48,True,False,False
DEL001452,ORD001452,600002,True,59,False,False,False
DEL001453,ORD001453,110002,True,86,False,False,False
DEL001454,ORD001454,500003,False,75,False,False,False
DEL001455,ORD001455,500001,True,1,False,False,False
DEL001456,ORD001456,560001,True,70,False,True,True
DEL001457,ORD001457,600002,True,86,False,False,False
DEL001458,ORD001458,600002,True,64,False,False,False
DEL001459,ORD001459,110001,True,56,True,False,False
DEL001460,ORD001460,700001,True,66,True,False,True
DEL001461,ORD001461,500002,True,26,False,False,False
DEL001462,ORD001462,600001,True,7,False,False,False
DEL001463,ORD001463,600001,False,80,False,False,False
DEL001464,ORD001464,110002,True,13,False,False,False
DEL001465,ORD001465,110001,True,32,False,False,False
DEL001466,ORD001466,110001,True,3,False,False,False
DEL001467,ORD001467,226001,True,21,True,False,True
DEL001468,ORD001468,500001,True,31,False,False,False
DEL001469,ORD001469,700001,False,88,False,False,True
DEL001470,ORD001470,110002,True,71,False,False,False
DEL001471,ORD001471,500003,True,39,True,False,False
DEL001472,ORD001472,226001,True,72,False,False,True
DEL001473,ORD001473,600001,True,70,False,False,False
DEL001474,ORD001474,500001,True,14,False,False,False
DEL001475,ORD001475,500002,True,84,False,True,False
DEL001476,ORD001476,110001,False,60,False,False,False
DEL001477,ORD001477,110002,True,66,False,False,False
DEL001478,ORD001478,600002,False,78,False,False,False
DEL001479,ORD001479,500002,True,89,False,False,False
DEL001480,ORD001480,110002,False,18,False,False,False
DEL001481,ORD001481,110002,True,8,False,False,False
DEL001482,ORD001482,500003,True,70,False,False,False
DEL001483,ORD001483,500001,False,28,False,False,False
DEL001484,ORD001484,500001,True,73,True,False,False
DEL001485,ORD001485,560001,True,25,False,False,True
DEL001486,ORD001486,110002,True,71,True,False,False
DEL001487,ORD001487,600001,True,35,True,False,False
DEL001488,ORD001488,600001,True,16,False,False,False
DEL001489,ORD001489,500001,True,84,False,False,False
DEL001490,ORD001490,500001,True,71,False,False,False
DEL001491,ORD001491,500001,True,18,False,False,False
DEL001492,ORD001492,560001,True,19,True,False,True
DEL001493,ORD001493,500002,False,2,True,False,False
DEL001494,ORD001494,110002,True,93,False,False,False
DEL001495,ORD001495,226001,True,92,False,False,True
DEL001496,ORD001496,110002,True,79,True,False,False
DEL001497,ORD001497,110002,True,55,True,False,False
DEL001498,ORD001498,600002,False,94,False,False,False
DEL001499,ORD001499,110001,True,68,False,False,False
DEL001500,ORD001500,560001,False,8,False,False,True
DEL001501,ORD001501,600001,False,83,False,False,False
DEL001502,ORD001502,500003,True,30,True,False,False
DEL001503,ORD001503,500002,True,26,False,False,False
DEL001504,ORD001504,600001,True,73,False,False,False
DEL001505,ORD001505,500001,False,62,False,False,False
DEL001506,ORD001506,600001,True,92,False,False,False
DEL001507,ORD001507,600001,True,71,True,False,False
DEL001508,ORD001508,700001,True,33,False,False,True
DEL001509,ORD001509,226001,True,4,False,False,True
DEL001510,ORD001510,700001,True,8,True,False,True
DEL001511,ORD001511,110001,True,34,True,False,False
DEL001512,ORD001512,500003,False,74,False,False,False
DEL001513,ORD001513,226001,False,36,False,False,True
DEL001514,ORD001514,700001,True,29,False,True,True
DEL001515,ORD001515,110001,True,68,False,False,False
DEL001516,ORD001516,700001,True,35,False,False,True
DEL001517,ORD001517,226001,True,28,False,False,True
DEL001518,ORD001518,700001,True,22,False,False,True
DEL001519,ORD001519,600001,False,58,False,False,False
DEL001520,ORD001520,500003,True,51,False,False,False
DEL001521,ORD001521,500001,False,26,False,True,False
DEL001522,ORD001522,600002,True,6,False,False,False
DEL001523,ORD001523,600001,True,24,False,False,False
DEL001524,ORD001524,500003,True,68,False,False,False
DEL001525,ORD001525,560001,True,46,False,True,True
DEL001526,ORD001526,226001,True,80,False,False,True
DEL001527,ORD001527,110002,True,71,False,False,False
DEL001528,ORD001528,500002,True,7,False,False,False
DEL001529,ORD001529,700001,True,37,True,False,True
DEL001530,ORD001530,560001,True,68,False,False,True
DEL001531,ORD001531,226001,True,23,False,False,True
DEL001532,ORD001532,600001,False,32,False,False,False
DEL001533,ORD001533,600001,False,54,False,False,False
DEL001534,ORD001534,110002,False,55,False,False,False
DEL001535,ORD001535,110002,True,85,False,False,False
DEL001536,ORD001536,600001,True,11,False,True,False
DEL001537,ORD001537,500001,True,80,False,False,False
DEL001538,ORD001538,110001,False,40,False,False,False
DEL001539,ORD001539,110001,True,21,False,False,False
DEL001540,ORD001540,500003,True,69,False,True,False
DEL001541,ORD001541,600002,True,47,False,False,False
DEL001542,ORD001542,560001,True,75,False,False,True
DEL001543,ORD001543,600001,True,88,False,False,False
DEL001544,ORD001544,700001,True,35,False,False,True
DEL001545,ORD001545,226001,True,47,False,False,True
DEL001546,ORD001546,600002,True,48,False,False,False
DEL001547,ORD001547,600002,True,26,False,False,False
DEL001548,ORD001548,110002,True,29,False,False,False
DEL001549,ORD001549,500001,True,59,False,False,False
DEL001550,ORD001550,110001,True,15,False,False,False
DEL001551,ORD001551,500002,False,71,False,False,False
DEL001552,ORD001552,500003,True,81,False,False,False
DEL001553,ORD001553,560001,False,8,False,False,True
DEL001554,ORD001554,600001,True,41,False,False,False
DEL001555,ORD001555,110002,False,1,False,False,False
DEL001556,ORD001556,226001,True,32,False,False,True
DEL001557,ORD001557,226001,False,3,False,False,True
DEL001558,ORD001558,600002,True,33,False,False,False
DEL001559,ORD001559,500002,True,80,False,False,False
DEL001560,ORD001560,500001,True,28,False,False,False
DEL001561,ORD001561,600002,True,61,False,False,False
DEL001562,ORD001562,600001,False,57,False,False,False
DEL001563,ORD001563,110001,True,58,False,False,False
DEL001564,ORD001564,500003,True,24,False,False,False
DEL001565,ORD001565,500002,True,74,False,False,False
DEL001566,ORD001566,500003,True,50,False,False,False
DEL001567,ORD001567,600001,True,26,False,False,False
DEL001568,ORD001568,110001,True,49,False,False,False
DEL001569,ORD001569,700001,True,77,False,False,True
DEL001570,ORD001570,500002,False,72,False,False,False
DEL001571,ORD001571,110001,True,12,False,True,False
DEL001572,ORD001572,700001,True,42,False,True,True
DEL001573,ORD001573,500002,True,1,False,False,False
DEL001574,ORD001574,500001,True,43,False,False,False
DEL001575,ORD001575,560001,True,47,False,False,True
DEL001576,ORD001576,600001,True,61,False,False,False
DEL001577,ORD001577,500002,True,27,False,False,False
DEL001578,ORD001578,560001,True,82,False,False,True
DEL001579,ORD001579,600002,True,74,False,False,False
DEL001580,ORD001580,560001,True,64,False,False,True
DEL001581,ORD001581,600001,True,81,False,False,False
DEL001582,ORD001582,600001,True,84,False,False,False
DEL001583,ORD001583,600002,False,50,True,False,False
DEL001584,ORD001584,500001,False,50,False,False,False
DEL001585,ORD001585,226001,True,76,False,False,True
DEL001586,ORD001586,500003,True,81,True,False,False
DEL001587,ORD001587,560001,True,85,False,False,True
DEL001588,ORD001588,600001,True,42,False,False,False
DEL001589,ORD001589,500001,True,43,True,False,False
DEL001590,ORD001590,110001,True,93,True,False,False
DEL001591,ORD001591,110001,True,49,False,False,False
DEL001592,ORD001592,500002,False,80,False,False,False
DEL001593,ORD001593,560001,True,3,False,False,True
DEL001594,ORD001594,600001,True,63,True,False,False
DEL001595,ORD001595,560001,True,12,False,False,True
DEL001596,ORD001596,560001,False,9,False,False,True
DEL001597,ORD001597,500003,True,49,False,False,False
DEL001598,ORD001598,600002,True,53,False,False,False
DEL001599,ORD001599,560001,True,46,False,False,True
DEL001600,ORD001600,500001,True,63,False,False,False
DEL001601,ORD001601,226001,True,12,False,False,True
DEL001602,ORD001602,600001,False,64,True,False,False
DEL001603,ORD001603,500003,True,86,True,False,False
DEL001604,ORD001604,110001,False,40,True,False,False
DEL001605,ORD001605,226001,False,23,False,False,True
DEL001606,ORD001606,560001,True,81,False,False,True
DEL001607,ORD001607,700001,True,16,False,False,True
DEL001608,ORD001608,110002,True,83,True,False,False
DEL001609,ORD001609,500003,False,78,False,False,False
DEL001610,ORD001610,600002,True,92,False,False,False
DEL001611,ORD001611,600002,True,25,False,False,False
DEL001612,ORD001612,500001,False,42,False,False,False
DEL001613,ORD001613,500002,True,69,True,False,False
DEL001614,ORD001614,110002,False,63,False,False,False
DEL001615,ORD001615,600001,True,2,False,False,False
DEL001616,ORD001616,500003,True,52,False,False,False
DEL001617,ORD001617,600001,False,26,False,False,False
DEL001618,ORD001618,110002,True,94,False,False,False
DEL001619,ORD001619,600001,True,32,False,False,False
DEL001620,ORD001620,700001,True,48,False,False,True
DEL001621,ORD001621,110002,True,7,False,False,False
DEL001622,ORD001622,500002,True,20,False,False,False
DEL001623,ORD001623,226001,True,3,False,False,True
DEL001624,ORD001624,600001,True,75,True,False,False
DEL001625,ORD001625,600001,True,69,True,False,False
DEL001626,ORD001626,500003,True,85,False,False,False
DEL001627,ORD001627,500001,True,82,False,False,False
DEL001628,ORD001628,700001,True,4,False,False,True
DEL001629,ORD001629,600002,False,11,False,False,False
DEL001630,ORD001630,700001,True,21,False,False,True
DEL001631,ORD001631,560001,False,43,False,False,True
DEL001632,ORD001632,226001,True,10,False,False,True
DEL001633,ORD001633,110002,True,83,False,False,False
DEL001634,ORD001634,500001,True,39,False,False,False
DEL001635,ORD001635,600001,True,25,False,True,False
DEL001636,ORD001636,600001,True,93,False,False,False
DEL001637,ORD001637,600001,True,64,False,False,False
DEL001638,ORD001638,560001,False,7,True,False,True
DEL001639,ORD001639,110001,False,34,False,False,False
DEL001640,ORD001640,500001,True,56,False,False,False
DEL001641,ORD001641,600001,False,68,False,False,False
DEL001642,ORD001642,226001,True,53,False,False,True
DEL001643,ORD001643,110002,True,20,False,False,False
DEL001644,ORD001644,700001,True,91,False,False,True
DEL001645,ORD001645,500002,True,15,False,True,False
DEL001646,ORD001646,500002,False,92,False,False,False
DEL001647,ORD001647,600002,True,46,False,False,False
DEL001648,ORD001648,600002,False,88,False,False,False
DEL001649,ORD001649,110002,False,37,False,False,False
DEL001650,ORD001650,600001,True,49,False,False,False
DEL001651,ORD001651,600001,True,10,False,False,False
DEL001652,ORD001652,500002,True,41,False,True,False
DEL001653,ORD001653,500002,True,5,True,False,False
DEL001654,ORD001654,600001,False,54,False,False,False
DEL001655,ORD001655,500002,True,50,False,False,False
DEL001656,ORD001656,500002,True,42,False,False,False
DEL001657,ORD001657,226001,True,10,False,False,True
DEL001658,ORD001658,600001,False,2,False,False,False
DEL001659,ORD001659,500003,False,53,False,False,False
DEL001660,ORD001660,226001,False,82,False,False,True
DEL001661,ORD001661,600001,True,63,False,False,False
DEL001662,ORD001662,226001,False,82,False,True,True
DEL001663,ORD001663,110002,True,22,False,False,False
DEL001664,ORD001664,500003,True,28,False,False,False
DEL001665,ORD001665,500001,True,51,False,False,False
DEL001666,ORD001666,600001,True,47,False,False,False
DEL001667,ORD001667,110002,True,4,False,False,False
DEL001668,ORD001668,500002,True,84,False,False,False
DEL001669,ORD001669,226001,True,91,False,True,True
DEL001670,ORD001670,226001,True,1,False,False,True
DEL001671,ORD001671,500002,True,77,False,False,False
DEL001672,ORD001672,110001,True,54,False,False,False
DEL001673,ORD001673,600002,True,23,False,False,False
DEL001674,ORD001674,600001,True,36,True,False,False
DEL001675,ORD001675,110001,True,35,False,False,False
DEL001676,ORD001676,700001,True,71,True,False,True
DEL001677,ORD001677,600001,False,55,False,False,False
DEL001678,ORD001678,600002,True,40,False,False,False
DEL001679,ORD001679,700001,True,49,False,False,True
DEL001680,ORD001680,500001,True,61,False,False,False
DEL001681,ORD001681,226001,True,74,False,False,True
DEL001682,ORD001682,500003,True,19,False,False,False
DEL001683,ORD001683,500001,True,46,False,False,False
DEL001684,ORD001684,600002,True,68,True,False,False
DEL001685,ORD001685,600002,True,61,False,False,False
DEL001686,ORD001686,500003,True,70,False,True,False
DEL001687,ORD001687,600002,False,57,False,False,False
DEL001688,ORD001688,500001,True,14,True,True,False
DEL001689,ORD001689,500002,True,94,False,False,False
DEL001690,ORD001690,500002,True,31,True,False,False
DEL001691,ORD001691,226001,False,52,False,False,True
DEL001692,ORD001692,500001,False,15,False,False,False
DEL001693,ORD001693,110001,True,61,False,False,False
DEL001694,ORD001694,110002,True,18,False,False,False
DEL001695,ORD001695,500002,False,22,False,False,False
DEL001696,ORD001696,500001,True,68,False,False,False
DEL001697,ORD001697,600002,True,21,False,False,False
DEL001698,ORD001698,700001,False,89,False,True,True
DEL001699,ORD001699,110002,True,11,False,False,False
DEL001700,ORD001700,600002,True,57,False,False,False
DEL001701,ORD001701,600002,True,14,False,False,False
DEL001702,ORD001702,700001,True,12,False,False,True
DEL001703,ORD001703,226001,True,83,False,False,True
DEL001704,ORD001704,110001,False,12,False,False,False
DEL001705,ORD001705,226001,True,8,False,False,True
DEL001706,ORD001706,110001,True,2,False,False,False
DEL001707,ORD001707,500003,True,28,False,False,False
DEL001708,ORD001708,500003,True,75,False,False,False
DEL001709,ORD001709,700001,True,90,True,False,True
DEL001710,ORD001710,700001,True,48,True,False,True
DEL001711,ORD001711,600002,True,22,False,False,False
DEL001712,ORD001712,226001,False,13,False,False,True
DEL001713,ORD001713,110001,True,68,False,False,False
DEL001714,ORD001714,110002,True,5,False,False,False
DEL001715,ORD001715,700001,True,8,False,False,True
DEL001716,ORD001716,110002,True,40,False,True,False
DEL001717,ORD001717,600002,False,27,False,False,False
DEL001718,ORD001718,560001,True,77,False,False,True
DEL001719,ORD001719,700001,True,84,False,False,True
DEL001720,ORD001720,500003,True,56,False,False,False
DEL001721,ORD001721,500003,True,86,False,False,False
DEL001722,ORD001722,600002,True,84,False,False,False
DEL001723,ORD001723,500002,True,19,False,False,False
DEL001724,ORD001724,560001,True,92,False,False,True
DEL001725,ORD001725,226001,False,40,False,False,True
DEL001726,ORD001726,600002,True,36,False,False,False
DEL001727,ORD001727,600002,True,64,False,False,False
DEL001728,ORD001728,110001,True,30,False,False,False
DEL001729,ORD001729,560001,True,93,False,False,True
DEL001730,ORD001730,560001,True,4,False,False,True
DEL001731,ORD001731,560001,True,28,False,False,True
DEL001732,ORD001732,500001,True,13,False,False,False
DEL001733,ORD001733,500001,True,20,False,False,False
DEL001734,ORD001734,226001,False,38,False,True,True
DEL001735,ORD001735,500001,True,24,False,False,False
DEL001736,ORD001736,560001,True,34,False,False,True
DEL001737,ORD001737,226001,True,11,False,False,True
DEL001738,ORD001738,600001,True,67,False,False,False
DEL001739,ORD001739,500003,True,54,False,False,False
DEL001740,ORD001740,500002,True,41,False,False,False
DEL001741,ORD001741,226001,False,66,False,False,True
DEL001742,ORD001742,700001,True,59,True,False,True
DEL001743,ORD001743,600001,True,74,False,False,False
DEL001744,ORD001744,560001,True,93,False,False,True
DEL001745,ORD001745,500001,True,68,False,False,False
DEL001746,ORD001746,500001,True,58,True,False,False
DEL001747,ORD001747,110001,True,76,False,False,False
DEL001748,ORD001748,700001,True,78,False,False,True
DEL001749,ORD001749,500001,True,13,False,False,False
DEL001750,ORD001750,600002,False,25,False,False,False
DEL001751,ORD001751,700001,True,95,False,False,True
DEL001752,ORD001752,560001,False,29,False,False,True
DEL001753,ORD001753,560001,True,70,True,False,True
DEL001754,ORD001754,700001,True,45,False,False,True
DEL001755,ORD001755,110002,True,71,False,True,False
DEL001756,ORD001756,700001,True,65,True,False,True
DEL001757,ORD001757,560001,True,55,False,False,True
DEL001758,ORD001758,110001,True,60,False,False,False
DEL001759,ORD001759,600002,True,81,True,True,False
DEL001760,ORD001760,500003,True,94,False,False,False
DEL001761,ORD001761,500003,True,62,False,False,False
DEL001762,ORD001762,110002,False,94,False,False,False
DEL001763,ORD001763,500001,True,17,False,False,False
DEL001764,ORD001764,226001,True,2,False,False,True
DEL001765,ORD001765,110001,True,62,False,False,False
DEL001766,ORD001766,600002,True,47,False,False,False
DEL001767,ORD001767,500001,True,23,True,False,False
DEL001768,ORD001768,600002,True,38,False,False,False
DEL001769,ORD001769,500003,True,64,False,False,False
DEL001770,ORD001770,110001,True,87,False,False,False
DEL001771,ORD001771,500001,True,10,False,False,False
DEL001772,ORD001772,700001,False,28,False,False,True
DEL001773,ORD001773,500002,True,3,False,False,False
DEL001774,ORD001774,560001,True,94,False,False,True
DEL001775,ORD001775,110001,False,36,False,False,False
DEL001776,ORD001776,500003,False,78,True,False,False
DEL001777,ORD001777,500002,True,74,False,False,False
DEL001778,ORD001778,700001,True,37,False,False,True
DEL001779,ORD001779,500002,True,81,False,False,False
DEL001780,ORD001780,600001,True,82,False,False,False
DEL001781,ORD001781,500002,True,87,False,False,False
DEL001782,ORD001782,600002,True,67,False,False,False
DEL001783,ORD001783,500002,True,40,True,False,False
DEL001784,ORD001784,500001,True,42,False,False,False
DEL001785,ORD001785,500003,True,62,False,False,False
DEL001786,ORD001786,600001,True,46,False,False,False
DEL001787,ORD001787,600002,True,79,True,False,False
DEL001788,ORD001788,600001,True,70,False,False,False
DEL001789,ORD001789,500002,False,52,False,True,False
DEL001790,ORD001790,500002,False,60,True,False,False
DEL001791,ORD001791,500002,False,65,False,False,False
DEL001792,ORD001792,110001,True,50,False,False,False
DEL001793,ORD001793,226001,False,80,False,False,True
DEL001794,ORD001794,500003,True,24,False,False,False
DEL001795,ORD001795,500003,True,82,False,False,False
DEL001796,ORD001796,110001,True,68,True,False,False
DEL001797,ORD001797,500001,True,69,False,False,False
DEL001798,ORD001798,110001,True,6,True,False,False
DEL001799,ORD001799,600002,True,51,True,False,False
DEL001800,ORD001800,500003,False,2,False,False,False
DEL001801,ORD001801,700001,False,73,False,False,True
DEL001802,ORD001802,560001,False,60,False,True,True
DEL001803,ORD001803,500003,True,24,False,False,False
DEL001804,ORD001804,600002,False,32,False,False,False
DEL001805,ORD001805,500001,True,54,False,False,False
DEL001806,ORD001806,600002,False,85,False,False,False
DEL001807,ORD001807,500002,False,60,False,False,False
DEL001808,ORD001808,600001,True,43,True,False,False
DEL001809,ORD001809,500003,True,4,False,False,False
DEL001810,ORD001810,700001,True,54,False,False,True
DEL001811,ORD001811,600002,False,80,False,True,False
DEL001812,ORD001812,560001,True,39,False,False,True
DEL001813,ORD001813,500001,False,2,False,False,False
DEL001814,ORD001814,110001,True,77,False,False,False
DEL001815,ORD001815,110002,False,66,False,False,False
DEL001816,ORD001816,600001,True,11,True,False,False
DEL001817,ORD001817,110002,True,19,False,False,False
DEL001818,ORD001818,110001,True,62,False,False,False
DEL001819,ORD001819,110001,False,83,False,True,False
DEL001820,ORD001820,500003,True,74,False,True,False
DEL001821,ORD001821,500003,True,72,False,False,False
DEL001822,ORD001822,500002,True,49,False,False,False
DEL001823,ORD001823,500003,False,58,False,False,False
DEL001824,ORD001824,110002,True,58,False,False,False
DEL001825,ORD001825,500002,True,13,False,False,False
DEL001826,ORD001826,600002,False,60,False,False,False
DEL001827,ORD001827,600001,True,37,False,False,False
DEL001828,ORD001828,600001,True,34,False,False,False
DEL001829,ORD001829,110002,True,10,False,False,False
DEL001830,ORD001830,500001,True,41,False,False,False
DEL001831,ORD001831,500001,True,78,True,False,False
DEL001832,ORD001832,110002,True,65,False,False,False
DEL001833,ORD001833,600001,True,15,False,False,False
DEL001834,ORD001834,500001,False,1,False,False,False
DEL001835,ORD001835,500002,True,61,False,False,False
DEL001836,ORD001836,600001,True,43,False,False,False
DEL001837,ORD001837,600002,True,66,False,False,False
DEL001838,ORD001838,110002,True,70,False,False,False
DEL001839,ORD001839,226001,True,94,True,False,True
DEL001840,ORD001840,500002,True,26,False,False,False
DEL001841,ORD001841,600001,False,85,False,False,False
DEL001842,ORD001842,600002,True,88,False,False,False
DEL001843,ORD001843,600001,True,10,False,False,False
DEL001844,ORD001844,226001,True,67,False,False,True
DEL001845,ORD001845,110002,True,19,True,False,False
DEL001846,ORD001846,500002,True,26,False,True,False
DEL001847,ORD001847,110001,True,43,True,False,False
DEL001848,ORD001848,226001,True,31,False,False,True
DEL001849,ORD001849,500003,True,72,False,False,False
DEL001850,ORD001850,600001,False,22,False,False,False
DEL001851,ORD001851,560001,True,65,False,False,True
DEL001852,ORD001852,110001,True,41,False,False,False
DEL001853,ORD001853,226001,True,71,False,False,True
DEL001854,ORD001854,110002,True,1,False,False,False
DEL001855,ORD001855,500003,True,65,True,False,False
DEL001856,ORD001856,700001,False,76,False,False,True
DEL001857,ORD001857,500001,True,57,False,False,False
DEL001858,ORD001858,500001,True,92,False,False,False
DEL001859,ORD001859,600002,True,33,False,False,False
DEL001860,ORD001860,600001,True,44,True,False,False
DEL001861,ORD001861,600002,True,48,False,False,False
DEL001862,ORD001862,500001,True,1,False,False,False
DEL001863,ORD001863,110001,True,94,False,False,False
DEL001864,ORD001864,600001,False,17,False,False,False
DEL001865,ORD001865,500001,True,83,False,False,False
DEL001866,ORD001866,600002,True,45,False,False,False
DEL001867,ORD001867,600001,True,75,False,False,False
DEL001868,ORD001868,500002,False,45,False,False,False
DEL001869,ORD001869,600002,True,55,True,False,False
DEL001870,ORD001870,500002,True,95,False,False,False
DEL001871,ORD001871,500003,True,52,False,False,False
DEL001872,ORD001872,110001,True,79,False,False,False
DEL001873,ORD001873,500001,True,5,False,False,False
DEL001874,ORD001874,110002,True,27,False,False,False
DEL001875,ORD001875,500002,True,43,False,False,False
DEL001876,ORD001876,560001,True,82,False,False,True
DEL001877,ORD001877,500003,False,41,False,False,False
DEL001878,ORD001878,700001,True,67,False,False,True
DEL001879,ORD001879,500001,True,86,False,False,False
DEL001880,ORD001880,600001,True,20,False,False,False
DEL001881,ORD001881,110001,True,59,False,False,False
DEL001882,ORD001882,110002,False,90,False,False,False
DEL001883,ORD001883,560001,False,59,False,False,True
DEL001884,ORD001884,110002,True,24,False,False,False
DEL001885,ORD001885,500002,False,26,False,False,False
DEL001886,ORD001886,600002,True,78,False,False,False
DEL001887,ORD001887,500003,True,5,False,False,False
DEL001888,ORD001888,560001,True,29,False,False,True
DEL001889,ORD001889,600001,True,26,False,False,False
DEL001890,ORD001890,700001,True,48,False,False,True
DEL001891,ORD001891,226001,True,32,False,False,True
DEL001892,ORD001892,110002,True,61,False,False,False
DEL001893,ORD001893,600001,True,36,True,False,False
DEL001894,ORD001894,600002,True,87,False,False,False
DEL001895,ORD001895,226001,True,40,True,False,True
DEL001896,ORD001896,560001,True,19,False,False,True
DEL001897,ORD001897,110002,True,3,False,False,False
DEL001898,ORD001898,560001,True,61,False,False,True
DEL001899,ORD001899,600002,True,16,False,True,False
DEL001900,ORD001900,500001,True,60,True,False,False
DEL001901,ORD001901,700001,True,11,False,False,True
DEL001902,ORD001902,600001,True,33,True,True,False
DEL001903,ORD001903,500001,True,72,False,False,False
DEL001904,ORD001904,700001,True,8,False,False,True
DEL001905,ORD001905,600001,True,71,False,False,False
DEL001906,ORD001906,500003,False,16,False,False,False
DEL001907,ORD001907,110001,False,61,False,False,False
DEL001908,ORD001908,110001,False,26,False,False,False
DEL001909,ORD001909,110001,True,16,False,False,False
DEL001910,ORD001910,500002,True,28,False,False,False
DEL001911,ORD001911,110002,True,55,False,True,False
DEL001912,ORD001912,600002,False,26,False,False,False
DEL001913,ORD001913,560001,True,4,False,False,True
DEL001914,ORD001914,600002,True,21,False,False,False
DEL001915,ORD001915,600001,True,93,True,True,False
DEL001916,ORD001916,600002,True,49,True,False,False
DEL001917,ORD001917,600001,True,90,False,True,False
DEL001918,ORD001918,600001,True,82,False,False,False
DEL001919,ORD001919,700001,True,46,False,True,True
DEL001920,ORD001920,600002,True,3,False,False,False
DEL001921,ORD001921,110001,True,50,False,False,False
DEL001922,ORD001922,700001,True,59,False,False,True
DEL001923,ORD001923,226001,True,37,False,True,True
DEL001924,ORD001924,600002,True,66,False,False,False
DEL001925,ORD001925,600001,True,94,False,False,False
DEL001926,ORD001926,560001,True,90,False,False,True
DEL001927,ORD001927,500003,True,7,False,False,False
DEL001928,ORD001928,226001,False,44,False,False,True
DEL001929,ORD001929,700001,True,23,True,False,True
DEL001930,ORD001930,600002,False,20,False,False,False
DEL001931,ORD001931,600002,True,26,False,False,False
DEL001932,ORD001932,700001,True,62,False,False,True
DEL001933,ORD001933,500002,True,54,False,False,False
DEL001934,ORD001934,500001,True,49,False,False,False
DEL001935,ORD001935,500001,True,3,False,True,False
DEL001936,ORD001936,500001,True,85,False,False,False
DEL001937,ORD001937,560001,False,6,False,True,True
DEL001938,ORD001938,600002,False,95,False,False,False
DEL001939,ORD001939,500002,False,8,False,False,False
DEL001940,ORD001940,226001,True,65,False,False,True
DEL001941,ORD001941,110002,True,42,False,False,False
DEL001942,ORD001942,560001,True,20,False,False,True
DEL001943,ORD001943,600002,True,83,False,False,False
DEL001944,ORD001944,600002,False,65,False,False,False
DEL001945,ORD001945,600001,True,55,False,False,False
DEL001946,ORD001946,110002,True,20,False,False,False
DEL001947,ORD001947,560001,True,63,True,False,True
DEL001948,ORD001948,700001,True,56,False,False,True
DEL001949,ORD001949,110001,True,51,False,False,False
DEL001950,ORD001950,500002,True,92,False,False,False
DEL001951,ORD001951,500002,True,49,True,False,False
DEL001952,ORD001952,500003,True,8,False,True,False
DEL001953,ORD001953,600002,True,34,False,False,False
DEL001954,ORD001954,560001,True,19,False,False,True
DEL001955,ORD001955,560001,False,9,False,False,True
DEL001956,ORD001956,700001,True,77,False,False,True
DEL001957,ORD001957,500001,True,66,False,False,False
DEL001958,ORD001958,600002,True,34,False,False,False
DEL001959,ORD001959,560001,True,1,False,False,True
DEL001960,ORD001960,226001,True,95,False,False,True
DEL001961,ORD001961,500003,True,66,True,False,False
DEL001962,ORD001962,500003,True,22,False,False,False
DEL001963,ORD001963,110001,False,72,False,False,False
DEL001964,ORD001964,600001,True,47,False,False,False
DEL001965,ORD001965,560001,False,3,False,False,True
DEL001966,ORD001966,110002,False,35,False,False,False
DEL001967,ORD001967,500001,True,75,False,False,False
DEL001968,ORD001968,560001,True,36,False,False,True
DEL001969,ORD001969,600002,True,24,True,False,False
DEL001970,ORD001970,110001,False,10,False,False,False
DEL001971,ORD001971,110002,True,71,False,False,False
DEL001972,ORD001972,600002,True,21,False,False,False
DEL001973,ORD001973,700001,False,58,False,False,True
DEL001974,ORD001974,560001,True,45,False,False,True
DEL001975,ORD001975,110002,True,68,False,False,False
DEL001976,ORD001976,560001,True,87,False,True,True
DEL001977,ORD001977,500003,True,80,False,True,False
DEL001978,ORD001978,600001,True,11,False,False,False
DEL001979,ORD001979,500002,True,18,False,True,False
DEL001980,ORD001980,500001,False,16,False,False,False
DEL001981,ORD001981,500003,True,79,False,False,False
DEL001982,ORD001982,560001,True,56,False,False,True
DEL001983,ORD001983,560001,True,65,False,False,True
DEL001984,ORD001984,500001,False,64,False,False,False
DEL001985,ORD001985,560001,True,14,False,False,True
DEL001986,ORD001986,500003,True,52,False,True,False
DEL001987,ORD001987,110002,True,88,False,False,False
DEL001988,ORD001988,500001,False,39,False,False,False
DEL001989,ORD001989,600001,True,93,False,False,False
DEL001990,ORD001990,500003,True,14,False,False,False
DEL001991,ORD001991,500002,True,4,False,False,False
DEL001992,ORD001992,226001,True,8,False,False,True
DEL001993,ORD001993,226001,False,59,False,False,True
DEL001994,ORD001994,600002,True,78,False,False,False
DEL001995,ORD001995,600001,True,83,False,False,False
DEL001996,ORD001996,500001,True,81,True,False,False
DEL001997,ORD001997,700001,True,33,False,True,True
DEL001998,ORD001998,110002,True,95,True,False,False
DEL001999,ORD001999,110001,True,92,False,False,False
DEL002000,ORD002000,110002,True,48,True,False,False
DEL002001,ORD002001,226001,True,26,False,False,True
DEL002002,ORD002002,500001,False,48,False,False,False
DEL002003,ORD002003,110001,True,47,False,False,False
DEL002004,ORD002004,500001,True,58,False,False,False
DEL002005,ORD002005,560001,True,4,False,False,True
DEL002006,ORD002006,600001,True,45,False,False,False
DEL002007,ORD002007,110001,True,93,False,False,False
DEL002008,ORD002008,500002,False,86,False,False,False
DEL002009,ORD002009,226001,False,19,False,False,True
DEL002010,ORD002010,500002,True,20,False,False,False
DEL002011,ORD002011,500002,True,54,False,False,False
DEL002012,ORD002012,110001,True,62,False,False,False
DEL002013,ORD002013,500003,True,51,True,False,False
DEL002014,ORD002014,700001,True,10,False,False,True
DEL002015,ORD002015,500003,True,30,False,False,False
DEL002016,ORD002016,500003,False,38,False,False,False
DEL002017,ORD002017,500003,True,34,False,False,False
DEL002018,ORD002018,110002,False,74,False,False,False
DEL002019,ORD002019,500001,True,27,False,False,False
DEL002020,ORD002020,500003,True,20,False,False,False
DEL002021,ORD002021,560001,True,16,True,False,True
DEL002022,ORD002022,500003,True,31,False,False,False
DEL002023,ORD002023,560001,True,59,False,True,True
DEL002024,ORD002024,500001,True,38,False,False,False
DEL002025,ORD002025,600001,True,52,False,False,False
DEL002026,ORD002026,500002,True,66,False,False,False
DEL002027,ORD002027,560001,True,69,False,False,True
DEL002028,ORD002028,560001,True,33,False,False,True
DEL002029,ORD002029,600002,True,41,False,False,False
DEL002030,ORD002030,500003,True,81,False,False,False
DEL002031,ORD002031,226001,True,42,False,False,True
DEL002032,ORD002032,500002,True,69,False,False,False
DEL002033,ORD002033,110002,True,67,True,False,False
DEL002034,ORD002034,110002,True,94,True,False,False
DEL002035,ORD002035,600002,True,3,False,False,False
DEL002036,ORD002036,600002,False,33,False,False,False
DEL002037,ORD002037,110001,True,38,False,False,False
DEL002038,ORD002038,110001,True,85,False,False,False
DEL002039,ORD002039,110002,False,42,False,False,False
DEL002040,ORD002040,226001,False,17,False,False,True
DEL002041,ORD002041,226001,True,44,False,False,True
DEL002042,ORD002042,600002,True,38,False,False,False
DEL002043,ORD002043,600002,True,81,False,False,False
DEL002044,ORD002044,500003,False,41,False,False,False
DEL002045,ORD002045,600001,False,40,False,False,False
DEL002046,ORD002046,500002,True,6,True,False,False
DEL002047,ORD002047,500002,True,37,False,True,False
DEL002048,ORD002048,226001,False,59,False,False,True
DEL002049,ORD002049,500001,True,49,False,False,False
DEL002050,ORD002050,500001,True,58,False,False,False
DEL002051,ORD002051,110002,False,15,False,False,False
DEL002052,ORD002052,700001,False,40,False,False,True
DEL002053,ORD002053,226001,False,35,False,False,True
DEL002054,ORD002054,600001,True,52,False,False,False
DEL002055,ORD002055,700001,True,72,False,False,True
DEL002056,ORD002056,600001,True,67,False,False,False
DEL002057,ORD002057,700001,False,87,True,False,True
DEL002058,ORD002058,700001,True,69,False,False,True
DEL002059,ORD002059,110002,True,43,False,False,False
DEL002060,ORD002060,110002,True,6,False,False,False
DEL002061,ORD002061,700001,True,24,False,False,True
DEL002062,ORD002062,110002,True,44,False,False,False
DEL002063,ORD002063,110002,True,86,False,False,False
DEL002064,ORD002064,500003,True,11,False,False,False
DEL002065,ORD002065,110002,True,64,False,False,False
DEL002066,ORD002066,600002,False,33,False,False,False
DEL002067,ORD002067,500002,True,24,False,False,False
DEL002068,ORD002068,110002,True,88,False,False,False
DEL002069,ORD002069,500001,True,90,False,False,False
DEL002070,ORD002070,600002,True,55,False,False,False
DEL002071,ORD002071,110002,True,90,False,False,False
DEL002072,ORD002072,110002,False,65,False,False,False
DEL002073,ORD002073,600002,True,39,False,False,False
DEL002074,ORD002074,110002,False,76,False,False,False
DEL002075,ORD002075,560001,True,52,False,False,True
DEL002076,ORD002076,226001,True,6,False,False,True
DEL002077,ORD002077,600002,True,53,False,False,False
DEL002078,ORD002078,226001,True,35,False,False,True
DEL002079,ORD002079,110001,True,86,False,False,False
DEL002080,ORD002080,110002,True,10,False,False,False
DEL002081,ORD002081,110002,True,89,True,False,False
DEL002082,ORD002082,600002,True,2,False,True,False
DEL002083,ORD002083,500002,False,8,False,False,False
DEL002084,ORD002084,110001,True,47,False,False,False
DEL002085,ORD002085,600002,True,67,False,False,False
DEL002086,ORD002086,110001,True,31,False,False,False
DEL002087,ORD002087,500003,True,69,False,False,False
DEL002088,ORD002088,500001,True,61,False,False,False
DEL002089,ORD002089,700001,False,53,False,False,True
DEL002090,ORD002090,226001,True,1,True,False,True
DEL002091,ORD002091,500001,True,20,True,True,False
DEL002092,ORD002092,226001,True,66,False,False,True
DEL002093,ORD002093,700001,True,8,False,False,True
DEL002094,ORD002094,226001,False,62,False,True,True
DEL002095,ORD002095,600001,True,88,True,False,False
DEL002096,ORD002096,560001,True,51,False,False,True
DEL002097,ORD002097,110001,True,78,False,False,False
DEL002098,ORD002098,560001,False,40,True,False,True
DEL002099,ORD002099,560001,True,62,False,False,True
DEL002100,ORD002100,500002,True,89,False,True,False
DEL002101,ORD002101,500003,False,17,True,False,False
DEL002102,ORD002102,700001,True,29,False,False,True
DEL002103,ORD002103,500002,True,36,False,False,False
DEL002104,ORD002104,600001,False,9,False,False,False
DEL002105,ORD002105,500001,False,1,False,False,False
DEL002106,ORD002106,600001,False,46,False,False,False
DEL002107,ORD002107,500003,False,39,False,False,False
DEL002108,ORD002108,600001,False,68,True,False,False
DEL002109,ORD002109,500003,True,89,False,False,False
DEL002110,ORD002110,600002,True,92,False,False,False
DEL002111,ORD002111,600001,True,49,False,True,False
DEL002112,ORD002112,700001,False,72,False,False,True
DEL002113,ORD002113,600002,False,6,False,False,False
DEL002114,ORD002114,600002,True,91,False,False,False
DEL002115,ORD002115,500002,True,41,False,True,False
DEL002116,ORD002116,600001,True,46,False,False,False
DEL002117,ORD002117,600001,True,45,True,False,False
DEL002118,ORD002118,600002,True,70,False,False,False
DEL002119,ORD002119,600002,True,9,False,False,False
DEL002120,ORD002120,600001,False,60,False,False,False
DEL002121,ORD002121,226001,False,40,True,False,True
DEL002122,ORD002122,500002,False,69,False,False,False
DEL002123,ORD002123,110002,True,27,False,False,False
DEL002124,ORD002124,226001,False,40,False,False,True
DEL002125,ORD002125,500002,False,1,False,False,False
DEL002126,ORD002126,110002,False,83,False,False,False
DEL002127,ORD002127,700001,True,63,True,False,True
DEL002128,ORD002128,560001,True,48,False,False,True
DEL002129,ORD002129,700001,False,36,False,False,True
DEL002130,ORD002130,560001,True,88,False,False,True
DEL002131,ORD002131,500002,False,46,False,True,False
DEL002132,ORD002132,700001,True,1,True,False,True
DEL002133,ORD002133,110002,True,67,False,False,False
DEL002134,ORD002134,600001,False,88,False,False,False
DEL002135,ORD002135,226001,True,89,True,False,True
DEL002136,ORD002136,110002,True,78,False,False,False
DEL002137,ORD002137,700001,True,88,False,False,True
DEL002138,ORD002138,500001,True,90,False,False,False
DEL002139,ORD002139,600001,True,75,False,False,False
DEL002140,ORD002140,700001,True,3,False,False,True
DEL002141,ORD002141,226001,True,20,False,False,True
DEL002142,ORD002142,600001,False,73,False,False,False
DEL002143,ORD002143,110002,True,56,False,False,False
DEL002144,ORD002144,500002,True,20,False,True,False
DEL002145,ORD002145,500003,True,59,True,False,False
DEL002146,ORD002146,560001,True,8,False,False,True
DEL002147,ORD002147,500001,True,60,False,False,False
DEL002148,ORD002148,500003,True,20,False,False,False
DEL002149,ORD002149,560001,True,81,False,True,True
DEL002150,ORD002150,110001,True,11,False,False,False
DEL002151,ORD002151,226001,False,13,False,False,True
DEL002152,ORD002152,700001,False,70,False,False,True
DEL002153,ORD002153,600002,False,2,True,False,False
DEL002154,ORD002154,700001,True,22,False,False,True
DEL002155,ORD002155,700001,True,46,True,False,True
DEL002156,ORD002156,226001,True,25,False,False,True
DEL002157,ORD002157,560001,True,36,False,False,True
DEL002158,ORD002158,226001,False,46,False,False,True
DEL002159,ORD002159,500001,True,89,False,False,False
DEL002160,ORD002160,560001,True,12,False,False,True
DEL002161,ORD002161,560001,True,85,False,False,True
DEL002162,ORD002162,226001,True,6,False,False,True
DEL002163,ORD002163,226001,True,94,True,False,True
DEL002164,ORD002164,500003,True,22,False,True,False
DEL002165,ORD002165,700001,True,81,False,False,True
DEL002166,ORD002166,560001,False,85,False,False,True
DEL002167,ORD002167,226001,True,11,False,False,True
DEL002168,ORD002168,110002,False,79,False,False,False
DEL002169,ORD002169,500002,True,14,False,False,False
DEL002170,ORD002170,500001,True,25,False,False,False
DEL002171,ORD002171,600002,True,78,True,False,False
DEL002172,ORD002172,500001,True,8,False,False,False
DEL002173,ORD002173,600001,True,62,False,False,False
DEL002174,ORD002174,600001,True,65,False,False,False
DEL002175,ORD002175,500002,True,67,False,False,False
DEL002176,ORD002176,600001,True,48,False,False,False
DEL002177,ORD002177,500001,False,82,False,False,False
DEL002178,ORD002178,500002,True,23,False,False,False
DEL002179,ORD002179,560001,True,66,False,True,True
DEL002180,ORD002180,600001,False,56,False,False,False
DEL002181,ORD002181,600001,True,70,False,False,False
DEL002182,ORD002182,560001,True,84,True,False,True
DEL002183,ORD002183,700001,False,70,False,False,True
DEL002184,ORD002184,560001,True,5,True,False,True
DEL002185,ORD002185,500001,False,81,False,False,False
DEL002186,ORD002186,560001,True,76,False,False,True
DEL002187,ORD002187,700001,True,93,False,False,True
DEL002188,ORD002188,600001,True,5,False,False,False
DEL002189,ORD002189,560001,True,8,False,False,True
DEL002190,ORD002190,226001,True,15,True,False,True
DEL002191,ORD002191,600002,True,78,False,True,False
DEL002192,ORD002192,500001,True,48,False,False,False
DEL002193,ORD002193,110002,True,24,False,False,False
DEL002194,ORD002194,500002,True,44,False,False,False
DEL002195,ORD002195,600002,True,52,False,False,False
DEL002196,ORD002196,500001,True,90,False,False,False
DEL002197,ORD002197,600002,True,91,False,False,False
DEL002198,ORD002198,110001,True,65,False,True,False
DEL002199,ORD002199,700001,True,10,False,False,True
DEL002200,ORD002200,226001,True,81,False,False,True
DEL002201,ORD002201,500003,True,9,False,False,False
DEL002202,ORD002202,500003,False,71,False,False,False
DEL002203,ORD002203,500001,True,60,False,False,False
DEL002204,ORD002204,110001,False,92,True,False,False
DEL002205,ORD002205,600001,False,88,False,False,False
DEL002206,ORD002206,500002,False,32,False,False,False
DEL002207,ORD002207,600001,True,50,False,False,False
DEL002208,ORD002208,700001,True,91,False,False,True
DEL002209,ORD002209,500003,True,21,False,True,False
DEL002210,ORD002210,560001,True,22,False,False,True
DEL002211,ORD002211,600002,True,64,False,False,False
DEL002212,ORD002212,600002,False,23,False,False,False
DEL002213,ORD002213,110002,True,62,False,False,False
DEL002214,ORD002214,600002,False,23,False,False,False
DEL002215,ORD002215,110002,True,81,True,False,False
DEL002216,ORD002216,500002,True,5,False,False,False
DEL002217,ORD002217,500001,True,78,True,False,False
DEL002218,ORD002218,226001,True,77,False,True,True
DEL002219,ORD002219,110002,True,72,False,False,False
DEL002220,ORD002220,600002,True,95,False,False,False
DEL002221,ORD002221,110002,True,69,False,False,False
DEL002222,ORD002222,500001,True,31,False,False,False
DEL002223,ORD002223,110002,True,12,False,False,False
DEL002224,ORD002224,500001,True,12,False,True,False
DEL002225,ORD002225,500003,True,45,False,False,False
DEL002226,ORD002226,500003,True,88,False,False,False
DEL002227,ORD002227,500003,False,27,False,False,False
DEL002228,ORD002228,600002,True,84,False,False,False
DEL002229,ORD002229,500002,False,25,False,False,False
DEL002230,ORD002230,500001,False,28,False,False,False
DEL002231,ORD002231,110001,True,23,False,False,False
DEL002232,ORD002232,226001,False,94,False,False,True
DEL002233,ORD002233,226001,True,90,False,False,True
DEL002234,ORD002234,600001,True,85,True,False,False
DEL002235,ORD002235,500001,True,65,False,False,False
DEL002236,ORD002236,700001,True,32,False,False,True
DEL002237,ORD002237,110002,True,27,False,True,False
DEL002238,ORD002238,110001,True,20,False,False,False
DEL002239,ORD002239,600001,False,28,False,False,False
DEL002240,ORD002240,110002,True,54,False,False,False
DEL002241,ORD002241,110002,False,75,False,False,False
DEL002242,ORD002242,560001,False,1,False,False,True
DEL002243,ORD002243,700001,True,73,False,True,True
DEL002244,ORD002244,226001,True,77,False,False,True
DEL002245,ORD002245,500001,True,20,False,False,False
DEL002246,ORD002246,500003,True,93,False,False,False
DEL002247,ORD002247,110001,False,83,True,False,False
DEL002248,ORD002248,600002,True,41,False,False,False
DEL002249,ORD002249,226001,True,72,False,False,True
DEL002250,ORD002250,700001,True,95,False,False,True
DEL002251,ORD002251,226001,True,85,False,False,True
DEL002252,ORD002252,500002,True,13,False,True,False
DEL002253,ORD002253,600001,True,88,False,False,False
DEL002254,ORD002254,600002,True,44,False,False,False
DEL002255,ORD002255,110001,True,80,False,False,False
DEL002256,ORD002256,226001,True,37,False,False,True
DEL002257,ORD002257,500003,False,60,False,False,False
DEL002258,ORD002258,500002,True,9,False,False,False
DEL002259,ORD002259,560001,True,63,False,False,True
DEL002260,ORD002260,700001,True,74,False,False,True
DEL002261,ORD002261,500002,True,54,False,False,False
DEL002262,ORD002262,500003,True,91,False,True,False
DEL002263,ORD002263,110001,True,50,False,False,False
DEL002264,ORD002264,600002,False,32,False,False,False
DEL002265,ORD002265,560001,True,74,False,False,True
DEL002266,ORD002266,600002,True,62,False,False,False
DEL002267,ORD002267,700001,True,12,False,False,True
DEL002268,ORD002268,500001,True,41,False,False,False
DEL002269,ORD002269,110001,True,44,False,False,False
DEL002270,ORD002270,110002,True,50,False,False,False
DEL002271,ORD002271,500002,True,84,False,False,False
DEL002272,ORD002272,110001,True,60,False,False,False
DEL002273,ORD002273,500001,True,19,False,False,False
DEL002274,ORD002274,500003,True,52,False,True,False
DEL002275,ORD002275,500002,True,20,False,True,False
DEL002276,ORD002276,110002,True,74,False,False,False
DEL002277,ORD002277,700001,True,1,False,True,True
DEL002278,ORD002278,500003,False,30,True,False,False
DEL002279,ORD002279,500003,True,71,False,False,False
DEL002280,ORD002280,700001,True,79,False,False,True
DEL002281,ORD002281,700001,True,22,False,True,True
DEL002282,ORD002282,560001,True,48,False,True,True
DEL002283,ORD002283,500003,True,75,False,False,False
DEL002284,ORD002284,226001,True,63,True,False,True
DEL002285,ORD002285,110001,True,69,False,False,False
DEL002286,ORD002286,600001,True,2,False,False,False
DEL002287,ORD002287,110001,False,36,False,False,False
DEL002288,ORD002288,560001,True,31,False,False,True
DEL002289,ORD002289,600002,True,14,False,False,False
DEL002290,ORD002290,600001,True,41,False,False,False
DEL002291,ORD002291,226001,True,73,False,False,True
DEL002292,ORD002292,500002,True,61,False,False,False
DEL002293,ORD002293,500001,True,60,False,False,False
DEL002294,ORD002294,500001,True,13,False,False,False
DEL002295,ORD002295,700001,True,4,False,False,True
DEL002296,ORD002296,700001,True,22,False,False,True
DEL002297,ORD002297,226001,True,63,False,False,True
DEL002298,ORD002298,500002,True,53,False,False,False
DEL002299,ORD002299,500001,True,92,False,False,False
DEL002300,ORD002300,110001,True,81,True,False,False
DEL002301,ORD002301,600002,False,74,True,True,False
DEL002302,ORD002302,500002,True,20,False,False,False
DEL002303,ORD002303,600002,True,94,False,False,False
DEL002304,ORD002304,500002,True,18,False,False,False
DEL002305,ORD002305,500002,False,73,False,True,False
DEL002306,ORD002306,110002,True,39,False,False,False
DEL002307,ORD002307,560001,True,87,False,False,True
DEL002308,ORD002308,700001,True,64,False,False,True
DEL002309,ORD002309,600002,True,22,False,False,False
DEL002310,ORD002310,600002,True,29,False,False,False
DEL002311,ORD002311,560001,False,65,False,False,True
DEL002312,ORD002312,500001,True,22,False,False,False
DEL002313,ORD002313,600002,True,89,True,False,False
DEL002314,ORD002314,700001,True,78,False,False,True
DEL002315,ORD002315,600001,True,4,False,False,False
DEL002316,ORD002316,600001,False,7,False,True,False
DEL002317,ORD002317,700001,False,93,False,False,True
DEL002318,ORD002318,110002,True,20,False,True,False
DEL002319,ORD002319,500002,True,72,False,False,False
DEL002320,ORD002320,500002,False,73,False,False,False
DEL002321,ORD002321,560001,True,38,False,False,True
DEL002322,ORD002322,600001,True,70,False,False,False
DEL002323,ORD002323,226001,True,31,False,False,True
DEL002324,ORD002324,600002,True,51,False,True,False
DEL002325,ORD002325,500001,True,6,False,False,False
DEL002326,ORD002326,600001,True,23,False,False,False
DEL002327,ORD002327,110001,False,84,True,True,False
DEL002328,ORD002328,110002,True,58,False,False,False
DEL002329,ORD002329,110001,True,23,False,False,False
DEL002330,ORD002330,500002,True,55,False,False,False
DEL002331,ORD002331,110002,False,15,False,False,False
DEL002332,ORD002332,600001,True,7,False,False,False
DEL002333,ORD002333,110002,True,33,True,False,False
DEL002334,ORD002334,226001,True,61,True,False,True
DEL002335,ORD002335,500002,True,36,False,False,False
DEL002336,ORD002336,500003,True,17,True,False,False
DEL002337,ORD002337,600002,True,69,False,False,False
DEL002338,ORD002338,600001,False,45,False,False,False
DEL002339,ORD002339,600002,True,46,True,False,False
DEL002340,ORD002340,226001,True,68,False,False,True
DEL002341,ORD002341,226001,True,61,False,False,True
DEL002342,ORD002342,600001,True,9,True,False,False
DEL002343,ORD002343,500003,True,91,False,False,False
DEL002344,ORD002344,600002,False,59,False,False,False
DEL002345,ORD002345,500003,True,36,False,False,False
DEL002346,ORD002346,110002,True,2,False,False,False
DEL002347,ORD002347,600002,False,11,False,False,False
DEL002348,ORD002348,600002,True,24,False,False,False
DEL002349,ORD002349,700001,True,55,False,False,True
DEL002350,ORD002350,600002,True,29,False,False,False
DEL002351,ORD002351,600002,True,79,False,False,False
DEL002352,ORD002352,500001,True,3,False,False,False
DEL002353,ORD002353,500003,False,18,False,False,False
DEL002354,ORD002354,500001,True,21,False,False,False
DEL002355,ORD002355,110001,True,44,False,False,False
DEL002356,ORD002356,500002,True,34,False,False,False
DEL002357,ORD002357,600002,False,42,False,False,False
DEL002358,ORD002358,700001,True,67,False,False,True
DEL002359,ORD002359,110001,False,56,False,False,False
DEL002360,ORD002360,110002,True,8,True,False,False
DEL002361,ORD002361,700001,True,60,False,False,True
DEL002362,ORD002362,110001,True,58,True,False,False
DEL002363,ORD002363,110002,True,3,False,False,False
DEL002364,ORD002364,500003,False,13,True,False,False
DEL002365,ORD002365,600001,True,80,False,False,False
DEL002366,ORD002366,500003,True,43,False,False,False
DEL002367,ORD002367,110001,True,94,False,False,False
DEL002368,ORD002368,600002,False,48,True,False,False
DEL002369,ORD002369,500001,True,9,False,True,False
DEL002370,ORD002370,226001,True,86,False,False,True
DEL002371,ORD002371,226001,True,93,False,False,True
DEL002372,ORD002372,110002,True,77,False,False,False
DEL002373,ORD002373,500002,True,68,True,True,False
DEL002374,ORD002374,600002,True,46,False,False,False
DEL002375,ORD002375,700001,True,90,False,False,True
DEL002376,ORD002376,600001,True,51,False,False,False
DEL002377,ORD002377,110001,True,30,False,False,False
DEL002378,ORD002378,600001,True,54,True,False,False
DEL002379,ORD002379,110002,False,66,False,False,False
DEL002380,ORD002380,700001,True,38,False,False,True
DEL002381,ORD002381,110001,True,45,False,False,False
DEL002382,ORD002382,226001,True,70,False,True,True
DEL002383,ORD002383,226001,True,38,False,False,True
DEL002384,ORD002384,500003,True,57,False,False,False
DEL002385,ORD002385,560001,True,55,True,False,True
DEL002386,ORD002386,700001,True,17,False,False,True
DEL002387,ORD002387,500001,True,5,False,False,False
DEL002388,ORD002388,560001,True,12,False,False,True
DEL002389,ORD002389,110001,True,34,False,False,False
DEL002390,ORD002390,500001,True,61,False,False,False
DEL002391,ORD002391,700001,True,3,False,False,True
DEL002392,ORD002392,500001,False,75,False,False,False
DEL002393,ORD002393,560001,True,51,False,False,True
DEL002394,ORD002394,500001,False,18,True,False,False
DEL002395,ORD002395,560001,True,22,False,False,True
DEL002396,ORD002396,500002,True,4,True,False,False
DEL002397,ORD002397,500002,True,59,False,False,False
DEL002398,ORD002398,226001,True,23,False,False,True
DEL002399,ORD002399,560001,True,29,False,False,True
DEL002400,ORD002400,600001,False,47,False,False,False
DEL002401,ORD002401,110002,True,92,False,False,False
DEL002402,ORD002402,226001,True,53,False,False,True
DEL002403,ORD002403,226001,True,71,False,False,True
DEL002404,ORD002404,226001,True,54,False,False,True
DEL002405,ORD002405,600002,False,16,True,False,False
DEL002406,ORD002406,500002,False,41,False,False,False
DEL002407,ORD002407,500002,True,59,False,False,False
DEL002408,ORD002408,560001,True,43,False,False,True
DEL002409,ORD002409,500003,True,56,False,False,False
DEL002410,ORD002410,226001,True,45,False,False,True
DEL002411,ORD002411,560001,True,25,False,False,True
DEL002412,ORD002412,500003,True,26,False,False,False
DEL002413,ORD002413,600002,True,64,False,False,False
DEL002414,ORD002414,500003,True,37,False,True,False
DEL002415,ORD002415,500001,True,15,True,False,False
DEL002416,ORD002416,700001,False,91,False,False,True
DEL002417,ORD002417,600002,True,32,False,False,False
DEL002418,ORD002418,500003,True,58,False,False,False
DEL002419,ORD002419,600001,False,60,False,False,False
DEL002420,ORD002420,110001,True,8,False,False,False
DEL002421,ORD002421,560001,False,53,True,False,True
DEL002422,ORD002422,500002,True,70,False,False,False
DEL002423,ORD002423,500002,True,45,False,False,False
DEL002424,ORD002424,500003,True,8,True,False,False
DEL002425,ORD002425,110001,True,64,False,False,False
DEL002426,ORD002426,700001,True,3,False,False,True
DEL002427,ORD002427,700001,False,86,False,False,True
DEL002428,ORD002428,226001,True,64,False,False,True
DEL002429,ORD002429,700001,True,53,False,False,True
DEL002430,ORD002430,700001,True,38,False,False,True
DEL002431,ORD002431,110001,True,55,False,False,False
DEL002432,ORD002432,226001,False,54,False,False,True
DEL002433,ORD002433,500003,True,36,False,False,False
DEL002434,ORD002434,600002,False,43,False,False,False
DEL002435,ORD002435,110001,True,32,False,False,False
DEL002436,ORD002436,700001,True,89,False,False,True
DEL002437,ORD002437,700001,True,92,False,False,True
DEL002438,ORD002438,500003,True,60,False,True,False
DEL002439,ORD002439,110002,True,94,True,False,False
DEL002440,ORD002440,700001,False,94,False,False,True
DEL002441,ORD002441,500003,True,70,False,False,False
DEL002442,ORD002442,226001,True,80,False,False,True
DEL002443,ORD002443,600002,True,91,False,True,False
DEL002444,ORD002444,500001,True,74,False,False,False
DEL002445,ORD002445,700001,True,87,False,False,True
DEL002446,ORD002446,226001,True,20,False,False,True
DEL002447,ORD002447,500001,True,26,False,False,False
DEL002448,ORD002448,600001,True,19,False,False,False
DEL002449,ORD002449,600001,True,18,False,False,False
DEL002450,ORD002450,560001,True,30,False,False,True
DEL002451,ORD002451,600002,True,87,False,False,False
DEL002452,ORD002452,500003,True,83,True,False,False
DEL002453,ORD002453,500001,True,36,False,False,False
DEL002454,ORD002454,500001,True,79,False,False,False
DEL002455,ORD002455,600001,True,42,True,False,False
DEL002456,ORD002456,110002,True,24,False,False,False
DEL002457,ORD002457,560001,False,91,False,False,True
DEL002458,ORD002458,500001,False,33,True,False,False
DEL002459,ORD002459,560001,True,70,False,False,True
DEL002460,ORD002460,600002,True,34,False,False,False
DEL002461,ORD002461,110001,True,63,False,False,False
DEL002462,ORD002462,560001,True,50,False,False,True
DEL002463,ORD002463,226001,False,9,False,False,True
DEL002464,ORD002464,500001,True,92,False,False,False
DEL002465,ORD002465,500001,False,77,False,False,False
DEL002466,ORD002466,560001,True,35,False,False,True
DEL002467,ORD002467,560001,True,34,False,False,True
DEL002468,ORD002468,600001,True,81,False,False,False
DEL002469,ORD002469,600002,True,80,False,True,False
DEL002470,ORD002470,700001,True,32,False,False,True
DEL002471,ORD002471,500002,True,83,False,False,False
DEL002472,ORD002472,500001,True,38,False,False,False
DEL002473,ORD002473,110002,False,55,False,False,False
DEL002474,ORD002474,226001,True,89,False,False,True
DEL002475,ORD002475,600001,False,45,False,False,False
DEL002476,ORD002476,110002,True,2,True,False,False
DEL002477,ORD002477,500003,True,65,False,False,False
DEL002478,ORD002478,600001,True,55,False,False,False
DEL002479,ORD002479,226001,True,40,False,False,True
DEL002480,ORD002480,560001,True,42,False,False,True
DEL002481,ORD002481,500001,True,4,False,False,False
DEL002482,ORD002482,110002,True,68,False,False,False
DEL002483,ORD002483,110002,False,79,False,False,False
DEL002484,ORD002484,110001,True,88,False,False,False
DEL002485,ORD002485,500001,True,44,False,False,False
DEL002486,ORD002486,226001,True,35,False,False,True
DEL002487,ORD002487,600001,False,86,False,False,False
DEL002488,ORD002488,560001,True,5,False,False,True
DEL002489,ORD002489,500002,False,12,False,False,False
DEL002490,ORD002490,226001,False,30,True,False,True
DEL002491,ORD002491,500002,True,1,False,False,False
DEL002492,ORD002492,600002,True,85,False,False,False
DEL002493,ORD002493,500001,True,90,False,False,False
DEL002494,ORD002494,560001,False,61,False,False,True
DEL002495,ORD002495,226001,True,27,True,False,True
DEL002496,ORD002496,600001,True,69,False,False,False
DEL002497,ORD002497,110001,True,2,True,False,False
DEL002498,ORD002498,110001,True,3,False,True,False
DEL002499,ORD002499,600001,True,15,False,False,False
DEL002500,ORD002500,600002,False,2,False,True,False
DEL002501,ORD002501,110001,True,5,False,False,False
DEL002502,ORD002502,500001,True,49,False,True,False
DEL002503,ORD002503,110001,True,46,False,False,False
DEL002504,ORD002504,110002,False,53,False,False,False
DEL002505,ORD002505,110001,True,43,False,False,False
DEL002506,ORD002506,600001,True,40,False,False,False
DEL002507,ORD002507,110001,True,44,False,False,False
DEL002508,ORD002508,500002,True,21,False,False,False
DEL002509,ORD002509,500001,True,82,False,False,False
DEL002510,ORD002510,110001,True,30,False,False,False
DEL002511,ORD002511,500001,False,4,False,False,False
DEL002512,ORD002512,226001,True,90,False,False,True
DEL002513,ORD002513,600001,True,61,False,False,False
DEL002514,ORD002514,110001,True,40,False,False,False
DEL002515,ORD002515,110001,True,33,False,True,False
DEL002516,ORD002516,560001,True,37,False,False,True
DEL002517,ORD002517,500001,True,72,False,False,False
DEL002518,ORD002518,500001,True,8,False,False,False
DEL002519,ORD002519,560001,True,32,True,False,True
DEL002520,ORD002520,600002,True,25,False,False,False
DEL002521,ORD002521,600002,True,7,False,False,False
DEL002522,ORD002522,226001,True,17,False,False,True
DEL002523,ORD002523,500003,True,39,False,False,False
DEL002524,ORD002524,226001,True,66,False,True,True
DEL002525,ORD002525,226001,True,28,False,False,True
DEL002526,ORD002526,700001,False,16,False,False,True
DEL002527,ORD002527,226001,True,36,False,False,True
DEL002528,ORD002528,560001,True,85,False,False,True
DEL002529,ORD002529,226001,True,45,False,False,True
DEL002530,ORD002530,560001,True,29,False,False,True
DEL002531,ORD002531,500003,True,71,False,False,False
DEL002532,ORD002532,700001,True,29,False,False,True
DEL002533,ORD002533,600002,True,89,False,False,False
DEL002534,ORD002534,500001,True,19,False,False,False
DEL002535,ORD002535,500002,True,58,True,False,False
DEL002536,ORD002536,110002,True,88,True,False,False
DEL002537,ORD002537,500001,True,68,False,False,False
DEL002538,ORD002538,500002,True,15,False,False,False
DEL002539,ORD002539,600002,True,85,False,False,False
DEL002540,ORD002540,600002,True,22,False,True,False
DEL002541,ORD002541,110001,True,53,False,False,False
DEL002542,ORD002542,110001,False,23,False,True,False
DEL002543,ORD002543,700001,True,82,False,True,True
DEL002544,ORD002544,110002,True,64,False,False,False
DEL002545,ORD002545,560001,False,53,False,False,True
DEL002546,ORD002546,600002,True,41,False,False,False
DEL002547,ORD002547,700001,True,71,False,False,True
DEL002548,ORD002548,500002,True,45,False,False,False
DEL002549,ORD002549,110002,True,86,False,True,False
DEL002550,ORD002550,500002,True,46,False,False,False
DEL002551,ORD002551,560001,False,10,False,False,True
DEL002552,ORD002552,600002,False,30,False,False,False
DEL002553,ORD002553,560001,False,70,False,False,True
DEL002554,ORD002554,600002,True,35,False,False,False
DEL002555,ORD002555,500003,True,93,False,False,False
DEL002556,ORD002556,500003,True,49,False,False,False
DEL002557,ORD002557,110001,True,26,False,True,False
DEL002558,ORD002558,110002,True,75,False,False,False
DEL002559,ORD002559,110002,True,68,False,False,False
DEL002560,ORD002560,500003,True,9,False,False,False
DEL002561,ORD002561,500002,True,73,False,False,False
DEL002562,ORD002562,600002,False,90,False,False,False
DEL002563,ORD002563,500003,False,3,False,False,False
DEL002564,ORD002564,110002,True,92,False,False,False
DEL002565,ORD002565,500003,True,35,False,False,False
DEL002566,ORD002566,560001,False,83,False,False,True
DEL002567,ORD002567,110002,True,90,False,False,False
DEL002568,ORD002568,560001,True,86,False,False,True
DEL002569,ORD002569,500001,True,42,True,False,False
DEL002570,ORD002570,110002,True,87,False,False,False
DEL002571,ORD002571,600001,True,83,False,False,False
DEL002572,ORD002572,700001,False,27,False,False,True
DEL002573,ORD002573,600001,True,71,False,False,False
DEL002574,ORD002574,600001,True,32,False,False,False
DEL002575,ORD002575,500003,True,9,False,False,False
DEL002576,ORD002576,500001,True,67,False,False,False
DEL002577,ORD002577,500003,True,9,False,False,False
DEL002578,ORD002578,226001,True,27,False,False,True
DEL002579,ORD002579,600002,False,32,False,False,False
DEL002580,ORD002580,226001,True,77,False,False,True
DEL002581,ORD002581,500001,True,65,False,False,False
DEL002582,ORD002582,500002,False,22,True,False,False
DEL002583,ORD002583,500001,True,50,True,False,False
DEL002584,ORD002584,560001,True,2,True,False,True
DEL002585,ORD002585,700001,True,26,False,False,True
DEL002586,ORD002586,110002,True,13,False,False,False
DEL002587,ORD002587,500001,True,8,False,False,False
DEL002588,ORD002588,600001,True,63,False,False,False
DEL002589,ORD002589,560001,True,52,False,False,True
DEL002590,ORD002590,700001,True,21,True,False,True
DEL002591,ORD002591,600001,True,95,False,False,False
DEL002592,ORD002592,500002,True,79,False,False,False
DEL002593,ORD002593,500002,True,57,False,False,False
DEL002594,ORD002594,600001,False,73,False,False,False
DEL002595,ORD002595,560001,False,25,False,False,True
DEL002596,ORD002596,110001,True,24,True,False,False
DEL002597,ORD002597,226001,False,52,False,False,True
DEL002598,ORD002598,560001,True,76,False,False,True
DEL002599,ORD002599,500002,True,46,False,False,False
DEL002600,ORD002600,500003,True,80,False,False,False
DEL002601,ORD002601,226001,True,38,False,False,True
DEL002602,ORD002602,110001,True,75,True,False,False
DEL002603,ORD002603,226001,True,63,False,False,True
DEL002604,ORD002604,500001,False,37,False,False,False
DEL002605,ORD002605,110001,True,70,False,False,False
DEL002606,ORD002606,110001,True,47,True,False,False
DEL002607,ORD002607,500001,True,92,False,False,False
DEL002608,ORD002608,500003,True,29,False,False,False
DEL002609,ORD002609,500001,True,15,False,False,False
DEL002610,ORD002610,110001,True,7,False,True,False
DEL002611,ORD002611,700001,False,22,False,False,True
DEL002612,ORD002612,110001,True,32,True,False,False
DEL002613,ORD002613,110001,False,42,False,False,False
DEL002614,ORD002614,500002,True,83,False,False,False
DEL002615,ORD002615,500001,True,63,False,False,False
DEL002616,ORD002616,600001,False,1,False,True,False
DEL002617,ORD002617,700001,False,4,False,False,True
DEL002618,ORD002618,500001,True,71,False,False,False
DEL002619,ORD002619,110002,True,7,False,False,False
DEL002620,ORD002620,500003,True,64,False,False,False
DEL002621,ORD002621,700001,True,67,False,False,True
DEL002622,ORD002622,500002,False,12,False,False,False
DEL002623,ORD002623,500002,True,4,False,False,False
DEL002624,ORD002624,110002,False,11,False,False,False
DEL002625,ORD002625,560001,True,82,True,True,True
DEL002626,ORD002626,500001,True,66,False,False,False
DEL002627,ORD002627,700001,True,58,False,False,True
DEL002628,ORD002628,110002,True,85,False,False,False
DEL002629,ORD002629,500003,True,82,False,False,False
DEL002630,ORD002630,110002,True,76,False,False,False
DEL002631,ORD002631,110001,True,17,False,False,False
DEL002632,ORD002632,560001,False,19,False,False,True
DEL002633,ORD002633,560001,True,16,False,False,True
DEL002634,ORD002634,500001,True,19,False,False,False
DEL002635,ORD002635,600001,False,66,False,False,False
DEL002636,ORD002636,500002,True,50,False,False,False
DEL002637,ORD002637,560001,False,23,False,True,True
DEL002638,ORD002638,560001,True,35,False,False,True
DEL002639,ORD002639,500003,False,10,True,False,False
DEL002640,ORD002640,600001,True,35,False,False,False
DEL002641,ORD002641,500001,False,86,False,False,False
DEL002642,ORD002642,600001,True,50,False,False,False
DEL002643,ORD002643,600002,True,51,False,True,False
DEL002644,ORD002644,560001,True,59,True,False,True
DEL002645,ORD002645,600001,True,40,False,True,False
DEL002646,ORD002646,600002,True,76,False,False,False
DEL002647,ORD002647,500003,True,40,True,False,False
DEL002648,ORD002648,500003,False,29,False,True,False
DEL002649,ORD002649,600002,True,13,False,False,False
DEL002650,ORD002650,500002,True,60,False,False,False
DEL002651,ORD002651,500001,True,16,False,False,False
DEL002652,ORD002652,600002,True,26,False,False,False
DEL002653,ORD002653,226001,True,46,False,False,True
DEL002654,ORD002654,500001,False,79,False,False,False
DEL002655,ORD002655,600002,True,70,False,False,False
DEL002656,ORD002656,600001,True,24,False,False,False
DEL002657,ORD002657,226001,True,22,False,False,True
DEL002658,ORD002658,560001,True,50,False,False,True
DEL002659,ORD002659,500002,True,32,False,False,False
DEL002660,ORD002660,110002,False,55,True,False,False
DEL002661,ORD002661,560001,True,22,False,False,True
DEL002662,ORD002662,600002,True,57,False,False,False
DEL002663,ORD002663,500003,True,17,False,False,False
DEL002664,ORD002664,110001,True,1,False,False,False
DEL002665,ORD002665,500001,True,21,False,False,False
DEL002666,ORD002666,500003,False,14,False,False,False
DEL002667,ORD002667,700001,True,83,False,False,True
DEL002668,ORD002668,226001,True,67,False,False,True
DEL002669,ORD002669,600002,True,92,True,False,False
DEL002670,ORD002670,110001,True,83,False,True,False
DEL002671,ORD002671,700001,True,20,False,False,True
DEL002672,ORD002672,500002,True,51,True,False,False
DEL002673,ORD002673,110002,True,64,False,False,False
DEL002674,ORD002674,110001,True,9,False,False,False
DEL002675,ORD002675,700001,True,31,False,False,True
DEL002676,ORD002676,500001,True,46,False,False,False
DEL002677,ORD002677,600001,False,46,False,False,False
DEL002678,ORD002678,500003,False,72,False,False,False
DEL002679,ORD002679,500001,False,32,False,False,False
DEL002680,ORD002680,600001,True,25,False,False,False
DEL002681,ORD002681,226001,True,22,False,False,True
DEL002682,ORD002682,110001,False,86,False,True,False
DEL002683,ORD002683,500001,True,41,False,False,False
DEL002684,ORD002684,700001,True,6,False,False,True
DEL002685,ORD002685,600002,True,60,False,False,False
DEL002686,ORD002686,500003,False,13,False,False,False
DEL002687,ORD002687,700001,True,9,False,False,True
DEL002688,ORD002688,226001,True,85,False,False,True
DEL002689,ORD002689,500001,True,16,False,False,False
DEL002690,ORD002690,500002,True,61,False,False,False
DEL002691,ORD002691,560001,True,81,False,False,True
DEL002692,ORD002692,500003,True,52,False,False,False
DEL002693,ORD002693,226001,True,69,False,False,True
DEL002694,ORD002694,700001,True,6,False,False,True
DEL002695,ORD002695,600002,True,20,False,False,False
DEL002696,ORD002696,700001,True,20,False,False,True
DEL002697,ORD002697,500001,True,57,False,False,False
DEL002698,ORD002698,600002,False,49,False,False,False
DEL002699,ORD002699,600001,True,15,True,False,False
DEL002700,ORD002700,110002,True,87,False,False,False
DEL002701,ORD002701,500001,False,57,False,True,False
DEL002702,ORD002702,500003,True,8,False,False,False
DEL002703,ORD002703,600002,True,89,False,False,False
DEL002704,ORD002704,560001,True,6,False,False,True
DEL002705,ORD002705,560001,True,49,False,False,True
DEL002706,ORD002706,500003,False,79,False,False,False
DEL002707,ORD002707,600002,True,91,False,False,False
DEL002708,ORD002708,700001,True,40,False,False,True
DEL002709,ORD002709,500002,True,31,False,False,False
DEL002710,ORD002710,110002,True,71,True,False,False
DEL002711,ORD002711,110002,True,18,False,False,False
DEL002712,ORD002712,500002,True,52,False,False,False
DEL002713,ORD002713,110001,True,94,True,False,False
DEL002714,ORD002714,560001,True,91,False,False,True
DEL002715,ORD002715,500003,True,74,True,False,False
DEL002716,ORD002716,700001,False,88,False,False,True
DEL002717,ORD002717,560001,True,35,False,True,True
DEL002718,ORD002718,500003,True,30,False,False,False
DEL002719,ORD002719,110002,True,50,False,False,False
DEL002720,ORD002720,560001,True,3,False,False,True
DEL002721,ORD002721,500001,True,73,False,False,False
DEL002722,ORD002722,500003,True,80,False,False,False
DEL002723,ORD002723,226001,True,65,False,False,True
DEL002724,ORD002724,700001,False,3,False,False,True
DEL002725,ORD002725,110002,False,5,False,False,False
DEL002726,ORD002726,500001,True,89,True,True,False
DEL002727,ORD002727,600002,True,53,False,False,False
DEL002728,ORD002728,226001,True,37,True,False,True
DEL002729,ORD002729,500003,True,12,False,False,False
DEL002730,ORD002730,500002,True,2,False,False,False
DEL002731,ORD002731,500001,True,78,False,False,False
DEL002732,ORD002732,500002,True,29,False,False,False
DEL002733,ORD002733,500001,True,57,False,False,False
DEL002734,ORD002734,110001,False,28,False,False,False
DEL002735,ORD002735,700001,True,84,False,False,True
DEL002736,ORD002736,500003,True,43,False,False,False
DEL002737,ORD002737,226001,True,72,False,False,True
DEL002738,ORD002738,226001,True,7,False,False,True
DEL002739,ORD002739,500001,True,75,True,False,False
DEL002740,ORD002740,110001,False,81,False,False,False
DEL002741,ORD002741,110001,True,5,False,False,False
DEL002742,ORD002742,500002,True,65,False,False,False
DEL002743,ORD002743,600001,False,77,False,False,False
DEL002744,ORD002744,600002,True,41,True,False,False
DEL002745,ORD002745,110001,True,59,False,False,False
DEL002746,ORD002746,110001,True,86,False,False,False
DEL002747,ORD002747,500002,True,80,False,False,False
DEL002748,ORD002748,600002,True,95,True,False,False
DEL002749,ORD002749,600002,True,61,False,False,False
DEL002750,ORD002750,226001,True,67,False,False,True
DEL002751,ORD002751,500002,True,54,True,False,False
DEL002752,ORD002752,110002,True,54,False,False,False
DEL002753,ORD002753,226001,True,59,True,True,True
DEL002754,ORD002754,500002,False,49,False,False,False
DEL002755,ORD002755,500001,False,73,False,False,False
DEL002756,ORD002756,110001,False,52,False,False,False
DEL002757,ORD002757,500001,True,94,False,False,False
DEL002758,ORD002758,600001,True,34,False,False,False
DEL002759,ORD002759,600001,True,28,False,False,False
DEL002760,ORD002760,110001,True,58,False,False,False
DEL002761,ORD002761,600002,False,15,False,False,False
DEL002762,ORD002762,600001,True,19,False,False,False
DEL002763,ORD002763,110001,True,32,False,False,False
DEL002764,ORD002764,226001,False,88,True,False,True
DEL002765,ORD002765,600002,True,90,False,False,False
DEL002766,ORD002766,110002,True,80,False,False,False
DEL002767,ORD002767,600002,False,2,False,False,False
DEL002768,ORD002768,700001,True,56,False,False,True
DEL002769,ORD002769,500003,True,80,False,False,False
DEL002770,ORD002770,500002,True,46,False,False,False
DEL002771,ORD002771,500001,False,29,False,False,False
DEL002772,ORD002772,600002,True,91,False,False,False
DEL002773,ORD002773,560001,False,77,False,False,True
DEL002774,ORD002774,700001,True,64,False,False,True
DEL002775,ORD002775,500003,True,2,False,False,False
DEL002776,ORD002776,110002,True,37,False,False,False
DEL002777,ORD002777,600001,True,62,False,False,False
DEL002778,ORD002778,110002,True,52,False,False,False
DEL002779,ORD002779,600002,True,63,False,False,False
DEL002780,ORD002780,110001,True,84,False,False,False
DEL002781,ORD002781,560001,True,11,False,False,True
DEL002782,ORD002782,226001,True,67,False,False,True
DEL002783,ORD002783,226001,False,49,False,False,True
DEL002784,ORD002784,700001,True,70,False,False,True
DEL002785,ORD002785,560001,False,36,True,False,True
DEL002786,ORD002786,110001,True,25,False,False,False
DEL002787,ORD002787,600002,True,84,False,False,False
DEL002788,ORD002788,600001,True,85,False,False,False
DEL002789,ORD002789,500002,False,9,False,False,False
DEL002790,ORD002790,560001,False,92,False,True,True
DEL002791,ORD002791,500003,True,82,False,True,False
DEL002792,ORD002792,110001,True,10,False,False,False
DEL002793,ORD002793,500001,True,1,False,False,False
DEL002794,ORD002794,600002,True,4,False,False,False
DEL002795,ORD002795,500003,True,26,False,False,False
DEL002796,ORD002796,500001,True,75,False,False,False
DEL002797,ORD002797,110002,False,53,False,False,False
DEL002798,ORD002798,560001,True,23,False,False,True
DEL002799,ORD002799,226001,True,68,False,False,True
DEL002800,ORD002800,700001,True,2,False,False,True
DEL002801,ORD002801,600001,True,1,False,False,False
DEL002802,ORD002802,500002,True,9,False,True,False
DEL002803,ORD002803,560001,True,59,False,False,True
DEL002804,ORD002804,700001,True,73,True,False,True
DEL002805,ORD002805,600001,True,84,False,False,False
DEL002806,ORD002806,110001,True,53,False,False,False
DEL002807,ORD002807,600002,True,77,False,False,False
DEL002808,ORD002808,700001,False,42,False,False,True
DEL002809,ORD002809,600001,True,25,True,False,False
DEL002810,ORD002810,110002,True,10,False,False,False
DEL002811,ORD002811,500002,False,17,False,False,False
DEL002812,ORD002812,500001,True,5,False,False,False
DEL002813,ORD002813,500001,True,77,False,False,False
DEL002814,ORD002814,600002,True,91,False,False,False
DEL002815,ORD002815,110002,True,13,False,False,False
DEL002816,ORD002816,600002,True,33,False,False,False
DEL002817,ORD002817,600001,True,63,False,False,False
DEL002818,ORD002818,700001,True,61,True,False,True
DEL002819,ORD002819,500002,True,22,False,False,False
DEL002820,ORD002820,500002,True,50,False,False,False
DEL002821,ORD002821,226001,True,12,False,True,True
DEL002822,ORD002822,500001,True,19,False,False,False
DEL002823,ORD002823,600002,False,86,False,False,False
DEL002824,ORD002824,600002,True,6,True,False,False
DEL002825,ORD002825,500001,True,56,False,False,False
DEL002826,ORD002826,110001,True,89,False,False,False
DEL002827,ORD002827,600002,True,4,False,False,False
DEL002828,ORD002828,110002,False,25,False,True,False
DEL002829,ORD002829,500001,True,19,True,False,False
DEL002830,ORD002830,500003,True,54,False,False,False
DEL002831,ORD002831,226001,True,10,False,False,True
DEL002832,ORD002832,700001,False,89,False,False,True
DEL002833,ORD002833,110001,True,18,False,False,False
DEL002834,ORD002834,500002,True,74,False,False,False
DEL002835,ORD002835,700001,True,3,False,False,True
DEL002836,ORD002836,500003,True,37,False,False,False
DEL002837,ORD002837,500003,True,62,False,False,False
DEL002838,ORD002838,500002,True,67,False,False,False
DEL002839,ORD002839,600002,False,34,False,True,False
DEL002840,ORD002840,500003,False,7,False,False,False
DEL002841,ORD002841,110001,True,25,False,False,False
DEL002842,ORD002842,600002,True,69,False,False,False
DEL002843,ORD002843,700001,True,94,False,False,True
DEL002844,ORD002844,226001,True,20,False,False,True
DEL002845,ORD002845,226001,True,1,False,False,True
DEL002846,ORD002846,500003,True,16,False,False,False
DEL002847,ORD002847,500003,True,79,False,False,False
DEL002848,ORD002848,600001,True,29,False,False,False
DEL002849,ORD002849,600002,True,59,True,False,False
DEL002850,ORD002850,226001,True,25,True,False,True
DEL002851,ORD002851,560001,True,77,False,False,True
DEL002852,ORD002852,500002,True,15,False,False,False
DEL002853,ORD002853,226001,True,35,False,False,True
DEL002854,ORD002854,500001,False,70,False,False,False
DEL002855,ORD002855,110002,True,33,False,False,False
DEL002856,ORD002856,560001,True,31,False,False,True
DEL002857,ORD002857,600002,False,51,False,False,False
DEL002858,ORD002858,560001,True,3,False,False,True
DEL002859,ORD002859,560001,True,78,False,False,True
DEL002860,ORD002860,600001,True,1,False,False,False
DEL002861,ORD002861,226001,True,58,False,False,True
DEL002862,ORD002862,500003,True,34,False,False,False
DEL002863,ORD002863,700001,True,40,False,False,True
DEL002864,ORD002864,600001,True,30,False,False,False
DEL002865,ORD002865,110001,True,40,False,False,False
DEL002866,ORD002866,500002,False,70,False,False,False
DEL002867,ORD002867,110002,True,74,False,False,False
DEL002868,ORD002868,110002,False,14,True,False,False
DEL002869,ORD002869,110001,False,57,False,False,False
DEL002870,ORD002870,500001,True,12,False,False,False
DEL002871,ORD002871,500002,True,52,False,False,False
DEL002872,ORD002872,500003,True,71,False,False,False
DEL002873,ORD002873,500003,True,5,False,False,False
DEL002874,ORD002874,110001,True,23,False,False,False
DEL002875,ORD002875,560001,True,61,True,False,True
DEL002876,ORD002876,500003,False,38,False,True,False
DEL002877,ORD002877,600001,False,91,False,False,False
DEL002878,ORD002878,700001,True,77,False,False,True
DEL002879,ORD002879,560001,True,5,False,False,True
DEL002880,ORD002880,560001,True,68,False,False,True
DEL002881,ORD002881,500001,True,10,False,False,False
DEL002882,ORD002882,700001,True,53,False,False,True
DEL002883,ORD002883,110002,False,93,False,False,False
DEL002884,ORD002884,226001,False,77,False,True,True
DEL002885,ORD002885,600001,True,63,False,False,False
DEL002886,ORD002886,110001,False,20,False,False,False
DEL002887,ORD002887,500001,False,90,False,False,False
DEL002888,ORD002888,560001,True,62,False,False,True
DEL002889,ORD002889,700001,True,12,False,False,True
DEL002890,ORD002890,700001,True,82,False,False,True
DEL002891,ORD002891,700001,True,57,True,False,True
DEL002892,ORD002892,500001,False,53,False,False,False
DEL002893,ORD002893,226001,True,93,False,True,True
DEL002894,ORD002894,226001,True,28,False,False,True
DEL002895,ORD002895,226001,True,35,False,False,True
DEL002896,ORD002896,700001,True,69,False,False,True
DEL002897,ORD002897,226001,True,57,False,False,True
DEL002898,ORD002898,110001,False,2,False,False,False
DEL002899,ORD002899,110001,False,72,False,False,False
DEL002900,ORD002900,500001,True,16,False,False,False
DEL002901,ORD002901,500002,True,87,False,False,False
DEL002902,ORD002902,226001,True,80,False,False,True
DEL002903,ORD002903,560001,True,55,False,False,True
DEL002904,ORD002904,500002,True,71,False,False,False
DEL002905,ORD002905,226001,True,87,False,False,True
DEL002906,ORD002906,700001,True,95,False,False,True
DEL002907,ORD002907,600001,True,48,False,False,False
DEL002908,ORD002908,600001,True,16,False,False,False
DEL002909,ORD002909,600002,True,66,False,False,False
DEL002910,ORD002910,110002,False,27,False,False,False
DEL002911,ORD002911,500001,False,83,False,True,False
DEL002912,ORD002912,700001,True,4,False,False,True
DEL002913,ORD002913,110001,True,42,False,False,False
DEL002914,ORD002914,600002,True,26,False,False,False
DEL002915,ORD002915,600002,True,67,False,False,False
DEL002916,ORD002916,500001,True,69,False,False,False
DEL002917,ORD002917,500001,False,69,False,False,False
DEL002918,ORD002918,110002,True,79,True,False,False
DEL002919,ORD002919,500002,True,55,False,False,False
DEL002920,ORD002920,600001,True,88,False,False,False
DEL002921,ORD002921,560001,True,87,False,False,True
DEL002922,ORD002922,110001,True,33,False,False,False
DEL002923,ORD002923,600001,True,6,True,False,False
DEL002924,ORD002924,110002,True,78,True,False,False
DEL002925,ORD002925,110002,False,58,True,False,False
DEL002926,ORD002926,500001,True,31,False,False,False
DEL002927,ORD002927,500001,False,90,False,False,False
DEL002928,ORD002928,600002,True,40,True,False,False
DEL002929,ORD002929,110002,False,68,False,False,False
DEL002930,ORD002930,110001,True,83,False,False,False
DEL002931,ORD002931,500001,True,1,False,True,False
DEL002932,ORD002932,110002,True,11,False,False,False
DEL002933,ORD002933,500001,True,9,False,False,False
DEL002934,ORD002934,500002,False,8,False,False,False
DEL002935,ORD002935,226001,True,88,False,False,True
DEL002936,ORD002936,110002,True,8,False,False,False
DEL002937,ORD002937,500001,True,21,False,False,False
DEL002938,ORD002938,600002,True,5,False,False,False
DEL002939,ORD002939,500003,True,47,False,False,False
DEL002940,ORD002940,600001,False,88,False,False,False
DEL002941,ORD002941,560001,True,54,False,False,True
DEL002942,ORD002942,700001,True,88,False,False,True
DEL002943,ORD002943,110001,True,50,False,False,False
DEL002944,ORD002944,500002,True,44,False,False,False
DEL002945,ORD002945,500002,True,38,False,False,False
DEL002946,ORD002946,700001,True,95,False,False,True
DEL002947,ORD002947,700001,True,92,False,False,True
DEL002948,ORD002948,226001,True,95,False,False,True
DEL002949,ORD002949,110002,False,43,True,True,False
DEL002950,ORD002950,600001,False,2,False,False,False
DEL002951,ORD002951,600001,False,27,False,False,False
DEL002952,ORD002952,500002,True,39,False,False,False
DEL002953,ORD002953,226001,False,19,False,False,True
DEL002954,ORD002954,110001,False,12,True,False,False
DEL002955,ORD002955,110002,True,9,False,False,False
DEL002956,ORD002956,110002,True,47,False,False,False
DEL002957,ORD002957,110001,False,54,False,True,False
DEL002958,ORD002958,110001,True,93,False,False,False
DEL002959,ORD002959,600002,True,93,False,False,False
DEL002960,ORD002960,560001,True,89,False,False,True
DEL002961,ORD002961,600002,False,59,False,False,False
DEL002962,ORD002962,700001,True,95,False,False,True
DEL002963,ORD002963,110002,True,51,False,False,False
DEL002964,ORD002964,500002,True,56,False,False,False
DEL002965,ORD002965,500003,True,62,False,True,False
DEL002966,ORD002966,560001,True,56,False,False,True
DEL002967,ORD002967,700001,True,26,False,True,True
DEL002968,ORD002968,560001,True,90,False,False,True
DEL002969,ORD002969,500002,False,57,False,False,False
DEL002970,ORD002970,226001,True,76,False,False,True
DEL002971,ORD002971,600002,True,58,False,False,False
DEL002972,ORD002972,700001,True,37,True,True,True
DEL002973,ORD002973,560001,False,87,False,False,True
DEL002974,ORD002974,600001,False,15,False,False,False
DEL002975,ORD002975,110002,True,73,False,False,False
DEL002976,ORD002976,500003,True,92,False,False,False
DEL002977,ORD002977,500003,False,88,False,True,False
DEL002978,ORD002978,500003,True,23,False,False,False
DEL002979,ORD002979,110001,True,47,False,False,False
DEL002980,ORD002980,700001,True,51,False,False,True
DEL002981,ORD002981,500003,True,31,False,False,False
DEL002982,ORD002982,500003,False,30,True,False,False
DEL002983,ORD002983,560001,False,95,False,False,True
DEL002984,ORD002984,560001,True,45,False,False,True
DEL002985,ORD002985,226001,False,13,False,False,True
DEL002986,ORD002986,110002,True,7,False,False,False
DEL002987,ORD002987,600001,True,30,False,False,False
DEL002988,ORD002988,500001,True,5,False,False,False
DEL002989,ORD002989,600002,True,76,True,False,False
DEL002990,ORD002990,700001,True,95,False,False,True
DEL002991,ORD002991,110002,True,42,False,False,False
DEL002992,ORD002992,500003,True,22,False,False,False
DEL002993,ORD002993,560001,True,22,False,False,True
DEL002994,ORD002994,600002,True,65,False,False,False
DEL002995,ORD002995,226001,False,22,False,False,True
DEL002996,ORD002996,500002,True,8,False,False,False
DEL002997,ORD002997,500002,True,17,False,False,False
DEL002998,ORD002998,110001,False,48,True,False,False
DEL002999,ORD002999,500003,False,27,True,False,False
DEL003000,ORD003000,110001,True,63,False,False,False
DEL003001,ORD003001,500003,True,14,False,False,False
DEL003002,ORD003002,600001,True,5,False,False,False
DEL003003,ORD003003,226001,True,42,False,False,True
DEL003004,ORD003004,110001,True,88,False,False,False
DEL003005,ORD003005,110002,True,68,True,False,False
DEL003006,ORD003006,500001,True,21,False,False,False
DEL003007,ORD003007,700001,True,25,False,False,True
DEL003008,ORD003008,110002,True,89,False,False,False
DEL003009,ORD003009,700001,False,20,False,False,True
DEL003010,ORD003010,500001,True,43,False,False,False
DEL003011,ORD003011,110001,True,86,False,False,False
DEL003012,ORD003012,500003,False,32,True,False,False
DEL003013,ORD003013,600001,True,83,False,False,False
DEL003014,ORD003014,500003,True,1,False,False,False
DEL003015,ORD003015,600002,True,17,False,False,False
DEL003016,ORD003016,500002,True,86,False,False,False
DEL003017,ORD003017,500002,True,38,False,False,False
DEL003018,ORD003018,110002,False,81,False,False,False
DEL003019,ORD003019,600001,False,82,False,False,False
DEL003020,ORD003020,600001,True,41,False,False,False
DEL003021,ORD003021,560001,True,11,False,False,True
DEL003022,ORD003022,110002,True,77,True,False,False
DEL003023,ORD003023,500002,True,72,False,False,False
DEL003024,ORD003024,600002,True,56,False,False,False
DEL003025,ORD003025,500003,True,65,True,False,False
DEL003026,ORD003026,500002,False,45,True,False,False
DEL003027,ORD003027,600002,True,12,True,False,False
DEL003028,ORD003028,500003,True,60,False,False,False
DEL003029,ORD003029,500003,True,12,False,False,False
DEL003030,ORD003030,560001,True,60,False,False,True
DEL003031,ORD003031,500003,False,7,False,False,False
DEL003032,ORD003032,110002,True,83,True,False,False
DEL003033,ORD003033,560001,False,88,False,False,True
DEL003034,ORD003034,600002,True,6,False,False,False
DEL003035,ORD003035,600002,False,35,False,False,False
DEL003036,ORD003036,500003,True,1,False,False,False
DEL003037,ORD003037,110002,True,40,True,False,False
DEL003038,ORD003038,110001,False,40,False,False,False
DEL003039,ORD003039,110002,True,25,False,False,False
DEL003040,ORD003040,226001,True,7,False,False,True
DEL003041,ORD003041,600001,True,80,False,False,False
DEL003042,ORD003042,500003,True,56,False,False,False
DEL003043,ORD003043,110002,True,33,False,False,False
DEL003044,ORD003044,500003,True,1,False,True,False
DEL003045,ORD003045,500003,True,23,False,False,False
DEL003046,ORD003046,600001,True,94,False,False,False
DEL003047,ORD003047,226001,True,7,False,False,True
DEL003048,ORD003048,500001,True,54,False,False,False
DEL003049,ORD003049,500002,True,29,False,False,False
DEL003050,ORD003050,500003,True,70,False,False,False
DEL003051,ORD003051,110001,True,9,False,False,False
DEL003052,ORD003052,600001,True,20,False,False,False
DEL003053,ORD003053,700001,True,84,True,False,True
DEL003054,ORD003054,110002,True,59,False,False,False
DEL003055,ORD003055,600002,True,92,False,False,False
DEL003056,ORD003056,226001,True,94,False,False,True
DEL003057,ORD003057,700001,False,47,False,False,True
DEL003058,ORD003058,110002,True,58,False,True,False
DEL003059,ORD003059,110001,False,69,False,False,False
DEL003060,ORD003060,600001,True,18,False,False,False
DEL003061,ORD003061,600002,True,6,True,False,False
DEL003062,ORD003062,110001,False,71,True,False,False
DEL003063,ORD003063,500001,True,3,False,True,False
DEL003064,ORD003064,500002,True,52,False,False,False
DEL003065,ORD003065,500002,False,61,True,False,False
DEL003066,ORD003066,110002,False,76,False,False,False
DEL003067,ORD003067,500003,True,33,False,False,False
DEL003068,ORD003068,600001,True,88,False,False,False
DEL003069,ORD003069,700001,True,20,False,False,True
DEL003070,ORD003070,600002,True,90,False,False,False
DEL003071,ORD003071,500003,True,68,False,False,False
DEL003072,ORD003072,110002,True,95,False,False,False
DEL003073,ORD003073,600002,True,50,False,False,False
DEL003074,ORD003074,110002,True,89,False,False,False
DEL003075,ORD003075,700001,True,30,False,False,True
DEL003076,ORD003076,226001,True,17,False,False,True
DEL003077,ORD003077,500001,False,31,False,False,False
DEL003078,ORD003078,110001,True,14,True,False,False
DEL003079,ORD003079,700001,True,33,False,False,True
DEL003080,ORD003080,500001,True,78,True,False,False
DEL003081,ORD003081,110001,False,47,True,True,False
DEL003082,ORD003082,500003,False,83,False,True,False
DEL003083,ORD003083,226001,True,56,False,False,True
DEL003084,ORD003084,560001,True,81,False,False,True
DEL003085,ORD003085,226001,True,14,False,False,True
DEL003086,ORD003086,110002,False,29,False,False,False
DEL003087,ORD003087,600001,True,6,False,False,False
DEL003088,ORD003088,600001,True,24,False,False,False
DEL003089,ORD003089,560001,True,28,False,False,True
DEL003090,ORD003090,110001,True,56,False,False,False
DEL003091,ORD003091,110002,True,3,False,False,False
DEL003092,ORD003092,600002,True,4,False,False,False
DEL003093,ORD003093,600001,True,38,False,False,False
DEL003094,ORD003094,500001,False,32,False,False,False
DEL003095,ORD003095,110002,True,54,False,False,False
DEL003096,ORD003096,600001,False,60,False,True,False
DEL003097,ORD003097,600002,False,73,False,False,False
DEL003098,ORD003098,600002,True,42,False,False,False
DEL003099,ORD003099,500002,False,48,False,False,False
DEL003100,ORD003100,500002,True,76,False,False,False
DEL003101,ORD003101,700001,True,50,False,False,True
DEL003102,ORD003102,110001,True,58,False,False,False
DEL003103,ORD003103,560001,True,37,False,False,True
DEL003104,ORD003104,110001,False,57,False,False,False
DEL003105,ORD003105,500003,False,23,False,False,False
DEL003106,ORD003106,500003,True,91,False,False,False
DEL003107,ORD003107,600002,True,74,True,True,False
DEL003108,ORD003108,500003,True,64,False,False,False
DEL003109,ORD003109,500002,True,80,False,False,False
DEL003110,ORD003110,600001,True,90,False,False,False
DEL003111,ORD003111,600001,False,54,False,False,False
DEL003112,ORD003112,700001,True,31,True,False,True
DEL003113,ORD003113,110002,True,44,True,False,False
DEL003114,ORD003114,560001,True,56,False,False,True
DEL003115,ORD003115,500001,True,4,False,False,False
DEL003116,ORD003116,110002,True,34,False,False,False
DEL003117,ORD003117,226001,False,78,True,False,True
DEL003118,ORD003118,700001,True,41,False,False,True
DEL003119,ORD003119,700001,True,45,False,False,True
DEL003120,ORD003120,600002,True,65,False,False,False
DEL003121,ORD003121,500001,True,14,False,False,False
DEL003122,ORD003122,110001,False,63,True,False,False
DEL003123,ORD003123,500003,True,10,False,False,False
DEL003124,ORD003124,110002,True,34,False,False,False
DEL003125,ORD003125,560001,False,78,False,False,True
DEL003126,ORD003126,110001,True,52,False,False,False
DEL003127,ORD003127,500002,True,63,False,False,False
DEL003128,ORD003128,226001,True,61,False,False,True
DEL003129,ORD003129,226001,True,56,False,False,True
DEL003130,ORD003130,700001,False,69,False,False,True
DEL003131,ORD003131,110002,True,66,False,False,False
DEL003132,ORD003132,700001,True,59,False,False,True
DEL003133,ORD003133,500002,True,62,False,False,False
DEL003134,ORD003134,110001,True,68,False,False,False
DEL003135,ORD003135,700001,True,50,False,False,True
DEL003136,ORD003136,560001,True,16,False,False,True
DEL003137,ORD003137,226001,True,80,False,False,True
DEL003138,ORD003138,600002,True,11,False,False,False
DEL003139,ORD003139,226001,True,46,False,False,True
DEL003140,ORD003140,500002,True,68,False,False,False
DEL003141,ORD003141,110002,True,46,True,False,False
DEL003142,ORD003142,560001,True,64,False,False,True
DEL003143,ORD003143,560001,True,44,False,False,True
DEL003144,ORD003144,500002,False,45,False,False,False
DEL003145,ORD003145,600001,True,70,False,False,False
DEL003146,ORD003146,560001,True,8,False,False,True
DEL003147,ORD003147,600001,True,92,True,True,False
DEL003148,ORD003148,226001,True,52,False,False,True
DEL003149,ORD003149,110002,True,70,False,False,False
DEL003150,ORD003150,600001,True,31,False,False,False
DEL003151,ORD003151,700001,True,75,False,False,True
DEL003152,ORD003152,700001,True,80,False,True,True
DEL003153,ORD003153,600001,True,53,False,False,False
DEL003154,ORD003154,500003,True,40,False,False,False
DEL003155,ORD003155,600001,False,32,False,False,False
DEL003156,ORD003156,700001,True,2,False,False,True
DEL003157,ORD003157,110002,False,12,False,False,False
DEL003158,ORD003158,600001,True,32,False,False,False
DEL003159,ORD003159,700001,True,12,False,False,True
DEL003160,ORD003160,700001,True,30,False,False,True
DEL003161,ORD003161,500001,True,35,False,False,False
DEL003162,ORD003162,700001,True,46,False,False,True
DEL003163,ORD003163,560001,True,19,False,False,True
DEL003164,ORD003164,500003,False,65,False,False,False
DEL003165,ORD003165,560001,True,69,False,False,True
DEL003166,ORD003166,600001,True,17,True,False,False
DEL003167,ORD003167,500002,True,26,False,False,False
DEL003168,ORD003168,110001,True,93,False,True,False
DEL003169,ORD003169,500002,True,52,False,False,False
DEL003170,ORD003170,110002,True,68,False,False,False
DEL003171,ORD003171,500001,True,12,False,False,False
DEL003172,ORD003172,600001,True,35,False,False,False
DEL003173,ORD003173,560001,False,28,True,False,True
DEL003174,ORD003174,110002,True,87,False,False,False
DEL003175,ORD003175,110002,True,55,False,False,False
DEL003176,ORD003176,110002,False,81,False,False,False
DEL003177,ORD003177,226001,True,23,True,False,True
DEL003178,ORD003178,110002,True,49,False,False,False
DEL003179,ORD003179,110002,True,90,False,False,False
DEL003180,ORD003180,110002,False,6,False,False,False
DEL003181,ORD003181,600002,True,55,False,True,False
DEL003182,ORD003182,110002,True,44,False,False,False
DEL003183,ORD003183,600002,False,10,False,False,False
DEL003184,ORD003184,110002,True,31,False,False,False
DEL003185,ORD003185,600001,False,39,False,False,False
DEL003186,ORD003186,560001,True,13,False,False,True
DEL003187,ORD003187,110002,True,58,False,False,False
DEL003188,ORD003188,110001,False,26,False,False,False
DEL003189,ORD003189,110001,True,75,False,False,False
DEL003190,ORD003190,600002,True,82,False,False,False
DEL003191,ORD003191,500002,True,75,False,False,False
DEL003192,ORD003192,110001,False,19,False,False,False
DEL003193,ORD003193,560001,True,2,False,False,True
DEL003194,ORD003194,500002,False,25,False,False,False
DEL003195,ORD003195,110001,True,2,False,False,False
DEL003196,ORD003196,500002,True,67,True,False,False
DEL003197,ORD003197,560001,True,91,False,False,True
DEL003198,ORD003198,600001,True,70,False,False,False
DEL003199,ORD003199,226001,True,54,False,False,True
DEL003200,ORD003200,560001,False,87,False,False,True
DEL003201,ORD003201,110001,True,50,False,False,False
DEL003202,ORD003202,560001,False,81,False,False,True
DEL003203,ORD003203,226001,True,63,True,False,True
DEL003204,ORD003204,226001,False,42,False,False,True
DEL003205,ORD003205,700001,True,9,False,False,True
DEL003206,ORD003206,110002,True,63,False,False,False
DEL003207,ORD003207,500001,False,82,False,False,False
DEL003208,ORD003208,500001,True,87,False,False,False
DEL003209,ORD003209,500001,False,80,False,False,False
DEL003210,ORD003210,500002,False,77,False,True,False
DEL003211,ORD003211,500003,True,33,False,True,False
DEL003212,ORD003212,110001,True,6,False,False,False
DEL003213,ORD003213,700001,True,62,True,False,True
DEL003214,ORD003214,560001,True,14,False,False,True
DEL003215,ORD003215,500003,True,89,False,False,False
DEL003216,ORD003216,500002,False,54,False,False,False
DEL003217,ORD003217,110002,True,72,False,False,False
DEL003218,ORD003218,700001,True,56,False,False,True
DEL003219,ORD003219,560001,False,78,False,False,True
DEL003220,ORD003220,600002,False,43,False,False,False
DEL003221,ORD003221,500002,True,4,False,False,False
DEL003222,ORD003222,600002,False,67,True,False,False
DEL003223,ORD003223,110001,True,81,False,False,False
DEL003224,ORD003224,110002,False,81,False,True,False
DEL003225,ORD003225,700001,False,82,False,False,True
DEL003226,ORD003226,110001,True,17,False,False,False
DEL003227,ORD003227,600002,True,33,False,False,False
DEL003228,ORD003228,110002,False,54,False,False,False
DEL003229,ORD003229,500003,True,69,False,False,False
DEL003230,ORD003230,700001,True,29,False,False,True
DEL003231,ORD003231,600002,True,28,False,False,False
DEL003232,ORD003232,700001,True,11,False,False,True
DEL003233,ORD003233,500003,True,43,False,False,False
DEL003234,ORD003234,560001,True,33,False,True,True
DEL003235,ORD003235,110002,True,35,False,False,False
DEL003236,ORD003236,600001,True,87,False,False,False
DEL003237,ORD003237,226001,True,45,False,False,True
DEL003238,ORD003238,110001,True,86,True,False,False
DEL003239,ORD003239,600001,False,70,False,False,False
DEL003240,ORD003240,500003,False,64,True,False,False
DEL003241,ORD003241,110001,False,69,True,False,False
DEL003242,ORD003242,110002,True,74,False,True,False
DEL003243,ORD003243,560001,False,82,False,False,True
DEL003244,ORD003244,500002,True,4,False,False,False
DEL003245,ORD003245,560001,False,51,False,True,True
DEL003246,ORD003246,500001,True,82,False,False,False
DEL003247,ORD003247,226001,True,62,False,True,True
DEL003248,ORD003248,560001,True,27,False,False,True
DEL003249,ORD003249,560001,True,62,False,False,True
DEL003250,ORD003250,500001,True,62,False,False,False
DEL003251,ORD003251,500001,True,58,False,True,False
DEL003252,ORD003252,110002,True,20,False,False,False
DEL003253,ORD003253,110001,False,73,False,False,False
DEL003254,ORD003254,600001,True,57,False,False,False
DEL003255,ORD003255,500002,False,17,False,True,False
DEL003256,ORD003256,700001,True,37,False,True,True
DEL003257,ORD003257,500002,True,39,False,False,False
DEL003258,ORD003258,600001,False,7,False,False,False
DEL003259,ORD003259,500003,False,82,False,False,False
DEL003260,ORD003260,500002,True,16,False,False,False
DEL003261,ORD003261,110002,True,92,True,False,False
DEL003262,ORD003262,600002,True,9,False,False,False
DEL003263,ORD003263,226001,True,17,False,False,True
DEL003264,ORD003264,700001,True,17,False,False,True
DEL003265,ORD003265,600001,False,67,False,False,False
DEL003266,ORD003266,500002,True,30,False,False,False
DEL003267,ORD003267,110001,True,64,True,False,False
DEL003268,ORD003268,500001,True,42,False,False,False
DEL003269,ORD003269,500002,True,1,False,False,False
DEL003270,ORD003270,110002,True,70,False,False,False
DEL003271,ORD003271,110002,True,34,False,False,False
DEL003272,ORD003272,600002,True,80,True,False,False
DEL003273,ORD003273,110001,True,60,True,False,False
DEL003274,ORD003274,600001,True,26,False,True,False
DEL003275,ORD003275,500002,True,35,False,False,False
DEL003276,ORD003276,110002,False,39,False,False,False
DEL003277,ORD003277,226001,True,71,False,False,True
DEL003278,ORD003278,600002,True,88,False,False,False
DEL003279,ORD003279,700001,False,36,False,False,True
DEL003280,ORD003280,110002,True,81,False,False,False
DEL003281,ORD003281,500002,True,70,True,False,False
DEL003282,ORD003282,500001,True,17,False,False,False
DEL003283,ORD003283,500003,True,41,False,False,False
DEL003284,ORD003284,560001,True,68,False,False,True
DEL003285,ORD003285,110001,True,55,False,False,False
DEL003286,ORD003286,500002,True,19,False,False,False
DEL003287,ORD003287,110002,True,90,False,True,False
DEL003288,ORD003288,560001,True,62,False,True,True
DEL003289,ORD003289,600001,True,75,False,False,False
DEL003290,ORD003290,560001,True,43,False,False,True
DEL003291,ORD003291,226001,True,89,True,False,True
DEL003292,ORD003292,600001,True,32,False,False,False
DEL003293,ORD003293,500003,True,58,False,False,False
DEL003294,ORD003294,560001,True,24,False,False,True
DEL003295,ORD003295,500002,True,62,False,False,False
DEL003296,ORD003296,600001,True,48,False,False,False
DEL003297,ORD003297,110002,True,60,False,False,False
DEL003298,ORD003298,500001,True,33,True,False,False
DEL003299,ORD003299,500002,False,37,False,False,False
DEL003300,ORD003300,600002,True,40,False,True,False
DEL003301,ORD003301,700001,True,53,False,False,True
DEL003302,ORD003302,500001,False,29,False,False,False
DEL003303,ORD003303,500003,True,84,False,False,False
DEL003304,ORD003304,110001,True,87,False,False,False
DEL003305,ORD003305,110002,False,93,False,True,False
DEL003306,ORD003306,110001,True,37,False,False,False
DEL003307,ORD003307,110002,False,61,False,False,False
DEL003308,ORD003308,560001,True,31,False,False,True
DEL003309,ORD003309,226001,False,50,False,False,True
DEL003310,ORD003310,110001,True,91,False,False,False
DEL003311,ORD003311,500001,True,30,False,True,False
DEL003312,ORD003312,600001,True,18,False,False,False
DEL003313,ORD003313,500001,False,73,False,False,False
DEL003314,ORD003314,600002,False,5,False,False,False
DEL003315,ORD003315,560001,True,18,False,True,True
DEL003316,ORD003316,500002,True,65,False,True,False
DEL003317,ORD003317,600002,True,84,True,False,False
DEL003318,ORD003318,110001,True,62,False,False,False
DEL003319,ORD003319,500003,True,52,False,False,False
DEL003320,ORD003320,500002,True,78,False,False,False
DEL003321,ORD003321,600001,True,48,False,True,False
DEL003322,ORD003322,226001,True,21,False,False,True
DEL003323,ORD003323,226001,False,71,False,False,True
DEL003324,ORD003324,226001,True,79,False,False,True
DEL003325,ORD003325,560001,True,5,True,False,True
DEL003326,ORD003326,500002,False,6,False,False,False
DEL003327,ORD003327,500003,True,21,False,False,False
DEL003328,ORD003328,500002,True,1,False,False,False
DEL003329,ORD003329,500001,True,38,False,False,False
DEL003330,ORD003330,500001,True,5,False,False,False
DEL003331,ORD003331,226001,True,62,False,False,True
DEL003332,ORD003332,500003,True,10,False,False,False
DEL003333,ORD003333,500001,True,48,True,False,False
DEL003334,ORD003334,560001,True,67,False,False,True
DEL003335,ORD003335,500001,True,60,False,False,False
DEL003336,ORD003336,500003,True,42,True,False,False
DEL003337,ORD003337,226001,False,53,False,False,True
DEL003338,ORD003338,700001,False,73,False,True,True
DEL003339,ORD003339,500003,True,27,False,False,False
DEL003340,ORD003340,700001,False,73,False,False,True
DEL003341,ORD003341,500001,False,22,False,False,False
DEL003342,ORD003342,110001,True,43,False,True,False
DEL003343,ORD003343,110002,True,38,False,False,False
DEL003344,ORD003344,600001,True,80,False,False,False
DEL003345,ORD003345,600001,True,32,False,False,False
DEL003346,ORD003346,700001,True,57,False,False,True
DEL003347,ORD003347,600001,True,27,False,False,False
DEL003348,ORD003348,110002,False,72,False,False,False
DEL003349,ORD003349,110001,False,23,True,False,False
DEL003350,ORD003350,600001,True,64,False,False,False
DEL003351,ORD003351,560001,True,86,False,False,True
DEL003352,ORD003352,700001,False,15,False,False,True
DEL003353,ORD003353,600002,True,58,False,False,False
DEL003354,ORD003354,560001,True,37,False,False,True
DEL003355,ORD003355,600001,True,48,True,False,False
DEL003356,ORD003356,226001,True,6,False,False,True
DEL003357,ORD003357,700001,False,3,False,False,True
DEL003358,ORD003358,110002,True,81,False,False,False
DEL003359,ORD003359,560001,True,63,False,False,True
DEL003360,ORD003360,500001,True,45,True,False,False
DEL003361,ORD003361,110001,True,70,True,False,False
DEL003362,ORD003362,500001,True,80,False,False,False
DEL003363,ORD003363,110002,True,91,False,False,False
DEL003364,ORD003364,600001,True,77,False,False,False
DEL003365,ORD003365,110002,False,80,True,False,False
DEL003366,ORD003366,500001,True,36,False,False,False
DEL003367,ORD003367,226001,True,31,False,False,True
DEL003368,ORD003368,500003,False,4,False,False,False
DEL003369,ORD003369,500003,True,21,False,False,False
DEL003370,ORD003370,700001,False,65,False,False,True
DEL003371,ORD003371,110001,True,15,False,False,False
DEL003372,ORD003372,110002,False,20,False,True,False
DEL003373,ORD003373,560001,True,68,False,False,True
DEL003374,ORD003374,600002,True,92,False,False,False
DEL003375,ORD003375,600001,True,42,False,False,False
DEL003376,ORD003376,500003,True,6,False,False,False
DEL003377,ORD003377,110001,False,51,False,False,False
DEL003378,ORD003378,226001,True,37,False,False,True
DEL003379,ORD003379,110002,True,3,False,False,False
DEL003380,ORD003380,500002,False,80,False,False,False
DEL003381,ORD003381,500002,True,87,False,False,False
DEL003382,ORD003382,226001,True,92,True,False,True
DEL003383,ORD003383,500002,True,3,False,False,False
DEL003384,ORD003384,560001,False,32,False,False,True
DEL003385,ORD003385,500001,True,36,False,False,False
DEL003386,ORD003386,500003,False,78,False,False,False
DEL003387,ORD003387,110002,True,2,False,False,False
DEL003388,ORD003388,500001,False,81,False,False,False
DEL003389,ORD003389,500002,True,35,False,False,False
DEL003390,ORD003390,600002,True,41,False,False,False
DEL003391,ORD003391,600001,True,25,False,False,False
DEL003392,ORD003392,500003,False,40,False,False,False
DEL003393,ORD003393,560001,True,58,True,False,True
DEL003394,ORD003394,700001,True,37,False,False,True
DEL003395,ORD003395,500002,False,95,False,False,False
DEL003396,ORD003396,226001,True,82,False,False,True
DEL003397,ORD003397,110001,True,17,True,False,False
DEL003398,ORD003398,700001,True,57,False,False,True
DEL003399,ORD003399,110002,True,55,False,False,False
DEL003400,ORD003400,110001,True,46,False,False,False
DEL003401,ORD003401,700001,False,48,False,False,True
DEL003402,ORD003402,110002,True,7,False,False,False
DEL003403,ORD003403,500002,True,22,False,False,False
DEL003404,ORD003404,110002,True,85,True,False,False
DEL003405,ORD003405,110001,True,63,False,False,False
DEL003406,ORD003406,500003,False,45,False,False,False
DEL003407,ORD003407,226001,True,33,False,False,True
DEL003408,ORD003408,500001,True,41,False,False,False
DEL003409,ORD003409,500001,True,82,False,False,False
DEL003410,ORD003410,700001,True,57,False,False,True
DEL003411,ORD003411,700001,True,95,False,False,True
DEL003412,ORD003412,600002,True,62,False,True,False
DEL003413,ORD003413,500002,True,8,False,False,False
DEL003414,ORD003414,500003,True,71,True,True,False
DEL003415,ORD003415,110001,True,6,False,False,False
DEL003416,ORD003416,560001,True,88,True,False,True
DEL003417,ORD003417,700001,False,7,False,False,True
DEL003418,ORD003418,110001,True,93,False,False,False
DEL003419,ORD003419,600002,True,87,False,False,False
DEL003420,ORD003420,500001,False,46,True,False,False
DEL003421,ORD003421,110002,True,11,False,False,False
DEL003422,ORD003422,226001,True,26,True,False,True
DEL003423,ORD003423,600002,True,58,False,False,False
DEL003424,ORD003424,500001,True,9,False,False,False
DEL003425,ORD003425,600002,True,1,False,True,False
DEL003426,ORD003426,600001,True,62,False,False,False
DEL003427,ORD003427,600001,True,60,False,False,False
DEL003428,ORD003428,560001,True,29,False,False,True
DEL003429,ORD003429,500002,True,42,False,True,False
DEL003430,ORD003430,700001,True,92,False,False,True
DEL003431,ORD003431,500003,True,35,False,True,False
DEL003432,ORD003432,110001,True,19,False,False,False
DEL003433,ORD003433,500002,True,15,False,False,False
DEL003434,ORD003434,700001,False,55,False,False,True
DEL003435,ORD003435,500001,True,31,False,False,False
DEL003436,ORD003436,560001,False,79,False,False,True
DEL003437,ORD003437,226001,True,40,False,False,True
DEL003438,ORD003438,500003,True,53,False,False,False
DEL003439,ORD003439,110001,False,48,False,False,False
DEL003440,ORD003440,500003,True,23,False,False,False
DEL003441,ORD003441,110001,True,26,False,False,False
DEL003442,ORD003442,500001,True,30,False,False,False
DEL003443,ORD003443,110002,True,44,False,True,False
DEL003444,ORD003444,110001,True,89,False,False,False
DEL003445,ORD003445,110002,False,78,False,False,False
DEL003446,ORD003446,600002,True,93,False,False,False
DEL003447,ORD003447,560001,True,81,True,False,True
DEL003448,ORD003448,700001,True,54,False,True,True
DEL003449,ORD003449,700001,True,64,False,False,True
DEL003450,ORD003450,110001,True,77,False,False,False
DEL003451,ORD003451,560001,True,28,False,False,True
DEL003452,ORD003452,110002,True,41,False,False,False
DEL003453,ORD003453,600002,True,22,False,False,False
DEL003454,ORD003454,110002,True,78,False,True,False
DEL003455,ORD003455,500001,True,83,False,False,False
DEL003456,ORD003456,600002,True,37,False,False,False
DEL003457,ORD003457,600001,True,65,False,False,False
DEL003458,ORD003458,600002,True,94,False,True,False
DEL003459,ORD003459,110002,True,42,True,False,False
DEL003460,ORD003460,226001,True,64,False,False,True
DEL003461,ORD003461,600002,True,68,False,False,False
DEL003462,ORD003462,500002,False,81,False,False,False
DEL003463,ORD003463,600002,True,65,True,False,False
DEL003464,ORD003464,500002,True,92,True,False,False
DEL003465,ORD003465,500002,True,17,False,False,False
DEL003466,ORD003466,560001,True,85,False,False,True
DEL003467,ORD003467,500002,True,5,True,False,False
DEL003468,ORD003468,500002,True,29,False,False,False
DEL003469,ORD003469,500001,True,27,False,False,False
DEL003470,ORD003470,500003,True,87,False,False,False
DEL003471,ORD003471,226001,False,47,False,False,True
DEL003472,ORD003472,226001,False,40,False,False,True
DEL003473,ORD003473,110002,True,1,True,False,False
DEL003474,ORD003474,500001,False,7,False,False,False
DEL003475,ORD003475,500001,True,29,False,False,False
DEL003476,ORD003476,110002,False,31,False,False,False
DEL003477,ORD003477,500003,True,49,False,False,False
DEL003478,ORD003478,110001,True,74,False,False,False
DEL003479,ORD003479,110002,True,42,False,False,False
DEL003480,ORD003480,500001,True,16,False,False,False
DEL003481,ORD003481,600001,True,15,False,False,False
DEL003482,ORD003482,500003,True,32,False,False,False
DEL003483,ORD003483,700001,True,74,False,False,True
DEL003484,ORD003484,560001,True,91,False,False,True
DEL003485,ORD003485,110002,True,70,False,False,False
DEL003486,ORD003486,700001,False,12,False,False,True
DEL003487,ORD003487,700001,True,14,False,False,True
DEL003488,ORD003488,500001,True,72,False,False,False
DEL003489,ORD003489,226001,True,11,False,False,True
DEL003490,ORD003490,110002,True,19,True,False,False
DEL003491,ORD003491,110002,True,7,False,False,False
DEL003492,ORD003492,700001,True,90,False,True,True
DEL003493,ORD003493,110001,False,16,False,False,False
DEL003494,ORD003494,110001,True,90,False,False,False
DEL003495,ORD003495,500003,False,8,False,False,False
DEL003496,ORD003496,500001,True,14,False,False,False
DEL003497,ORD003497,110001,True,17,False,False,False
DEL003498,ORD003498,500001,True,84,False,False,False
DEL003499,ORD003499,600002,True,50,False,False,False
DEL003500,ORD003500,500003,True,36,True,False,False
DEL003501,ORD003501,226001,True,62,True,False,True
DEL003502,ORD003502,700001,True,87,False,False,True
DEL003503,ORD003503,500001,True,12,False,False,False
DEL003504,ORD003504,500003,False,95,False,False,False
DEL003505,ORD003505,500003,False,87,False,False,False
DEL003506,ORD003506,500001,True,39,False,False,False
DEL003507,ORD003507,500001,True,19,False,False,False
DEL003508,ORD003508,700001,False,39,True,False,True
DEL003509,ORD003509,500001,False,48,False,False,False
DEL003510,ORD003510,500003,True,43,True,False,False
DEL003511,ORD003511,500003,True,55,False,False,False
DEL003512,ORD003512,226001,False,79,False,False,True
DEL003513,ORD003513,560001,True,10,False,False,True
DEL003514,ORD003514,600002,True,18,False,False,False
DEL003515,ORD003515,600001,True,71,False,False,False
DEL003516,ORD003516,110002,True,52,False,False,False
DEL003517,ORD003517,110002,True,48,True,False,False
DEL003518,ORD003518,500003,True,82,False,False,False
DEL003519,ORD003519,500003,True,13,False,False,False
DEL003520,ORD003520,600001,True,78,False,False,False
DEL003521,ORD003521,500002,True,50,False,False,False
DEL003522,ORD003522,500002,True,60,False,False,False
DEL003523,ORD003523,226001,True,2,True,False,True
DEL003524,ORD003524,110002,True,57,False,False,False
DEL003525,ORD003525,500003,True,51,False,False,False
DEL003526,ORD003526,600002,True,61,False,False,False
DEL003527,ORD003527,500002,True,70,False,False,False
DEL003528,ORD003528,500001,True,35,False,False,False
DEL003529,ORD003529,700001,True,68,False,False,True
DEL003530,ORD003530,600001,True,67,False,True,False
DEL003531,ORD003531,700001,True,57,False,False,True
DEL003532,ORD003532,600002,True,30,False,False,False
DEL003533,ORD003533,600002,False,11,True,False,False
DEL003534,ORD003534,500003,False,23,False,False,False
DEL003535,ORD003535,600002,True,49,False,False,False
DEL003536,ORD003536,226001,True,38,False,False,True
DEL003537,ORD003537,110001,False,36,False,False,False
DEL003538,ORD003538,500002,True,88,False,False,False
DEL003539,ORD003539,600002,True,70,True,False,False
DEL003540,ORD003540,110002,True,93,False,False,False
DEL003541,ORD003541,560001,False,86,False,False,True
DEL003542,ORD003542,600001,True,9,False,False,False
DEL003543,ORD003543,110001,True,75,False,False,False
DEL003544,ORD003544,500003,False,20,False,False,False
DEL003545,ORD003545,600002,True,73,False,False,False
DEL003546,ORD003546,110001,True,36,False,False,False
DEL003547,ORD003547,500003,False,51,False,False,False
DEL003548,ORD003548,700001,True,19,False,True,True
DEL003549,ORD003549,500001,True,92,False,False,False
DEL003550,ORD003550,500003,True,75,False,False,False
DEL003551,ORD003551,560001,True,24,False,False,True
DEL003552,ORD003552,600001,True,37,False,False,False
DEL003553,ORD003553,600002,True,76,False,False,False
DEL003554,ORD003554,600001,True,16,False,False,False
DEL003555,ORD003555,500002,True,30,False,True,False
DEL003556,ORD003556,110002,True,11,False,False,False
DEL003557,ORD003557,500002,True,41,False,False,False
DEL003558,ORD003558,110002,False,91,False,False,False
DEL003559,ORD003559,226001,False,80,False,False,True
DEL003560,ORD003560,110002,True,29,False,False,False
DEL003561,ORD003561,110001,True,39,False,False,False
DEL003562,ORD003562,700001,True,42,False,False,True
DEL003563,ORD003563,500002,True,86,False,False,False
DEL003564,ORD003564,560001,True,81,False,False,True
DEL003565,ORD003565,560001,False,24,False,False,True
DEL003566,ORD003566,600002,True,40,False,False,False
DEL003567,ORD003567,110001,False,9,False,False,False
DEL003568,ORD003568,700001,True,95,False,False,True
DEL003569,ORD003569,500002,True,42,True,False,False
DEL003570,ORD003570,110002,True,87,False,False,False
DEL003571,ORD003571,600002,True,76,True,False,False
DEL003572,ORD003572,560001,False,56,False,False,True
DEL003573,ORD003573,700001,False,26,False,False,True
DEL003574,ORD003574,600001,True,95,True,False,False
DEL003575,ORD003575,110002,True,10,True,False,False
DEL003576,ORD003576,500001,True,30,True,False,False
DEL003577,ORD003577,226001,True,44,False,False,True
DEL003578,ORD003578,500001,True,38,False,False,False
DEL003579,ORD003579,500002,True,28,False,False,False
DEL003580,ORD003580,600001,True,19,False,True,False
DEL003581,ORD003581,700001,True,43,False,False,True
DEL003582,ORD003582,110002,False,69,False,False,False
DEL003583,ORD003583,110002,True,18,False,False,False
DEL003584,ORD003584,110001,True,72,False,False,False
DEL003585,ORD003585,600001,True,12,False,False,False
DEL003586,ORD003586,700001,True,26,False,False,True
DEL003587,ORD003587,110001,False,42,False,False,False
DEL003588,ORD003588,500001,True,18,False,False,False
DEL003589,ORD003589,110001,False,39,False,False,False
DEL003590,ORD003590,226001,True,92,False,False,True
DEL003591,ORD003591,500003,False,65,False,False,False
DEL003592,ORD003592,500001,True,8,False,False,False
DEL003593,ORD003593,500001,True,88,False,False,False
DEL003594,ORD003594,500002,False,39,True,False,False
DEL003595,ORD003595,110001,True,30,False,False,False
DEL003596,ORD003596,700001,True,29,False,False,True
DEL003597,ORD003597,500002,True,75,False,False,False
DEL003598,ORD003598,600002,True,91,False,False,False
DEL003599,ORD003599,560001,True,78,False,False,True
DEL003600,ORD003600,500001,False,65,False,False,False
DEL003601,ORD003601,600001,True,80,False,False,False
DEL003602,ORD003602,500001,False,90,False,False,False
DEL003603,ORD003603,110001,True,51,False,False,False
DEL003604,ORD003604,700001,False,60,False,False,True
DEL003605,ORD003605,560001,True,2,False,False,True
DEL003606,ORD003606,110001,True,47,False,False,False
DEL003607,ORD003607,500003,True,62,False,False,False
DEL003608,ORD003608,500002,True,52,False,False,False
DEL003609,ORD003609,560001,True,38,False,False,True
DEL003610,ORD003610,500002,False,58,False,False,False
DEL003611,ORD003611,500002,True,39,False,False,False
DEL003612,ORD003612,700001,True,36,False,False,True
DEL003613,ORD003613,110001,True,63,False,False,False
DEL003614,ORD003614,500002,True,89,False,False,False
DEL003615,ORD003615,600002,False,32,True,False,False
DEL003616,ORD003616,226001,True,57,False,False,True
DEL003617,ORD003617,226001,True,27,False,False,True
DEL003618,ORD003618,110002,True,10,False,False,False
DEL003619,ORD003619,226001,True,39,False,False,True
DEL003620,ORD003620,600002,True,61,True,False,False
DEL003621,ORD003621,226001,True,55,False,False,True
DEL003622,ORD003622,600001,True,50,False,False,False
DEL003623,ORD003623,600002,True,56,False,False,False
DEL003624,ORD003624,700001,True,37,False,False,True
DEL003625,ORD003625,600002,True,59,False,False,False
DEL003626,ORD003626,500001,False,16,False,False,False
DEL003627,ORD003627,110001,False,64,False,False,False
DEL003628,ORD003628,700001,True,1,False,False,True
DEL003629,ORD003629,500001,False,39,False,False,False
DEL003630,ORD003630,600002,True,42,False,False,False
DEL003631,ORD003631,560001,True,59,False,False,True
DEL003632,ORD003632,500002,False,92,False,False,False
DEL003633,ORD003633,500001,True,45,False,False,False
DEL003634,ORD003634,600001,True,1,False,False,False
DEL003635,ORD003635,600001,True,29,False,False,False
DEL003636,ORD003636,500001,True,34,False,False,False
DEL003637,ORD003637,560001,True,30,False,False,True
DEL003638,ORD003638,600001,True,65,False,True,False
DEL003639,ORD003639,600001,True,92,False,False,False
DEL003640,ORD003640,500003,True,37,False,False,False
DEL003641,ORD003641,560001,True,88,True,False,True
DEL003642,ORD003642,560001,False,74,False,False,True
DEL003643,ORD003643,500003,True,91,False,True,False
DEL003644,ORD003644,110002,True,32,False,False,False
DEL003645,ORD003645,500002,False,61,False,False,False
DEL003646,ORD003646,600001,True,12,False,False,False
DEL003647,ORD003647,500003,True,45,False,True,False
DEL003648,ORD003648,500001,True,4,True,False,False
DEL003649,ORD003649,560001,False,40,False,False,True
DEL003650,ORD003650,600001,True,26,False,True,False
DEL003651,ORD003651,500003,True,16,False,False,False
DEL003652,ORD003652,700001,True,54,True,False,True
DEL003653,ORD003653,600002,True,10,False,False,False
DEL003654,ORD003654,600002,False,22,False,False,False
DEL003655,ORD003655,500003,True,5,False,False,False
DEL003656,ORD003656,600001,True,64,False,True,False
DEL003657,ORD003657,500003,True,24,False,False,False
DEL003658,ORD003658,500002,True,93,False,False,False
DEL003659,ORD003659,600001,True,14,False,False,False
DEL003660,ORD003660,110002,True,69,True,False,False
DEL003661,ORD003661,600001,True,28,True,False,False
DEL003662,ORD003662,500002,True,9,False,False,False
DEL003663,ORD003663,600001,True,28,False,False,False
DEL003664,ORD003664,700001,True,39,False,False,True
DEL003665,ORD003665,500001,False,93,True,False,False
DEL003666,ORD003666,110002,True,6,False,False,False
DEL003667,ORD003667,700001,True,88,False,False,True
DEL003668,ORD003668,500003,True,62,False,False,False
DEL003669,ORD003669,700001,True,50,False,False,True
DEL003670,ORD003670,700001,True,46,False,False,True
DEL003671,ORD003671,600002,False,26,False,False,False
DEL003672,ORD003672,700001,True,9,False,False,True
DEL003673,ORD003673,500003,False,14,False,False,False
DEL003674,ORD003674,110002,True,85,False,False,False
DEL003675,ORD003675,110001,True,11,False,False,False
DEL003676,ORD003676,500002,True,78,False,False,False
DEL003677,ORD003677,700001,False,33,False,True,True
DEL003678,ORD003678,226001,True,40,False,False,True
DEL003679,ORD003679,600001,False,27,False,False,False
DEL003680,ORD003680,560001,True,40,True,False,True
DEL003681,ORD003681,500003,True,24,False,True,False
DEL003682,ORD003682,600002,True,54,False,False,False
DEL003683,ORD003683,500001,True,15,False,False,False
DEL003684,ORD003684,700001,True,69,False,False,True
DEL003685,ORD003685,600001,True,72,True,False,False
DEL003686,ORD003686,500003,True,73,False,False,False
DEL003687,ORD003687,226001,True,70,False,False,True
DEL003688,ORD003688,226001,True,16,False,False,True
DEL003689,ORD003689,500002,True,70,False,False,False
DEL003690,ORD003690,500001,True,36,True,False,False
DEL003691,ORD003691,560001,True,42,False,False,True
DEL003692,ORD003692,700001,True,20,False,False,True
DEL003693,ORD003693,110002,True,18,False,False,False
DEL003694,ORD003694,226001,True,80,False,False,True
DEL003695,ORD003695,700001,True,13,False,False,True
DEL003696,ORD003696,500002,False,15,False,False,False
DEL003697,ORD003697,226001,True,35,True,False,True
DEL003698,ORD003698,600002,True,74,False,False,False
DEL003699,ORD003699,700001,True,44,False,False,True
DEL003700,ORD003700,110002,True,20,False,False,False
DEL003701,ORD003701,560001,True,95,False,False,True
DEL003702,ORD003702,500001,True,16,False,False,False
DEL003703,ORD003703,700001,True,8,False,False,True
DEL003704,ORD003704,110001,False,59,False,False,False
DEL003705,ORD003705,110001,False,15,False,False,False
DEL003706,ORD003706,560001,False,71,False,False,True
DEL003707,ORD003707,500003,True,67,False,False,False
DEL003708,ORD003708,500001,True,85,False,True,False
DEL003709,ORD003709,226001,False,69,False,True,True
DEL003710,ORD003710,110001,False,31,False,False,False
DEL003711,ORD003711,560001,True,22,False,False,True
DEL003712,ORD003712,600001,True,13,False,False,False
DEL003713,ORD003713,110001,True,42,False,False,False
DEL003714,ORD003714,600001,False,47,False,False,False
DEL003715,ORD003715,226001,True,52,False,False,True
DEL003716,ORD003716,500003,True,55,False,False,False
DEL003717,ORD003717,110001,True,58,False,False,False
DEL003718,ORD003718,500001,True,8,True,False,False
DEL003719,ORD003719,600002,True,23,False,False,False
DEL003720,ORD003720,110001,True,82,False,False,False
DEL003721,ORD003721,110001,True,68,False,False,False
DEL003722,ORD003722,500003,True,77,False,False,False
DEL003723,ORD003723,600002,True,30,False,False,False
DEL003724,ORD003724,500003,True,42,False,False,False
DEL003725,ORD003725,600002,True,5,False,False,False
DEL003726,ORD003726,500003,True,31,False,False,False
DEL003727,ORD003727,500002,False,42,False,False,False
DEL003728,ORD003728,560001,True,87,False,False,True
DEL003729,ORD003729,600001,False,41,False,False,False
DEL003730,ORD003730,560001,True,84,False,False,True
DEL003731,ORD003731,560001,True,59,False,False,True
DEL003732,ORD003732,110001,True,88,False,False,False
DEL003733,ORD003733,110001,False,7,True,False,False
DEL003734,ORD003734,600001,True,62,True,False,False
DEL003735,ORD003735,110001,True,7,False,False,False
DEL003736,ORD003736,110001,True,45,False,False,False
DEL003737,ORD003737,226001,False,39,False,False,True
DEL003738,ORD003738,600002,True,18,False,False,False
DEL003739,ORD003739,226001,True,91,False,False,True
DEL003740,ORD003740,110001,True,84,False,False,False
DEL003741,ORD003741,226001,True,17,False,True,True
DEL003742,ORD003742,600002,True,24,False,False,False
DEL003743,ORD003743,560001,True,57,False,False,True
DEL003744,ORD003744,600001,True,83,False,False,False
DEL003745,ORD003745,560001,True,16,False,False,True
DEL003746,ORD003746,560001,True,65,False,False,True
DEL003747,ORD003747,500003,True,23,False,False,False
DEL003748,ORD003748,600002,False,3,True,False,False
DEL003749,ORD003749,110002,True,60,False,False,False
DEL003750,ORD003750,226001,False,37,True,False,True
DEL003751,ORD003751,560001,True,67,False,False,True
DEL003752,ORD003752,110002,False,43,False,False,False
DEL003753,ORD003753,110002,False,22,False,False,False
DEL003754,ORD003754,500001,True,53,False,False,False
DEL003755,ORD003755,600002,False,80,False,False,False
DEL003756,ORD003756,226001,False,45,False,False,True
DEL003757,ORD003757,600001,False,40,False,False,False
DEL003758,ORD003758,226001,True,78,False,False,True
DEL003759,ORD003759,110001,True,48,False,False,False
DEL003760,ORD003760,700001,True,90,False,False,True
DEL003761,ORD003761,600001,True,78,False,False,False
DEL003762,ORD003762,226001,True,86,False,False,True
DEL003763,ORD003763,110002,True,43,False,True,False
DEL003764,ORD003764,500002,False,31,False,False,False
DEL003765,ORD003765,500003,True,15,False,False,False
DEL003766,ORD003766,560001,True,23,False,False,True
DEL003767,ORD003767,500003,False,86,False,False,False
DEL003768,ORD003768,700001,True,9,False,False,True
DEL003769,ORD003769,600001,True,88,True,False,False
DEL003770,ORD003770,226001,True,56,False,False,True
DEL003771,ORD003771,500003,True,95,False,False,False
DEL003772,ORD003772,500002,True,1,False,False,False
DEL003773,ORD003773,500002,True,38,False,False,False
DEL003774,ORD003774,500001,False,44,False,False,False
DEL003775,ORD003775,600001,True,58,False,True,False
DEL003776,ORD003776,110002,True,57,False,False,False
DEL003777,ORD003777,600001,False,77,False,False,False
DEL003778,ORD003778,500002,True,42,False,False,False
DEL003779,ORD003779,110001,True,11,False,False,False
DEL003780,ORD003780,560001,True,5,False,True,True
DEL003781,ORD003781,500002,True,64,False,False,False
DEL003782,ORD003782,500002,True,6,False,False,False
DEL003783,ORD003783,110001,True,95,False,False,False
DEL003784,ORD003784,500003,True,81,False,False,False
DEL003785,ORD003785,500003,True,32,False,False,False
DEL003786,ORD003786,560001,True,90,False,False,True
DEL003787,ORD003787,500003,True,31,False,False,False
DEL003788,ORD003788,110001,True,27,False,False,False
DEL003789,ORD003789,500001,True,26,False,False,False
DEL003790,ORD003790,500003,False,83,False,False,False
DEL003791,ORD003791,600002,False,52,False,False,False
DEL003792,ORD003792,226001,True,73,False,False,True
DEL003793,ORD003793,600001,False,64,True,False,False
DEL003794,ORD003794,560001,True,56,False,False,True
DEL003795,ORD003795,600002,True,47,False,True,False
DEL003796,ORD003796,500001,True,8,False,False,False
DEL003797,ORD003797,226001,True,5,False,False,True
DEL003798,ORD003798,226001,False,51,False,False,True
DEL003799,ORD003799,500001,True,21,False,False,False
DEL003800,ORD003800,500003,True,23,True,False,False
DEL003801,ORD003801,600002,True,64,False,False,False
DEL003802,ORD003802,500003,True,56,False,False,False
DEL003803,ORD003803,600002,True,83,False,False,False
DEL003804,ORD003804,500001,True,63,False,False,False
DEL003805,ORD003805,500001,True,50,True,False,False
DEL003806,ORD003806,110002,True,10,False,False,False
DEL003807,ORD003807,600002,False,23,False,False,False
DEL003808,ORD003808,500002,True,91,False,False,False
DEL003809,ORD003809,700001,True,94,False,False,True
DEL003810,ORD003810,700001,True,92,False,False,True
DEL003811,ORD003811,700001,True,60,False,False,True
DEL003812,ORD003812,600001,True,5,True,False,False
DEL003813,ORD003813,600001,True,7,False,False,False
DEL003814,ORD003814,700001,True,53,False,False,True
DEL003815,ORD003815,500001,True,17,False,False,False
DEL003816,ORD003816,560001,True,12,False,False,True
DEL003817,ORD003817,500001,True,7,False,False,False
DEL003818,ORD003818,110002,True,45,False,False,False
DEL003819,ORD003819,110001,True,83,False,False,False
DEL003820,ORD003820,560001,True,36,False,False,True
DEL003821,ORD003821,600002,True,18,False,False,False
DEL003822,ORD003822,560001,False,63,False,False,True
DEL003823,ORD003823,110001,True,23,False,False,False
DEL003824,ORD003824,700001,True,12,False,False,True
DEL003825,ORD003825,500003,True,46,False,False,False
DEL003826,ORD003826,600001,False,80,False,False,False
DEL003827,ORD003827,110002,True,52,False,False,False
DEL003828,ORD003828,500002,True,66,True,False,False
DEL003829,ORD003829,110001,True,58,False,False,False
DEL003830,ORD003830,560001,True,40,False,False,True
DEL003831,ORD003831,500003,True,23,False,False,False
DEL003832,ORD003832,500001,True,34,False,False,False
DEL003833,ORD003833,600002,True,48,False,False,False
DEL003834,ORD003834,600001,True,65,True,False,False
DEL003835,ORD003835,500003,True,50,False,False,False
DEL003836,ORD003836,110001,False,61,False,False,False
DEL003837,ORD003837,600002,False,73,False,False,False
DEL003838,ORD003838,500003,True,76,False,False,False
DEL003839,ORD003839,500002,True,31,False,True,False
DEL003840,ORD003840,500003,True,10,False,False,False
DEL003841,ORD003841,226001,True,94,False,False,True
DEL003842,ORD003842,600001,True,93,False,False,False
DEL003843,ORD003843,700001,True,50,False,False,True
DEL003844,ORD003844,110001,False,9,False,False,False
DEL003845,ORD003845,110001,True,14,False,False,False
DEL003846,ORD003846,500001,True,85,False,False,False
DEL003847,ORD003847,226001,False,60,False,False,True
DEL003848,ORD003848,600001,True,37,False,False,False
DEL003849,ORD003849,500003,True,8,True,False,False
DEL003850,ORD003850,600001,True,47,False,False,False
DEL003851,ORD003851,500002,False,75,False,False,False
DEL003852,ORD003852,226001,True,72,False,False,True
DEL003853,ORD003853,700001,True,33,True,True,True
DEL003854,ORD003854,110001,True,38,False,False,False
DEL003855,ORD003855,500001,False,56,False,False,False
DEL003856,ORD003856,600001,True,73,True,False,False
DEL003857,ORD003857,600002,True,4,True,False,False
DEL003858,ORD003858,500002,False,38,False,False,False
DEL003859,ORD003859,110002,False,79,False,False,False
DEL003860,ORD003860,600001,True,85,False,False,False
DEL003861,ORD003861,600002,False,58,False,False,False
DEL003862,ORD003862,560001,True,11,False,True,True
DEL003863,ORD003863,110002,True,19,False,False,False
DEL003864,ORD003864,500003,True,40,False,False,False
DEL003865,ORD003865,600002,False,74,False,False,False
DEL003866,ORD003866,560001,True,64,False,False,True
DEL003867,ORD003867,226001,True,66,False,False,True
DEL003868,ORD003868,600001,True,6,False,False,False
DEL003869,ORD003869,110002,False,25,False,False,False
DEL003870,ORD003870,700001,True,72,False,False,True
DEL003871,ORD003871,500002,False,58,False,False,False
DEL003872,ORD003872,600002,True,77,False,False,False
DEL003873,ORD003873,500001,False,92,False,False,False
DEL003874,ORD003874,110001,True,39,True,False,False
DEL003875,ORD003875,110002,True,61,False,False,False
DEL003876,ORD003876,110001,True,75,False,True,False
DEL003877,ORD003877,110001,True,87,False,False,False
DEL003878,ORD003878,110001,False,8,False,False,False
DEL003879,ORD003879,560001,True,50,False,False,True
DEL003880,ORD003880,700001,False,69,True,False,True
DEL003881,ORD003881,600001,True,40,False,False,False
DEL003882,ORD003882,500003,True,32,False,False,False
DEL003883,ORD003883,110002,True,56,False,False,False
DEL003884,ORD003884,560001,True,82,False,False,True
DEL003885,ORD003885,500003,True,73,False,True,False
DEL003886,ORD003886,110001,True,69,False,False,False
DEL003887,ORD003887,110002,True,17,False,False,False
DEL003888,ORD003888,110002,False,7,False,False,False
DEL003889,ORD003889,500002,True,35,False,True,False
DEL003890,ORD003890,560001,False,87,False,False,True
DEL003891,ORD003891,226001,True,10,False,False,True
DEL003892,ORD003892,110001,True,81,False,False,False
DEL003893,ORD003893,110001,True,85,True,False,False
DEL003894,ORD003894,500003,True,10,False,False,False
DEL003895,ORD003895,110001,True,79,False,False,False
DEL003896,ORD003896,700001,True,6,False,False,True
DEL003897,ORD003897,110001,True,10,False,False,False
DEL003898,ORD003898,600001,True,25,False,False,False
DEL003899,ORD003899,700001,True,26,False,False,True
DEL003900,ORD003900,110001,False,84,False,False,False
DEL003901,ORD003901,110001,False,8,False,False,False
DEL003902,ORD003902,560001,True,38,False,False,True
DEL003903,ORD003903,500002,True,81,False,False,False
DEL003904,ORD003904,500002,True,83,False,False,False
DEL003905,ORD003905,226001,True,64,False,False,True
DEL003906,ORD003906,600002,False,58,False,False,False
DEL003907,ORD003907,700001,True,59,False,False,True
DEL003908,ORD003908,500001,True,34,False,False,False
DEL003909,ORD003909,500001,True,92,False,True,False
DEL003910,ORD003910,500002,True,32,False,False,False
DEL003911,ORD003911,600001,True,44,False,False,False
DEL003912,ORD003912,110002,True,87,False,False,False
DEL003913,ORD003913,500003,True,85,False,False,False
DEL003914,ORD003914,500003,False,11,False,False,False
DEL003915,ORD003915,110001,True,76,False,True,False
DEL003916,ORD003916,226001,True,33,False,False,True
DEL003917,ORD003917,500003,True,3,False,False,False
DEL003918,ORD003918,110002,True,26,False,False,False
DEL003919,ORD003919,110002,True,23,False,False,False
DEL003920,ORD003920,600001,False,57,False,True,False
DEL003921,ORD003921,226001,True,84,False,False,True
DEL003922,ORD003922,600002,True,38,False,False,False
DEL003923,ORD003923,600002,True,69,False,False,False
DEL003924,ORD003924,500001,False,66,False,False,False
DEL003925,ORD003925,226001,False,24,False,True,True
DEL003926,ORD003926,226001,True,48,False,False,True
DEL003927,ORD003927,500003,True,53,False,False,False
DEL003928,ORD003928,600002,True,48,False,False,False
DEL003929,ORD003929,600002,True,35,False,False,False
DEL003930,ORD003930,110001,True,27,True,False,False
DEL003931,ORD003931,500001,True,92,False,False,False
DEL003932,ORD003932,110001,True,19,False,False,False
DEL003933,ORD003933,600002,True,67,False,False,False
DEL003934,ORD003934,700001,True,78,False,False,True
DEL003935,ORD003935,600001,True,95,False,False,False
DEL003936,ORD003936,110001,True,53,False,False,False
DEL003937,ORD003937,110002,True,56,False,False,False
DEL003938,ORD003938,500002,True,6,False,False,False
DEL003939,ORD003939,110001,False,86,False,False,False
DEL003940,ORD003940,600002,False,25,False,False,False
DEL003941,ORD003941,560001,False,29,False,False,True
DEL003942,ORD003942,110001,True,25,False,False,False
DEL003943,ORD003943,600001,False,2,False,False,False
DEL003944,ORD003944,500001,True,45,False,False,False
DEL003945,ORD003945,500003,True,62,False,False,False
DEL003946,ORD003946,500003,True,35,False,False,False
DEL003947,ORD003947,700001,True,83,False,False,True
DEL003948,ORD003948,110001,True,69,False,False,False
DEL003949,ORD003949,110002,True,33,False,True,False
DEL003950,ORD003950,110002,True,27,False,False,False
DEL003951,ORD003951,500002,False,18,False,False,False
DEL003952,ORD003952,500002,True,69,False,False,False
DEL003953,ORD003953,600002,True,72,False,False,False
DEL003954,ORD003954,500002,True,41,True,False,False
DEL003955,ORD003955,600001,True,19,False,False,False
DEL003956,ORD003956,500001,True,11,False,False,False
DEL003957,ORD003957,700001,True,16,False,False,True
DEL003958,ORD003958,560001,True,18,False,False,True
DEL003959,ORD003959,500002,False,34,False,False,False
DEL003960,ORD003960,700001,True,61,False,False,True
DEL003961,ORD003961,110002,False,76,False,False,False
DEL003962,ORD003962,700001,True,12,False,False,True
DEL003963,ORD003963,600001,False,26,False,True,False
DEL003964,ORD003964,600001,True,93,False,False,False
DEL003965,ORD003965,500002,True,73,False,False,False
DEL003966,ORD003966,600002,True,30,False,False,False
DEL003967,ORD003967,500002,True,63,False,False,False
DEL003968,ORD003968,110002,True,54,False,False,False
DEL003969,ORD003969,600001,True,11,False,False,False
DEL003970,ORD003970,700001,True,75,False,False,True
DEL003971,ORD003971,110002,False,32,False,False,False
DEL003972,ORD003972,500002,True,58,False,False,False
DEL003973,ORD003973,560001,True,44,True,True,True
DEL003974,ORD003974,700001,True,84,False,False,True
DEL003975,ORD003975,110001,False,48,False,False,False
DEL003976,ORD003976,600001,True,59,False,False,False
DEL003977,ORD003977,110001,True,15,False,False,False
DEL003978,ORD003978,500003,True,46,False,False,False
DEL003979,ORD003979,600001,True,2,False,False,False
DEL003980,ORD003980,226001,False,49,False,False,True
DEL003981,ORD003981,110002,True,95,False,False,False
DEL003982,ORD003982,600002,True,5,True,False,False
DEL003983,ORD003983,110002,False,25,False,False,False
DEL003984,ORD003984,560001,True,48,False,False,True
DEL003985,ORD003985,560001,True,92,False,False,True
DEL003986,ORD003986,600001,True,75,False,False,False
DEL003987,ORD003987,600001,False,49,False,False,False
DEL003988,ORD003988,500003,True,53,False,False,False
DEL003989,ORD003989,500002,True,65,False,False,False
DEL003990,ORD003990,500001,True,38,False,False,False
DEL003991,ORD003991,600001,True,83,False,False,False
DEL003992,ORD003992,600002,False,50,False,False,False
DEL003993,ORD003993,600002,True,91,True,False,False
DEL003994,ORD003994,600001,True,83,False,True,False
DEL003995,ORD003995,600001,False,3,True,False,False
DEL003996,ORD003996,500002,True,4,False,False,False
DEL003997,ORD003997,560001,True,68,False,False,True
DEL003998,ORD003998,500002,False,79,False,False,False
DEL003999,ORD003999,600002,True,30,False,False,False
DEL004000,ORD004000,700001,True,1,False,True,True
DEL004001,ORD004001,600002,True,72,False,False,False
DEL004002,ORD004002,500001,True,22,False,False,False
DEL004003,ORD004003,700001,False,69,False,False,True
DEL004004,ORD004004,226001,True,17,False,False,True
DEL004005,ORD004005,700001,True,32,False,False,True
DEL004006,ORD004006,500001,True,73,False,False,False
DEL004007,ORD004007,500003,True,53,False,False,False
DEL004008,ORD004008,700001,True,51,False,False,True
DEL004009,ORD004009,500002,True,77,False,False,False
DEL004010,ORD004010,500002,True,15,False,False,False
DEL004011,ORD004011,110002,True,85,True,False,False
DEL004012,ORD004012,110002,True,63,True,False,False
DEL004013,ORD004013,600001,False,15,False,True,False
DEL004014,ORD004014,600002,True,16,False,False,False
DEL004015,ORD004015,700001,False,2,False,False,True
DEL004016,ORD004016,110001,True,26,False,False,False
DEL004017,ORD004017,500002,True,53,False,True,False
DEL004018,ORD004018,110002,True,87,False,False,False
DEL004019,ORD004019,226001,True,33,True,False,True
DEL004020,ORD004020,600002,False,39,False,False,False
DEL004021,ORD004021,700001,True,46,False,False,True
DEL004022,ORD004022,500002,False,79,False,False,False
DEL004023,ORD004023,110002,True,85,False,False,False
DEL004024,ORD004024,600002,True,68,True,False,False
DEL004025,ORD004025,500001,True,69,False,False,False
DEL004026,ORD004026,500001,False,92,False,False,False
DEL004027,ORD004027,500001,True,8,True,False,False
DEL004028,ORD004028,600002,True,22,False,False,False
DEL004029,ORD004029,500001,True,73,False,False,False
DEL004030,ORD004030,700001,True,16,False,False,True
DEL004031,ORD004031,700001,False,33,False,False,True
DEL004032,ORD004032,560001,True,59,False,False,True
DEL004033,ORD004033,600002,True,53,False,False,False
DEL004034,ORD004034,700001,False,5,False,False,True
DEL004035,ORD004035,500002,True,76,False,False,False
DEL004036,ORD004036,500003,True,56,False,False,False
DEL004037,ORD004037,500003,True,22,True,False,False
DEL004038,ORD004038,600001,True,3,False,False,False
DEL004039,ORD004039,500002,True,62,False,False,False
DEL004040,ORD004040,226001,True,54,False,False,True
DEL004041,ORD004041,600001,True,3,False,False,False
DEL004042,ORD004042,500001,True,71,False,False,False
DEL004043,ORD004043,110002,False,12,True,False,False
DEL004044,ORD004044,600002,True,75,False,False,False
DEL004045,ORD004045,600001,True,65,False,False,False
DEL004046,ORD004046,500002,True,69,False,False,False
DEL004047,ORD004047,560001,True,64,True,False,True
DEL004048,ORD004048,500003,True,23,True,False,False
DEL004049,ORD004049,600002,True,52,False,False,False
DEL004050,ORD004050,500003,True,83,False,True,False
DEL004051,ORD004051,226001,True,8,False,False,True
DEL004052,ORD004052,110002,True,77,False,False,False
DEL004053,ORD004053,600001,False,46,False,False,False
DEL004054,ORD004054,700001,True,13,False,False,True
DEL004055,ORD004055,500001,False,24,False,False,False
DEL004056,ORD004056,600002,False,43,False,False,False
DEL004057,ORD004057,600002,False,53,False,False,False
DEL004058,ORD004058,110002,True,75,False,False,False
DEL004059,ORD004059,500001,True,92,False,True,False
DEL004060,ORD004060,560001,False,3,False,False,True
DEL004061,ORD004061,110002,True,28,False,False,False
DEL004062,ORD004062,560001,False,39,False,False,True
DEL004063,ORD004063,500001,True,19,False,False,False
DEL004064,ORD004064,500003,True,79,False,False,False
DEL004065,ORD004065,110001,True,6,False,False,False
DEL004066,ORD004066,110002,True,89,False,False,False
DEL004067,ORD004067,500003,True,30,False,False,False
DEL004068,ORD004068,700001,False,59,False,False,True
DEL004069,ORD004069,600002,True,5,False,False,False
DEL004070,ORD004070,110002,True,42,False,False,False
DEL004071,ORD004071,110002,False,60,False,False,False
DEL004072,ORD004072,600002,True,2,False,False,False
DEL004073,ORD004073,600001,True,55,False,False,False
DEL004074,ORD004074,700001,True,23,False,False,True
DEL004075,ORD004075,600001,True,85,True,False,False
DEL004076,ORD004076,110002,True,56,False,False,False
DEL004077,ORD004077,500002,True,5,False,False,False
DEL004078,ORD004078,560001,False,43,False,False,True
DEL004079,ORD004079,600001,True,95,False,False,False
DEL004080,ORD004080,600002,True,60,False,False,False
DEL004081,ORD004081,600002,True,90,False,False,False
DEL004082,ORD004082,500001,False,14,False,False,False
DEL004083,ORD004083,600001,False,34,False,False,False
DEL004084,ORD004084,110002,True,26,False,False,False
DEL004085,ORD004085,600001,True,43,False,False,False
DEL004086,ORD004086,500002,False,41,False,False,False
DEL004087,ORD004087,600002,True,10,False,False,False
DEL004088,ORD004088,110002,True,37,False,False,False
DEL004089,ORD004089,600001,True,81,False,False,False
DEL004090,ORD004090,110001,True,20,False,False,False
DEL004091,ORD004091,600001,True,70,False,False,False
DEL004092,ORD004092,500003,True,80,False,False,False
DEL004093,ORD004093,226001,True,40,False,True,True
DEL004094,ORD004094,500001,False,95,False,False,False
DEL004095,ORD004095,560001,True,2,False,False,True
DEL004096,ORD004096,110001,False,11,False,False,False
DEL004097,ORD004097,226001,True,34,False,True,True
DEL004098,ORD004098,500003,True,40,False,False,False
DEL004099,ORD004099,500001,True,14,False,False,False
DEL004100,ORD004100,600001,True,13,False,False,False
DEL004101,ORD004101,600001,False,42,False,False,False
DEL004102,ORD004102,560001,True,88,True,True,True
DEL004103,ORD004103,110001,True,13,False,False,False
DEL004104,ORD004104,500003,False,8,False,False,False
DEL004105,ORD004105,600002,True,78,False,False,False
DEL004106,ORD004106,110001,False,82,True,False,False
DEL004107,ORD004107,600002,False,94,False,False,False
DEL004108,ORD004108,500002,True,27,False,False,False
DEL004109,ORD004109,110001,True,63,False,True,False
DEL004110,ORD004110,560001,True,60,False,False,True
DEL004111,ORD004111,560001,False,40,False,False,True
DEL004112,ORD004112,110001,True,30,False,False,False
DEL004113,ORD004113,500003,True,69,False,False,False
DEL004114,ORD004114,560001,True,60,False,False,True
DEL004115,ORD004115,500001,True,85,False,False,False
DEL004116,ORD004116,110002,True,79,False,True,False
DEL004117,ORD004117,560001,True,48,False,True,True
DEL004118,ORD004118,600002,True,55,False,False,False
DEL004119,ORD004119,600001,True,16,False,False,False
DEL004120,ORD004120,600002,True,1,False,False,False
DEL004121,ORD004121,500001,True,17,False,False,False
DEL004122,ORD004122,110001,True,94,False,False,False
DEL004123,ORD004123,226001,True,72,False,False,True
DEL004124,ORD004124,600002,True,74,True,False,False
DEL004125,ORD004125,600002,True,83,False,False,False
DEL004126,ORD004126,600002,True,19,False,False,False
DEL004127,ORD004127,700001,True,59,False,False,True
DEL004128,ORD004128,700001,True,20,False,False,True
DEL004129,ORD004129,560001,True,11,False,False,True
DEL004130,ORD004130,226001,True,32,False,False,True
DEL004131,ORD004131,700001,True,76,False,False,True
DEL004132,ORD004132,600002,True,13,False,False,False
DEL004133,ORD004133,500002,True,22,True,False,False
DEL004134,ORD004134,500002,True,52,False,False,False
DEL004135,ORD004135,226001,True,47,False,False,True
DEL004136,ORD004136,560001,False,51,False,False,True
DEL004137,ORD004137,500003,True,56,False,False,False
DEL004138,ORD004138,500001,True,29,False,True,False
DEL004139,ORD004139,500002,False,36,False,False,False
DEL004140,ORD004140,110001,True,69,False,False,False
DEL004141,ORD004141,110002,True,25,False,False,False
DEL004142,ORD004142,226001,False,68,False,False,True
DEL004143,ORD004143,110001,False,89,False,False,False
DEL004144,ORD004144,500001,False,13,False,True,False
DEL004145,ORD004145,500001,True,67,False,False,False
DEL004146,ORD004146,110001,True,73,False,False,False
DEL004147,ORD004147,110002,True,46,False,False,False
DEL004148,ORD004148,500001,True,88,False,False,False
DEL004149,ORD004149,560001,False,40,False,False,True
DEL004150,ORD004150,600002,False,68,False,False,False
DEL004151,ORD004151,500003,False,72,True,False,False
DEL004152,ORD004152,110001,True,74,False,False,False
DEL004153,ORD004153,600002,True,39,False,False,False
DEL004154,ORD004154,226001,True,74,False,False,True
DEL004155,ORD004155,110001,False,28,False,False,False
DEL004156,ORD004156,500001,True,1,False,False,False
DEL004157,ORD004157,110001,True,88,False,False,False
DEL004158,ORD004158,500001,False,77,False,False,False
DEL004159,ORD004159,600002,True,84,False,False,False
DEL004160,ORD004160,600002,True,42,False,False,False
DEL004161,ORD004161,110001,False,7,False,False,False
DEL004162,ORD004162,226001,True,92,False,False,True
DEL004163,ORD004163,226001,True,13,False,False,True
DEL004164,ORD004164,560001,False,11,False,False,True
DEL004165,ORD004165,110002,False,7,False,False,False
DEL004166,ORD004166,110002,True,58,False,False,False
DEL004167,ORD004167,560001,True,79,False,False,True
DEL004168,ORD004168,110002,False,53,True,False,False
DEL004169,ORD004169,600002,False,25,False,False,False
DEL004170,ORD004170,700001,True,10,False,True,True
DEL004171,ORD004171,600001,True,85,False,False,False
DEL004172,ORD004172,600001,True,86,False,False,False
DEL004173,ORD004173,226001,True,76,False,False,True
DEL004174,ORD004174,700001,True,92,True,False,True
DEL004175,ORD004175,110002,True,1,False,False,False
DEL004176,ORD004176,500001,True,62,False,False,False
DEL004177,ORD004177,500003,True,42,False,False,False
DEL004178,ORD004178,110001,True,38,False,False,False
DEL004179,ORD004179,110001,True,50,False,False,False
DEL004180,ORD004180,500001,False,22,False,False,False
DEL004181,ORD004181,700001,True,67,False,False,True
DEL004182,ORD004182,226001,True,60,False,False,True
DEL004183,ORD004183,110002,True,5,False,False,False
DEL004184,ORD004184,226001,True,67,False,True,True
DEL004185,ORD004185,110001,True,38,False,False,False
DEL004186,ORD004186,600001,True,28,False,False,False
DEL004187,ORD004187,500001,False,77,False,False,False
DEL004188,ORD004188,700001,False,18,False,False,True
DEL004189,ORD004189,600002,True,45,False,False,False
DEL004190,ORD004190,700001,True,80,False,False,True
DEL004191,ORD004191,110002,True,17,False,False,False
DEL004192,ORD004192,600001,True,61,True,False,False
DEL004193,ORD004193,500002,True,3,False,False,False
DEL004194,ORD004194,560001,True,79,False,False,True
DEL004195,ORD004195,700001,True,17,False,False,True
DEL004196,ORD004196,500001,True,48,False,False,False
DEL004197,ORD004197,110002,False,4,False,False,False
DEL004198,ORD004198,600001,True,92,False,False,False
DEL004199,ORD004199,560001,True,8,True,False,True
DEL004200,ORD004200,500001,True,31,False,False,False
DEL004201,ORD004201,500002,True,33,False,False,False
DEL004202,ORD004202,226001,True,2,False,False,True
DEL004203,ORD004203,226001,True,53,False,False,True
DEL004204,ORD004204,110002,True,4,False,False,False
DEL004205,ORD004205,110001,True,49,False,False,False
DEL004206,ORD004206,500001,True,70,False,False,False
DEL004207,ORD004207,110001,True,33,False,False,False
DEL004208,ORD004208,110002,True,26,False,False,False
DEL004209,ORD004209,110002,False,51,False,False,False
DEL004210,ORD004210,560001,False,26,False,True,True
DEL004211,ORD004211,110001,True,1,False,False,False
DEL004212,ORD004212,500002,True,12,False,True,False
DEL004213,ORD004213,110002,False,40,False,False,False
DEL004214,ORD004214,500001,False,56,True,False,False
DEL004215,ORD004215,500001,True,95,False,False,False
DEL004216,ORD004216,110001,True,29,False,True,False
DEL004217,ORD004217,110001,True,17,True,False,False
DEL004218,ORD004218,500001,True,10,False,False,False
DEL004219,ORD004219,560001,False,4,False,True,True
DEL004220,ORD004220,700001,True,2,False,False,True
DEL004221,ORD004221,560001,True,28,True,False,True
DEL004222,ORD004222,500001,False,39,False,True,False
DEL004223,ORD004223,560001,False,6,False,False,True
DEL004224,ORD004224,600002,True,18,False,False,False
DEL004225,ORD004225,110001,True,70,False,False,False
DEL004226,ORD004226,500003,False,32,False,False,False
DEL004227,ORD004227,110002,False,85,False,False,False
DEL004228,ORD004228,700001,True,65,False,False,True
DEL004229,ORD004229,500003,True,77,True,False,False
DEL004230,ORD004230,500003,True,94,False,False,False
DEL004231,ORD004231,560001,True,68,False,False,True
DEL004232,ORD004232,500001,True,6,False,False,False
DEL004233,ORD004233,500001,True,52,False,False,False
DEL004234,ORD004234,500002,True,82,True,False,False
DEL004235,ORD004235,226001,True,24,False,False,True
DEL004236,ORD004236,500001,True,34,False,False,False
DEL004237,ORD004237,110001,True,40,False,False,False
DEL004238,ORD004238,226001,False,73,False,True,True
DEL004239,ORD004239,700001,True,47,True,False,True
DEL004240,ORD004240,560001,True,37,False,False,True
DEL004241,ORD004241,500003,True,45,False,False,False
DEL004242,ORD004242,500001,False,69,False,False,False
DEL004243,ORD004243,110001,False,84,False,False,False
DEL004244,ORD004244,110002,True,31,False,False,False
DEL004245,ORD004245,500002,True,93,False,False,False
DEL004246,ORD004246,700001,False,75,False,False,True
DEL004247,ORD004247,600001,True,58,False,False,False
DEL004248,ORD004248,226001,True,95,False,False,True
DEL004249,ORD004249,110002,True,1,False,False,False
DEL004250,ORD004250,500002,False,52,False,False,False
DEL004251,ORD004251,500002,True,47,False,False,False
DEL004252,ORD004252,110001,True,61,False,False,False
DEL004253,ORD004253,500002,True,82,False,False,False
DEL004254,ORD004254,500003,False,66,False,False,False
DEL004255,ORD004255,700001,False,1,False,False,True
DEL004256,ORD004256,110002,False,25,False,False,False
DEL004257,ORD004257,226001,False,59,False,False,True
DEL004258,ORD004258,600002,False,3,False,False,False
DEL004259,ORD004259,560001,True,88,False,False,True
DEL004260,ORD004260,600001,True,58,False,False,False
DEL004261,ORD004261,110002,True,83,False,True,False
DEL004262,ORD004262,110002,True,44,False,False,False
DEL004263,ORD004263,700001,True,75,False,True,True
DEL004264,ORD004264,110002,False,84,False,False,False
DEL004265,ORD004265,226001,True,33,False,False,True
DEL004266,ORD004266,500002,True,74,False,False,False
DEL004267,ORD004267,500003,True,73,False,False,False
DEL004268,ORD004268,700001,True,84,True,False,True
DEL004269,ORD004269,600001,True,25,False,False,False
DEL004270,ORD004270,226001,True,5,True,False,True
DEL004271,ORD004271,600001,True,50,False,False,False
DEL004272,ORD004272,226001,True,86,False,False,True
DEL004273,ORD004273,700001,True,11,False,False,True
DEL004274,ORD004274,110001,True,57,False,False,False
DEL004275,ORD004275,700001,False,89,False,False,True
DEL004276,ORD004276,700001,True,48,False,True,True
DEL004277,ORD004277,500003,False,2,True,False,False
DEL004278,ORD004278,110001,True,83,True,False,False
DEL004279,ORD004279,110001,True,21,False,False,False
DEL004280,ORD004280,600001,False,9,True,False,False
DEL004281,ORD004281,500001,True,29,False,False,False
DEL004282,ORD004282,500003,True,25,False,False,False
DEL004283,ORD004283,110002,True,44,False,False,False
DEL004284,ORD004284,110002,True,40,False,False,False
DEL004285,ORD004285,110002,True,72,False,False,False
DEL004286,ORD004286,226001,True,88,False,False,True
DEL004287,ORD004287,700001,True,57,False,False,True
DEL004288,ORD004288,226001,True,95,True,False,True
DEL004289,ORD004289,500001,True,74,False,False,False
DEL004290,ORD004290,500002,True,62,False,True,False
DEL004291,ORD004291,500003,True,27,False,False,False
DEL004292,ORD004292,500002,True,19,False,False,False
DEL004293,ORD004293,500002,True,66,False,False,False
DEL004294,ORD004294,500003,False,58,False,False,False
DEL004295,ORD004295,110002,True,45,False,False,False
DEL004296,ORD004296,600002,True,31,False,False,False
DEL004297,ORD004297,700001,False,15,True,False,True
DEL004298,ORD004298,560001,True,63,False,True,True
DEL004299,ORD004299,500002,True,90,False,False,False
DEL004300,ORD004300,600002,True,48,False,True,False
DEL004301,ORD004301,500001,True,74,False,False,False
DEL004302,ORD004302,500003,True,36,False,False,False
DEL004303,ORD004303,600002,True,27,False,False,False
DEL004304,ORD004304,700001,True,11,False,False,True
DEL004305,ORD004305,700001,True,11,True,False,True
DEL004306,ORD004306,500003,True,13,False,False,False
DEL004307,ORD004307,110001,True,48,True,False,False
DEL004308,ORD004308,226001,True,9,False,False,True
DEL004309,ORD004309,226001,False,80,False,False,True
DEL004310,ORD004310,110001,True,49,False,False,False
DEL004311,ORD004311,700001,True,17,False,False,True
DEL004312,ORD004312,110001,True,37,False,False,False
DEL004313,ORD004313,500003,True,65,False,False,False
DEL004314,ORD004314,110002,True,2,False,False,False
DEL004315,ORD004315,500001,False,19,False,False,False
DEL004316,ORD004316,500003,True,30,False,False,False
DEL004317,ORD004317,500003,True,72,False,True,False
DEL004318,ORD004318,500001,True,4,False,False,False
DEL004319,ORD004319,500001,True,17,False,False,False
DEL004320,ORD004320,560001,True,8,False,False,True
DEL004321,ORD004321,560001,True,17,False,False,True
DEL004322,ORD004322,700001,True,18,False,False,True
DEL004323,ORD004323,226001,True,32,False,False,True
DEL004324,ORD004324,110001,False,14,False,True,False
DEL004325,ORD004325,560001,True,88,False,False,True
DEL004326,ORD004326,600001,True,90,False,False,False
DEL004327,ORD004327,600002,True,66,False,True,False
DEL004328,ORD004328,560001,True,62,False,False,True
DEL004329,ORD004329,500002,True,40,False,False,False
DEL004330,ORD004330,226001,True,43,False,False,True
DEL004331,ORD004331,600001,True,62,False,False,False
DEL004332,ORD004332,500001,True,4,False,False,False
DEL004333,ORD004333,560001,True,58,False,False,True
DEL004334,ORD004334,500002,True,89,False,False,False
DEL004335,ORD004335,500002,True,91,False,True,False
DEL004336,ORD004336,600002,False,72,False,False,False
DEL004337,ORD004337,500001,True,26,False,False,False
DEL004338,ORD004338,110001,True,39,False,False,False
DEL004339,ORD004339,560001,True,24,False,True,True
DEL004340,ORD004340,110002,True,25,True,True,False
DEL004341,ORD004341,226001,True,20,False,False,True
DEL004342,ORD004342,110001,True,42,False,False,False
DEL004343,ORD004343,500001,True,69,False,False,False
DEL004344,ORD004344,700001,True,6,False,False,True
DEL004345,ORD004345,110002,True,93,True,False,False
DEL004346,ORD004346,500003,True,43,False,False,False
DEL004347,ORD004347,600001,True,82,False,False,False
DEL004348,ORD004348,500003,False,27,False,False,False
DEL004349,ORD004349,600001,True,49,False,False,False
DEL004350,ORD004350,500001,True,54,False,True,False
DEL004351,ORD004351,500003,True,45,False,False,False
DEL004352,ORD004352,600002,True,46,False,False,False
DEL004353,ORD004353,600002,True,74,False,False,False
DEL004354,ORD004354,700001,True,49,False,False,True
DEL004355,ORD004355,600002,True,43,False,True,False
DEL004356,ORD004356,500001,True,17,True,False,False
DEL004357,ORD004357,600002,True,64,True,False,False
DEL004358,ORD004358,110002,True,34,False,False,False
DEL004359,ORD004359,600001,True,3,False,True,False
DEL004360,ORD004360,110002,True,82,False,True,False
DEL004361,ORD004361,226001,True,80,False,False,True
DEL004362,ORD004362,500002,False,66,False,False,False
DEL004363,ORD004363,500002,True,49,False,False,False
DEL004364,ORD004364,110002,True,36,True,False,False
DEL004365,ORD004365,500003,True,85,False,False,False
DEL004366,ORD004366,110002,True,31,False,False,False
DEL004367,ORD004367,500003,True,17,False,False,False
DEL004368,ORD004368,110001,True,50,False,False,False
DEL004369,ORD004369,110002,False,83,False,False,False
DEL004370,ORD004370,600002,False,81,False,False,False
DEL004371,ORD004371,110002,True,32,False,False,False
DEL004372,ORD004372,600001,True,74,False,False,False
DEL004373,ORD004373,500001,True,67,False,False,False
DEL004374,ORD004374,560001,True,38,True,False,True
DEL004375,ORD004375,226001,True,82,False,False,True
DEL004376,ORD004376,226001,True,92,False,False,True
DEL004377,ORD004377,500002,True,71,False,False,False
DEL004378,ORD004378,700001,False,48,False,False,True
DEL004379,ORD004379,110001,True,70,False,False,False
DEL004380,ORD004380,600002,True,54,False,False,False
DEL004381,ORD004381,110001,True,45,False,False,False
DEL004382,ORD004382,226001,True,10,False,False,True
DEL004383,ORD004383,500001,True,2,False,False,False
DEL004384,ORD004384,600001,True,84,False,True,False
DEL004385,ORD004385,110001,True,19,True,False,False
DEL004386,ORD004386,110001,False,59,False,True,False
DEL004387,ORD004387,110001,True,75,True,False,False
DEL004388,ORD004388,110002,True,70,True,False,False
DEL004389,ORD004389,700001,True,23,False,False,True
DEL004390,ORD004390,700001,True,75,False,False,True
DEL004391,ORD004391,500003,True,93,False,False,False
DEL004392,ORD004392,600001,False,57,False,False,False
DEL004393,ORD004393,500001,True,29,False,False,False
DEL004394,ORD004394,500001,False,16,False,False,False
DEL004395,ORD004395,600001,True,17,False,False,False
DEL004396,ORD004396,110001,True,35,False,False,False
DEL004397,ORD004397,500003,True,49,False,False,False
DEL004398,ORD004398,600002,False,37,True,False,False
DEL004399,ORD004399,700001,True,19,False,False,True
DEL004400,ORD004400,500001,True,84,False,False,False
DEL004401,ORD004401,500001,True,69,False,False,False
DEL004402,ORD004402,500002,False,3,True,True,False
DEL004403,ORD004403,110001,True,71,False,False,False
DEL004404,ORD004404,226001,False,51,False,False,True
DEL004405,ORD004405,700001,False,25,False,False,True
DEL004406,ORD004406,560001,True,94,False,False,True
DEL004407,ORD004407,600002,True,51,False,False,False
DEL004408,ORD004408,560001,True,43,False,False,True
DEL004409,ORD004409,600002,True,80,False,True,False
DEL004410,ORD004410,226001,True,9,False,False,True
DEL004411,ORD004411,226001,True,85,False,False,True
DEL004412,ORD004412,500003,True,52,False,False,False
DEL004413,ORD004413,110002,True,44,False,False,False
DEL004414,ORD004414,110001,False,12,False,False,False
DEL004415,ORD004415,110002,False,14,False,False,False
DEL004416,ORD004416,600002,True,39,False,False,False
DEL004417,ORD004417,560001,True,2,False,False,True
DEL004418,ORD004418,560001,True,62,False,False,True
DEL004419,ORD004419,600002,False,53,False,False,False
DEL004420,ORD004420,226001,True,28,False,False,True
DEL004421,ORD004421,110002,True,51,False,False,False
DEL004422,ORD004422,600001,True,24,False,False,False
DEL004423,ORD004423,110002,True,51,True,False,False
DEL004424,ORD004424,110001,False,83,False,False,False
DEL004425,ORD004425,500002,True,14,True,False,False
DEL004426,ORD004426,500002,False,19,False,False,False
DEL004427,ORD004427,226001,False,38,False,False,True
DEL004428,ORD004428,110002,True,23,False,False,False
DEL004429,ORD004429,110002,True,46,False,False,False
DEL004430,ORD004430,500003,True,16,False,False,False
DEL004431,ORD004431,500003,True,71,False,False,False
DEL004432,ORD004432,500002,True,17,False,False,False
DEL004433,ORD004433,226001,False,30,False,False,True
DEL004434,ORD004434,226001,True,8,False,False,True
DEL004435,ORD004435,110001,False,38,False,False,False
DEL004436,ORD004436,110001,True,60,False,True,False
DEL004437,ORD004437,700001,True,11,False,False,True
DEL004438,ORD004438,110001,True,53,False,False,False
DEL004439,ORD004439,560001,True,39,False,False,True
DEL004440,ORD004440,600002,True,29,False,False,False
DEL004441,ORD004441,560001,True,49,False,False,True
DEL004442,ORD004442,500002,True,62,False,False,False
DEL004443,ORD004443,700001,True,65,False,False,True
DEL004444,ORD004444,110001,True,29,False,False,False
DEL004445,ORD004445,600002,False,74,False,False,False
DEL004446,ORD004446,500002,True,72,False,False,False
DEL004447,ORD004447,226001,True,31,False,False,True
DEL004448,ORD004448,500001,False,80,True,False,False
DEL004449,ORD004449,500003,True,6,False,False,False
DEL004450,ORD004450,226001,True,78,False,False,True
DEL004451,ORD004451,560001,True,95,False,False,True
DEL004452,ORD004452,110002,True,51,False,False,False
DEL004453,ORD004453,700001,False,14,False,False,True
DEL004454,ORD004454,110002,True,16,False,False,False
DEL004455,ORD004455,600002,False,41,False,False,False
DEL004456,ORD004456,500001,True,84,False,False,False
DEL004457,ORD004457,600001,True,42,True,False,False
DEL004458,ORD004458,600002,False,22,False,False,False
DEL004459,ORD004459,700001,True,94,True,False,True
DEL004460,ORD004460,600002,True,42,False,False,False
DEL004461,ORD004461,700001,True,44,False,False,True
DEL004462,ORD004462,600002,False,83,False,False,False
DEL004463,ORD004463,700001,True,80,False,False,True
DEL004464,ORD004464,110001,True,77,False,False,False
DEL004465,ORD004465,226001,True,60,False,False,True
DEL004466,ORD004466,500001,True,70,False,False,False
DEL004467,ORD004467,600001,False,58,False,False,False
DEL004468,ORD004468,226001,False,47,False,False,True
DEL004469,ORD004469,226001,True,22,False,False,True
DEL004470,ORD004470,500003,True,21,False,False,False
DEL004471,ORD004471,700001,False,91,False,False,True
DEL004472,ORD004472,500001,True,78,False,False,False
DEL004473,ORD004473,110002,True,37,False,False,False
DEL004474,ORD004474,500001,True,30,False,False,False
DEL004475,ORD004475,110001,False,76,False,False,False
DEL004476,ORD004476,500002,True,26,True,False,False
DEL004477,ORD004477,110002,True,8,False,False,False
DEL004478,ORD004478,500002,True,51,False,False,False
DEL004479,ORD004479,500003,True,50,True,False,False
DEL004480,ORD004480,226001,True,73,False,False,True
DEL004481,ORD004481,600002,True,19,False,False,False
DEL004482,ORD004482,600002,True,63,False,False,False
DEL004483,ORD004483,110001,False,47,False,False,False
DEL004484,ORD004484,110002,True,90,False,False,False
DEL004485,ORD004485,110002,True,86,False,False,False
DEL004486,ORD004486,500001,False,26,False,False,False
DEL004487,ORD004487,110001,True,82,False,False,False
DEL004488,ORD004488,500001,True,4,False,False,False
DEL004489,ORD004489,110001,False,80,False,False,False
DEL004490,ORD004490,700001,False,37,True,False,True
DEL004491,ORD004491,600001,True,91,False,False,False
DEL004492,ORD004492,500002,True,32,False,False,False
DEL004493,ORD004493,600001,False,61,False,False,False
DEL004494,ORD004494,110002,True,29,False,False,False
DEL004495,ORD004495,500003,False,64,False,False,False
DEL004496,ORD004496,226001,True,3,True,False,True
DEL004497,ORD004497,110001,True,4,False,False,False
DEL004498,ORD004498,226001,True,65,False,False,True
DEL004499,ORD004499,500002,False,10,False,False,False
DEL004500,ORD004500,500002,True,26,False,False,False
DEL004501,ORD004501,500001,True,89,False,False,False
DEL004502,ORD004502,226001,True,40,False,False,True
DEL004503,ORD004503,500002,False,21,False,False,False
DEL004504,ORD004504,110002,False,79,False,False,False
DEL004505,ORD004505,600002,False,30,False,False,False
DEL004506,ORD004506,600001,True,56,False,False,False
DEL004507,ORD004507,110002,True,27,False,False,False
DEL004508,ORD004508,700001,True,93,False,False,True
DEL004509,ORD004509,560001,True,50,False,False,True
DEL004510,ORD004510,226001,False,67,False,False,True
DEL004511,ORD004511,500002,False,16,False,False,False
DEL004512,ORD004512,500001,False,21,False,False,False
DEL004513,ORD004513,700001,True,43,False,False,True
DEL004514,ORD004514,500003,True,77,False,False,False
DEL004515,ORD004515,700001,True,89,False,False,True
DEL004516,ORD004516,110002,True,67,False,False,False
DEL004517,ORD004517,110001,True,86,False,False,False
DEL004518,ORD004518,500003,False,78,True,False,False
DEL004519,ORD004519,500003,False,46,False,False,False
DEL004520,ORD004520,500001,True,27,False,False,False
DEL004521,ORD004521,600002,True,23,False,False,False
DEL004522,ORD004522,226001,True,69,True,False,True
DEL004523,ORD004523,600002,True,2,False,False,False
DEL004524,ORD004524,226001,True,83,False,False,True
DEL004525,ORD004525,500001,True,27,True,False,False
DEL004526,ORD004526,110002,True,10,True,False,False
DEL004527,ORD004527,560001,True,90,False,False,True
DEL004528,ORD004528,500002,False,66,False,False,False
DEL004529,ORD004529,560001,False,20,False,False,True
DEL004530,ORD004530,226001,True,49,True,False,True
DEL004531,ORD004531,500001,True,38,False,False,False
DEL004532,ORD004532,226001,True,34,False,False,True
DEL004533,ORD004533,500001,True,60,False,False,False
DEL004534,ORD004534,226001,True,74,False,False,True
DEL004535,ORD004535,600002,False,5,False,False,False
DEL004536,ORD004536,560001,True,76,False,False,True
DEL004537,ORD004537,700001,True,54,False,True,True
DEL004538,ORD004538,110002,True,17,False,False,False
DEL004539,ORD004539,560001,True,58,False,False,True
DEL004540,ORD004540,600002,True,34,False,False,False
DEL004541,ORD004541,226001,True,33,True,False,True
DEL004542,ORD004542,110001,False,22,False,False,False
DEL004543,ORD004543,110002,True,95,False,False,False
DEL004544,ORD004544,700001,True,86,False,False,True
DEL004545,ORD004545,500003,True,47,False,False,False
DEL004546,ORD004546,110002,True,4,False,False,False
DEL004547,ORD004547,500001,False,36,False,False,False
DEL004548,ORD004548,700001,True,39,False,False,True
DEL004549,ORD004549,110001,True,40,False,False,False
DEL004550,ORD004550,500003,False,69,False,False,False
DEL004551,ORD004551,500002,True,14,False,False,False
DEL004552,ORD004552,600002,False,17,False,False,False
DEL004553,ORD004553,500003,False,54,False,False,False
DEL004554,ORD004554,500002,True,75,False,False,False
DEL004555,ORD004555,500002,False,93,False,True,False
DEL004556,ORD004556,500002,True,67,False,False,False
DEL004557,ORD004557,600002,False,70,True,False,False
DEL004558,ORD004558,500003,True,84,False,False,False
DEL004559,ORD004559,110001,True,75,False,False,False
DEL004560,ORD004560,226001,True,31,True,False,True
DEL004561,ORD004561,500003,False,34,False,False,False
DEL004562,ORD004562,600002,False,72,False,False,False
DEL004563,ORD004563,560001,False,6,False,False,True
DEL004564,ORD004564,560001,True,16,False,False,True
DEL004565,ORD004565,600001,False,3,False,False,False
DEL004566,ORD004566,110002,True,40,False,False,False
DEL004567,ORD004567,500001,False,50,True,False,False
DEL004568,ORD004568,500002,True,61,False,False,False
DEL004569,ORD004569,500001,True,29,False,False,False
DEL004570,ORD004570,600001,True,31,False,False,False
DEL004571,ORD004571,110001,True,40,False,True,False
DEL004572,ORD004572,500002,True,70,False,False,False
DEL004573,ORD004573,500002,False,43,False,False,False
DEL004574,ORD004574,110002,True,92,False,False,False
DEL004575,ORD004575,560001,True,88,False,False,True
DEL004576,ORD004576,500002,True,14,False,True,False
DEL004577,ORD004577,560001,True,31,False,True,True
DEL004578,ORD004578,600001,True,26,False,False,False
DEL004579,ORD004579,110001,True,72,False,False,False
DEL004580,ORD004580,500002,False,24,False,False,False
DEL004581,ORD004581,700001,True,65,False,False,True
DEL004582,ORD004582,560001,True,10,False,False,True
DEL004583,ORD004583,226001,True,58,True,False,True
DEL004584,ORD004584,600001,False,63,False,False,False
DEL004585,ORD004585,500003,True,8,True,False,False
DEL004586,ORD004586,500001,False,52,False,False,False
DEL004587,ORD004587,600002,True,19,False,False,False
DEL004588,ORD004588,500003,False,76,False,False,False
DEL004589,ORD004589,600001,False,79,False,False,False
DEL004590,ORD004590,500002,False,41,False,True,False
DEL004591,ORD004591,700001,True,46,False,False,True
DEL004592,ORD004592,600001,True,11,False,False,False
DEL004593,ORD004593,600001,True,45,False,False,False
DEL004594,ORD004594,226001,True,53,False,False,True
DEL004595,ORD004595,600002,False,17,False,False,False
DEL004596,ORD004596,560001,True,28,True,False,True
DEL004597,ORD004597,560001,True,14,False,True,True
DEL004598,ORD004598,600002,False,24,False,False,False
DEL004599,ORD004599,600001,True,44,False,False,False
DEL004600,ORD004600,110002,True,85,False,False,False
DEL004601,ORD004601,226001,True,38,False,False,True
DEL004602,ORD004602,500003,True,23,False,False,False
DEL004603,ORD004603,500001,True,71,False,False,False
DEL004604,ORD004604,500003,False,48,True,False,False
DEL004605,ORD004605,110002,True,55,False,False,False
DEL004606,ORD004606,110001,True,91,False,False,False
DEL004607,ORD004607,226001,True,89,False,False,True
DEL004608,ORD004608,500001,True,32,False,False,False
DEL004609,ORD004609,500002,True,69,False,True,False
DEL004610,ORD004610,500003,False,8,False,False,False
DEL004611,ORD004611,226001,False,21,False,False,True
DEL004612,ORD004612,226001,True,28,False,False,True
DEL004613,ORD004613,600002,True,67,True,False,False
DEL004614,ORD004614,700001,True,36,False,False,True
DEL004615,ORD004615,560001,True,93,False,False,True
DEL004616,ORD004616,500001,True,48,False,False,False
DEL004617,ORD004617,560001,True,25,False,False,True
DEL004618,ORD004618,600001,True,32,False,True,False
DEL004619,ORD004619,600002,True,85,False,False,False
DEL004620,ORD004620,600002,False,25,True,False,False
DEL004621,ORD004621,500003,True,68,False,False,False
DEL004622,ORD004622,560001,True,84,False,False,True
DEL004623,ORD004623,500003,False,81,True,False,False
DEL004624,ORD004624,500001,True,42,False,True,False
DEL004625,ORD004625,600002,True,66,True,False,False
DEL004626,ORD004626,560001,False,17,False,True,True
DEL004627,ORD004627,110001,True,13,False,False,False
DEL004628,ORD004628,600002,True,44,False,False,False
DEL004629,ORD004629,500001,True,77,True,False,False
DEL004630,ORD004630,500003,True,64,False,False,False
DEL004631,ORD004631,500003,False,34,False,True,False
DEL004632,ORD004632,700001,True,68,False,False,True
DEL004633,ORD004633,560001,True,51,False,False,True
DEL004634,ORD004634,700001,True,56,True,False,True
DEL004635,ORD004635,500002,True,15,False,False,False
DEL004636,ORD004636,700001,False,91,False,False,True
DEL004637,ORD004637,560001,True,56,False,False,True
DEL004638,ORD004638,500003,False,5,False,False,False
DEL004639,ORD004639,560001,False,55,False,False,True
DEL004640,ORD004640,600002,True,10,True,False,False
DEL004641,ORD004641,226001,True,85,False,False,True
DEL004642,ORD004642,700001,False,58,False,False,True
DEL004643,ORD004643,500002,False,24,False,False,False
DEL004644,ORD004644,500001,True,21,False,False,False
DEL004645,ORD004645,500002,True,34,False,False,False
DEL004646,ORD004646,500002,True,95,False,False,False
DEL004647,ORD004647,110001,False,41,False,False,False
DEL004648,ORD004648,700001,True,80,False,False,True
DEL004649,ORD004649,700001,True,27,False,False,True
DEL004650,ORD004650,110001,True,86,False,False,False
DEL004651,ORD004651,500003,True,63,True,False,False
DEL004652,ORD004652,600001,True,64,False,False,False
DEL004653,ORD004653,600002,True,68,False,False,False
DEL004654,ORD004654,500002,True,53,False,False,False
DEL004655,ORD004655,226001,True,59,False,False,True
DEL004656,ORD004656,700001,True,29,False,True,True
DEL004657,ORD004657,500001,True,10,False,False,False
DEL004658,ORD004658,500001,True,62,False,False,False
DEL004659,ORD004659,600002,True,93,False,False,False
DEL004660,ORD004660,600001,True,51,False,False,False
DEL004661,ORD004661,226001,False,29,False,False,True
DEL004662,ORD004662,110001,False,28,False,False,False
DEL004663,ORD004663,226001,True,65,False,False,True
DEL004664,ORD004664,700001,True,57,True,False,True
DEL004665,ORD004665,500001,False,57,False,False,False
DEL004666,ORD004666,500001,True,66,True,False,False
DEL004667,ORD004667,110002,True,4,False,True,False
DEL004668,ORD004668,500003,True,9,False,False,False
DEL004669,ORD004669,226001,True,4,False,True,True
DEL004670,ORD004670,226001,True,40,True,False,True
DEL004671,ORD004671,226001,True,29,False,False,True
DEL004672,ORD004672,500003,True,93,True,False,False
DEL004673,ORD004673,700001,True,32,False,True,True
DEL004674,ORD004674,600002,False,45,False,False,False
DEL004675,ORD004675,110002,True,20,False,False,False
DEL004676,ORD004676,110001,True,29,True,False,False
DEL004677,ORD004677,500001,True,81,False,False,False
DEL004678,ORD004678,600001,False,93,False,False,False
DEL004679,ORD004679,560001,True,20,False,True,True
DEL004680,ORD004680,110002,True,94,False,False,False
DEL004681,ORD004681,600002,True,32,False,True,False
DEL004682,ORD004682,600002,True,86,True,False,False
DEL004683,ORD004683,700001,True,29,False,False,True
DEL004684,ORD004684,700001,False,43,False,False,True
DEL004685,ORD004685,110001,False,87,False,True,False
DEL004686,ORD004686,700001,True,6,False,True,True
DEL004687,ORD004687,110002,True,15,False,False,False
DEL004688,ORD004688,110001,True,80,False,False,False
DEL004689,ORD004689,500002,False,8,False,False,False
DEL004690,ORD004690,500003,True,23,False,False,False
DEL004691,ORD004691,700001,True,15,False,False,True
DEL004692,ORD004692,500001,True,33,False,False,False
DEL004693,ORD004693,110002,True,75,True,True,False
DEL004694,ORD004694,500001,True,57,False,False,False
DEL004695,ORD004695,226001,True,89,True,False,True
DEL004696,ORD004696,110002,True,40,True,False,False
DEL004697,ORD004697,560001,True,79,False,False,True
DEL004698,ORD004698,500003,False,9,False,False,False
DEL004699,ORD004699,500002,True,33,False,False,False
DEL004700,ORD004700,600002,True,77,True,False,False
DEL004701,ORD004701,500003,False,25,True,False,False
DEL004702,ORD004702,226001,True,52,False,False,True
DEL004703,ORD004703,110002,True,90,False,False,False
DEL004704,ORD004704,226001,True,27,False,False,True
DEL004705,ORD004705,500002,True,53,True,True,False
DEL004706,ORD004706,110002,True,49,False,False,False
DEL004707,ORD004707,500002,True,62,False,False,False
DEL004708,ORD004708,110002,True,75,False,False,False
DEL004709,ORD004709,110002,True,37,False,False,False
DEL004710,ORD004710,600001,False,9,False,False,False
DEL004711,ORD004711,226001,True,53,False,False,True
DEL004712,ORD004712,500003,True,90,False,False,False
DEL004713,ORD004713,700001,True,56,True,False,True
DEL004714,ORD004714,500001,False,67,False,False,False
DEL004715,ORD004715,600001,True,83,False,False,False
DEL004716,ORD004716,226001,True,35,False,True,True
DEL004717,ORD004717,600001,False,65,False,False,False
DEL004718,ORD004718,560001,True,74,False,False,True
DEL004719,ORD004719,600001,False,47,False,False,False
DEL004720,ORD004720,226001,False,88,False,True,True
DEL004721,ORD004721,600002,True,37,False,True,False
DEL004722,ORD004722,600001,True,75,False,False,False
DEL004723,ORD004723,500001,True,35,True,False,False
DEL004724,ORD004724,560001,False,33,False,False,True
DEL004725,ORD004725,500002,False,41,False,False,False
DEL004726,ORD004726,226001,True,93,False,False,True
DEL004727,ORD004727,600002,True,41,False,False,False
DEL004728,ORD004728,226001,False,50,False,False,True
DEL004729,ORD004729,500002,True,40,False,True,False
DEL004730,ORD004730,600002,True,11,False,True,False
DEL004731,ORD004731,600001,False,65,True,False,False
DEL004732,ORD004732,226001,True,41,False,False,True
DEL004733,ORD004733,110001,True,55,False,False,False
DEL004734,ORD004734,500003,True,67,False,False,False
DEL004735,ORD004735,110001,True,38,False,False,False
DEL004736,ORD004736,500002,False,79,False,False,False
DEL004737,ORD004737,500003,True,57,False,False,False
DEL004738,ORD004738,500002,False,90,False,False,False
DEL004739,ORD004739,600002,True,49,False,False,False
DEL004740,ORD004740,600002,True,2,False,False,False
DEL004741,ORD004741,560001,True,74,True,False,True
DEL004742,ORD004742,110001,True,53,False,False,False
DEL004743,ORD004743,110002,True,8,False,False,False
DEL004744,ORD004744,700001,True,63,False,False,True
DEL004745,ORD004745,600001,True,5,False,False,False
DEL004746,ORD004746,110001,False,75,False,False,False
DEL004747,ORD004747,110002,True,76,False,False,False
DEL004748,ORD004748,500003,True,76,False,False,False
DEL004749,ORD004749,560001,True,63,False,False,True
DEL004750,ORD004750,600001,True,30,False,False,False
DEL004751,ORD004751,600001,True,70,True,False,False
DEL004752,ORD004752,500002,True,65,False,False,False
DEL004753,ORD004753,700001,True,70,False,True,True
DEL004754,ORD004754,700001,True,20,False,False,True
DEL004755,ORD004755,226001,True,10,False,False,True
DEL004756,ORD004756,226001,True,33,True,False,True
DEL004757,ORD004757,600002,True,94,False,False,False
DEL004758,ORD004758,560001,True,4,False,True,True
DEL004759,ORD004759,560001,False,16,False,True,True
DEL004760,ORD004760,500001,True,92,False,False,False
DEL004761,ORD004761,500003,True,31,True,False,False
DEL004762,ORD004762,500002,True,10,False,False,False
DEL004763,ORD004763,600002,True,59,False,False,False
DEL004764,ORD004764,500003,True,65,False,False,False
DEL004765,ORD004765,110002,True,40,False,False,False
DEL004766,ORD004766,500002,True,41,False,False,False
DEL004767,ORD004767,500003,False,21,False,False,False
DEL004768,ORD004768,110002,True,28,False,True,False
DEL004769,ORD004769,500003,True,9,False,False,False
DEL004770,ORD004770,500003,True,21,False,False,False
DEL004771,ORD004771,600002,False,81,False,False,False
DEL004772,ORD004772,500001,False,63,True,False,False
DEL004773,ORD004773,500003,True,64,True,False,False
DEL004774,ORD004774,500002,True,7,False,False,False
DEL004775,ORD004775,500002,False,49,False,False,False
DEL004776,ORD004776,500003,True,19,False,False,False
DEL004777,ORD004777,500002,False,3,False,False,False
DEL004778,ORD004778,500003,True,82,False,False,False
DEL004779,ORD004779,600002,True,86,False,False,False
DEL004780,ORD004780,226001,True,10,False,False,True
DEL004781,ORD004781,226001,True,83,False,False,True
DEL004782,ORD004782,110002,False,23,True,False,False
DEL004783,ORD004783,600001,False,68,False,True,False
DEL004784,ORD004784,110002,True,11,False,False,False
DEL004785,ORD004785,600002,True,83,True,False,False
DEL004786,ORD004786,700001,True,51,False,False,True
DEL004787,ORD004787,600001,True,20,False,False,False
DEL004788,ORD004788,500003,True,20,False,False,False
DEL004789,ORD004789,500002,True,55,False,False,False
DEL004790,ORD004790,226001,False,23,True,False,True
DEL004791,ORD004791,600001,True,90,False,False,False
DEL004792,ORD004792,500002,True,8,False,False,False
DEL004793,ORD004793,600001,True,4,False,False,False
DEL004794,ORD004794,500003,False,14,False,False,False
DEL004795,ORD004795,700001,False,65,False,False,True
DEL004796,ORD004796,600002,True,79,False,False,False
DEL004797,ORD004797,500003,True,19,True,True,False
DEL004798,ORD004798,110002,True,27,False,False,False
DEL004799,ORD004799,500002,True,17,False,False,False
DEL004800,ORD004800,226001,False,27,True,True,True
DEL004801,ORD004801,110001,False,42,True,False,False
DEL004802,ORD004802,500001,True,16,False,True,False
DEL004803,ORD004803,560001,True,88,False,False,True
DEL004804,ORD004804,110001,True,77,False,False,False
DEL004805,ORD004805,560001,True,89,False,False,True
DEL004806,ORD004806,600001,False,50,False,False,False
DEL004807,ORD004807,500003,True,6,False,False,False
DEL004808,ORD004808,226001,True,58,False,False,True
DEL004809,ORD004809,600001,False,14,True,False,False
DEL004810,ORD004810,110002,True,76,False,False,False
DEL004811,ORD004811,110001,True,37,True,True,False
DEL004812,ORD004812,700001,True,76,False,False,True
DEL004813,ORD004813,110002,True,22,False,False,False
DEL004814,ORD004814,500003,True,22,True,False,False
DEL004815,ORD004815,226001,False,46,False,False,True
DEL004816,ORD004816,600002,True,58,False,False,False
DEL004817,ORD004817,560001,False,60,False,False,True
DEL004818,ORD004818,600002,True,7,False,False,False
DEL004819,ORD004819,600002,True,64,False,False,False
DEL004820,ORD004820,500003,True,95,True,False,False
DEL004821,ORD004821,600001,True,19,False,False,False
DEL004822,ORD004822,700001,True,27,False,False,True
DEL004823,ORD004823,700001,False,93,False,False,True
DEL004824,ORD004824,500003,True,36,False,False,False
DEL004825,ORD004825,600002,True,17,False,False,False
DEL004826,ORD004826,560001,True,13,True,True,True
DEL004827,ORD004827,600002,True,30,False,False,False
DEL004828,ORD004828,110002,False,74,False,True,False
DEL004829,ORD004829,226001,True,47,False,False,True
DEL004830,ORD004830,500003,True,1,False,False,False
DEL004831,ORD004831,500002,True,39,False,False,False
DEL004832,ORD004832,500002,False,61,False,True,False
DEL004833,ORD004833,700001,True,86,False,False,True
DEL004834,ORD004834,500001,True,70,False,False,False
DEL004835,ORD004835,500001,True,30,False,False,False
DEL004836,ORD004836,500002,True,3,False,False,False
DEL004837,ORD004837,110001,False,21,False,False,False
DEL004838,ORD004838,110001,True,54,True,False,False
DEL004839,ORD004839,110001,True,91,False,False,False
DEL004840,ORD004840,110001,True,29,False,False,False
DEL004841,ORD004841,110001,True,46,False,False,False
DEL004842,ORD004842,560001,True,47,False,False,True
DEL004843,ORD004843,110001,False,75,False,False,False
DEL004844,ORD004844,700001,True,13,False,False,True
DEL004845,ORD004845,600002,True,84,False,False,False
DEL004846,ORD004846,600001,True,66,False,False,False
DEL004847,ORD004847,500001,True,92,False,False,False
DEL004848,ORD004848,500002,True,18,False,False,False
DEL004849,ORD004849,600001,True,95,False,False,False
DEL004850,ORD004850,700001,False,20,False,False,True
DEL004851,ORD004851,600001,True,45,False,False,False
DEL004852,ORD004852,560001,True,14,False,False,True
DEL004853,ORD004853,500002,False,72,False,False,False
DEL004854,ORD004854,500001,False,90,True,False,False
DEL004855,ORD004855,700001,True,44,False,False,True
DEL004856,ORD004856,226001,False,21,False,False,True
DEL004857,ORD004857,110001,True,23,False,False,False
DEL004858,ORD004858,226001,True,70,False,False,True
DEL004859,ORD004859,600002,True,83,False,False,False
DEL004860,ORD004860,500003,True,26,False,False,False
DEL004861,ORD004861,700001,True,3,False,False,True
DEL004862,ORD004862,500002,False,66,True,False,False
DEL004863,ORD004863,226001,True,71,False,False,True
DEL004864,ORD004864,560001,True,13,False,False,True
DEL004865,ORD004865,600001,True,14,False,True,False
DEL004866,ORD004866,110002,True,74,False,False,False
DEL004867,ORD004867,560001,False,93,False,False,True
DEL004868,ORD004868,500001,True,92,False,False,False
DEL004869,ORD004869,226001,True,84,False,False,True
DEL004870,ORD004870,500001,True,6,False,False,False
DEL004871,ORD004871,700001,True,21,False,False,True
DEL004872,ORD004872,700001,False,74,True,False,True
DEL004873,ORD004873,226001,True,71,False,True,True
DEL004874,ORD004874,500001,True,3,False,False,False
DEL004875,ORD004875,600002,False,58,False,False,False
DEL004876,ORD004876,600001,True,12,False,False,False
DEL004877,ORD004877,226001,True,47,False,False,True
DEL004878,ORD004878,600001,True,83,False,False,False
DEL004879,ORD004879,500002,True,91,False,False,False
DEL004880,ORD004880,600002,False,17,False,False,False
DEL004881,ORD004881,500002,False,20,False,False,False
DEL004882,ORD004882,500003,True,56,False,False,False
DEL004883,ORD004883,560001,True,11,False,False,True
DEL004884,ORD004884,700001,True,87,True,False,True
DEL004885,ORD004885,700001,False,91,False,False,True
DEL004886,ORD004886,110002,True,30,False,False,False
DEL004887,ORD004887,600001,True,93,False,False,False
DEL004888,ORD004888,700001,False,37,True,True,True
DEL004889,ORD004889,500001,True,66,False,False,False
DEL004890,ORD004890,500002,False,1,False,False,False
DEL004891,ORD004891,226001,True,19,False,False,True
DEL004892,ORD004892,600002,True,54,False,False,False
DEL004893,ORD004893,600002,True,25,False,False,False
DEL004894,ORD004894,600002,False,69,False,False,False
DEL004895,ORD004895,560001,False,26,False,False,True
DEL004896,ORD004896,226001,True,39,False,False,True
DEL004897,ORD004897,500002,False,25,False,False,False
DEL004898,ORD004898,226001,True,7,False,False,True
DEL004899,ORD004899,700001,True,66,False,False,True
DEL004900,ORD004900,600002,True,54,False,False,False
DEL004901,ORD004901,110002,True,91,False,False,False
DEL004902,ORD004902,700001,True,16,False,False,True
DEL004903,ORD004903,600002,True,33,False,False,False
DEL004904,ORD004904,600001,True,47,False,False,False
DEL004905,ORD004905,700001,False,60,True,False,True
DEL004906,ORD004906,560001,True,84,True,False,True
DEL004907,ORD004907,500003,False,19,False,True,False
DEL004908,ORD004908,600001,True,57,False,True,False
DEL004909,ORD004909,700001,True,34,False,False,True
DEL004910,ORD004910,500001,True,69,False,False,False
DEL004911,ORD004911,110002,True,87,False,False,False
DEL004912,ORD004912,226001,False,47,True,False,True
DEL004913,ORD004913,500003,False,29,False,False,False
DEL004914,ORD004914,226001,False,4,False,True,True
DEL004915,ORD004915,110002,False,22,False,False,False
DEL004916,ORD004916,700001,True,79,False,False,True
DEL004917,ORD004917,226001,True,94,False,False,True
DEL004918,ORD004918,500001,False,28,False,False,False
DEL004919,ORD004919,600001,True,42,False,False,False
DEL004920,ORD004920,500003,False,88,False,False,False
DEL004921,ORD004921,110001,False,47,False,False,False
DEL004922,ORD004922,600001,True,50,False,False,False
DEL004923,ORD004923,600002,False,94,False,False,False
DEL004924,ORD004924,600002,True,77,True,False,False
DEL004925,ORD004925,500003,True,13,True,False,False
DEL004926,ORD004926,110002,False,12,False,False,False
DEL004927,ORD004927,110001,True,24,False,False,False
DEL004928,ORD004928,700001,True,95,False,False,True
DEL004929,ORD004929,600002,False,27,False,False,False
DEL004930,ORD004930,500003,True,51,False,False,False
DEL004931,ORD004931,600002,True,42,False,False,False
DEL004932,ORD004932,226001,False,26,False,False,True
DEL004933,ORD004933,700001,False,45,False,False,True
DEL004934,ORD004934,600002,True,53,True,False,False
DEL004935,ORD004935,110002,True,85,True,False,False
DEL004936,ORD004936,500001,True,55,False,False,False
DEL004937,ORD004937,110002,False,14,False,False,False
DEL004938,ORD004938,600001,True,36,False,False,False
DEL004939,ORD004939,600002,False,50,False,False,False
DEL004940,ORD004940,560001,False,74,False,False,True
DEL004941,ORD004941,560001,True,64,True,False,True
DEL004942,ORD004942,600002,True,14,True,False,False
DEL004943,ORD004943,500002,True,81,False,False,False
DEL004944,ORD004944,110001,True,2,False,False,False
DEL004945,ORD004945,110001,True,90,False,False,False
DEL004946,ORD004946,500001,False,81,False,False,False
DEL004947,ORD004947,600002,True,33,False,False,False
DEL004948,ORD004948,600001,False,48,False,True,False
DEL004949,ORD004949,500001,True,63,False,False,False
DEL004950,ORD004950,560001,True,1,False,False,True
DEL004951,ORD004951,560001,True,37,False,False,True
DEL004952,ORD004952,500002,True,48,False,False,False
DEL004953,ORD004953,226001,True,2,False,False,True
DEL004954,ORD004954,700001,True,14,False,False,True
DEL004955,ORD004955,500003,True,95,False,False,False
DEL004956,ORD004956,500003,True,28,False,False,False
DEL004957,ORD004957,600001,True,41,False,False,False
DEL004958,ORD004958,110002,True,18,True,True,False
DEL004959,ORD004959,500002,True,80,False,True,False
DEL004960,ORD004960,226001,True,58,False,False,True
DEL004961,ORD004961,500002,True,11,False,False,False
DEL004962,ORD004962,700001,True,72,False,False,True
DEL004963,ORD004963,600001,True,35,False,False,False
DEL004964,ORD004964,110002,True,83,True,False,False
DEL004965,ORD004965,700001,True,48,False,False,True
DEL004966,ORD004966,110002,False,32,False,False,False
DEL004967,ORD004967,600002,True,72,False,False,False
DEL004968,ORD004968,500001,True,59,False,True,False
DEL004969,ORD004969,700001,False,44,False,False,True
DEL004970,ORD004970,560001,True,51,False,False,True
DEL004971,ORD004971,600002,False,12,False,False,False
DEL004972,ORD004972,700001,False,18,False,False,True
DEL004973,ORD004973,560001,True,90,False,False,True
DEL004974,ORD004974,600001,True,38,True,False,False
DEL004975,ORD004975,500002,True,70,False,False,False
DEL004976,ORD004976,700001,False,13,True,False,True
DEL004977,ORD004977,700001,True,7,False,False,True
DEL004978,ORD004978,110002,False,71,False,False,False
DEL004979,ORD004979,560001,True,76,True,False,True
DEL004980,ORD004980,600001,True,35,False,False,False
DEL004981,ORD004981,226001,True,2,False,False,True
DEL004982,ORD004982,600001,True,67,False,False,False
DEL004983,ORD004983,500001,True,85,False,False,False
DEL004984,ORD004984,700001,True,94,False,False,True
DEL004985,ORD004985,226001,True,91,False,True,True
DEL004986,ORD004986,700001,True,27,True,False,True
DEL004987,ORD004987,600002,True,11,False,False,False
DEL004988,ORD004988,110002,False,82,False,False,False
DEL004989,ORD004989,500003,True,7,False,False,False
DEL004990,ORD004990,560001,True,2,False,False,True
DEL004991,ORD004991,700001,True,58,False,False,True
DEL004992,ORD004992,560001,True,90,False,False,True
DEL004993,ORD004993,600002,True,72,True,False,False
DEL004994,ORD004994,110001,True,88,False,False,False
DEL004995,ORD004995,500003,True,57,False,False,False
DEL004996,ORD004996,500003,True,1,False,False,False
DEL004997,ORD004997,110002,True,52,False,False,False
DEL004998,ORD004998,700001,True,47,False,False,True
DEL004999,ORD004999,700001,False,82,False,False,True
DEL005000,ORD005000,500002,False,34,False,False,False
DEL005001,ORD005001,110002,True,7,False,True,False
DEL005002,ORD005002,560001,True,23,True,False,True
DEL005003,ORD005003,500001,False,81,False,False,False
DEL005004,ORD005004,226001,True,56,False,False,True
DEL005005,ORD005005,600001,True,70,False,False,False
DEL005006,ORD005006,700001,True,63,False,False,True
DEL005007,ORD005007,700001,False,74,False,False,True
DEL005008,ORD005008,600002,True,24,True,False,False
DEL005009,ORD005009,110002,False,43,False,True,False
DEL005010,ORD005010,110001,False,45,False,False,False
DEL005011,ORD005011,600001,True,28,False,True,False
DEL005012,ORD005012,110002,True,95,False,False,False
DEL005013,ORD005013,500003,True,31,False,False,False
DEL005014,ORD005014,500001,True,54,False,False,False
DEL005015,ORD005015,500002,True,33,False,False,False
DEL005016,ORD005016,110002,True,64,False,False,False
DEL005017,ORD005017,226001,True,32,True,False,True
DEL005018,ORD005018,600001,True,75,False,False,False
DEL005019,ORD005019,110002,True,75,False,False,False
DEL005020,ORD005020,560001,False,4,False,False,True
DEL005021,ORD005021,110002,True,70,False,False,False
DEL005022,ORD005022,600002,True,32,False,False,False
DEL005023,ORD005023,500001,True,90,True,False,False
DEL005024,ORD005024,110001,True,32,False,False,False
DEL005025,ORD005025,110002,True,39,False,False,False
DEL005026,ORD005026,600001,True,29,True,False,False
DEL005027,ORD005027,500003,True,69,False,False,False
DEL005028,ORD005028,110001,True,67,False,False,False
DEL005029,ORD005029,226001,True,32,False,False,True
DEL005030,ORD005030,500003,True,14,False,False,False
DEL005031,ORD005031,226001,True,24,False,False,True
DEL005032,ORD005032,560001,True,33,False,False,True
DEL005033,ORD005033,600002,False,95,False,False,False
DEL005034,ORD005034,110001,False,25,False,False,False
DEL005035,ORD005035,500003,True,73,False,False,False
DEL005036,ORD005036,500001,True,24,False,True,False
DEL005037,ORD005037,500001,False,38,False,False,False
DEL005038,ORD005038,600002,True,70,False,False,False
DEL005039,ORD005039,600002,True,54,False,False,False
DEL005040,ORD005040,500001,True,37,False,False,False
DEL005041,ORD005041,110001,True,61,False,False,False
DEL005042,ORD005042,700001,True,54,False,False,True
DEL005043,ORD005043,600001,False,40,False,False,False
DEL005044,ORD005044,560001,False,14,False,False,True
DEL005045,ORD005045,110002,True,39,False,False,False
DEL005046,ORD005046,110001,True,20,False,False,False
DEL005047,ORD005047,500002,True,94,False,True,False
DEL005048,ORD005048,700001,True,7,False,False,True
DEL005049,ORD005049,226001,True,87,False,False,True
DEL005050,ORD005050,110001,True,55,False,False,False
DEL005051,ORD005051,226001,True,52,False,False,True
DEL005052,ORD005052,500001,True,64,True,False,False
DEL005053,ORD005053,226001,True,62,False,False,True
DEL005054,ORD005054,600002,True,21,False,False,False
DEL005055,ORD005055,110001,True,66,False,True,False
DEL005056,ORD005056,560001,True,27,False,False,True
DEL005057,ORD005057,226001,False,64,False,False,True
DEL005058,ORD005058,600001,False,30,False,False,False
DEL005059,ORD005059,700001,True,85,False,False,True
DEL005060,ORD005060,500003,True,38,False,False,False
DEL005061,ORD005061,560001,True,87,True,False,True
DEL005062,ORD005062,500002,True,21,False,False,False
DEL005063,ORD005063,110001,True,38,False,False,False
DEL005064,ORD005064,500001,True,95,False,False,False
DEL005065,ORD005065,600001,False,73,False,False,False
DEL005066,ORD005066,226001,True,84,False,False,True
DEL005067,ORD005067,700001,True,33,False,False,True
DEL005068,ORD005068,110002,True,56,False,False,False
DEL005069,ORD005069,226001,True,80,False,False,True
DEL005070,ORD005070,226001,True,83,False,False,True
DEL005071,ORD005071,600001,True,82,False,False,False
DEL005072,ORD005072,110002,True,28,False,False,False
DEL005073,ORD005073,500003,True,87,False,False,False
DEL005074,ORD005074,600001,False,58,False,False,False
DEL005075,ORD005075,500001,True,58,False,False,False
DEL005076,ORD005076,500001,True,73,False,False,False
DEL005077,ORD005077,600001,False,50,False,True,False
DEL005078,ORD005078,700001,True,84,False,False,True
DEL005079,ORD005079,500001,True,20,False,False,False
DEL005080,ORD005080,500002,True,80,False,False,False
DEL005081,ORD005081,600002,True,37,False,False,False
DEL005082,ORD005082,110002,True,80,False,False,False
DEL005083,ORD005083,500002,True,75,False,False,False
DEL005084,ORD005084,110002,True,34,False,False,False
DEL005085,ORD005085,600002,True,14,False,False,False
DEL005086,ORD005086,110001,True,86,False,False,False
DEL005087,ORD005087,500003,False,20,False,False,False
DEL005088,ORD005088,226001,True,39,False,False,True
DEL005089,ORD005089,110001,True,13,False,True,False
DEL005090,ORD005090,500002,True,69,False,False,False
DEL005091,ORD005091,226001,True,93,True,False,True
DEL005092,ORD005092,226001,True,60,False,False,True
DEL005093,ORD005093,600002,True,22,False,False,False
DEL005094,ORD005094,600002,False,42,False,False,False
DEL005095,ORD005095,110001,True,70,False,False,False
DEL005096,ORD005096,500003,True,27,False,False,False
DEL005097,ORD005097,500002,True,16,False,False,False
DEL005098,ORD005098,500003,True,61,False,False,False
DEL005099,ORD005099,600001,True,79,False,False,False
DEL005100,ORD005100,560001,True,87,False,False,True
DEL005101,ORD005101,110002,True,47,False,False,False
DEL005102,ORD005102,500001,True,59,False,False,False
DEL005103,ORD005103,110002,True,21,False,False,False
DEL005104,ORD005104,500003,True,36,False,False,False
DEL005105,ORD005105,600001,True,9,False,False,False
DEL005106,ORD005106,226001,True,12,False,False,True
DEL005107,ORD005107,110002,True,43,False,False,False
DEL005108,ORD005108,500002,False,22,False,False,False
DEL005109,ORD005109,700001,True,87,False,False,True
DEL005110,ORD005110,600002,True,40,False,False,False
DEL005111,ORD005111,600001,True,49,False,True,False
DEL005112,ORD005112,700001,False,32,True,False,True
DEL005113,ORD005113,700001,True,76,False,False,True
DEL005114,ORD005114,500002,True,59,True,False,False
DEL005115,ORD005115,700001,True,11,False,False,True
DEL005116,ORD005116,500001,True,62,False,False,False
DEL005117,ORD005117,500001,True,88,False,False,False
DEL005118,ORD005118,110001,True,90,False,False,False
DEL005119,ORD005119,500001,True,24,False,False,False
DEL005120,ORD005120,110001,False,62,False,False,False
DEL005121,ORD005121,110001,True,51,False,False,False
DEL005122,ORD005122,700001,True,76,False,False,True
DEL005123,ORD005123,110002,False,11,False,False,False
DEL005124,ORD005124,500002,True,39,False,False,False
DEL005125,ORD005125,500001,True,95,False,True,False
DEL005126,ORD005126,500003,True,6,False,False,False
DEL005127,ORD005127,500002,True,42,False,False,False
DEL005128,ORD005128,560001,True,59,True,False,True
DEL005129,ORD005129,226001,True,14,False,False,True
DEL005130,ORD005130,226001,False,46,False,False,True
DEL005131,ORD005131,600001,True,79,False,False,False
DEL005132,ORD005132,500003,True,18,False,False,False
DEL005133,ORD005133,500002,False,71,False,True,False
DEL005134,ORD005134,500001,False,67,False,True,False
DEL005135,ORD005135,110002,True,42,False,False,False
DEL005136,ORD005136,500002,True,3,False,False,False
DEL005137,ORD005137,500001,False,11,False,True,False
DEL005138,ORD005138,110001,True,86,True,False,False
DEL005139,ORD005139,600001,True,11,False,False,False
DEL005140,ORD005140,500003,True,60,False,False,False
DEL005141,ORD005141,500002,True,77,True,False,False
DEL005142,ORD005142,110001,True,14,False,True,False
DEL005143,ORD005143,600001,False,52,False,False,False
DEL005144,ORD005144,226001,True,51,False,False,True
DEL005145,ORD005145,110001,True,70,True,False,False
DEL005146,ORD005146,600001,True,14,False,False,False
DEL005147,ORD005147,226001,True,81,False,False,True
DEL005148,ORD005148,700001,True,43,False,False,True
DEL005149,ORD005149,110001,False,78,False,False,False
DEL005150,ORD005150,110001,True,65,False,False,False
DEL005151,ORD005151,700001,True,16,False,False,True
DEL005152,ORD005152,600001,False,72,False,False,False
DEL005153,ORD005153,560001,True,19,False,False,True
DEL005154,ORD005154,600001,True,69,True,False,False
DEL005155,ORD005155,110002,True,83,False,False,False
DEL005156,ORD005156,700001,True,11,False,False,True
DEL005157,ORD005157,500003,True,73,False,False,False
DEL005158,ORD005158,600002,True,53,False,True,False
DEL005159,ORD005159,500001,True,45,False,False,False
DEL005160,ORD005160,600001,True,39,False,False,False
DEL005161,ORD005161,500003,False,11,True,False,False
DEL005162,ORD005162,500003,True,11,False,False,False
DEL005163,ORD005163,110001,False,55,False,False,False
DEL005164,ORD005164,110001,False,75,False,True,False
DEL005165,ORD005165,500002,True,62,False,False,False
DEL005166,ORD005166,110001,True,5,False,True,False
DEL005167,ORD005167,500002,True,95,True,True,False
DEL005168,ORD005168,226001,True,24,False,False,True
DEL005169,ORD005169,500002,True,63,False,False,False
DEL005170,ORD005170,700001,True,91,True,False,True
DEL005171,ORD005171,560001,True,67,False,False,True
DEL005172,ORD005172,110002,True,75,False,False,False
DEL005173,ORD005173,500001,True,50,False,False,False
DEL005174,ORD005174,500003,True,34,False,False,False
DEL005175,ORD005175,700001,True,62,False,False,True
DEL005176,ORD005176,110002,True,52,False,False,False
DEL005177,ORD005177,110001,True,9,False,False,False
DEL005178,ORD005178,110002,True,80,False,False,False
DEL005179,ORD005179,700001,False,75,False,False,True
DEL005180,ORD005180,700001,True,67,False,False,True
DEL005181,ORD005181,226001,True,1,False,False,True
DEL005182,ORD005182,700001,True,1,False,True,True
DEL005183,ORD005183,226001,True,74,False,False,True
DEL005184,ORD005184,110001,False,47,False,True,False
DEL005185,ORD005185,500001,True,87,False,False,False
DEL005186,ORD005186,600001,True,72,False,False,False
DEL005187,ORD005187,560001,False,10,False,False,True
DEL005188,ORD005188,600002,False,83,False,False,False
DEL005189,ORD005189,500001,False,65,False,False,False
DEL005190,ORD005190,110001,True,93,False,False,False
DEL005191,ORD005191,500001,False,23,False,False,False
DEL005192,ORD005192,500001,True,37,False,False,False
DEL005193,ORD005193,500001,False,65,False,False,False
DEL005194,ORD005194,110002,True,12,False,False,False
DEL005195,ORD005195,226001,True,59,False,False,True
DEL005196,ORD005196,110002,True,4,False,False,False
DEL005197,ORD005197,560001,True,9,False,False,True
DEL005198,ORD005198,110001,True,55,False,False,False
DEL005199,ORD005199,226001,True,83,False,False,True
DEL005200,ORD005200,110001,True,94,False,False,False
DEL005201,ORD005201,110001,True,9,True,False,False
DEL005202,ORD005202,500001,True,47,False,False,False
DEL005203,ORD005203,500002,True,3,False,False,False
DEL005204,ORD005204,500003,True,34,False,False,False
DEL005205,ORD005205,560001,True,48,True,False,True
DEL005206,ORD005206,560001,True,63,False,False,True
DEL005207,ORD005207,500001,True,42,False,False,False
DEL005208,ORD005208,600002,True,59,False,False,False
DEL005209,ORD005209,600001,True,70,False,False,False
DEL005210,ORD005210,500001,True,40,True,False,False
DEL005211,ORD005211,110001,True,40,True,False,False
DEL005212,ORD005212,110002,True,57,False,False,False
DEL005213,ORD005213,500001,False,47,False,False,False
DEL005214,ORD005214,500001,True,21,False,False,False
DEL005215,ORD005215,110001,False,22,True,False,False
DEL005216,ORD005216,500003,True,31,False,False,False
DEL005217,ORD005217,600002,True,37,False,False,False
DEL005218,ORD005218,110001,True,34,False,False,False
DEL005219,ORD005219,500003,False,56,False,False,False
DEL005220,ORD005220,226001,True,26,False,False,True
DEL005221,ORD005221,500003,True,89,False,False,False
DEL005222,ORD005222,600002,True,92,False,False,False
DEL005223,ORD005223,110002,True,16,False,False,False
DEL005224,ORD005224,500001,True,75,True,False,False
DEL005225,ORD005225,500001,True,88,False,False,False
DEL005226,ORD005226,700001,True,10,False,False,True
DEL005227,ORD005227,226001,True,54,False,True,True
DEL005228,ORD005228,560001,True,47,True,False,True
DEL005229,ORD005229,560001,False,89,False,True,True
DEL005230,ORD005230,110001,True,62,False,False,False
DEL005231,ORD005231,226001,True,77,False,False,True
DEL005232,ORD005232,110002,True,78,False,False,False
DEL005233,ORD005233,110001,True,75,False,False,False
DEL005234,ORD005234,500003,False,47,False,False,False
DEL005235,ORD005235,110002,True,16,False,False,False
DEL005236,ORD005236,110002,False,60,False,False,False
DEL005237,ORD005237,110001,False,82,False,False,False
DEL005238,ORD005238,500003,False,46,False,False,False
DEL005239,ORD005239,500002,False,95,False,False,False
DEL005240,ORD005240,500001,False,54,False,False,False
DEL005241,ORD005241,700001,True,27,True,False,True
DEL005242,ORD005242,110002,True,10,False,False,False
DEL005243,ORD005243,600002,False,32,True,True,False
DEL005244,ORD005244,600002,False,27,False,False,False
DEL005245,ORD005245,600001,False,10,False,False,False
DEL005246,ORD005246,700001,True,83,False,True,True
DEL005247,ORD005247,600001,False,22,False,False,False
DEL005248,ORD005248,110002,True,6,False,False,False
DEL005249,ORD005249,560001,True,33,True,False,True
DEL005250,ORD005250,226001,False,9,False,False,True
DEL005251,ORD005251,600002,False,23,False,True,False
DEL005252,ORD005252,226001,False,93,True,True,True
DEL005253,ORD005253,700001,False,75,False,False,True
DEL005254,ORD005254,600002,True,49,False,False,False
DEL005255,ORD005255,700001,True,26,True,False,True
DEL005256,ORD005256,226001,True,43,False,False,True
DEL005257,ORD005257,700001,True,50,False,False,True
DEL005258,ORD005258,226001,False,61,False,False,True
DEL005259,ORD005259,500003,False,57,False,False,False
DEL005260,ORD005260,500001,True,7,False,False,False
DEL005261,ORD005261,500001,True,79,False,False,False
DEL005262,ORD005262,110001,True,63,False,False,False
DEL005263,ORD005263,700001,True,58,False,False,True
DEL005264,ORD005264,110002,True,87,True,False,False
DEL005265,ORD005265,500002,True,34,False,False,False
DEL005266,ORD005266,110001,True,65,True,False,False
DEL005267,ORD005267,700001,True,64,True,False,True
DEL005268,ORD005268,500003,True,8,False,False,False
DEL005269,ORD005269,110001,True,52,False,False,False
DEL005270,ORD005270,110002,True,26,False,False,False
DEL005271,ORD005271,500002,False,75,False,False,False
DEL005272,ORD005272,700001,True,77,False,False,True
DEL005273,ORD005273,226001,True,63,False,False,True
DEL005274,ORD005274,226001,True,13,False,False,True
DEL005275,ORD005275,600002,False,47,False,False,False
DEL005276,ORD005276,110001,False,50,False,False,False
DEL005277,ORD005277,500002,True,71,False,False,False
DEL005278,ORD005278,110002,True,52,False,False,False
DEL005279,ORD005279,600001,True,37,False,False,False
DEL005280,ORD005280,600002,True,87,False,False,False
DEL005281,ORD005281,110002,True,7,False,False,False
DEL005282,ORD005282,110001,True,92,False,False,False
DEL005283,ORD005283,600002,False,68,False,False,False
DEL005284,ORD005284,500003,False,68,False,False,False
DEL005285,ORD005285,110001,True,88,True,False,False
DEL005286,ORD005286,110001,True,57,False,False,False
DEL005287,ORD005287,110001,True,64,False,False,False
DEL005288,ORD005288,500001,True,86,True,False,False
DEL005289,ORD005289,500002,True,82,False,False,False
DEL005290,ORD005290,700001,True,59,False,False,True
DEL005291,ORD005291,700001,True,56,True,False,True
DEL005292,ORD005292,700001,True,9,False,False,True
DEL005293,ORD005293,600002,False,72,False,False,False
DEL005294,ORD005294,600002,True,2,False,False,False
DEL005295,ORD005295,600001,True,93,True,False,False
DEL005296,ORD005296,560001,True,85,False,False,True
DEL005297,ORD005297,560001,True,18,True,False,True
DEL005298,ORD005298,500002,True,81,False,False,False
DEL005299,ORD005299,700001,False,77,False,False,True
DEL005300,ORD005300,500001,True,84,False,False,False
DEL005301,ORD005301,600001,True,87,False,False,False
DEL005302,ORD005302,500003,True,14,False,False,False
DEL005303,ORD005303,500002,True,15,False,False,False
DEL005304,ORD005304,226001,True,3,False,False,True
DEL005305,ORD005305,500001,True,21,False,False,False
DEL005306,ORD005306,700001,False,60,False,False,True
DEL005307,ORD005307,600002,True,45,False,False,False
DEL005308,ORD005308,600001,True,26,False,False,False
DEL005309,ORD005309,500001,False,74,False,False,False
DEL005310,ORD005310,226001,True,80,False,True,True
DEL005311,ORD005311,110001,True,46,False,False,False
DEL005312,ORD005312,110001,True,67,False,True,False
DEL005313,ORD005313,110002,True,16,False,False,False
DEL005314,ORD005314,110002,True,87,False,False,False
DEL005315,ORD005315,500002,True,27,False,False,False
DEL005316,ORD005316,110001,True,17,True,False,False
DEL005317,ORD005317,500003,True,17,False,False,False
DEL005318,ORD005318,500002,True,73,False,False,False
DEL005319,ORD005319,600001,True,68,False,False,False
DEL005320,ORD005320,110002,False,6,False,True,False
DEL005321,ORD005321,600002,True,84,True,False,False
DEL005322,ORD005322,110002,True,72,False,False,False
DEL005323,ORD005323,226001,True,66,False,True,True
DEL005324,ORD005324,600001,False,57,False,False,False
DEL005325,ORD005325,500001,True,11,False,False,False
DEL005326,ORD005326,110001,True,34,False,False,False
DEL005327,ORD005327,560001,True,4,False,False,True
DEL005328,ORD005328,500001,True,47,False,False,False
DEL005329,ORD005329,110002,True,18,False,False,False
DEL005330,ORD005330,110002,True,82,False,False,False
DEL005331,ORD005331,500001,True,82,False,False,False
DEL005332,ORD005332,500002,True,59,True,False,False
DEL005333,ORD005333,226001,True,47,False,False,True
DEL005334,ORD005334,500002,False,36,False,False,False
DEL005335,ORD005335,226001,True,62,False,False,True
DEL005336,ORD005336,600001,True,55,False,False,False
DEL005337,ORD005337,500002,True,83,False,False,False
DEL005338,ORD005338,600002,True,69,False,False,False
DEL005339,ORD005339,560001,True,32,True,False,True
DEL005340,ORD005340,500002,False,58,False,False,False
DEL005341,ORD005341,560001,True,40,False,False,True
DEL005342,ORD005342,600001,False,53,False,False,False
DEL005343,ORD005343,110002,True,5,False,False,False
DEL005344,ORD005344,110001,True,94,True,False,False
DEL005345,ORD005345,600001,True,45,False,False,False
DEL005346,ORD005346,110001,False,80,False,False,False
DEL005347,ORD005347,500003,True,57,True,True,False
DEL005348,ORD005348,226001,False,76,False,False,True
DEL005349,ORD005349,600001,True,66,False,False,False
DEL005350,ORD005350,600001,True,17,False,False,False
DEL005351,ORD005351,700001,True,93,False,False,True
DEL005352,ORD005352,500001,True,22,False,False,False
DEL005353,ORD005353,560001,False,9,False,False,True
DEL005354,ORD005354,700001,True,16,False,False,True
DEL005355,ORD005355,560001,True,91,True,False,True
DEL005356,ORD005356,600002,True,9,False,False,False
DEL005357,ORD005357,560001,False,18,True,False,True
DEL005358,ORD005358,600002,False,69,False,False,False
DEL005359,ORD005359,110002,True,76,False,False,False
DEL005360,ORD005360,600001,True,12,False,False,False
DEL005361,ORD005361,226001,False,41,False,False,True
DEL005362,ORD005362,110001,True,93,False,False,False
DEL005363,ORD005363,110001,True,78,False,False,False
DEL005364,ORD005364,110001,True,76,False,False,False
DEL005365,ORD005365,500001,True,64,False,False,False
DEL005366,ORD005366,500003,True,78,False,False,False
DEL005367,ORD005367,500001,True,67,False,False,False
DEL005368,ORD005368,700001,True,71,False,False,True
DEL005369,ORD005369,500003,False,62,False,False,False
DEL005370,ORD005370,560001,True,53,True,False,True
DEL005371,ORD005371,600002,False,68,False,False,False
DEL005372,ORD005372,110002,True,66,True,False,False
DEL005373,ORD005373,500002,True,44,False,False,False
DEL005374,ORD005374,600001,False,44,False,False,False
DEL005375,ORD005375,600001,True,41,False,False,False
DEL005376,ORD005376,500002,True,23,False,False,False
DEL005377,ORD005377,226001,False,37,False,False,True
DEL005378,ORD005378,700001,False,22,False,False,True
DEL005379,ORD005379,500002,True,44,True,False,False
DEL005380,ORD005380,500001,True,27,False,False,False
DEL005381,ORD005381,600002,True,61,False,False,False
DEL005382,ORD005382,560001,True,28,False,False,True
DEL005383,ORD005383,560001,True,47,True,False,True
DEL005384,ORD005384,600002,False,72,False,False,False
DEL005385,ORD005385,500001,True,39,False,False,False
DEL005386,ORD005386,110002,True,68,False,False,False
DEL005387,ORD005387,110002,True,85,True,False,False
DEL005388,ORD005388,226001,False,19,False,False,True
DEL005389,ORD005389,110002,True,39,False,False,False
DEL005390,ORD005390,110001,True,2,False,False,False
DEL005391,ORD005391,500002,True,31,False,False,False
DEL005392,ORD005392,560001,False,84,False,False,True
DEL005393,ORD005393,500001,False,56,True,False,False
DEL005394,ORD005394,500001,False,42,False,False,False
DEL005395,ORD005395,110002,True,31,False,False,False
DEL005396,ORD005396,500001,True,67,False,False,False
DEL005397,ORD005397,600001,False,87,False,False,False
DEL005398,ORD005398,226001,True,72,False,False,True
DEL005399,ORD005399,110001,False,52,False,False,False
DEL005400,ORD005400,600002,True,10,False,False,False
DEL005401,ORD005401,700001,True,74,False,False,True
DEL005402,ORD005402,560001,True,11,True,False,True
DEL005403,ORD005403,500003,True,73,False,False,False
DEL005404,ORD005404,500003,True,16,False,False,False
DEL005405,ORD005405,110001,True,42,False,False,False
DEL005406,ORD005406,500003,True,50,False,False,False
DEL005407,ORD005407,500001,True,83,False,False,False
DEL005408,ORD005408,110001,False,60,False,False,False
DEL005409,ORD005409,500001,False,28,False,False,False
DEL005410,ORD005410,500002,False,62,False,False,False
DEL005411,ORD005411,700001,True,51,False,False,True
DEL005412,ORD005412,500002,True,29,False,False,False
DEL005413,ORD005413,500002,True,12,False,False,False
DEL005414,ORD005414,600002,True,18,False,False,False
DEL005415,ORD005415,600001,True,87,False,False,False
DEL005416,ORD005416,600001,True,86,False,False,False
DEL005417,ORD005417,226001,True,5,False,False,True
DEL005418,ORD005418,500003,True,72,False,False,False
DEL005419,ORD005419,600001,True,36,False,False,False
DEL005420,ORD005420,110002,True,51,False,False,False
DEL005421,ORD005421,500003,True,81,False,False,False
DEL005422,ORD005422,110001,True,71,False,False,False
DEL005423,ORD005423,500003,True,44,False,False,False
DEL005424,ORD005424,110001,True,38,False,False,False
DEL005425,ORD005425,226001,True,30,False,False,True
DEL005426,ORD005426,500001,True,29,True,False,False
DEL005427,ORD005427,500003,True,3,False,True,False
DEL005428,ORD005428,600001,True,35,False,False,False
DEL005429,ORD005429,600001,True,91,False,False,False
DEL005430,ORD005430,600001,True,79,False,False,False
DEL005431,ORD005431,500001,True,72,False,False,False
DEL005432,ORD005432,500002,True,32,False,True,False
DEL005433,ORD005433,500001,True,54,False,True,False
DEL005434,ORD005434,600001,True,72,False,False,False
DEL005435,ORD005435,700001,True,40,False,False,True
DEL005436,ORD005436,560001,True,73,False,False,True
DEL005437,ORD005437,500001,True,25,False,False,False
DEL005438,ORD005438,560001,True,79,True,False,True
DEL005439,ORD005439,500002,True,60,False,False,False
DEL005440,ORD005440,600002,True,76,True,False,False
DEL005441,ORD005441,700001,True,67,False,False,True
DEL005442,ORD005442,700001,True,27,True,False,True
DEL005443,ORD005443,500001,True,92,False,False,False
DEL005444,ORD005444,700001,True,86,False,False,True
DEL005445,ORD005445,110001,False,23,False,False,False
DEL005446,ORD005446,500001,False,12,False,False,False
DEL005447,ORD005447,110002,True,66,False,False,False
DEL005448,ORD005448,500003,False,28,False,False,False
DEL005449,ORD005449,600002,True,16,False,False,False
DEL005450,ORD005450,600001,True,69,False,False,False
DEL005451,ORD005451,500003,False,92,False,False,False
DEL005452,ORD005452,500003,True,36,False,False,False
DEL005453,ORD005453,600001,True,67,False,False,False
DEL005454,ORD005454,500003,True,76,False,False,False
DEL005455,ORD005455,110001,True,11,False,False,False
DEL005456,ORD005456,500002,False,93,False,False,False
DEL005457,ORD005457,500001,True,13,False,False,False
DEL005458,ORD005458,700001,True,9,False,False,True
DEL005459,ORD005459,110002,True,63,False,False,False
DEL005460,ORD005460,500001,True,31,False,False,False
DEL005461,ORD005461,560001,True,23,False,False,True
DEL005462,ORD005462,500001,True,66,False,False,False
DEL005463,ORD005463,500001,True,86,False,False,False
DEL005464,ORD005464,110001,True,19,True,False,False
DEL005465,ORD005465,226001,True,93,False,False,True
DEL005466,ORD005466,700001,True,40,False,False,True
DEL005467,ORD005467,500003,False,48,False,False,False
DEL005468,ORD005468,500002,True,5,False,False,False
DEL005469,ORD005469,226001,True,70,False,False,True
DEL005470,ORD005470,500001,True,59,False,False,False
DEL005471,ORD005471,110001,False,23,True,False,False
DEL005472,ORD005472,600002,True,69,False,False,False
DEL005473,ORD005473,226001,False,44,False,False,True
DEL005474,ORD005474,110002,True,71,False,False,False
DEL005475,ORD005475,600002,True,27,False,False,False
DEL005476,ORD005476,110001,True,15,False,False,False
DEL005477,ORD005477,500002,True,34,False,False,False
DEL005478,ORD005478,500001,False,53,False,False,False
DEL005479,ORD005479,110001,True,91,False,False,False
DEL005480,ORD005480,500002,True,6,False,False,False
DEL005481,ORD005481,500003,True,27,False,False,False
DEL005482,ORD005482,500001,True,20,False,False,False
DEL005483,ORD005483,560001,True,85,False,True,True
DEL005484,ORD005484,110002,False,23,False,False,False
DEL005485,ORD005485,226001,False,2,False,False,True
DEL005486,ORD005486,560001,True,3,True,False,True
DEL005487,ORD005487,600002,True,73,False,False,False
DEL005488,ORD005488,110001,True,24,False,False,False
DEL005489,ORD005489,500003,True,74,False,False,False
DEL005490,ORD005490,110002,True,37,False,False,False
DEL005491,ORD005491,600001,True,25,False,False,False
DEL005492,ORD005492,500002,True,4,False,False,False
DEL005493,ORD005493,110002,False,4,False,False,False
DEL005494,ORD005494,110001,True,53,False,False,False
DEL005495,ORD005495,500001,True,47,False,False,False
DEL005496,ORD005496,700001,False,71,False,False,True
DEL005497,ORD005497,700001,False,50,False,False,True
DEL005498,ORD005498,226001,True,17,False,False,True
DEL005499,ORD005499,500003,True,2,True,False,False
DEL005500,ORD005500,226001,False,83,False,False,True
DEL005501,ORD005501,500001,False,53,False,False,False
DEL005502,ORD005502,110002,True,16,False,False,False
DEL005503,ORD005503,600001,False,35,True,False,False
DEL005504,ORD005504,500003,True,23,False,False,False
DEL005505,ORD005505,560001,True,88,False,False,True
DEL005506,ORD005506,700001,False,80,False,False,True
DEL005507,ORD005507,560001,True,65,False,False,True
DEL005508,ORD005508,600001,True,86,False,False,False
DEL005509,ORD005509,110002,False,17,False,False,False
DEL005510,ORD005510,500002,True,44,False,False,False
DEL005511,ORD005511,500001,True,13,False,False,False
DEL005512,ORD005512,500001,True,83,False,False,False
DEL005513,ORD005513,226001,True,76,False,False,True
DEL005514,ORD005514,600002,True,19,False,False,False
DEL005515,ORD005515,700001,True,28,False,False,True
DEL005516,ORD005516,600001,True,66,False,False,False
DEL005517,ORD005517,600001,True,90,False,False,False
DEL005518,ORD005518,110002,True,46,False,False,False
DEL005519,ORD005519,226001,True,52,False,False,True
DEL005520,ORD005520,500001,True,70,False,False,False
DEL005521,ORD005521,500002,True,29,False,False,False
DEL005522,ORD005522,110002,True,39,False,False,False
DEL005523,ORD005523,226001,True,66,True,False,True
DEL005524,ORD005524,560001,False,1,False,False,True
DEL005525,ORD005525,500003,True,77,True,False,False
DEL005526,ORD005526,700001,False,24,True,False,True
DEL005527,ORD005527,500001,False,84,False,False,False
DEL005528,ORD005528,500002,True,62,False,False,False
DEL005529,ORD005529,500002,False,54,True,False,False
DEL005530,ORD005530,560001,True,36,False,False,True
DEL005531,ORD005531,600001,True,35,False,False,False
DEL005532,ORD005532,500003,False,36,True,True,False
DEL005533,ORD005533,560001,True,91,False,False,True
DEL005534,ORD005534,226001,True,45,False,False,True
DEL005535,ORD005535,500001,True,87,False,False,False
DEL005536,ORD005536,500003,True,74,True,False,False
DEL005537,ORD005537,500001,True,49,False,False,False
DEL005538,ORD005538,500003,True,15,False,False,False
DEL005539,ORD005539,110001,True,15,False,False,False
DEL005540,ORD005540,560001,True,73,False,False,True
DEL005541,ORD005541,110001,True,77,True,False,False
DEL005542,ORD005542,600002,True,63,False,True,False
DEL005543,ORD005543,500002,True,70,False,False,False
DEL005544,ORD005544,600002,True,74,False,False,False
DEL005545,ORD005545,110001,True,65,False,False,False
DEL005546,ORD005546,560001,True,11,False,False,True
DEL005547,ORD005547,700001,True,18,False,False,True
DEL005548,ORD005548,500001,True,87,False,False,False
DEL005549,ORD005549,500002,True,34,False,False,False
DEL005550,ORD005550,226001,True,94,False,True,True
DEL005551,ORD005551,700001,True,2,False,False,True
DEL005552,ORD005552,700001,True,4,False,False,True
DEL005553,ORD005553,600002,True,82,False,False,False
DEL005554,ORD005554,226001,True,59,False,False,True
DEL005555,ORD005555,110002,False,49,True,False,False
DEL005556,ORD005556,600001,False,79,False,False,False
DEL005557,ORD005557,110001,False,36,False,False,False
DEL005558,ORD005558,226001,True,40,True,False,True
DEL005559,ORD005559,500001,False,18,False,False,False
DEL005560,ORD005560,110001,True,68,False,False,False
DEL005561,ORD005561,226001,True,49,False,False,True
DEL005562,ORD005562,500003,True,12,False,False,False
DEL005563,ORD005563,226001,True,89,False,False,True
DEL005564,ORD005564,560001,True,21,False,False,True
DEL005565,ORD005565,560001,True,85,False,True,True
DEL005566,ORD005566,110002,True,12,False,False,False
DEL005567,ORD005567,560001,False,49,False,False,True
DEL005568,ORD005568,500003,False,31,False,False,False
DEL005569,ORD005569,500001,True,37,False,False,False
DEL005570,ORD005570,560001,True,60,False,False,True
DEL005571,ORD005571,600002,True,16,False,False,False
DEL005572,ORD005572,500003,False,75,False,False,False
DEL005573,ORD005573,560001,True,15,False,False,True
DEL005574,ORD005574,110001,True,20,False,False,False
DEL005575,ORD005575,500001,False,84,False,False,False
DEL005576,ORD005576,500002,True,27,False,False,False
DEL005577,ORD005577,600001,False,16,False,False,False
DEL005578,ORD005578,700001,True,79,True,False,True
DEL005579,ORD005579,700001,True,60,False,False,True
DEL005580,ORD005580,226001,False,95,False,False,True
DEL005581,ORD005581,500002,True,15,False,False,False
DEL005582,ORD005582,500001,True,23,False,False,False
DEL005583,ORD005583,500001,True,34,False,False,False
DEL005584,ORD005584,500002,True,43,False,False,False
DEL005585,ORD005585,226001,True,10,False,False,True
DEL005586,ORD005586,600001,True,3,False,False,False
DEL005587,ORD005587,700001,True,16,False,False,True
DEL005588,ORD005588,560001,True,80,False,True,True
DEL005589,ORD005589,500003,False,67,False,False,False
DEL005590,ORD005590,500001,True,37,False,False,False
DEL005591,ORD005591,110001,True,77,False,True,False
DEL005592,ORD005592,226001,True,56,True,False,True
DEL005593,ORD005593,110002,True,73,False,False,False
DEL005594,ORD005594,500002,True,46,False,False,False
DEL005595,ORD005595,110001,True,30,False,False,False
DEL005596,ORD005596,560001,False,32,True,False,True
DEL005597,ORD005597,500001,True,69,False,False,False
DEL005598,ORD005598,560001,True,19,True,False,True
DEL005599,ORD005599,500003,True,58,False,False,False
DEL005600,ORD005600,700001,True,64,True,False,True
DEL005601,ORD005601,226001,True,75,False,False,True
DEL005602,ORD005602,226001,True,19,False,False,True
DEL005603,ORD005603,560001,True,2,False,True,True
DEL005604,ORD005604,500002,False,66,False,False,False
DEL005605,ORD005605,500002,True,6,False,True,False
DEL005606,ORD005606,110001,True,60,False,False,False
DEL005607,ORD005607,700001,False,61,False,False,True
DEL005608,ORD005608,500003,True,81,True,False,False
DEL005609,ORD005609,500002,True,14,False,False,False
DEL005610,ORD005610,500003,True,95,False,False,False
DEL005611,ORD005611,110001,True,64,False,False,False
DEL005612,ORD005612,600001,True,13,False,False,False
DEL005613,ORD005613,500002,True,8,False,False,False
DEL005614,ORD005614,600002,True,89,False,False,False
DEL005615,ORD005615,560001,True,50,False,False,True
DEL005616,ORD005616,600002,True,10,False,False,False
DEL005617,ORD005617,600002,False,64,False,False,False
DEL005618,ORD005618,110001,True,80,False,False,False
DEL005619,ORD005619,700001,True,95,False,False,True
DEL005620,ORD005620,500001,True,38,False,False,False
DEL005621,ORD005621,500002,True,39,False,False,False
DEL005622,ORD005622,560001,True,71,False,False,True
DEL005623,ORD005623,560001,True,31,False,False,True
DEL005624,ORD005624,600002,False,49,False,False,False
DEL005625,ORD005625,600002,True,30,False,False,False
DEL005626,ORD005626,110001,True,71,False,False,False
DEL005627,ORD005627,560001,True,28,False,False,True
DEL005628,ORD005628,600001,True,7,False,False,False
DEL005629,ORD005629,600001,True,90,False,False,False
DEL005630,ORD005630,500001,True,92,False,False,False
DEL005631,ORD005631,226001,True,13,False,False,True
DEL005632,ORD005632,500001,False,71,False,False,False
DEL005633,ORD005633,110002,True,25,True,False,False
DEL005634,ORD005634,600002,True,65,False,False,False
DEL005635,ORD005635,600002,True,2,False,True,False
DEL005636,ORD005636,500001,True,89,False,False,False
DEL005637,ORD005637,500002,False,80,False,False,False
DEL005638,ORD005638,500003,True,66,False,False,False
DEL005639,ORD005639,600002,False,28,False,False,False
DEL005640,ORD005640,500002,True,9,False,False,False
DEL005641,ORD005641,110002,True,40,False,False,False
DEL005642,ORD005642,110001,True,29,False,False,False
DEL005643,ORD005643,226001,True,60,False,False,True
DEL005644,ORD005644,560001,True,27,True,False,True
DEL005645,ORD005645,500001,True,66,False,False,False
DEL005646,ORD005646,560001,True,37,False,False,True
DEL005647,ORD005647,500003,False,36,False,False,False
DEL005648,ORD005648,560001,True,16,False,False,True
DEL005649,ORD005649,110001,True,56,True,False,False
DEL005650,ORD005650,500003,True,51,True,False,False
DEL005651,ORD005651,500002,True,5,False,False,False
DEL005652,ORD005652,600002,False,40,False,False,False
DEL005653,ORD005653,500001,True,33,False,False,False
DEL005654,ORD005654,500003,True,61,False,False,False
DEL005655,ORD005655,600001,True,4,False,False,False
DEL005656,ORD005656,110001,False,64,False,False,False
DEL005657,ORD005657,560001,True,92,False,True,True
DEL005658,ORD005658,226001,True,28,False,False,True
DEL005659,ORD005659,560001,False,27,False,False,True
DEL005660,ORD005660,110001,True,21,False,False,False
DEL005661,ORD005661,600001,True,35,False,False,False
DEL005662,ORD005662,560001,True,40,False,False,True
DEL005663,ORD005663,226001,True,79,False,False,True
DEL005664,ORD005664,500001,True,10,False,False,False
DEL005665,ORD005665,600001,True,20,False,False,False
DEL005666,ORD005666,500002,True,76,False,False,False
DEL005667,ORD005667,226001,True,87,False,False,True
DEL005668,ORD005668,700001,True,80,True,False,True
DEL005669,ORD005669,600002,True,15,False,False,False
DEL005670,ORD005670,110001,True,57,False,False,False
DEL005671,ORD005671,226001,True,39,False,True,True
DEL005672,ORD005672,500003,True,72,False,False,False
DEL005673,ORD005673,560001,True,72,False,False,True
DEL005674,ORD005674,600001,True,50,False,False,False
DEL005675,ORD005675,560001,True,61,False,False,True
DEL005676,ORD005676,600001,True,39,False,False,False
DEL005677,ORD005677,500003,True,35,False,False,False
DEL005678,ORD005678,500003,True,70,True,False,False
DEL005679,ORD005679,500003,False,27,False,False,False
DEL005680,ORD005680,500003,False,20,False,False,False
DEL005681,ORD005681,600002,True,84,False,False,False
DEL005682,ORD005682,560001,True,17,True,False,True
DEL005683,ORD005683,600001,True,8,False,False,False
DEL005684,ORD005684,700001,True,4,False,False,True
DEL005685,ORD005685,110001,True,44,False,False,False
DEL005686,ORD005686,600001,True,7,False,False,False
DEL005687,ORD005687,600001,True,39,False,False,False
DEL005688,ORD005688,226001,True,1,False,False,True
DEL005689,ORD005689,600001,False,63,False,False,False
DEL005690,ORD005690,600001,True,21,False,False,False
DEL005691,ORD005691,500002,True,50,True,False,False
DEL005692,ORD005692,110001,True,55,False,False,False
DEL005693,ORD005693,500001,True,35,True,False,False
DEL005694,ORD005694,226001,True,17,False,False,True
DEL005695,ORD005695,500003,True,62,False,False,False
DEL005696,ORD005696,600002,True,11,False,False,False
DEL005697,ORD005697,110001,True,1,False,False,False
DEL005698,ORD005698,560001,False,55,False,False,True
DEL005699,ORD005699,600001,False,87,False,False,False
DEL005700,ORD005700,600001,True,47,True,False,False
DEL005701,ORD005701,500001,True,74,False,False,False
DEL005702,ORD005702,226001,True,16,False,False,True
DEL005703,ORD005703,560001,True,66,False,False,True
DEL005704,ORD005704,500002,True,72,True,False,False
DEL005705,ORD005705,110001,True,34,False,False,False
DEL005706,ORD005706,700001,False,32,True,False,True
DEL005707,ORD005707,110001,True,44,False,False,False
DEL005708,ORD005708,500001,True,69,False,False,False
DEL005709,ORD005709,600002,True,15,False,False,False
DEL005710,ORD005710,560001,True,10,False,False,True
DEL005711,ORD005711,500001,True,42,True,False,False
DEL005712,ORD005712,500001,True,12,False,False,False
DEL005713,ORD005713,226001,True,68,False,False,True
DEL005714,ORD005714,500002,False,38,False,False,False
DEL005715,ORD005715,700001,True,55,True,False,True
DEL005716,ORD005716,600002,False,20,False,False,False
DEL005717,ORD005717,600001,True,9,False,False,False
DEL005718,ORD005718,600001,False,59,False,False,False
DEL005719,ORD005719,600002,True,8,False,False,False
DEL005720,ORD005720,500001,True,13,False,False,False
DEL005721,ORD005721,600001,True,10,False,False,False
DEL005722,ORD005722,500003,True,55,False,False,False
DEL005723,ORD005723,110001,False,59,False,False,False
DEL005724,ORD005724,226001,True,30,False,False,True
DEL005725,ORD005725,110002,True,60,True,False,False
DEL005726,ORD005726,500001,True,27,False,False,False
DEL005727,ORD005727,500001,True,6,False,False,False
DEL005728,ORD005728,500002,True,82,True,False,False
DEL005729,ORD005729,226001,True,91,False,False,True
DEL005730,ORD005730,600002,True,68,True,False,False
DEL005731,ORD005731,700001,False,40,False,False,True
DEL005732,ORD005732,600001,True,47,True,False,False
DEL005733,ORD005733,600001,True,49,True,False,False
DEL005734,ORD005734,700001,True,27,False,False,True
DEL005735,ORD005735,226001,False,68,False,False,True
DEL005736,ORD005736,500001,True,78,False,False,False
DEL005737,ORD005737,500003,False,22,False,False,False
DEL005738,ORD005738,226001,False,76,False,False,True
DEL005739,ORD005739,110002,True,9,False,False,False
DEL005740,ORD005740,110001,True,94,False,False,False
DEL005741,ORD005741,600002,True,19,True,False,False
DEL005742,ORD005742,110002,True,85,False,False,False
DEL005743,ORD005743,500002,True,3,False,False,False
DEL005744,ORD005744,500002,True,69,False,False,False
DEL005745,ORD005745,110002,False,55,False,False,False
DEL005746,ORD005746,560001,True,11,False,False,True
DEL005747,ORD005747,500002,True,83,True,False,False
DEL005748,ORD005748,500001,True,3,False,False,False
DEL005749,ORD005749,600002,True,14,False,False,False
DEL005750,ORD005750,500001,True,59,False,False,False
DEL005751,ORD005751,226001,True,14,False,False,True
DEL005752,ORD005752,226001,True,94,True,True,True
DEL005753,ORD005753,700001,True,47,False,False,True
DEL005754,ORD005754,600002,True,74,False,False,False
DEL005755,ORD005755,560001,True,53,True,False,True
DEL005756,ORD005756,600001,False,6,False,False,False
DEL005757,ORD005757,500001,True,82,False,False,False
DEL005758,ORD005758,700001,True,2,False,False,True
DEL005759,ORD005759,600001,True,30,False,False,False
DEL005760,ORD005760,500003,True,54,False,False,False
DEL005761,ORD005761,500002,False,68,False,False,False
DEL005762,ORD005762,500001,True,68,False,True,False
DEL005763,ORD005763,700001,True,5,False,False,True
DEL005764,ORD005764,500001,True,16,False,False,False
DEL005765,ORD005765,600001,True,40,False,False,False
DEL005766,ORD005766,500002,False,12,False,False,False
DEL005767,ORD005767,560001,True,61,False,False,True
DEL005768,ORD005768,600002,True,4,False,False,False
DEL005769,ORD005769,500003,True,77,False,False,False
DEL005770,ORD005770,600001,False,43,False,False,False
DEL005771,ORD005771,500003,False,93,False,False,False
DEL005772,ORD005772,226001,True,29,False,False,True
DEL005773,ORD005773,500002,True,93,False,False,False
DEL005774,ORD005774,110001,False,38,False,False,False
DEL005775,ORD005775,110001,True,73,False,False,False
DEL005776,ORD005776,500003,True,77,True,False,False
DEL005777,ORD005777,600002,True,65,False,False,False
DEL005778,ORD005778,700001,True,6,False,False,True
DEL005779,ORD005779,226001,True,11,False,False,True
DEL005780,ORD005780,500001,True,6,False,False,False
DEL005781,ORD005781,110002,True,6,False,False,False
DEL005782,ORD005782,500001,True,3,False,False,False
DEL005783,ORD005783,110001,True,84,False,False,False
DEL005784,ORD005784,600002,True,84,False,False,False
DEL005785,ORD005785,600001,True,46,False,False,False
DEL005786,ORD005786,500003,True,59,False,False,False
DEL005787,ORD005787,226001,True,14,True,False,True
DEL005788,ORD005788,600001,True,64,False,True,False
DEL005789,ORD005789,500001,True,3,False,False,False
DEL005790,ORD005790,600002,True,44,False,False,False
DEL005791,ORD005791,700001,True,46,False,False,True
DEL005792,ORD005792,110001,True,2,False,False,False
DEL005793,ORD005793,226001,True,72,False,False,True
DEL005794,ORD005794,226001,True,73,False,True,True
DEL005795,ORD005795,600001,True,14,False,False,False
DEL005796,ORD005796,600002,True,43,False,False,False
DEL005797,ORD005797,500001,False,4,False,False,False
DEL005798,ORD005798,600001,True,21,False,False,False
DEL005799,ORD005799,600001,True,20,False,False,False
DEL005800,ORD005800,700001,True,62,False,False,True
DEL005801,ORD005801,600002,False,58,True,False,False
DEL005802,ORD005802,500003,True,24,False,False,False
DEL005803,ORD005803,226001,True,27,True,False,True
DEL005804,ORD005804,560001,False,93,False,False,True
DEL005805,ORD005805,226001,True,11,False,False,True
DEL005806,ORD005806,226001,True,47,False,False,True
DEL005807,ORD005807,110002,True,2,False,False,False
DEL005808,ORD005808,560001,True,5,False,False,True
DEL005809,ORD005809,600001,False,42,True,False,False
DEL005810,ORD005810,110002,False,28,False,False,False
DEL005811,ORD005811,600001,True,47,False,False,False
DEL005812,ORD005812,700001,True,26,False,True,True
DEL005813,ORD005813,600002,True,88,False,False,False
DEL005814,ORD005814,600002,False,16,False,False,False
DEL005815,ORD005815,600001,False,30,False,False,False
DEL005816,ORD005816,600002,True,30,False,False,False
DEL005817,ORD005817,500001,True,36,False,False,False
DEL005818,ORD005818,500001,True,49,False,False,False
DEL005819,ORD005819,700001,True,21,True,False,True
DEL005820,ORD005820,500002,False,95,True,False,False
DEL005821,ORD005821,560001,True,21,False,False,True
DEL005822,ORD005822,500002,True,41,True,False,False
DEL005823,ORD005823,700001,False,52,False,False,True
DEL005824,ORD005824,500002,False,57,False,False,False
DEL005825,ORD005825,500001,False,39,False,False,False
DEL005826,ORD005826,560001,True,69,False,False,True
DEL005827,ORD005827,500003,False,2,False,False,False
DEL005828,ORD005828,110002,True,42,False,False,False
DEL005829,ORD005829,600002,True,22,False,False,False
DEL005830,ORD005830,110002,True,55,False,False,False
DEL005831,ORD005831,560001,True,92,False,False,True
DEL005832,ORD005832,500003,True,64,False,False,False
DEL005833,ORD005833,600002,True,27,False,False,False
DEL005834,ORD005834,600002,True,95,True,False,False
DEL005835,ORD005835,110002,False,71,False,False,False
DEL005836,ORD005836,500002,False,19,False,False,False
DEL005837,ORD005837,560001,False,38,False,False,True
DEL005838,ORD005838,110002,True,40,True,False,False
DEL005839,ORD005839,226001,True,65,False,False,True
DEL005840,ORD005840,110002,False,7,False,False,False
DEL005841,ORD005841,600002,True,21,False,False,False
DEL005842,ORD005842,560001,True,29,False,False,True
DEL005843,ORD005843,500001,True,38,False,False,False
DEL005844,ORD005844,110002,False,13,False,False,False
DEL005845,ORD005845,700001,True,11,True,False,True
DEL005846,ORD005846,560001,True,41,False,False,True
DEL005847,ORD005847,600001,True,54,True,False,False
DEL005848,ORD005848,560001,True,38,False,False,True
DEL005849,ORD005849,560001,True,40,False,False,True
DEL005850,ORD005850,500001,True,35,False,False,False
DEL005851,ORD005851,500001,True,51,False,False,False
DEL005852,ORD005852,700001,True,88,False,False,True
DEL005853,ORD005853,500001,True,56,False,False,False
DEL005854,ORD005854,226001,True,38,False,False,True
DEL005855,ORD005855,500003,True,34,False,True,False
DEL005856,ORD005856,500003,True,39,False,False,False
DEL005857,ORD005857,600001,True,29,False,False,False
DEL005858,ORD005858,500003,True,24,False,False,False
DEL005859,ORD005859,500003,True,90,False,False,False
DEL005860,ORD005860,600002,True,23,False,False,False
DEL005861,ORD005861,600002,True,44,True,True,False
DEL005862,ORD005862,560001,False,2,False,False,True
DEL005863,ORD005863,110002,False,49,False,False,False
DEL005864,ORD005864,700001,True,70,True,False,True
DEL005865,ORD005865,600002,True,58,False,False,False
DEL005866,ORD005866,600001,True,84,True,False,False
DEL005867,ORD005867,600001,False,34,False,True,False
DEL005868,ORD005868,500002,True,72,True,False,False
DEL005869,ORD005869,700001,True,19,False,False,True
DEL005870,ORD005870,110002,True,67,True,False,False
DEL005871,ORD005871,500002,True,93,False,False,False
DEL005872,ORD005872,226001,True,43,True,False,True
DEL005873,ORD005873,560001,True,43,False,False,True
DEL005874,ORD005874,500002,False,52,True,False,False
DEL005875,ORD005875,500002,True,2,True,False,False
DEL005876,ORD005876,600001,True,88,False,False,False
DEL005877,ORD005877,110002,True,83,True,False,False
DEL005878,ORD005878,226001,True,17,False,False,True
DEL005879,ORD005879,700001,False,91,False,False,True
DEL005880,ORD005880,600002,True,80,False,False,False
DEL005881,ORD005881,500003,True,18,False,False,False
DEL005882,ORD005882,110001,True,53,False,False,False
DEL005883,ORD005883,700001,True,83,False,False,True
DEL005884,ORD005884,500002,True,41,False,False,False
DEL005885,ORD005885,110002,True,53,False,False,False
DEL005886,ORD005886,226001,False,43,True,False,True
DEL005887,ORD005887,226001,True,37,False,False,True
DEL005888,ORD005888,600001,True,31,False,False,False
DEL005889,ORD005889,110001,True,20,False,False,False
DEL005890,ORD005890,600001,False,52,False,False,False
DEL005891,ORD005891,500002,False,42,False,False,False
DEL005892,ORD005892,600002,True,71,False,False,False
DEL005893,ORD005893,500003,True,77,False,False,False
DEL005894,ORD005894,226001,True,51,False,False,True
DEL005895,ORD005895,500003,False,38,False,False,False
DEL005896,ORD005896,226001,True,71,False,False,True
DEL005897,ORD005897,500003,True,75,False,False,False
DEL005898,ORD005898,500002,True,44,False,True,False
DEL005899,ORD005899,600001,False,50,False,False,False
DEL005900,ORD005900,110002,True,91,True,False,False
DEL005901,ORD005901,500002,False,77,False,False,False
DEL005902,ORD005902,600001,True,8,False,False,False
DEL005903,ORD005903,600002,False,54,False,False,False
DEL005904,ORD005904,226001,True,40,True,False,True
DEL005905,ORD005905,500003,True,47,False,False,False
DEL005906,ORD005906,600002,True,4,False,False,False
DEL005907,ORD005907,600002,True,80,False,False,False
DEL005908,ORD005908,500002,True,48,False,False,False
DEL005909,ORD005909,500001,True,24,False,False,False
DEL005910,ORD005910,500002,True,58,False,False,False
DEL005911,ORD005911,600002,True,70,False,False,False
DEL005912,ORD005912,560001,True,72,False,False,True
DEL005913,ORD005913,500001,True,51,False,False,False
DEL005914,ORD005914,110001,True,81,False,False,False
DEL005915,ORD005915,500003,True,29,False,False,False
DEL005916,ORD005916,600002,True,63,True,False,False
DEL005917,ORD005917,226001,True,70,False,False,True
DEL005918,ORD005918,500001,True,93,False,True,False
DEL005919,ORD005919,600002,True,37,False,False,False
DEL005920,ORD005920,226001,True,15,True,False,True
DEL005921,ORD005921,500002,False,3,False,False,False
DEL005922,ORD005922,700001,False,43,True,True,True
DEL005923,ORD005923,500003,True,75,False,False,False
DEL005924,ORD005924,226001,True,61,False,False,True
DEL005925,ORD005925,226001,True,37,False,False,True
DEL005926,ORD005926,600002,True,60,False,False,False
DEL005927,ORD005927,600002,True,56,True,False,False
DEL005928,ORD005928,500003,True,14,False,False,False
DEL005929,ORD005929,226001,True,20,False,False,True
DEL005930,ORD005930,600002,False,50,False,False,False
DEL005931,ORD005931,600002,True,17,False,False,False
DEL005932,ORD005932,560001,False,3,False,False,True
DEL005933,ORD005933,560001,True,55,False,False,True
DEL005934,ORD005934,110001,False,35,False,False,False
DEL005935,ORD005935,500002,False,30,False,False,False
DEL005936,ORD005936,700001,False,40,True,False,True
DEL005937,ORD005937,110001,True,12,False,False,False
DEL005938,ORD005938,110002,True,34,False,False,False
DEL005939,ORD005939,110002,True,7,False,False,False
DEL005940,ORD005940,600002,True,49,False,False,False
DEL005941,ORD005941,226001,True,93,False,False,True
DEL005942,ORD005942,600001,False,43,False,False,False
DEL005943,ORD005943,110002,False,88,False,False,False
DEL005944,ORD005944,110001,True,31,False,False,False
DEL005945,ORD005945,110002,False,51,False,False,False
DEL005946,ORD005946,600001,False,66,False,False,False
DEL005947,ORD005947,500002,True,11,False,False,False
DEL005948,ORD005948,226001,False,51,False,False,True
DEL005949,ORD005949,700001,True,8,False,False,True
DEL005950,ORD005950,110002,True,8,False,False,False
DEL005951,ORD005951,600001,False,5,False,False,False
DEL005952,ORD005952,500002,True,46,False,False,False
DEL005953,ORD005953,560001,True,47,False,False,True
DEL005954,ORD005954,560001,False,9,False,False,True
DEL005955,ORD005955,226001,True,71,False,False,True
DEL005956,ORD005956,560001,True,62,False,False,True
DEL005957,ORD005957,500003,True,90,False,False,False
DEL005958,ORD005958,226001,True,39,False,False,True
DEL005959,ORD005959,600001,False,42,False,False,False
DEL005960,ORD005960,500002,True,85,False,False,False
DEL005961,ORD005961,110002,True,20,False,False,False
DEL005962,ORD005962,110002,True,62,False,False,False
DEL005963,ORD005963,500001,True,36,False,True,False
DEL005964,ORD005964,700001,True,70,False,False,True
DEL005965,ORD005965,700001,True,16,False,False,True
DEL005966,ORD005966,600002,True,35,False,False,False
DEL005967,ORD005967,110002,True,34,False,False,False
DEL005968,ORD005968,226001,True,46,False,True,True
DEL005969,ORD005969,560001,True,65,False,False,True
DEL005970,ORD005970,500003,True,25,False,False,False
DEL005971,ORD005971,110002,True,3,False,False,False
DEL005972,ORD005972,600002,True,3,False,False,False
DEL005973,ORD005973,600001,True,52,False,False,False
DEL005974,ORD005974,226001,False,69,False,False,True
DEL005975,ORD005975,500002,True,85,False,False,False
DEL005976,ORD005976,110002,False,5,False,False,False
DEL005977,ORD005977,110002,True,18,False,False,False
DEL005978,ORD005978,226001,True,38,False,False,True
DEL005979,ORD005979,226001,True,60,False,False,True
DEL005980,ORD005980,560001,False,20,False,False,True
DEL005981,ORD005981,600001,True,80,False,False,False
DEL005982,ORD005982,226001,True,13,False,True,True
DEL005983,ORD005983,500002,True,74,False,False,False
DEL005984,ORD005984,500003,True,67,False,True,False
DEL005985,ORD005985,500001,True,77,True,False,False
DEL005986,ORD005986,110001,False,30,False,False,False
DEL005987,ORD005987,560001,True,69,False,False,True
DEL005988,ORD005988,226001,True,20,False,False,True
DEL005989,ORD005989,560001,True,13,False,False,True
DEL005990,ORD005990,600001,True,23,False,False,False
DEL005991,ORD005991,600001,True,51,False,False,False
DEL005992,ORD005992,226001,True,43,False,False,True
DEL005993,ORD005993,500001,False,11,False,False,False
DEL005994,ORD005994,110001,True,90,False,False,False
DEL005995,ORD005995,600001,True,72,False,True,False
DEL005996,ORD005996,700001,True,31,False,False,True
DEL005997,ORD005997,500002,True,76,False,False,False
DEL005998,ORD005998,560001,True,74,False,False,True
DEL005999,ORD005999,110002,False,21,False,False,False
DEL006000,ORD006000,560001,True,34,False,False,True
DEL006001,ORD006001,500002,True,81,True,False,False
DEL006002,ORD006002,226001,True,93,False,False,True
DEL006003,ORD006003,700001,True,2,False,False,True
DEL006004,ORD006004,600001,False,19,False,False,False
DEL006005,ORD006005,500001,True,26,True,False,False
DEL006006,ORD006006,110001,False,76,True,False,False
DEL006007,ORD006007,600001,False,95,False,False,False
DEL006008,ORD006008,500002,True,54,False,False,False
DEL006009,ORD006009,500001,True,32,False,False,False
DEL006010,ORD006010,110001,False,94,False,False,False
DEL006011,ORD006011,560001,True,17,False,False,True
DEL006012,ORD006012,500003,True,7,True,False,False
DEL006013,ORD006013,226001,True,17,False,False,True
DEL006014,ORD006014,560001,True,89,False,False,True
DEL006015,ORD006015,700001,True,21,False,True,True
DEL006016,ORD006016,500002,True,3,False,False,False
DEL006017,ORD006017,600001,False,61,False,False,False
DEL006018,ORD006018,110001,False,51,False,False,False
DEL006019,ORD006019,110002,True,61,True,False,False
DEL006020,ORD006020,600001,True,2,False,False,False
DEL006021,ORD006021,600001,True,36,True,False,False
DEL006022,ORD006022,110002,True,68,False,True,False
DEL006023,ORD006023,110002,False,8,False,True,False
DEL006024,ORD006024,110002,False,77,False,False,False
DEL006025,ORD006025,600002,False,90,False,False,False
DEL006026,ORD006026,600001,True,14,True,False,False
DEL006027,ORD006027,110001,True,51,False,False,False
DEL006028,ORD006028,110002,True,41,False,False,False
DEL006029,ORD006029,226001,True,7,False,False,True
DEL006030,ORD006030,700001,True,79,False,False,True
DEL006031,ORD006031,600002,True,40,False,False,False
DEL006032,ORD006032,110001,True,5,False,False,False
DEL006033,ORD006033,600002,True,92,False,False,False
DEL006034,ORD006034,600002,True,78,False,False,False
DEL006035,ORD006035,500003,True,13,False,False,False
DEL006036,ORD006036,500001,True,61,False,False,False
DEL006037,ORD006037,500002,True,60,False,False,False
DEL006038,ORD006038,110002,True,24,False,False,False
DEL006039,ORD006039,600001,True,90,False,True,False
DEL006040,ORD006040,226001,True,69,False,False,True
DEL006041,ORD006041,500003,False,50,True,False,False
DEL006042,ORD006042,600001,False,27,False,False,False
DEL006043,ORD006043,560001,True,72,False,False,True
DEL006044,ORD006044,110002,True,87,False,False,False
DEL006045,ORD006045,560001,True,25,False,False,True
DEL006046,ORD006046,500001,True,74,False,False,False
DEL006047,ORD006047,500001,True,14,False,False,False
DEL006048,ORD006048,600001,True,66,False,False,False
DEL006049,ORD006049,700001,True,35,False,False,True
DEL006050,ORD006050,110001,False,41,False,True,False
DEL006051,ORD006051,500002,True,74,False,True,False
DEL006052,ORD006052,600001,True,31,False,False,False
DEL006053,ORD006053,600001,True,52,False,False,False
DEL006054,ORD006054,700001,True,43,True,False,True
DEL006055,ORD006055,600002,True,21,False,False,False
DEL006056,ORD006056,110001,True,27,False,False,False
DEL006057,ORD006057,500003,True,46,False,False,False
DEL006058,ORD006058,700001,True,30,False,False,True
DEL006059,ORD006059,600001,True,46,False,False,False
DEL006060,ORD006060,700001,False,43,False,False,True
DEL006061,ORD006061,600001,True,61,True,False,False
DEL006062,ORD006062,500002,True,2,False,False,False
DEL006063,ORD006063,110001,True,13,True,False,False
DEL006064,ORD006064,560001,True,55,False,False,True
DEL006065,ORD006065,600002,False,33,False,False,False
DEL006066,ORD006066,500002,True,35,False,False,False
DEL006067,ORD006067,500001,True,5,True,True,False
DEL006068,ORD006068,600002,True,57,False,False,False
DEL006069,ORD006069,600001,False,95,False,False,False
DEL006070,ORD006070,226001,True,48,True,False,True
DEL006071,ORD006071,700001,True,37,False,False,True
DEL006072,ORD006072,600001,True,86,False,False,False
DEL006073,ORD006073,110002,True,87,False,False,False
DEL006074,ORD006074,110001,True,41,False,False,False
DEL006075,ORD006075,500002,True,32,False,False,False
DEL006076,ORD006076,600001,False,70,False,False,False
DEL006077,ORD006077,500003,True,92,True,False,False
DEL006078,ORD006078,110001,True,16,False,False,False
DEL006079,ORD006079,110002,True,4,False,False,False
DEL006080,ORD006080,600002,False,45,False,False,False
DEL006081,ORD006081,110001,True,9,False,False,False
DEL006082,ORD006082,600001,True,93,False,False,False
DEL006083,ORD006083,110002,False,51,False,False,False
DEL006084,ORD006084,600001,True,27,False,False,False
DEL006085,ORD006085,500003,True,44,False,False,False
DEL006086,ORD006086,700001,True,10,False,True,True
DEL006087,ORD006087,500003,True,64,False,False,False
DEL006088,ORD006088,110002,True,45,True,False,False
DEL006089,ORD006089,600002,True,18,False,False,False
DEL006090,ORD006090,500003,True,75,False,True,False
DEL006091,ORD006091,600002,True,70,False,False,False
DEL006092,ORD006092,560001,True,91,False,False,True
DEL006093,ORD006093,500002,True,93,False,False,False
DEL006094,ORD006094,600002,True,18,False,False,False
DEL006095,ORD006095,500001,True,75,False,False,False
DEL006096,ORD006096,110002,True,66,True,False,False
DEL006097,ORD006097,560001,True,51,False,False,True
DEL006098,ORD006098,560001,True,82,False,False,True
DEL006099,ORD006099,110002,False,47,False,True,False
DEL006100,ORD006100,700001,True,15,False,False,True
DEL006101,ORD006101,500001,True,2,False,False,False
DEL006102,ORD006102,600002,True,8,False,True,False
DEL006103,ORD006103,500001,False,15,False,False,False
DEL006104,ORD006104,226001,True,94,False,False,True
DEL006105,ORD006105,110002,True,74,False,False,False
DEL006106,ORD006106,500002,False,20,False,False,False
DEL006107,ORD006107,500002,True,91,False,False,False
DEL006108,ORD006108,560001,True,6,False,False,True
DEL006109,ORD006109,560001,True,47,False,False,True
DEL006110,ORD006110,500001,True,21,False,True,False
DEL006111,ORD006111,700001,True,4,False,False,True
DEL006112,ORD006112,226001,True,75,False,False,True
DEL006113,ORD006113,226001,True,21,False,False,True
DEL006114,ORD006114,226001,True,5,False,False,True
DEL006115,ORD006115,226001,True,87,False,False,True
DEL006116,ORD006116,226001,True,77,False,False,True
DEL006117,ORD006117,500002,True,6,False,True,False
DEL006118,ORD006118,700001,True,6,False,False,True
DEL006119,ORD006119,500003,True,65,False,False,False
DEL006120,ORD006120,500001,True,32,False,False,False
DEL006121,ORD006121,500003,True,60,False,False,False
DEL006122,ORD006122,226001,False,34,False,False,True
DEL006123,ORD006123,226001,True,88,False,False,True
DEL006124,ORD006124,700001,True,37,False,False,True
DEL006125,ORD006125,500002,False,28,False,False,False
DEL006126,ORD006126,500003,True,70,True,False,False
DEL006127,ORD006127,700001,True,93,False,False,True
DEL006128,ORD006128,110001,True,11,False,False,False
DEL006129,ORD006129,500002,False,59,False,False,False
DEL006130,ORD006130,600002,True,61,False,False,False
DEL006131,ORD006131,500001,True,74,False,False,False
DEL006132,ORD006132,226001,True,91,False,False,True
DEL006133,ORD006133,600002,True,82,False,False,False
DEL006134,ORD006134,700001,True,58,False,False,True
DEL006135,ORD006135,500001,True,4,False,False,False
DEL006136,ORD006136,226001,True,6,False,False,True
DEL006137,ORD006137,600001,False,32,False,False,False
DEL006138,ORD006138,700001,True,60,False,False,True
DEL006139,ORD006139,500002,False,39,False,False,False
DEL006140,ORD006140,560001,True,41,False,True,True
DEL006141,ORD006141,600002,True,56,False,False,False
DEL006142,ORD006142,700001,True,87,True,False,True
DEL006143,ORD006143,500001,True,28,False,False,False
DEL006144,ORD006144,110002,False,55,False,False,False
DEL006145,ORD006145,600001,True,33,False,False,False
DEL006146,ORD006146,226001,True,25,False,False,True
DEL006147,ORD006147,600001,False,23,False,False,False
DEL006148,ORD006148,500003,True,25,False,False,False
DEL006149,ORD006149,560001,True,88,False,False,True
DEL006150,ORD006150,110002,True,23,False,False,False
DEL006151,ORD006151,500002,True,34,True,False,False
DEL006152,ORD006152,500002,True,28,False,False,False
DEL006153,ORD006153,226001,False,42,False,False,True
DEL006154,ORD006154,560001,True,43,False,False,True
DEL006155,ORD006155,600002,True,17,False,False,False
DEL006156,ORD006156,600002,True,31,False,False,False
DEL006157,ORD006157,600002,True,17,True,False,False
DEL006158,ORD006158,700001,True,18,True,False,True
DEL006159,ORD006159,110002,True,94,False,False,False
DEL006160,ORD006160,600002,False,52,False,False,False
DEL006161,ORD006161,560001,False,73,False,False,True
DEL006162,ORD006162,700001,True,87,True,False,True
DEL006163,ORD006163,500003,True,64,False,True,False
DEL006164,ORD006164,500001,True,56,False,False,False
DEL006165,ORD006165,500003,True,48,False,False,False
DEL006166,ORD006166,700001,True,46,False,False,True
DEL006167,ORD006167,700001,False,39,False,False,True
DEL006168,ORD006168,500003,False,88,False,False,False
DEL006169,ORD006169,500002,True,14,False,False,False
DEL006170,ORD006170,500002,False,34,False,True,False
DEL006171,ORD006171,700001,True,12,False,False,True
DEL006172,ORD006172,500003,True,9,False,False,False
DEL006173,ORD006173,700001,True,4,False,False,True
DEL006174,ORD006174,600001,False,8,False,False,False
DEL006175,ORD006175,500002,True,1,False,False,False
DEL006176,ORD006176,700001,True,76,False,False,True
DEL006177,ORD006177,500003,True,10,False,False,False
DEL006178,ORD006178,500002,True,18,False,True,False
DEL006179,ORD006179,500001,True,69,True,False,False
DEL006180,ORD006180,110002,True,56,False,False,False
DEL006181,ORD006181,226001,False,86,False,False,True
DEL006182,ORD006182,560001,True,31,False,True,True
DEL006183,ORD006183,500003,True,22,True,False,False
DEL006184,ORD006184,110002,True,36,False,False,False
DEL006185,ORD006185,226001,True,48,False,False,True
DEL006186,ORD006186,500001,False,74,False,False,False
DEL006187,ORD006187,700001,False,67,True,False,True
DEL006188,ORD006188,226001,True,79,False,False,True
DEL006189,ORD006189,110001,True,94,True,False,False
DEL006190,ORD006190,500003,False,78,True,False,False
DEL006191,ORD006191,110001,True,62,False,False,False
DEL006192,ORD006192,500001,True,81,False,False,False
DEL006193,ORD006193,600002,True,68,True,True,False
DEL006194,ORD006194,226001,True,10,False,False,True
DEL006195,ORD006195,700001,True,5,True,False,True
DEL006196,ORD006196,600001,False,57,False,False,False
DEL006197,ORD006197,600001,True,29,False,False,False
DEL006198,ORD006198,500003,True,70,False,False,False
DEL006199,ORD006199,500003,False,47,True,True,False
DEL006200,ORD006200,500002,True,78,False,False,False
DEL006201,ORD006201,600001,True,17,False,False,False
DEL006202,ORD006202,700001,True,61,False,False,True
DEL006203,ORD006203,600001,True,95,False,False,False
DEL006204,ORD006204,600002,False,33,True,False,False
DEL006205,ORD006205,600001,True,81,False,False,False
DEL006206,ORD006206,226001,True,56,False,False,True
DEL006207,ORD006207,560001,True,48,False,False,True
DEL006208,ORD006208,700001,False,94,False,False,True
DEL006209,ORD006209,110001,True,36,False,False,False
DEL006210,ORD006210,600002,True,11,False,False,False
DEL006211,ORD006211,226001,True,59,False,False,True
DEL006212,ORD006212,600001,True,5,False,False,False
DEL006213,ORD006213,700001,True,2,False,False,True
DEL006214,ORD006214,600001,False,79,False,False,False
DEL006215,ORD006215,500002,True,77,False,False,False
DEL006216,ORD006216,700001,True,34,False,False,True
DEL006217,ORD006217,700001,True,43,False,False,True
DEL006218,ORD006218,110001,True,67,False,False,False
DEL006219,ORD006219,500001,True,36,False,False,False
DEL006220,ORD006220,500002,True,38,False,False,False
DEL006221,ORD006221,226001,True,12,False,False,True
DEL006222,ORD006222,110002,True,19,False,False,False
DEL006223,ORD006223,500001,True,19,True,False,False
DEL006224,ORD006224,110001,False,75,True,False,False
DEL006225,ORD006225,700001,False,7,False,False,True
DEL006226,ORD006226,110001,True,81,False,False,False
DEL006227,ORD006227,110002,False,1,False,False,False
DEL006228,ORD006228,600001,True,52,False,False,False
DEL006229,ORD006229,226001,True,49,False,False,True
DEL006230,ORD006230,500001,True,24,False,False,False
DEL006231,ORD006231,500001,True,59,False,False,False
DEL006232,ORD006232,560001,True,74,False,False,True
DEL006233,ORD006233,600002,False,14,False,False,False
DEL006234,ORD006234,110002,True,38,False,False,False
DEL006235,ORD006235,700001,False,16,False,False,True
DEL006236,ORD006236,500003,True,6,False,False,False
DEL006237,ORD006237,110001,True,25,False,False,False
DEL006238,ORD006238,110001,True,51,False,False,False
DEL006239,ORD006239,110001,False,75,False,False,False
DEL006240,ORD006240,500001,True,51,False,False,False
DEL006241,ORD006241,226001,True,47,False,False,True
DEL006242,ORD006242,700001,True,51,False,False,True
DEL006243,ORD006243,700001,False,70,False,False,True
DEL006244,ORD006244,560001,True,32,False,False,True
DEL006245,ORD006245,700001,True,45,False,False,True
DEL006246,ORD006246,500003,False,56,False,False,False
DEL006247,ORD006247,600002,True,69,False,False,False
DEL006248,ORD006248,700001,True,53,False,False,True
DEL006249,ORD006249,226001,True,39,False,True,True
DEL006250,ORD006250,600001,True,15,False,False,False
DEL006251,ORD006251,560001,True,90,False,False,True
DEL006252,ORD006252,110002,True,43,False,False,False
DEL006253,ORD006253,500003,True,42,False,False,False
DEL006254,ORD006254,500001,True,61,True,False,False
DEL006255,ORD006255,500001,True,64,False,False,False
DEL006256,ORD006256,226001,True,9,False,False,True
DEL006257,ORD006257,600001,True,69,False,False,False
DEL006258,ORD006258,110002,True,88,True,False,False
DEL006259,ORD006259,500002,True,95,False,False,False
DEL006260,ORD006260,110001,True,49,False,False,False
DEL006261,ORD006261,110001,True,9,True,False,False
DEL006262,ORD006262,110001,True,1,True,True,False
DEL006263,ORD006263,500003,False,59,True,False,False
DEL006264,ORD006264,110002,False,91,False,False,False
DEL006265,ORD006265,500002,True,37,False,False,False
DEL006266,ORD006266,500002,True,94,False,True,False
DEL006267,ORD006267,500001,True,52,False,False,False
DEL006268,ORD006268,110001,False,64,False,False,False
DEL006269,ORD006269,560001,False,95,True,False,True
DEL006270,ORD006270,600001,False,26,False,False,False
DEL006271,ORD006271,600001,True,51,False,False,False
DEL006272,ORD006272,110002,True,91,False,False,False
DEL006273,ORD006273,560001,True,56,False,False,True
DEL006274,ORD006274,500002,True,23,False,False,False
DEL006275,ORD006275,600002,True,79,False,False,False
DEL006276,ORD006276,500003,True,77,False,False,False
DEL006277,ORD006277,560001,False,72,False,False,True
DEL006278,ORD006278,500001,True,16,False,False,False
DEL006279,ORD006279,110002,True,87,False,False,False
DEL006280,ORD006280,110001,True,82,False,False,False
DEL006281,ORD006281,500002,False,61,False,False,False
DEL006282,ORD006282,110001,False,26,False,False,False
DEL006283,ORD006283,560001,True,89,False,False,True
DEL006284,ORD006284,500001,True,53,False,False,False
DEL006285,ORD006285,560001,True,30,False,False,True
DEL006286,ORD006286,226001,False,82,False,False,True
DEL006287,ORD006287,500001,True,52,False,False,False
DEL006288,ORD006288,700001,True,18,False,False,True
DEL006289,ORD006289,500001,True,39,False,False,False
DEL006290,ORD006290,560001,False,45,False,False,True
DEL006291,ORD006291,560001,False,38,False,False,True
DEL006292,ORD006292,226001,False,36,False,False,True
DEL006293,ORD006293,700001,True,37,True,False,True
DEL006294,ORD006294,226001,True,91,False,False,True
DEL006295,ORD006295,226001,True,6,False,False,True
DEL006296,ORD006296,600001,True,2,False,False,False
DEL006297,ORD006297,500003,True,21,False,False,False
DEL006298,ORD006298,600001,False,4,False,False,False
DEL006299,ORD006299,560001,False,9,False,False,True
DEL006300,ORD006300,600001,True,20,False,False,False
DEL006301,ORD006301,700001,True,63,False,True,True
DEL006302,ORD006302,500003,True,87,False,False,False
DEL006303,ORD006303,600002,True,49,False,False,False
DEL006304,ORD006304,560001,True,93,False,False,True
DEL006305,ORD006305,560001,False,14,False,False,True
DEL006306,ORD006306,500001,True,28,True,False,False
DEL006307,ORD006307,110002,True,53,False,False,False
DEL006308,ORD006308,600002,True,6,False,False,False
DEL006309,ORD006309,600001,True,67,False,False,False
DEL006310,ORD006310,500001,True,30,False,False,False
DEL006311,ORD006311,600001,False,38,False,False,False
DEL006312,ORD006312,500003,True,76,False,False,False
DEL006313,ORD006313,500001,False,28,False,False,False
DEL006314,ORD006314,700001,True,95,False,False,True
DEL006315,ORD006315,110002,True,56,False,False,False
DEL006316,ORD006316,110002,True,51,False,False,False
DEL006317,ORD006317,500002,False,10,False,False,False
DEL006318,ORD006318,110002,True,10,False,False,False
DEL006319,ORD006319,600001,True,66,False,False,False
DEL006320,ORD006320,600001,False,57,False,False,False
DEL006321,ORD006321,700001,True,36,False,True,True
DEL006322,ORD006322,600001,True,45,False,False,False
DEL006323,ORD006323,500003,False,31,False,True,False
DEL006324,ORD006324,600002,False,91,False,False,False
DEL006325,ORD006325,110001,True,22,False,False,False
DEL006326,ORD006326,560001,True,61,False,True,True
DEL006327,ORD006327,600001,True,16,False,False,False
DEL006328,ORD006328,700001,True,5,False,False,True
DEL006329,ORD006329,500003,False,45,False,False,False
DEL006330,ORD006330,600002,True,80,False,False,False
DEL006331,ORD006331,500003,True,70,False,True,False
DEL006332,ORD006332,110001,True,16,False,False,False
DEL006333,ORD006333,500003,True,87,False,False,False
DEL006334,ORD006334,110002,True,2,False,False,False
DEL006335,ORD006335,500003,True,29,False,False,False
DEL006336,ORD006336,600002,True,44,False,False,False
DEL006337,ORD006337,110002,True,25,False,False,False
DEL006338,ORD006338,560001,False,44,False,False,True
DEL006339,ORD006339,700001,True,67,True,False,True
DEL006340,ORD006340,110001,False,5,False,False,False
DEL006341,ORD006341,110001,False,24,False,False,False
DEL006342,ORD006342,500001,True,42,False,False,False
DEL006343,ORD006343,110001,False,13,False,False,False
DEL006344,ORD006344,600002,True,12,False,True,False
DEL006345,ORD006345,700001,True,27,False,False,True
DEL006346,ORD006346,600001,True,77,True,False,False
DEL006347,ORD006347,600001,True,42,False,False,False
DEL006348,ORD006348,500002,True,89,False,False,False
DEL006349,ORD006349,110002,True,72,False,False,False
DEL006350,ORD006350,110001,True,11,False,False,False
DEL006351,ORD006351,110002,True,20,False,False,False
DEL006352,ORD006352,700001,True,64,False,False,True
DEL006353,ORD006353,500002,True,87,False,False,False
DEL006354,ORD006354,226001,False,81,False,False,True
DEL006355,ORD006355,560001,True,9,False,True,True
DEL006356,ORD006356,560001,True,45,True,False,True
DEL006357,ORD006357,700001,True,13,False,False,True
DEL006358,ORD006358,110001,True,85,False,True,False
DEL006359,ORD006359,500002,True,49,True,False,False
DEL006360,ORD006360,600002,True,60,False,False,False
DEL006361,ORD006361,500002,True,23,False,False,False
DEL006362,ORD006362,600001,True,35,False,False,False
DEL006363,ORD006363,600002,False,44,False,False,False
DEL006364,ORD006364,560001,True,28,False,False,True
DEL006365,ORD006365,226001,True,10,False,False,True
DEL006366,ORD006366,700001,True,85,False,False,True
DEL006367,ORD006367,600002,True,64,False,False,False
DEL006368,ORD006368,110001,True,4,True,False,False
DEL006369,ORD006369,500001,True,33,False,False,False
DEL006370,ORD006370,500001,True,74,False,False,False
DEL006371,ORD006371,500001,False,60,False,False,False
DEL006372,ORD006372,500002,True,26,False,False,False
DEL006373,ORD006373,560001,False,93,False,False,True
DEL006374,ORD006374,600002,True,59,False,False,False
DEL006375,ORD006375,226001,True,18,False,False,True
DEL006376,ORD006376,500003,True,78,True,False,False
DEL006377,ORD006377,600002,True,24,False,True,False
DEL006378,ORD006378,560001,True,55,True,False,True
DEL006379,ORD006379,110002,True,42,False,False,False
DEL006380,ORD006380,226001,True,93,False,False,True
DEL006381,ORD006381,500002,True,52,False,False,False
DEL006382,ORD006382,226001,True,63,False,False,True
DEL006383,ORD006383,700001,True,72,False,False,True
DEL006384,ORD006384,226001,True,95,False,False,True
DEL006385,ORD006385,600001,False,37,False,False,False
DEL006386,ORD006386,110001,True,56,False,False,False
DEL006387,ORD006387,500002,True,35,False,False,False
DEL006388,ORD006388,600002,False,26,True,False,False
DEL006389,ORD006389,110001,True,39,False,False,False
DEL006390,ORD006390,500002,True,72,False,False,False
DEL006391,ORD006391,500001,True,34,False,False,False
DEL006392,ORD006392,226001,False,42,False,False,True
DEL006393,ORD006393,500003,True,32,False,False,False
DEL006394,ORD006394,500002,True,88,False,False,False
DEL006395,ORD006395,110001,True,73,False,False,False
DEL006396,ORD006396,500003,True,18,False,False,False
DEL006397,ORD006397,500002,True,62,False,False,False
DEL006398,ORD006398,110002,True,78,False,True,False
DEL006399,ORD006399,500001,True,19,False,True,False
DEL006400,ORD006400,700001,True,85,False,False,True
DEL006401,ORD006401,500001,True,41,False,False,False
DEL006402,ORD006402,600002,True,75,False,False,False
DEL006403,ORD006403,110002,True,14,False,False,False
DEL006404,ORD006404,226001,True,53,False,False,True
DEL006405,ORD006405,600002,True,59,False,False,False
DEL006406,ORD006406,500003,True,11,False,False,False
DEL006407,ORD006407,500002,True,35,False,True,False
DEL006408,ORD006408,500002,True,37,False,False,False
DEL006409,ORD006409,700001,False,87,False,False,True
DEL006410,ORD006410,110001,True,75,False,False,False
DEL006411,ORD006411,600001,True,77,False,True,False
DEL006412,ORD006412,226001,True,56,False,False,True
DEL006413,ORD006413,226001,True,9,False,False,True
DEL006414,ORD006414,110002,False,7,True,False,False
DEL006415,ORD006415,500002,True,70,False,False,False
DEL006416,ORD006416,600001,False,7,False,False,False
DEL006417,ORD006417,500001,True,11,False,False,False
DEL006418,ORD006418,600001,False,77,False,False,False
DEL006419,ORD006419,110002,True,95,False,False,False
DEL006420,ORD006420,226001,True,65,False,False,True
DEL006421,ORD006421,700001,False,94,False,False,True
DEL006422,ORD006422,600002,True,68,False,False,False
DEL006423,ORD006423,110001,True,69,False,False,False
DEL006424,ORD006424,110002,True,21,False,True,False
DEL006425,ORD006425,700001,True,88,False,False,True
DEL006426,ORD006426,226001,True,37,False,False,True
DEL006427,ORD006427,226001,True,62,True,False,True
DEL006428,ORD006428,560001,False,32,False,False,True
DEL006429,ORD006429,700001,False,40,False,False,True
DEL006430,ORD006430,600002,True,88,False,False,False
DEL006431,ORD006431,700001,True,7,False,False,True
DEL006432,ORD006432,560001,True,73,False,False,True
DEL006433,ORD006433,500002,True,93,False,False,False
DEL006434,ORD006434,500001,False,86,False,False,False
DEL006435,ORD006435,600001,True,77,False,False,False
DEL006436,ORD006436,500002,True,62,False,False,False
DEL006437,ORD006437,500003,True,49,False,False,False
DEL006438,ORD006438,110002,True,67,False,False,False
DEL006439,ORD006439,226001,True,5,False,False,True
DEL006440,ORD006440,600002,True,73,False,False,False
DEL006441,ORD006441,500003,True,90,False,False,False
DEL006442,ORD006442,500002,False,75,False,False,False
DEL006443,ORD006443,700001,False,12,False,False,True
DEL006444,ORD006444,110002,True,90,False,False,False
DEL006445,ORD006445,700001,True,61,False,False,True
DEL006446,ORD006446,600001,True,76,False,False,False
DEL006447,ORD006447,500003,True,76,False,False,False
DEL006448,ORD006448,226001,True,16,False,False,True
DEL006449,ORD006449,500003,True,23,False,False,False
DEL006450,ORD006450,500003,True,81,True,False,False
DEL006451,ORD006451,500001,False,48,False,False,False
DEL006452,ORD006452,226001,True,72,False,False,True
DEL006453,ORD006453,560001,True,25,False,False,True
DEL006454,ORD006454,110002,False,85,True,False,False
DEL006455,ORD006455,600001,True,28,False,False,False
DEL006456,ORD006456,500002,True,37,False,False,False
DEL006457,ORD006457,110002,True,45,False,False,False
DEL006458,ORD006458,560001,True,27,False,False,True
DEL006459,ORD006459,500001,True,55,False,False,False
DEL006460,ORD006460,560001,True,79,False,False,True
DEL006461,ORD006461,500002,True,46,False,False,False
DEL006462,ORD006462,110001,True,71,False,False,False
DEL006463,ORD006463,560001,True,40,False,True,True
DEL006464,ORD006464,560001,True,19,False,False,True
DEL006465,ORD006465,700001,True,39,False,False,True
DEL006466,ORD006466,500002,True,67,False,False,False
DEL006467,ORD006467,500002,True,49,False,False,False
DEL006468,ORD006468,226001,True,20,True,True,True
DEL006469,ORD006469,600002,True,41,False,True,False
DEL006470,ORD006470,500003,True,47,False,False,False
DEL006471,ORD006471,560001,True,69,False,False,True
DEL006472,ORD006472,560001,True,86,False,False,True
DEL006473,ORD006473,560001,True,4,False,False,True
DEL006474,ORD006474,560001,False,4,False,False,True
DEL006475,ORD006475,560001,False,61,False,False,True
DEL006476,ORD006476,600002,True,38,False,False,False
DEL006477,ORD006477,110002,False,58,False,False,False
DEL006478,ORD006478,500001,True,77,False,False,False
DEL006479,ORD006479,500001,True,69,False,False,False
DEL006480,ORD006480,560001,True,94,True,False,True
DEL006481,ORD006481,600002,True,81,True,False,False
DEL006482,ORD006482,600001,True,83,False,False,False
DEL006483,ORD006483,110002,True,23,False,False,False
DEL006484,ORD006484,560001,True,11,False,False,True
DEL006485,ORD006485,226001,True,85,True,True,True
DEL006486,ORD006486,110002,False,87,False,False,False
DEL006487,ORD006487,700001,True,26,False,False,True
DEL006488,ORD006488,700001,True,94,False,False,True
DEL006489,ORD006489,226001,True,9,True,False,True
DEL006490,ORD006490,700001,False,86,False,False,True
DEL006491,ORD006491,700001,True,61,False,False,True
DEL006492,ORD006492,700001,True,21,False,False,True
DEL006493,ORD006493,500001,True,9,False,False,False
DEL006494,ORD006494,600002,True,37,True,False,False
DEL006495,ORD006495,226001,True,26,False,False,True
DEL006496,ORD006496,500001,False,58,True,False,False
DEL006497,ORD006497,110001,True,79,False,False,False
DEL006498,ORD006498,110002,True,84,False,False,False
DEL006499,ORD006499,600002,True,31,False,False,False
DEL006500,ORD006500,500002,False,38,False,False,False
DEL006501,ORD006501,700001,True,54,False,False,True
DEL006502,ORD006502,560001,False,64,False,True,True
DEL006503,ORD006503,500001,True,92,False,False,False
DEL006504,ORD006504,560001,True,27,False,False,True
DEL006505,ORD006505,500001,True,43,False,False,False
DEL006506,ORD006506,600002,True,1,False,False,False
DEL006507,ORD006507,226001,True,75,False,False,True
DEL006508,ORD006508,110002,True,64,False,False,False
DEL006509,ORD006509,110001,True,41,False,True,False
DEL006510,ORD006510,500002,True,49,False,False,False
DEL006511,ORD006511,500003,True,85,False,False,False
DEL006512,ORD006512,110001,False,68,False,False,False
DEL006513,ORD006513,500003,True,58,False,True,False
DEL006514,ORD006514,500001,True,41,False,False,False
DEL006515,ORD006515,500002,True,92,False,False,False
DEL006516,ORD006516,700001,True,28,False,False,True
DEL006517,ORD006517,500003,True,92,False,False,False
DEL006518,ORD006518,500003,True,56,False,False,False
DEL006519,ORD006519,600002,True,19,False,False,False
DEL006520,ORD006520,500001,True,25,True,False,False
DEL006521,ORD006521,500001,False,43,False,False,False
DEL006522,ORD006522,500001,True,62,False,False,False
DEL006523,ORD006523,600001,True,63,False,False,False
DEL006524,ORD006524,700001,True,70,False,False,True
DEL006525,ORD006525,600002,True,19,False,False,False
DEL006526,ORD006526,560001,False,55,False,False,True
DEL006527,ORD006527,500003,True,83,False,False,False
DEL006528,ORD006528,226001,True,90,False,False,True
DEL006529,ORD006529,600001,False,15,False,False,False
DEL006530,ORD006530,600002,True,19,True,False,False
DEL006531,ORD006531,500002,True,11,True,False,False
DEL006532,ORD006532,500003,False,11,False,False,False
DEL006533,ORD006533,500001,True,64,False,False,False
DEL006534,ORD006534,110002,False,62,False,False,False
DEL006535,ORD006535,110001,True,72,False,False,False
DEL006536,ORD006536,500002,False,51,True,False,False
DEL006537,ORD006537,700001,False,2,False,True,True
DEL006538,ORD006538,500003,True,47,False,False,False
DEL006539,ORD006539,500003,True,59,False,False,False
DEL006540,ORD006540,500001,True,76,False,False,False
DEL006541,ORD006541,226001,True,65,False,False,True
DEL006542,ORD006542,110002,True,93,False,True,False
DEL006543,ORD006543,500001,True,79,False,False,False
DEL006544,ORD006544,560001,True,52,False,False,True
DEL006545,ORD006545,500002,True,29,False,False,False
DEL006546,ORD006546,500003,False,41,False,False,False
DEL006547,ORD006547,700001,True,49,False,False,True
DEL006548,ORD006548,226001,False,33,False,False,True
DEL006549,ORD006549,560001,True,92,False,False,True
DEL006550,ORD006550,110001,True,14,False,False,False
DEL006551,ORD006551,110002,False,33,False,False,False
DEL006552,ORD006552,500001,True,15,False,False,False
DEL006553,ORD006553,500001,False,23,False,False,False
DEL006554,ORD006554,500002,True,60,False,False,False
DEL006555,ORD006555,226001,False,83,False,False,True
DEL006556,ORD006556,110001,True,6,False,False,False
DEL006557,ORD006557,110002,True,27,False,False,False
DEL006558,ORD006558,500002,True,12,False,False,False
DEL006559,ORD006559,500003,False,91,False,False,False
DEL006560,ORD006560,500002,True,43,False,False,False
DEL006561,ORD006561,500002,True,55,True,True,False
DEL006562,ORD006562,500001,True,25,False,False,False
DEL006563,ORD006563,500001,False,45,False,False,False
DEL006564,ORD006564,560001,True,84,False,False,True
DEL006565,ORD006565,226001,True,65,False,False,True
DEL006566,ORD006566,500002,True,94,False,True,False
DEL006567,ORD006567,226001,True,74,False,True,True
DEL006568,ORD006568,560001,True,8,False,False,True
DEL006569,ORD006569,700001,False,10,False,False,True
DEL006570,ORD006570,560001,True,49,False,False,True
DEL006571,ORD006571,600001,False,64,False,False,False
DEL006572,ORD006572,700001,True,93,True,False,True
DEL006573,ORD006573,226001,True,13,False,False,True
DEL006574,ORD006574,226001,False,9,True,False,True
DEL006575,ORD006575,500001,True,84,False,False,False
DEL006576,ORD006576,500003,True,92,False,False,False
DEL006577,ORD006577,500003,True,89,False,False,False
DEL006578,ORD006578,110001,True,85,False,False,False
DEL006579,ORD006579,110001,True,77,False,False,False
DEL006580,ORD006580,110002,True,21,False,False,False
DEL006581,ORD006581,226001,True,13,False,False,True
DEL006582,ORD006582,226001,False,77,False,True,True
DEL006583,ORD006583,110002,True,12,False,False,False
DEL006584,ORD006584,700001,True,64,False,False,True
DEL006585,ORD006585,226001,False,16,False,False,True
DEL006586,ORD006586,110001,True,79,False,False,False
DEL006587,ORD006587,500002,True,85,False,False,False
DEL006588,ORD006588,600002,False,37,False,False,False
DEL006589,ORD006589,500001,True,94,False,False,False
DEL006590,ORD006590,500003,True,36,False,True,False
DEL006591,ORD006591,600001,True,81,False,False,False
DEL006592,ORD006592,600002,True,40,False,False,False
DEL006593,ORD006593,560001,True,63,False,True,True
DEL006594,ORD006594,600001,True,68,False,False,False
DEL006595,ORD006595,560001,True,46,False,False,True
DEL006596,ORD006596,560001,False,28,False,False,True
DEL006597,ORD006597,226001,False,75,False,True,True
DEL006598,ORD006598,110002,False,60,False,False,False
DEL006599,ORD006599,700001,True,91,False,True,True
DEL006600,ORD006600,700001,True,63,False,False,True
DEL006601,ORD006601,110002,True,73,True,True,False
DEL006602,ORD006602,110001,False,33,False,False,False
DEL006603,ORD006603,500003,True,11,False,False,False
DEL006604,ORD006604,500001,True,24,True,False,False
DEL006605,ORD006605,500002,True,57,False,False,False
DEL006606,ORD006606,600002,True,32,False,False,False
DEL006607,ORD006607,700001,True,83,False,False,True
DEL006608,ORD006608,700001,True,66,True,False,True
DEL006609,ORD006609,110002,True,63,False,False,False
DEL006610,ORD006610,110001,True,85,False,False,False
DEL006611,ORD006611,226001,True,75,True,True,True
DEL006612,ORD006612,226001,True,45,False,False,True
DEL006613,ORD006613,110002,True,91,False,False,False
DEL006614,ORD006614,110001,True,84,False,False,False
DEL006615,ORD006615,600002,False,15,False,False,False
DEL006616,ORD006616,110001,True,63,False,True,False
DEL006617,ORD006617,500001,True,48,True,False,False
DEL006618,ORD006618,600002,True,5,False,False,False
DEL006619,ORD006619,500001,True,80,False,True,False
DEL006620,ORD006620,600002,True,68,False,False,False
DEL006621,ORD006621,500002,False,31,False,False,False
DEL006622,ORD006622,226001,True,93,True,False,True
DEL006623,ORD006623,600002,False,63,False,True,False
DEL006624,ORD006624,226001,True,40,False,False,True
DEL006625,ORD006625,600001,True,62,False,False,False
DEL006626,ORD006626,600001,False,68,False,False,False
DEL006627,ORD006627,110001,True,69,True,False,False
DEL006628,ORD006628,226001,True,52,False,False,True
DEL006629,ORD006629,560001,False,94,False,False,True
DEL006630,ORD006630,110001,False,68,True,False,False
DEL006631,ORD006631,500001,True,71,False,True,False
DEL006632,ORD006632,700001,True,25,True,False,True
DEL006633,ORD006633,600001,True,78,False,False,False
DEL006634,ORD006634,110002,True,60,False,False,False
DEL006635,ORD006635,500001,False,40,False,False,False
DEL006636,ORD006636,700001,False,41,False,False,True
DEL006637,ORD006637,500003,False,93,True,False,False
DEL006638,ORD006638,500003,False,36,False,False,False
DEL006639,ORD006639,226001,False,59,False,False,True
DEL006640,ORD006640,560001,False,42,False,False,True
DEL006641,ORD006641,500002,False,11,False,False,False
DEL006642,ORD006642,700001,True,28,False,True,True
DEL006643,ORD006643,500003,True,15,False,False,False
DEL006644,ORD006644,500002,True,15,False,False,False
DEL006645,ORD006645,600002,True,82,False,False,False
DEL006646,ORD006646,700001,True,61,False,False,True
DEL006647,ORD006647,700001,False,2,False,False,True
DEL006648,ORD006648,560001,False,30,False,False,True
DEL006649,ORD006649,560001,True,73,False,False,True
DEL006650,ORD006650,110002,True,14,False,False,False
DEL006651,ORD006651,500003,False,6,False,False,False
DEL006652,ORD006652,500003,True,27,False,False,False
DEL006653,ORD006653,600002,False,60,False,False,False
DEL006654,ORD006654,700001,True,37,True,False,True
DEL006655,ORD006655,500001,True,79,True,False,False
DEL006656,ORD006656,500003,False,74,False,False,False
DEL006657,ORD006657,700001,True,4,False,True,True
DEL006658,ORD006658,110002,True,93,False,False,False
DEL006659,ORD006659,500002,True,2,True,False,False
DEL006660,ORD006660,500002,False,32,False,False,False
DEL006661,ORD006661,500001,True,46,False,False,False
DEL006662,ORD006662,226001,False,6,False,False,True
DEL006663,ORD006663,500003,True,75,False,False,False
DEL006664,ORD006664,600001,True,25,False,False,False
DEL006665,ORD006665,500001,True,65,False,False,False
DEL006666,ORD006666,500001,False,18,False,True,False
DEL006667,ORD006667,500003,True,67,False,False,False
DEL006668,ORD006668,600002,False,90,True,False,False
DEL006669,ORD006669,560001,True,77,False,False,True
DEL006670,ORD006670,600002,True,75,False,False,False
DEL006671,ORD006671,110002,True,5,False,False,False
DEL006672,ORD006672,700001,True,5,False,False,True
DEL006673,ORD006673,500001,False,6,True,False,False
DEL006674,ORD006674,600002,True,12,False,False,False
DEL006675,ORD006675,500002,True,69,False,False,False
DEL006676,ORD006676,500001,True,1,False,False,False
DEL006677,ORD006677,110002,True,9,False,False,False
DEL006678,ORD006678,110002,True,59,False,False,False
DEL006679,ORD006679,500001,False,4,False,False,False
DEL006680,ORD006680,226001,True,10,False,False,True
DEL006681,ORD006681,110002,True,53,False,True,False
DEL006682,ORD006682,110001,True,77,True,False,False
DEL006683,ORD006683,110001,True,15,False,True,False
DEL006684,ORD006684,500001,False,36,False,True,False
DEL006685,ORD006685,226001,True,83,True,False,True
DEL006686,ORD006686,110002,True,63,False,True,False
DEL006687,ORD006687,500001,False,28,False,False,False
DEL006688,ORD006688,226001,True,54,True,True,True
DEL006689,ORD006689,226001,True,35,False,False,True
DEL006690,ORD006690,600002,True,8,True,False,False
DEL006691,ORD006691,500001,False,22,False,False,False
DEL006692,ORD006692,500001,False,33,False,False,False
DEL006693,ORD006693,560001,False,32,False,False,True
DEL006694,ORD006694,600002,True,68,False,False,False
DEL006695,ORD006695,600002,True,91,False,False,False
DEL006696,ORD006696,500003,True,82,False,False,False
DEL006697,ORD006697,500002,True,92,False,False,False
DEL006698,ORD006698,226001,True,44,False,False,True
DEL006699,ORD006699,600001,True,8,False,False,False
DEL006700,ORD006700,500001,True,57,False,False,False
DEL006701,ORD006701,110002,True,11,False,False,False
DEL006702,ORD006702,560001,False,86,False,False,True
DEL006703,ORD006703,500002,False,49,False,False,False
DEL006704,ORD006704,500001,True,62,True,False,False
DEL006705,ORD006705,110002,False,1,False,False,False
DEL006706,ORD006706,110001,True,21,False,False,False
DEL006707,ORD006707,600002,True,38,False,False,False
DEL006708,ORD006708,110001,False,83,False,False,False
DEL006709,ORD006709,110001,True,35,False,False,False
DEL006710,ORD006710,700001,True,41,False,False,True
DEL006711,ORD006711,600001,False,58,False,False,False
DEL006712,ORD006712,500001,True,62,False,False,False
DEL006713,ORD006713,600001,False,70,False,False,False
DEL006714,ORD006714,560001,True,79,False,False,True
DEL006715,ORD006715,226001,True,24,True,False,True
DEL006716,ORD006716,600001,True,33,False,False,False
DEL006717,ORD006717,600002,True,89,False,False,False
DEL006718,ORD006718,500003,True,74,False,False,False
DEL006719,ORD006719,110001,True,13,False,False,False
DEL006720,ORD006720,700001,True,64,False,True,True
DEL006721,ORD006721,600002,True,93,False,False,False
DEL006722,ORD006722,500002,True,41,False,False,False
DEL006723,ORD006723,500003,True,1,False,False,False
DEL006724,ORD006724,500003,True,74,False,False,False
DEL006725,ORD006725,600001,True,41,False,False,False
DEL006726,ORD006726,500003,True,37,False,False,False
DEL006727,ORD006727,500001,True,80,False,False,False
DEL006728,ORD006728,700001,True,71,False,False,True
DEL006729,ORD006729,110002,True,83,False,False,False
DEL006730,ORD006730,600001,False,50,False,False,False
DEL006731,ORD006731,700001,True,27,False,False,True
DEL006732,ORD006732,500002,True,63,False,False,False
DEL006733,ORD006733,700001,True,39,False,False,True
DEL006734,ORD006734,700001,True,9,False,False,True
DEL006735,ORD006735,500002,True,54,False,False,False
DEL006736,ORD006736,110002,True,4,False,False,False
DEL006737,ORD006737,600001,True,9,False,False,False
DEL006738,ORD006738,600002,True,74,True,False,False
DEL006739,ORD006739,600002,True,70,False,False,False
DEL006740,ORD006740,700001,False,94,False,False,True
DEL006741,ORD006741,110001,True,52,False,False,False
DEL006742,ORD006742,500001,True,37,False,False,False
DEL006743,ORD006743,600002,True,73,False,False,False
DEL006744,ORD006744,500001,False,40,True,False,False
DEL006745,ORD006745,110002,True,65,False,False,False
DEL006746,ORD006746,500003,False,15,False,False,False
DEL006747,ORD006747,500002,True,90,False,False,False
DEL006748,ORD006748,110002,True,51,False,False,False
DEL006749,ORD006749,700001,True,3,False,False,True
DEL006750,ORD006750,600002,True,48,False,False,False
DEL006751,ORD006751,600001,True,28,False,True,False
DEL006752,ORD006752,226001,True,63,False,True,True
DEL006753,ORD006753,600002,True,50,True,False,False
DEL006754,ORD006754,110002,False,79,False,False,False
DEL006755,ORD006755,600001,True,5,False,False,False
DEL006756,ORD006756,700001,False,68,False,False,True
DEL006757,ORD006757,110001,True,90,False,False,False
DEL006758,ORD006758,500003,True,1,False,False,False
DEL006759,ORD006759,500002,True,87,False,False,False
DEL006760,ORD006760,600001,True,65,False,False,False
DEL006761,ORD006761,700001,True,58,False,False,True
DEL006762,ORD006762,500002,True,71,False,True,False
DEL006763,ORD006763,500003,True,50,False,False,False
DEL006764,ORD006764,500003,True,11,False,False,False
DEL006765,ORD006765,600002,True,51,False,False,False
DEL006766,ORD006766,600002,False,23,False,False,False
DEL006767,ORD006767,226001,True,2,False,False,True
DEL006768,ORD006768,110002,True,85,False,False,False
DEL006769,ORD006769,500001,True,76,False,False,False
DEL006770,ORD006770,500002,True,48,False,False,False
DEL006771,ORD006771,600002,True,49,False,False,False
DEL006772,ORD006772,600002,True,11,False,False,False
DEL006773,ORD006773,110002,True,71,False,False,False
DEL006774,ORD006774,110002,False,40,True,False,False
DEL006775,ORD006775,500003,True,29,False,False,False
DEL006776,ORD006776,600001,True,26,False,False,False
DEL006777,ORD006777,500002,True,39,False,False,False
DEL006778,ORD006778,500002,False,5,False,False,False
DEL006779,ORD006779,500003,True,49,False,False,False
DEL006780,ORD006780,110002,True,22,False,False,False
DEL006781,ORD006781,110001,True,90,False,False,False
DEL006782,ORD006782,500001,True,87,False,False,False
DEL006783,ORD006783,700001,True,67,False,False,True
DEL006784,ORD006784,500001,True,66,False,False,False
DEL006785,ORD006785,110002,True,54,True,False,False
DEL006786,ORD006786,560001,True,91,True,False,True
DEL006787,ORD006787,110001,True,26,False,False,False
DEL006788,ORD006788,500001,True,75,False,False,False
DEL006789,ORD006789,500002,True,20,False,False,False
DEL006790,ORD006790,110002,True,79,False,False,False
DEL006791,ORD006791,600002,True,3,True,False,False
DEL006792,ORD006792,700001,True,9,False,False,True
DEL006793,ORD006793,560001,False,39,False,False,True
DEL006794,ORD006794,600001,True,48,False,True,False
DEL006795,ORD006795,600002,True,72,False,False,False
DEL006796,ORD006796,226001,True,25,False,False,True
DEL006797,ORD006797,500003,False,26,False,False,False
DEL006798,ORD006798,500002,True,53,False,False,False
DEL006799,ORD006799,600002,True,51,False,False,False
DEL006800,ORD006800,600001,True,40,False,False,False
DEL006801,ORD006801,110002,True,95,False,False,False
DEL006802,ORD006802,226001,True,59,False,False,True
DEL006803,ORD006803,226001,False,4,False,False,True
DEL006804,ORD006804,500001,True,50,False,False,False
DEL006805,ORD006805,110001,True,65,False,False,False
DEL006806,ORD006806,700001,True,90,False,False,True
DEL006807,ORD006807,110001,True,80,False,False,False
DEL006808,ORD006808,700001,True,64,True,False,True
DEL006809,ORD006809,500002,True,15,False,False,False
DEL006810,ORD006810,560001,True,4,False,False,True
DEL006811,ORD006811,226001,False,31,True,False,True
DEL006812,ORD006812,700001,True,45,False,False,True
DEL006813,ORD006813,500003,False,34,False,False,False
DEL006814,ORD006814,110001,False,60,False,False,False
DEL006815,ORD006815,600002,True,9,False,False,False
DEL006816,ORD006816,110001,True,22,False,False,False
DEL006817,ORD006817,700001,True,58,False,False,True
DEL006818,ORD006818,500003,True,13,False,False,False
DEL006819,ORD006819,560001,True,26,False,False,True
DEL006820,ORD006820,110002,True,23,False,False,False
DEL006821,ORD006821,226001,True,23,True,True,True
DEL006822,ORD006822,700001,True,48,False,False,True
DEL006823,ORD006823,600001,True,38,True,False,False
DEL006824,ORD006824,500003,True,90,False,False,False
DEL006825,ORD006825,700001,True,84,False,False,True
DEL006826,ORD006826,500003,True,70,False,False,False
DEL006827,ORD006827,500003,True,26,False,False,False
DEL006828,ORD006828,500001,True,10,True,False,False
DEL006829,ORD006829,600001,True,89,False,False,False
DEL006830,ORD006830,110002,True,27,True,False,False
DEL006831,ORD006831,560001,True,9,False,False,True
DEL006832,ORD006832,500002,True,40,False,False,False
DEL006833,ORD006833,226001,False,84,False,False,True
DEL006834,ORD006834,110002,True,47,False,False,False
DEL006835,ORD006835,700001,True,29,False,False,True
DEL006836,ORD006836,600001,True,81,False,False,False
DEL006837,ORD006837,700001,True,88,True,False,True
DEL006838,ORD006838,226001,True,80,True,False,True
DEL006839,ORD006839,600001,True,24,False,True,False
DEL006840,ORD006840,226001,True,95,True,False,True
DEL006841,ORD006841,226001,True,28,False,False,True
DEL006842,ORD006842,500001,True,83,False,False,False
DEL006843,ORD006843,110001,True,50,False,False,False
DEL006844,ORD006844,600001,True,33,False,False,False
DEL006845,ORD006845,600002,True,66,False,False,False
DEL006846,ORD006846,560001,True,45,False,False,True
DEL006847,ORD006847,500002,False,19,False,False,False
DEL006848,ORD006848,700001,True,13,False,False,True
DEL006849,ORD006849,500003,True,81,False,False,False
DEL006850,ORD006850,500003,False,91,False,False,False
DEL006851,ORD006851,110001,True,11,False,False,False
DEL006852,ORD006852,600002,True,29,False,False,False
DEL006853,ORD006853,110001,False,56,False,True,False
DEL006854,ORD006854,600002,True,5,False,False,False
DEL006855,ORD006855,560001,True,68,False,False,True
DEL006856,ORD006856,700001,True,2,False,False,True
DEL006857,ORD006857,500002,True,35,True,True,False
DEL006858,ORD006858,700001,True,7,False,False,True
DEL006859,ORD006859,226001,True,26,False,False,True
DEL006860,ORD006860,560001,True,72,False,False,True
DEL006861,ORD006861,500001,True,57,False,False,False
DEL006862,ORD006862,560001,False,49,False,False,True
DEL006863,ORD006863,110002,True,60,False,False,False
DEL006864,ORD006864,500001,False,11,False,False,False
DEL006865,ORD006865,500003,True,86,False,True,False
DEL006866,ORD006866,110001,False,78,False,True,False
DEL006867,ORD006867,500001,True,84,False,False,False
DEL006868,ORD006868,600002,True,28,False,False,False
DEL006869,ORD006869,110001,False,9,False,False,False
DEL006870,ORD006870,500002,True,34,False,False,False
DEL006871,ORD006871,110002,True,51,False,False,False
DEL006872,ORD006872,110002,True,66,False,True,False
DEL006873,ORD006873,110001,False,23,False,False,False
DEL006874,ORD006874,110001,True,80,False,False,False
DEL006875,ORD006875,110001,False,15,False,False,False
DEL006876,ORD006876,700001,True,58,False,True,True
DEL006877,ORD006877,700001,True,12,False,False,True
DEL006878,ORD006878,500002,True,68,True,True,False
DEL006879,ORD006879,700001,True,71,False,False,True
DEL006880,ORD006880,500002,True,48,True,False,False
DEL006881,ORD006881,500003,True,51,False,False,False
DEL006882,ORD006882,700001,True,4,False,False,True
DEL006883,ORD006883,500003,False,63,False,False,False
DEL006884,ORD006884,600001,False,28,False,False,False
DEL006885,ORD006885,600002,True,74,False,False,False
DEL006886,ORD006886,500001,False,61,False,False,False
DEL006887,ORD006887,500002,True,47,False,False,False
DEL006888,ORD006888,110001,False,17,False,False,False
DEL006889,ORD006889,500002,True,43,True,False,False
DEL006890,ORD006890,500002,True,51,False,True,False
DEL006891,ORD006891,600001,False,26,False,False,False
DEL006892,ORD006892,110002,True,64,False,False,False
DEL006893,ORD006893,500001,False,90,False,False,False
DEL006894,ORD006894,110001,False,7,False,False,False
DEL006895,ORD006895,500002,True,94,False,False,False
DEL006896,ORD006896,110001,True,7,False,False,False
DEL006897,ORD006897,600001,True,88,False,False,False
DEL006898,ORD006898,110002,True,3,False,False,False
DEL006899,ORD006899,700001,True,76,False,False,True
DEL006900,ORD006900,500001,False,92,False,False,False
DEL006901,ORD006901,226001,True,33,False,False,True
DEL006902,ORD006902,110001,False,47,False,False,False
DEL006903,ORD006903,500003,True,12,False,False,False
DEL006904,ORD006904,110002,True,22,False,False,False
DEL006905,ORD006905,110001,False,13,False,False,False
DEL006906,ORD006906,500002,True,6,False,False,False
DEL006907,ORD006907,600002,True,51,False,False,False
DEL006908,ORD006908,110002,True,44,False,False,False
DEL006909,ORD006909,600001,True,2,True,False,False
DEL006910,ORD006910,600001,True,33,False,False,False
DEL006911,ORD006911,226001,True,58,True,False,True
DEL006912,ORD006912,500002,True,4,False,False,False
DEL006913,ORD006913,560001,True,47,False,False,True
DEL006914,ORD006914,500003,True,93,False,False,False
DEL006915,ORD006915,560001,False,68,False,True,True
DEL006916,ORD006916,560001,True,56,False,False,True
DEL006917,ORD006917,500001,True,67,False,False,False
DEL006918,ORD006918,560001,True,80,False,False,True
DEL006919,ORD006919,500002,False,54,False,False,False
DEL006920,ORD006920,226001,False,92,False,False,True
DEL006921,ORD006921,110001,False,74,False,False,False
DEL006922,ORD006922,500001,True,52,False,False,False
DEL006923,ORD006923,600001,True,17,False,False,False
DEL006924,ORD006924,110002,True,85,False,False,False
DEL006925,ORD006925,110002,True,64,False,False,False
DEL006926,ORD006926,110001,True,56,False,False,False
DEL006927,ORD006927,600002,True,19,False,False,False
DEL006928,ORD006928,600001,False,83,False,False,False
DEL006929,ORD006929,110002,True,93,False,False,False
DEL006930,ORD006930,600002,True,90,False,False,False
DEL006931,ORD006931,110002,True,44,False,False,False
DEL006932,ORD006932,500001,True,1,False,True,False
DEL006933,ORD006933,110002,True,74,False,False,False
DEL006934,ORD006934,500002,True,57,True,False,False
DEL006935,ORD006935,500001,False,23,False,False,False
DEL006936,ORD006936,700001,True,79,True,False,True
DEL006937,ORD006937,600001,True,40,False,False,False
DEL006938,ORD006938,600001,True,65,False,False,False
DEL006939,ORD006939,600001,True,38,True,False,False
DEL006940,ORD006940,500002,False,20,False,False,False
DEL006941,ORD006941,500003,False,51,False,False,False
DEL006942,ORD006942,500003,True,84,True,False,False
DEL006943,ORD006943,500001,True,23,False,False,False
DEL006944,ORD006944,560001,True,95,False,False,True
DEL006945,ORD006945,560001,True,81,False,False,True
DEL006946,ORD006946,500003,False,91,False,False,False
DEL006947,ORD006947,226001,True,46,False,False,True
DEL006948,ORD006948,110002,True,5,False,False,False
DEL006949,ORD006949,226001,False,36,False,False,True
DEL006950,ORD006950,560001,True,44,False,False,True
DEL006951,ORD006951,600002,True,51,False,False,False
DEL006952,ORD006952,500003,True,87,True,False,False
DEL006953,ORD006953,600002,True,32,False,False,False
DEL006954,ORD006954,500001,True,22,True,False,False
DEL006955,ORD006955,600002,True,91,False,False,False
DEL006956,ORD006956,110002,True,51,False,False,False
DEL006957,ORD006957,500001,True,78,False,False,False
DEL006958,ORD006958,560001,True,36,True,True,True
DEL006959,ORD006959,110002,True,75,False,False,False
DEL006960,ORD006960,600002,True,77,False,False,False
DEL006961,ORD006961,500001,False,74,False,False,False
DEL006962,ORD006962,700001,True,10,False,False,True
DEL006963,ORD006963,560001,True,4,True,False,True
DEL006964,ORD006964,600002,False,75,False,False,False
DEL006965,ORD006965,226001,False,82,False,False,True
DEL006966,ORD006966,700001,False,56,False,False,True
DEL006967,ORD006967,500003,True,82,False,False,False
DEL006968,ORD006968,110001,True,1,False,False,False
DEL006969,ORD006969,110001,True,78,False,False,False
DEL006970,ORD006970,226001,False,30,False,False,True
DEL006971,ORD006971,700001,True,74,False,False,True
DEL006972,ORD006972,560001,True,49,False,False,True
DEL006973,ORD006973,600002,True,31,False,False,False
DEL006974,ORD006974,560001,True,49,False,False,True
DEL006975,ORD006975,500003,True,60,False,False,False
DEL006976,ORD006976,560001,False,13,False,False,True
DEL006977,ORD006977,226001,True,55,True,False,True
DEL006978,ORD006978,500003,True,72,False,False,False
DEL006979,ORD006979,110002,True,33,False,False,False
DEL006980,ORD006980,500003,True,88,True,False,False
DEL006981,ORD006981,110002,True,13,False,False,False
DEL006982,ORD006982,500001,False,87,False,False,False
DEL006983,ORD006983,700001,False,28,False,False,True
DEL006984,ORD006984,500003,True,73,False,False,False
DEL006985,ORD006985,500001,True,69,False,False,False
DEL006986,ORD006986,700001,True,48,False,False,True
DEL006987,ORD006987,700001,False,82,False,False,True
DEL006988,ORD006988,226001,True,68,False,False,True
DEL006989,ORD006989,110002,False,2,False,False,False
DEL006990,ORD006990,110001,True,13,False,False,False
DEL006991,ORD006991,500002,False,88,False,False,False
DEL006992,ORD006992,110002,True,42,False,False,False
DEL006993,ORD006993,600002,False,18,False,False,False
DEL006994,ORD006994,110002,True,77,False,False,False
DEL006995,ORD006995,110001,True,14,False,True,False
DEL006996,ORD006996,110002,True,83,True,False,False
DEL006997,ORD006997,226001,True,41,False,False,True
DEL006998,ORD006998,110002,True,13,False,False,False
DEL006999,ORD006999,600001,True,74,False,True,False
DEL007000,ORD007000,560001,True,68,True,False,True
DEL007001,ORD007001,500001,True,64,False,False,False
DEL007002,ORD007002,500001,False,93,False,False,False
DEL007003,ORD007003,500002,True,84,False,False,False
DEL007004,ORD007004,560001,False,43,False,False,True
DEL007005,ORD007005,560001,True,43,False,False,True
DEL007006,ORD007006,110002,True,78,False,False,False
DEL007007,ORD007007,600001,True,3,False,False,False
DEL007008,ORD007008,500002,True,23,False,False,False
DEL007009,ORD007009,500002,True,57,False,False,False
DEL007010,ORD007010,226001,True,58,False,False,True
DEL007011,ORD007011,110001,True,56,False,False,False
DEL007012,ORD007012,700001,True,91,False,False,True
DEL007013,ORD007013,600002,True,65,False,False,False
DEL007014,ORD007014,110002,True,75,False,False,False
DEL007015,ORD007015,500003,True,53,False,False,False
DEL007016,ORD007016,110001,False,10,False,False,False
DEL007017,ORD007017,700001,True,42,False,True,True
DEL007018,ORD007018,600001,True,89,False,False,False
DEL007019,ORD007019,600001,False,87,False,False,False
DEL007020,ORD007020,600001,True,16,False,False,False
DEL007021,ORD007021,500003,True,4,False,False,False
DEL007022,ORD007022,700001,True,78,False,False,True
DEL007023,ORD007023,600002,True,49,False,False,False
DEL007024,ORD007024,600001,True,68,False,False,False
DEL007025,ORD007025,500003,True,57,False,True,False
DEL007026,ORD007026,600002,True,39,False,False,False
DEL007027,ORD007027,600002,True,31,False,False,False
DEL007028,ORD007028,110001,True,35,False,False,False
DEL007029,ORD007029,600002,True,92,False,False,False
DEL007030,ORD007030,560001,True,49,False,False,True
DEL007031,ORD007031,500002,True,89,False,True,False
DEL007032,ORD007032,600002,False,58,False,False,False
DEL007033,ORD007033,500002,True,28,False,False,False
DEL007034,ORD007034,500003,True,18,True,False,False
DEL007035,ORD007035,600002,True,92,False,False,False
DEL007036,ORD007036,600001,True,23,True,False,False
DEL007037,ORD007037,226001,True,55,False,False,True
DEL007038,ORD007038,226001,True,32,False,False,True
DEL007039,ORD007039,110002,True,2,False,False,False
DEL007040,ORD007040,700001,False,63,False,False,True
DEL007041,ORD007041,500001,True,34,False,False,False
DEL007042,ORD007042,110001,True,5,False,False,False
DEL007043,ORD007043,600002,True,10,False,False,False
DEL007044,ORD007044,500002,True,43,False,False,False
DEL007045,ORD007045,600001,False,54,False,False,False
DEL007046,ORD007046,500002,True,51,False,False,False
DEL007047,ORD007047,700001,True,38,True,False,True
DEL007048,ORD007048,226001,True,16,False,False,True
DEL007049,ORD007049,110002,True,12,False,False,False
DEL007050,ORD007050,600001,True,59,False,False,False
DEL007051,ORD007051,600002,True,65,False,False,False
DEL007052,ORD007052,600002,True,45,True,False,False
DEL007053,ORD007053,110001,True,82,False,False,False
DEL007054,ORD007054,500001,True,51,False,False,False
DEL007055,ORD007055,110002,True,39,False,False,False
DEL007056,ORD007056,500003,True,17,False,True,False
DEL007057,ORD007057,226001,True,39,False,False,True
DEL007058,ORD007058,560001,True,61,False,False,True
DEL007059,ORD007059,500001,True,29,False,False,False
DEL007060,ORD007060,600002,True,82,False,False,False
DEL007061,ORD007061,700001,True,50,False,False,True
DEL007062,ORD007062,500001,True,8,False,False,False
DEL007063,ORD007063,500001,True,59,False,False,False
DEL007064,ORD007064,560001,True,84,False,False,True
DEL007065,ORD007065,600002,True,4,False,False,False
DEL007066,ORD007066,600002,True,13,False,False,False
DEL007067,ORD007067,110001,True,92,False,True,False
DEL007068,ORD007068,110002,False,74,False,False,False
DEL007069,ORD007069,700001,False,24,False,False,True
DEL007070,ORD007070,500002,False,65,False,False,False
DEL007071,ORD007071,110001,True,94,False,False,False
DEL007072,ORD007072,700001,True,95,True,False,True
DEL007073,ORD007073,226001,False,93,False,False,True
DEL007074,ORD007074,500001,False,62,False,False,False
DEL007075,ORD007075,110001,False,72,False,False,False
DEL007076,ORD007076,110002,True,29,False,False,False
DEL007077,ORD007077,600002,True,31,False,False,False
DEL007078,ORD007078,500003,True,63,False,False,False
DEL007079,ORD007079,110002,True,22,False,False,False
DEL007080,ORD007080,500001,False,52,False,False,False
DEL007081,ORD007081,110002,True,81,False,False,False
DEL007082,ORD007082,500001,True,6,False,False,False
DEL007083,ORD007083,110001,True,57,False,False,False
DEL007084,ORD007084,226001,True,81,False,False,True
DEL007085,ORD007085,500001,True,89,False,False,False
DEL007086,ORD007086,110002,True,7,False,False,False
DEL007087,ORD007087,600001,True,10,False,False,False
DEL007088,ORD007088,226001,True,83,False,False,True
DEL007089,ORD007089,600002,False,50,False,False,False
DEL007090,ORD007090,500001,False,72,False,False,False
DEL007091,ORD007091,560001,True,72,False,False,True
DEL007092,ORD007092,600001,True,10,False,False,False
DEL007093,ORD007093,600002,False,59,True,False,False
DEL007094,ORD007094,500001,True,51,False,False,False
DEL007095,ORD007095,500001,False,19,False,False,False
DEL007096,ORD007096,110002,True,50,True,False,False
DEL007097,ORD007097,110001,False,57,False,False,False
DEL007098,ORD007098,110001,True,16,False,False,False
DEL007099,ORD007099,110002,True,11,True,True,False
DEL007100,ORD007100,600002,True,66,False,False,False
DEL007101,ORD007101,600001,True,14,True,False,False
DEL007102,ORD007102,700001,True,38,False,False,True
DEL007103,ORD007103,700001,True,68,False,False,True
DEL007104,ORD007104,500003,True,88,True,False,False
DEL007105,ORD007105,226001,True,62,True,False,True
DEL007106,ORD007106,500001,True,66,False,False,False
DEL007107,ORD007107,600001,True,67,False,False,False
DEL007108,ORD007108,600001,True,33,False,False,False
DEL007109,ORD007109,500001,True,57,False,False,False
DEL007110,ORD007110,700001,True,80,False,False,True
DEL007111,ORD007111,500002,True,9,False,False,False
DEL007112,ORD007112,110002,True,10,False,True,False
DEL007113,ORD007113,226001,True,24,False,False,True
DEL007114,ORD007114,110002,False,55,False,False,False
DEL007115,ORD007115,560001,True,66,False,False,True
DEL007116,ORD007116,226001,True,41,False,False,True
DEL007117,ORD007117,500001,True,87,True,False,False
DEL007118,ORD007118,500003,True,94,False,False,False
DEL007119,ORD007119,110001,False,54,False,False,False
DEL007120,ORD007120,500001,False,52,False,False,False
DEL007121,ORD007121,110002,True,73,False,False,False
DEL007122,ORD007122,110001,True,47,False,False,False
DEL007123,ORD007123,500001,True,21,False,False,False
DEL007124,ORD007124,700001,True,87,False,False,True
DEL007125,ORD007125,500001,True,23,False,False,False
DEL007126,ORD007126,600002,True,2,False,False,False
DEL007127,ORD007127,500001,True,48,False,False,False
DEL007128,ORD007128,600001,False,72,False,False,False
DEL007129,ORD007129,600002,True,84,False,False,False
DEL007130,ORD007130,500001,True,13,False,False,False
DEL007131,ORD007131,500001,True,29,False,False,False
DEL007132,ORD007132,226001,True,31,False,False,True
DEL007133,ORD007133,110002,True,70,False,False,False
DEL007134,ORD007134,110001,True,9,False,False,False
DEL007135,ORD007135,500002,True,5,False,False,False
DEL007136,ORD007136,110001,True,77,False,False,False
DEL007137,ORD007137,600001,True,24,False,False,False
DEL007138,ORD007138,700001,True,23,False,False,True
DEL007139,ORD007139,110001,True,81,False,False,False
DEL007140,ORD007140,110002,True,24,False,False,False
DEL007141,ORD007141,600002,True,57,False,False,False
DEL007142,ORD007142,560001,True,36,False,False,True
DEL007143,ORD007143,110001,True,80,False,False,False
DEL007144,ORD007144,560001,True,49,False,False,True
DEL007145,ORD007145,500001,True,59,False,False,False
DEL007146,ORD007146,500003,True,14,False,True,False
DEL007147,ORD007147,110002,True,37,True,False,False
DEL007148,ORD007148,560001,False,93,False,False,True
DEL007149,ORD007149,600001,True,62,False,False,False
DEL007150,ORD007150,110001,True,43,False,False,False
DEL007151,ORD007151,600001,False,14,False,False,False
DEL007152,ORD007152,500002,False,51,False,False,False
DEL007153,ORD007153,500002,False,14,False,False,False
DEL007154,ORD007154,500001,True,65,False,False,False
DEL007155,ORD007155,500001,False,27,False,False,False
DEL007156,ORD007156,600002,False,50,False,False,False
DEL007157,ORD007157,500002,False,56,False,False,False
DEL007158,ORD007158,600002,True,6,False,False,False
DEL007159,ORD007159,560001,True,89,True,False,True
DEL007160,ORD007160,560001,True,4,False,False,True
DEL007161,ORD007161,600001,True,16,False,False,False
DEL007162,ORD007162,600001,False,20,False,False,False
DEL007163,ORD007163,500003,True,74,False,False,False
DEL007164,ORD007164,110001,True,71,False,False,False
DEL007165,ORD007165,560001,True,75,False,False,True
DEL007166,ORD007166,110001,True,33,False,False,False
DEL007167,ORD007167,700001,True,62,False,False,True
DEL007168,ORD007168,600001,True,74,False,False,False
DEL007169,ORD007169,500002,False,95,False,False,False
DEL007170,ORD007170,500003,True,60,False,False,False
DEL007171,ORD007171,560001,True,83,False,False,True
DEL007172,ORD007172,600002,True,64,False,False,False
DEL007173,ORD007173,110001,True,8,False,False,False
DEL007174,ORD007174,226001,True,52,False,False,True
DEL007175,ORD007175,500003,True,83,False,False,False
DEL007176,ORD007176,500001,True,49,False,False,False
DEL007177,ORD007177,560001,True,67,False,False,True
DEL007178,ORD007178,600002,True,3,False,True,False
DEL007179,ORD007179,500003,True,85,False,True,False
DEL007180,ORD007180,500003,True,67,False,False,False
DEL007181,ORD007181,600001,True,28,False,False,False
DEL007182,ORD007182,500002,True,85,False,False,False
DEL007183,ORD007183,110001,True,33,True,False,False
DEL007184,ORD007184,700001,True,40,False,False,True
DEL007185,ORD007185,500002,True,32,False,False,False
DEL007186,ORD007186,600001,True,45,False,False,False
DEL007187,ORD007187,700001,True,65,False,False,True
DEL007188,ORD007188,500003,True,30,False,False,False
DEL007189,ORD007189,560001,False,80,False,False,True
DEL007190,ORD007190,110001,False,77,False,False,False
DEL007191,ORD007191,500002,False,64,False,False,False
DEL007192,ORD007192,560001,False,57,True,False,True
DEL007193,ORD007193,500003,True,37,False,True,False
DEL007194,ORD007194,226001,True,77,False,False,True
DEL007195,ORD007195,500001,True,2,False,False,False
DEL007196,ORD007196,500001,True,32,True,False,False
DEL007197,ORD007197,110001,True,42,False,False,False
DEL007198,ORD007198,110001,True,73,False,True,False
DEL007199,ORD007199,226001,False,6,False,False,True
DEL007200,ORD007200,700001,False,83,False,False,True
DEL007201,ORD007201,700001,True,17,False,False,True
DEL007202,ORD007202,226001,True,83,False,False,True
DEL007203,ORD007203,600002,True,41,False,False,False
DEL007204,ORD007204,500001,True,70,False,False,False
DEL007205,ORD007205,600001,False,51,False,False,False
DEL007206,ORD007206,600001,False,62,False,False,False
DEL007207,ORD007207,110001,True,33,False,False,False
DEL007208,ORD007208,226001,False,1,False,False,True
DEL007209,ORD007209,500001,True,54,False,False,False
DEL007210,ORD007210,500003,True,62,False,False,False
DEL007211,ORD007211,500001,True,92,False,True,False
DEL007212,ORD007212,500003,True,31,False,False,False
DEL007213,ORD007213,226001,True,27,False,False,True
DEL007214,ORD007214,600001,True,42,False,False,False
DEL007215,ORD007215,560001,True,56,True,False,True
DEL007216,ORD007216,110002,False,60,False,False,False
DEL007217,ORD007217,600001,True,26,False,False,False
DEL007218,ORD007218,110001,True,22,False,False,False
DEL007219,ORD007219,700001,True,33,True,False,True
DEL007220,ORD007220,500003,True,34,False,False,False
DEL007221,ORD007221,560001,True,39,False,True,True
DEL007222,ORD007222,110002,True,11,False,False,False
DEL007223,ORD007223,500003,True,59,False,False,False
DEL007224,ORD007224,500003,True,70,True,False,False
DEL007225,ORD007225,500003,True,36,False,True,False
DEL007226,ORD007226,500001,True,82,False,False,False
DEL007227,ORD007227,560001,True,74,False,False,True
DEL007228,ORD007228,110001,True,34,True,False,False
DEL007229,ORD007229,500003,True,54,True,False,False
DEL007230,ORD007230,500001,False,22,False,False,False
DEL007231,ORD007231,700001,True,23,False,True,True
DEL007232,ORD007232,500001,True,11,False,False,False
DEL007233,ORD007233,500002,False,3,False,False,False
DEL007234,ORD007234,500003,True,43,False,False,False
DEL007235,ORD007235,110002,True,41,False,False,False
DEL007236,ORD007236,500001,True,75,True,False,False
DEL007237,ORD007237,500002,True,22,False,False,False
DEL007238,ORD007238,500002,True,23,True,False,False
DEL007239,ORD007239,500001,True,89,False,False,False
DEL007240,ORD007240,500001,True,50,False,False,False
DEL007241,ORD007241,110002,False,42,False,False,False
DEL007242,ORD007242,226001,True,82,False,False,True
DEL007243,ORD007243,700001,True,94,False,True,True
DEL007244,ORD007244,560001,False,24,False,False,True
DEL007245,ORD007245,700001,True,1,False,False,True
DEL007246,ORD007246,700001,True,12,False,False,True
DEL007247,ORD007247,600001,True,20,False,False,False
DEL007248,ORD007248,500001,True,33,False,False,False
DEL007249,ORD007249,500001,True,28,False,False,False
DEL007250,ORD007250,500003,True,42,False,False,False
DEL007251,ORD007251,500003,False,76,False,False,False
DEL007252,ORD007252,500003,True,89,True,False,False
DEL007253,ORD007253,226001,True,15,False,False,True
DEL007254,ORD007254,500001,True,50,False,False,False
DEL007255,ORD007255,600002,True,23,False,False,False
DEL007256,ORD007256,226001,False,64,True,False,True
DEL007257,ORD007257,500002,True,33,False,False,False
DEL007258,ORD007258,500002,True,33,False,False,False
DEL007259,ORD007259,600002,True,57,False,True,False
DEL007260,ORD007260,226001,True,3,False,False,True
DEL007261,ORD007261,560001,True,40,False,False,True
DEL007262,ORD007262,226001,True,21,False,False,True
DEL007263,ORD007263,500003,True,66,False,True,False
DEL007264,ORD007264,500001,True,50,False,False,False
DEL007265,ORD007265,500001,True,76,False,False,False
DEL007266,ORD007266,500003,True,18,False,False,False
DEL007267,ORD007267,110002,True,74,False,False,False
DEL007268,ORD007268,560001,True,57,False,False,True
DEL007269,ORD007269,110001,True,86,False,False,False
DEL007270,ORD007270,110002,True,94,False,False,False
DEL007271,ORD007271,500001,True,79,False,False,False
DEL007272,ORD007272,600002,True,32,False,False,False
DEL007273,ORD007273,226001,True,48,False,False,True
DEL007274,ORD007274,110002,True,39,False,False,False
DEL007275,ORD007275,600001,True,29,False,False,False
DEL007276,ORD007276,226001,True,33,False,False,True
DEL007277,ORD007277,600001,False,28,False,False,False
DEL007278,ORD007278,700001,True,66,False,False,True
DEL007279,ORD007279,500003,True,41,False,False,False
DEL007280,ORD007280,500002,True,14,False,True,False
DEL007281,ORD007281,560001,True,56,False,False,True
DEL007282,ORD007282,110002,False,23,False,False,False
DEL007283,ORD007283,226001,True,11,False,False,True
DEL007284,ORD007284,600002,True,70,False,True,False
DEL007285,ORD007285,500003,True,72,False,False,False
DEL007286,ORD007286,500003,True,58,False,False,False
DEL007287,ORD007287,500002,True,49,False,False,False
DEL007288,ORD007288,600002,False,77,False,False,False
DEL007289,ORD007289,560001,True,39,False,False,True
DEL007290,ORD007290,500001,True,59,False,False,False
DEL007291,ORD007291,500001,True,18,False,False,False
DEL007292,ORD007292,226001,True,52,False,False,True
DEL007293,ORD007293,700001,True,92,False,True,True
DEL007294,ORD007294,500001,True,86,False,False,False
DEL007295,ORD007295,110001,True,4,False,False,False
DEL007296,ORD007296,500003,True,34,False,False,False
DEL007297,ORD007297,700001,True,77,False,True,True
DEL007298,ORD007298,110001,False,2,False,False,False
DEL007299,ORD007299,560001,True,2,False,True,True
DEL007300,ORD007300,700001,True,18,False,False,True
DEL007301,ORD007301,110001,True,7,False,False,False
DEL007302,ORD007302,600001,False,89,False,False,False
DEL007303,ORD007303,110002,True,42,False,False,False
DEL007304,ORD007304,600001,True,12,False,False,False
DEL007305,ORD007305,500002,False,25,False,False,False
DEL007306,ORD007306,500003,True,67,True,False,False
DEL007307,ORD007307,500003,False,59,False,False,False
DEL007308,ORD007308,700001,False,59,False,False,True
DEL007309,ORD007309,500003,True,28,False,False,False
DEL007310,ORD007310,600002,True,47,False,False,False
DEL007311,ORD007311,110002,True,75,False,False,False
DEL007312,ORD007312,110001,True,9,False,False,False
DEL007313,ORD007313,110002,True,78,False,False,False
DEL007314,ORD007314,500001,True,20,True,False,False
DEL007315,ORD007315,110001,True,33,False,False,False
DEL007316,ORD007316,600002,True,21,False,False,False
DEL007317,ORD007317,500002,True,63,False,False,False
DEL007318,ORD007318,110002,True,10,False,False,False
DEL007319,ORD007319,600001,False,43,False,False,False
DEL007320,ORD007320,560001,False,28,False,False,True
DEL007321,ORD007321,110002,True,18,False,True,False
DEL007322,ORD007322,500003,True,69,False,True,False
DEL007323,ORD007323,700001,True,41,False,False,True
DEL007324,ORD007324,600002,True,44,False,False,False
DEL007325,ORD007325,500003,True,51,False,True,False
DEL007326,ORD007326,600001,True,37,False,False,False
DEL007327,ORD007327,560001,True,59,False,False,True
DEL007328,ORD007328,500001,True,41,False,False,False
DEL007329,ORD007329,110001,True,26,False,False,False
DEL007330,ORD007330,560001,True,33,True,False,True
DEL007331,ORD007331,110002,True,57,False,True,False
DEL007332,ORD007332,560001,True,36,False,False,True
DEL007333,ORD007333,226001,False,13,False,False,True
DEL007334,ORD007334,500001,False,41,False,False,False
DEL007335,ORD007335,500003,True,31,False,False,False
DEL007336,ORD007336,600002,True,23,False,False,False
DEL007337,ORD007337,500002,True,1,False,False,False
DEL007338,ORD007338,600002,False,54,False,False,False
DEL007339,ORD007339,560001,True,93,False,False,True
DEL007340,ORD007340,500003,False,84,False,False,False
DEL007341,ORD007341,600002,True,17,True,False,False
DEL007342,ORD007342,500001,True,14,True,False,False
DEL007343,ORD007343,110001,True,23,False,False,False
DEL007344,ORD007344,700001,True,64,False,False,True
DEL007345,ORD007345,500001,True,85,False,False,False
DEL007346,ORD007346,500001,True,41,False,False,False
DEL007347,ORD007347,110002,False,69,False,False,False
DEL007348,ORD007348,560001,True,42,False,False,True
DEL007349,ORD007349,500002,False,27,False,False,False
DEL007350,ORD007350,500003,False,18,False,False,False
DEL007351,ORD007351,560001,True,21,False,False,True
DEL007352,ORD007352,110001,True,37,False,False,False
DEL007353,ORD007353,110001,False,57,False,True,False
DEL007354,ORD007354,110001,False,35,False,False,False
DEL007355,ORD007355,600002,True,76,False,False,False
DEL007356,ORD007356,600001,True,61,True,False,False
DEL007357,ORD007357,500003,True,75,False,False,False
DEL007358,ORD007358,560001,False,68,True,False,True
DEL007359,ORD007359,500003,True,85,False,True,False
DEL007360,ORD007360,560001,True,3,False,False,True
DEL007361,ORD007361,500001,False,24,False,False,False
DEL007362,ORD007362,700001,True,65,False,False,True
DEL007363,ORD007363,500002,True,1,False,False,False
DEL007364,ORD007364,500002,False,56,False,False,False
DEL007365,ORD007365,500002,True,37,False,False,False
DEL007366,ORD007366,600002,False,8,False,False,False
DEL007367,ORD007367,500002,True,23,False,False,False
DEL007368,ORD007368,500003,True,39,False,False,False
DEL007369,ORD007369,600002,False,48,False,False,False
DEL007370,ORD007370,700001,False,10,False,False,True
DEL007371,ORD007371,700001,True,26,False,False,True
DEL007372,ORD007372,110002,True,41,False,False,False
DEL007373,ORD007373,560001,False,75,False,True,True
DEL007374,ORD007374,500001,True,75,False,False,False
DEL007375,ORD007375,500002,False,34,False,False,False
DEL007376,ORD007376,500002,True,90,False,True,False
DEL007377,ORD007377,110002,True,18,False,False,False
DEL007378,ORD007378,600002,True,34,False,False,False
DEL007379,ORD007379,600002,True,64,True,False,False
DEL007380,ORD007380,110001,True,5,False,False,False
DEL007381,ORD007381,110001,True,78,True,False,False
DEL007382,ORD007382,500003,True,24,False,False,False
DEL007383,ORD007383,600002,True,83,False,False,False
DEL007384,ORD007384,500003,False,9,False,True,False
DEL007385,ORD007385,500003,True,69,False,False,False
DEL007386,ORD007386,600001,False,94,False,False,False
DEL007387,ORD007387,600002,True,18,False,False,False
DEL007388,ORD007388,560001,True,19,False,False,True
DEL007389,ORD007389,226001,True,9,False,False,True
DEL007390,ORD007390,110001,True,39,True,False,False
DEL007391,ORD007391,110002,True,59,False,False,False
DEL007392,ORD007392,500001,True,25,False,False,False
DEL007393,ORD007393,500001,True,86,False,True,False
DEL007394,ORD007394,600001,True,29,False,False,False
DEL007395,ORD007395,560001,True,82,False,False,True
DEL007396,ORD007396,500002,True,95,False,False,False
DEL007397,ORD007397,700001,False,78,False,False,True
DEL007398,ORD007398,226001,True,42,False,True,True
DEL007399,ORD007399,600002,True,20,True,False,False
DEL007400,ORD007400,560001,False,41,False,False,True
DEL007401,ORD007401,600001,True,8,False,False,False
DEL007402,ORD007402,226001,False,16,True,True,True
DEL007403,ORD007403,110001,False,73,True,False,False
DEL007404,ORD007404,500001,False,28,False,False,False
DEL007405,ORD007405,110001,True,72,True,False,False
DEL007406,ORD007406,110002,True,67,False,False,False
DEL007407,ORD007407,500003,True,84,False,False,False
DEL007408,ORD007408,600002,False,74,False,False,False
DEL007409,ORD007409,560001,True,7,False,True,True
DEL007410,ORD007410,700001,True,46,True,False,True
DEL007411,ORD007411,110001,True,17,False,False,False
DEL007412,ORD007412,500002,True,52,False,False,False
DEL007413,ORD007413,600002,True,93,False,False,False
DEL007414,ORD007414,700001,True,31,False,False,True
DEL007415,ORD007415,500003,True,87,False,False,False
DEL007416,ORD007416,110001,True,95,False,False,False
DEL007417,ORD007417,110001,True,14,False,False,False
DEL007418,ORD007418,500002,True,57,False,False,False
DEL007419,ORD007419,500003,True,74,False,False,False
DEL007420,ORD007420,700001,True,83,False,False,True
DEL007421,ORD007421,700001,True,54,False,False,True
DEL007422,ORD007422,700001,True,66,False,False,True
DEL007423,ORD007423,500002,False,53,False,False,False
DEL007424,ORD007424,500003,True,16,False,False,False
DEL007425,ORD007425,700001,True,53,False,False,True
DEL007426,ORD007426,560001,True,72,False,False,True
DEL007427,ORD007427,600001,True,15,False,False,False
DEL007428,ORD007428,226001,True,11,False,False,True
DEL007429,ORD007429,110002,False,91,False,False,False
DEL007430,ORD007430,600002,True,57,False,False,False
DEL007431,ORD007431,500002,True,89,True,False,False
DEL007432,ORD007432,110002,True,39,False,False,False
DEL007433,ORD007433,226001,True,66,False,False,True
DEL007434,ORD007434,560001,True,13,False,False,True
DEL007435,ORD007435,600001,True,51,False,False,False
DEL007436,ORD007436,226001,True,85,False,False,True
DEL007437,ORD007437,560001,False,82,False,False,True
DEL007438,ORD007438,110002,True,62,False,False,False
DEL007439,ORD007439,500003,False,29,False,False,False
DEL007440,ORD007440,500003,True,8,False,False,False
DEL007441,ORD007441,500003,True,20,False,False,False
DEL007442,ORD007442,500003,False,73,False,False,False
DEL007443,ORD007443,110002,True,30,False,True,False
DEL007444,ORD007444,600002,False,58,False,False,False
DEL007445,ORD007445,600001,False,51,False,False,False
DEL007446,ORD007446,226001,True,20,False,False,True
DEL007447,ORD007447,560001,True,38,False,False,True
DEL007448,ORD007448,226001,True,87,False,False,True
DEL007449,ORD007449,700001,True,8,False,False,True
DEL007450,ORD007450,500003,True,65,False,False,False
DEL007451,ORD007451,110001,True,6,False,False,False
DEL007452,ORD007452,600001,True,44,False,False,False
DEL007453,ORD007453,600002,True,1,False,False,False
DEL007454,ORD007454,110002,False,65,False,False,False
DEL007455,ORD007455,600001,False,45,False,False,False
DEL007456,ORD007456,560001,True,12,True,False,True
DEL007457,ORD007457,500003,True,78,False,False,False
DEL007458,ORD007458,110002,False,4,False,False,False
DEL007459,ORD007459,500003,True,43,False,False,False
DEL007460,ORD007460,500002,True,95,False,False,False
DEL007461,ORD007461,560001,True,25,False,False,True
DEL007462,ORD007462,500002,True,90,True,False,False
DEL007463,ORD007463,700001,True,12,False,False,True
DEL007464,ORD007464,600002,True,82,False,False,False
DEL007465,ORD007465,600001,True,38,False,False,False
DEL007466,ORD007466,700001,True,56,False,False,True
DEL007467,ORD007467,560001,False,2,False,False,True
DEL007468,ORD007468,500002,True,12,False,False,False
DEL007469,ORD007469,600002,True,65,True,False,False
DEL007470,ORD007470,500001,True,83,True,False,False
DEL007471,ORD007471,500002,True,47,False,False,False
DEL007472,ORD007472,600002,True,42,False,False,False
DEL007473,ORD007473,500003,True,57,True,False,False
DEL007474,ORD007474,226001,True,39,False,False,True
DEL007475,ORD007475,226001,True,69,False,False,True
DEL007476,ORD007476,226001,True,47,False,False,True
DEL007477,ORD007477,500001,True,69,True,True,False
DEL007478,ORD007478,110002,True,85,False,False,False
DEL007479,ORD007479,110002,True,66,False,False,False
DEL007480,ORD007480,500003,True,39,False,False,False
DEL007481,ORD007481,110002,True,56,True,False,False
DEL007482,ORD007482,600002,True,43,False,False,False
DEL007483,ORD007483,560001,True,31,False,False,True
DEL007484,ORD007484,500002,True,5,False,False,False
DEL007485,ORD007485,110002,True,2,True,False,False
DEL007486,ORD007486,500003,False,56,False,False,False
DEL007487,ORD007487,226001,True,48,False,True,True
DEL007488,ORD007488,600001,True,7,False,False,False
DEL007489,ORD007489,500001,True,52,False,False,False
DEL007490,ORD007490,110002,True,40,True,False,False
DEL007491,ORD007491,560001,True,31,False,False,True
DEL007492,ORD007492,500002,True,55,False,False,False
DEL007493,ORD007493,600002,False,71,False,False,False
DEL007494,ORD007494,600002,True,59,False,False,False
DEL007495,ORD007495,560001,True,69,False,False,True
DEL007496,ORD007496,500003,True,32,False,False,False
DEL007497,ORD007497,500002,True,29,False,False,False
DEL007498,ORD007498,500002,False,62,False,False,False
DEL007499,ORD007499,500001,False,23,False,False,False
DEL007500,ORD007500,110002,True,72,False,False,False
DEL007501,ORD007501,110001,True,81,False,False,False
DEL007502,ORD007502,500003,False,92,False,False,False
DEL007503,ORD007503,700001,True,84,False,False,True
DEL007504,ORD007504,600002,True,82,False,False,False
DEL007505,ORD007505,700001,False,15,False,False,True
DEL007506,ORD007506,500001,True,39,False,False,False
DEL007507,ORD007507,500003,True,40,True,True,False
DEL007508,ORD007508,560001,True,6,False,False,True
DEL007509,ORD007509,500003,False,37,False,False,False
DEL007510,ORD007510,560001,False,17,False,False,True
DEL007511,ORD007511,500001,True,51,False,False,False
DEL007512,ORD007512,600001,True,14,False,False,False
DEL007513,ORD007513,700001,False,8,False,False,True
DEL007514,ORD007514,110002,True,72,False,False,False
DEL007515,ORD007515,600002,True,89,False,False,False
DEL007516,ORD007516,500001,True,50,False,False,False
DEL007517,ORD007517,700001,False,33,False,True,True
DEL007518,ORD007518,110001,True,47,False,False,False
DEL007519,ORD007519,226001,False,29,False,False,True
DEL007520,ORD007520,110001,True,20,False,False,False
DEL007521,ORD007521,700001,True,48,False,False,True
DEL007522,ORD007522,560001,True,16,False,False,True
DEL007523,ORD007523,700001,True,55,False,True,True
DEL007524,ORD007524,500002,False,16,True,False,False
DEL007525,ORD007525,500003,True,3,False,False,False
DEL007526,ORD007526,600002,True,25,False,False,False
DEL007527,ORD007527,600002,True,37,True,False,False
DEL007528,ORD007528,110001,True,2,False,False,False
DEL007529,ORD007529,500002,True,3,False,False,False
DEL007530,ORD007530,560001,True,70,False,False,True
DEL007531,ORD007531,500001,True,80,False,False,False
DEL007532,ORD007532,110002,True,63,False,False,False
DEL007533,ORD007533,110001,False,59,False,False,False
DEL007534,ORD007534,700001,True,59,False,False,True
DEL007535,ORD007535,110002,False,55,False,False,False
DEL007536,ORD007536,560001,True,30,False,False,True
DEL007537,ORD007537,500002,True,32,False,False,False
DEL007538,ORD007538,226001,True,90,False,False,True
DEL007539,ORD007539,600001,True,16,False,False,False
DEL007540,ORD007540,700001,True,85,False,False,True
DEL007541,ORD007541,110002,True,86,False,False,False
DEL007542,ORD007542,500002,True,37,True,False,False
DEL007543,ORD007543,500001,True,77,False,False,False
DEL007544,ORD007544,500003,True,9,False,False,False
DEL007545,ORD007545,110001,True,57,False,False,False
DEL007546,ORD007546,226001,True,69,False,False,True
DEL007547,ORD007547,600002,True,64,False,False,False
DEL007548,ORD007548,500001,False,92,False,False,False
DEL007549,ORD007549,500003,True,49,False,False,False
DEL007550,ORD007550,226001,True,23,False,False,True
DEL007551,ORD007551,600002,True,63,False,False,False
DEL007552,ORD007552,700001,True,91,False,True,True
DEL007553,ORD007553,226001,True,41,False,True,True
DEL007554,ORD007554,226001,True,46,False,True,True
DEL007555,ORD007555,600002,False,68,False,False,False
DEL007556,ORD007556,226001,True,49,False,False,True
DEL007557,ORD007557,500001,True,17,False,False,False
DEL007558,ORD007558,700001,True,83,False,False,True
DEL007559,ORD007559,500003,True,2,False,False,False
DEL007560,ORD007560,560001,True,70,False,False,True
DEL007561,ORD007561,500001,False,66,False,False,False
DEL007562,ORD007562,700001,True,84,True,False,True
DEL007563,ORD007563,500003,True,10,False,False,False
DEL007564,ORD007564,110002,False,76,True,False,False
DEL007565,ORD007565,110002,False,72,False,False,False
DEL007566,ORD007566,110001,True,8,False,False,False
DEL007567,ORD007567,500002,False,41,False,False,False
DEL007568,ORD007568,226001,True,91,False,False,True
DEL007569,ORD007569,500001,False,84,True,False,False
DEL007570,ORD007570,500003,True,38,False,False,False
DEL007571,ORD007571,110002,False,90,False,False,False
DEL007572,ORD007572,560001,True,81,True,False,True
DEL007573,ORD007573,226001,True,74,False,False,True
DEL007574,ORD007574,600002,False,68,False,False,False
DEL007575,ORD007575,226001,True,33,False,False,True
DEL007576,ORD007576,500003,True,23,False,False,False
DEL007577,ORD007577,500003,True,58,False,False,False
DEL007578,ORD007578,500003,True,82,False,False,False
DEL007579,ORD007579,600001,True,86,False,False,False
DEL007580,ORD007580,110002,True,89,False,False,False
DEL007581,ORD007581,110002,True,82,False,False,False
DEL007582,ORD007582,700001,True,64,False,False,True
DEL007583,ORD007583,500001,True,40,True,False,False
DEL007584,ORD007584,600002,True,95,False,False,False
DEL007585,ORD007585,110002,True,45,False,True,False
DEL007586,ORD007586,600001,True,1,False,False,False
DEL007587,ORD007587,226001,True,80,False,False,True
DEL007588,ORD007588,600001,True,58,False,False,False
DEL007589,ORD007589,600001,True,44,False,False,False
DEL007590,ORD007590,600002,True,35,False,False,False
DEL007591,ORD007591,500002,True,64,False,False,False
DEL007592,ORD007592,500001,False,53,False,False,False
DEL007593,ORD007593,110001,True,17,True,False,False
DEL007594,ORD007594,500002,True,75,False,False,False
DEL007595,ORD007595,110002,True,13,False,False,False
DEL007596,ORD007596,226001,True,69,True,False,True
DEL007597,ORD007597,560001,True,75,False,False,True
DEL007598,ORD007598,226001,True,87,False,False,True
DEL007599,ORD007599,500003,True,17,False,False,False
DEL007600,ORD007600,700001,True,40,True,False,True
DEL007601,ORD007601,110002,False,80,False,False,False
DEL007602,ORD007602,600002,True,84,False,False,False
DEL007603,ORD007603,600001,True,34,False,False,False
DEL007604,ORD007604,110002,True,51,True,False,False
DEL007605,ORD007605,110001,True,55,False,False,False
DEL007606,ORD007606,110001,True,87,False,False,False
DEL007607,ORD007607,500002,True,40,False,False,False
DEL007608,ORD007608,600001,False,7,False,False,False
DEL007609,ORD007609,560001,False,83,False,False,True
DEL007610,ORD007610,110002,True,34,False,False,False
DEL007611,ORD007611,500003,True,36,True,False,False
DEL007612,ORD007612,600001,False,40,False,False,False
DEL007613,ORD007613,500003,False,18,True,False,False
DEL007614,ORD007614,226001,False,72,False,False,True
DEL007615,ORD007615,700001,False,24,False,False,True
DEL007616,ORD007616,110002,True,31,False,False,False
DEL007617,ORD007617,560001,True,55,False,False,True
DEL007618,ORD007618,600002,True,81,False,False,False
DEL007619,ORD007619,600002,True,88,False,False,False
DEL007620,ORD007620,500001,True,13,False,False,False
DEL007621,ORD007621,700001,False,61,False,False,True
DEL007622,ORD007622,700001,True,23,False,False,True
DEL007623,ORD007623,600001,True,27,False,False,False
DEL007624,ORD007624,500001,True,90,False,False,False
DEL007625,ORD007625,500003,True,41,False,False,False
DEL007626,ORD007626,600002,True,43,False,False,False
DEL007627,ORD007627,110001,True,23,False,False,False
DEL007628,ORD007628,700001,True,11,False,False,True
DEL007629,ORD007629,560001,True,77,False,False,True
DEL007630,ORD007630,560001,True,19,False,False,True
DEL007631,ORD007631,500001,True,94,False,False,False
DEL007632,ORD007632,226001,True,7,True,False,True
DEL007633,ORD007633,110002,True,85,False,False,False
DEL007634,ORD007634,110002,True,92,False,False,False
DEL007635,ORD007635,600001,True,63,False,True,False
DEL007636,ORD007636,560001,True,47,False,False,True
DEL007637,ORD007637,110002,True,25,False,True,False
DEL007638,ORD007638,500001,True,87,False,False,False
DEL007639,ORD007639,226001,True,13,False,True,True
DEL007640,ORD007640,600002,True,76,False,True,False
DEL007641,ORD007641,226001,False,59,False,False,True
DEL007642,ORD007642,110002,False,53,True,False,False
DEL007643,ORD007643,110002,True,58,False,True,False
DEL007644,ORD007644,600001,True,38,False,False,False
DEL007645,ORD007645,500001,True,15,False,False,False
DEL007646,ORD007646,700001,True,80,False,False,True
DEL007647,ORD007647,600002,False,43,False,False,False
DEL007648,ORD007648,560001,True,45,False,False,True
DEL007649,ORD007649,500001,False,32,False,False,False
DEL007650,ORD007650,600001,False,37,False,True,False
DEL007651,ORD007651,500002,True,73,False,False,False
DEL007652,ORD007652,560001,True,33,False,False,True
DEL007653,ORD007653,226001,True,54,True,False,True
DEL007654,ORD007654,600002,True,24,False,False,False
DEL007655,ORD007655,500003,True,4,False,False,False
DEL007656,ORD007656,110001,False,1,False,False,False
DEL007657,ORD007657,560001,True,63,False,False,True
DEL007658,ORD007658,560001,True,32,False,True,True
DEL007659,ORD007659,560001,True,65,False,False,True
DEL007660,ORD007660,110002,True,51,False,False,False
DEL007661,ORD007661,700001,True,10,False,False,True
DEL007662,ORD007662,500001,True,21,False,False,False
DEL007663,ORD007663,226001,True,15,False,False,True
DEL007664,ORD007664,500002,True,80,False,False,False
DEL007665,ORD007665,600001,False,45,False,False,False
DEL007666,ORD007666,500002,False,52,False,False,False
DEL007667,ORD007667,226001,False,9,False,False,True
DEL007668,ORD007668,500001,True,4,False,True,False
DEL007669,ORD007669,560001,False,83,False,False,True
DEL007670,ORD007670,110001,True,28,False,False,False
DEL007671,ORD007671,600001,False,90,False,False,False
DEL007672,ORD007672,600001,True,89,False,False,False
DEL007673,ORD007673,226001,True,45,False,False,True
DEL007674,ORD007674,560001,True,48,True,False,True
DEL007675,ORD007675,226001,True,41,False,False,True
DEL007676,ORD007676,560001,True,27,False,False,True
DEL007677,ORD007677,110002,True,20,False,False,False
DEL007678,ORD007678,500003,False,31,False,False,False
DEL007679,ORD007679,560001,True,12,True,False,True
DEL007680,ORD007680,226001,True,89,False,False,True
DEL007681,ORD007681,600001,True,54,False,False,False
DEL007682,ORD007682,700001,False,90,False,True,True
DEL007683,ORD007683,110002,False,49,False,True,False
DEL007684,ORD007684,600001,True,40,False,False,False
DEL007685,ORD007685,600002,True,48,False,False,False
DEL007686,ORD007686,600002,True,45,False,False,False
DEL007687,ORD007687,500001,False,92,False,False,False
DEL007688,ORD007688,110002,True,37,False,False,False
DEL007689,ORD007689,600001,True,90,False,False,False
DEL007690,ORD007690,500003,True,27,False,False,False
DEL007691,ORD007691,600002,True,21,False,False,False
DEL007692,ORD007692,500001,True,7,False,False,False
DEL007693,ORD007693,500002,False,32,False,False,False
DEL007694,ORD007694,500002,True,70,False,False,False
DEL007695,ORD007695,700001,True,49,False,True,True
DEL007696,ORD007696,500003,False,57,False,False,False
DEL007697,ORD007697,500001,True,22,False,False,False
DEL007698,ORD007698,110002,True,35,False,False,False
DEL007699,ORD007699,500002,False,3,False,False,False
DEL007700,ORD007700,560001,True,22,False,False,True
DEL007701,ORD007701,226001,False,80,False,False,True
DEL007702,ORD007702,600001,True,39,False,False,False
DEL007703,ORD007703,110001,True,20,True,False,False
DEL007704,ORD007704,500001,False,13,False,False,False
DEL007705,ORD007705,110002,True,39,False,False,False
DEL007706,ORD007706,226001,True,67,False,False,True
DEL007707,ORD007707,560001,True,51,False,False,True
DEL007708,ORD007708,700001,True,64,False,False,True
DEL007709,ORD007709,600002,True,45,False,False,False
DEL007710,ORD007710,500001,True,20,False,False,False
DEL007711,ORD007711,500003,False,92,True,False,False
DEL007712,ORD007712,700001,True,7,True,False,True
DEL007713,ORD007713,110001,True,69,False,True,False
DEL007714,ORD007714,600002,False,57,False,False,False
DEL007715,ORD007715,700001,False,49,False,False,True
DEL007716,ORD007716,700001,True,45,False,False,True
DEL007717,ORD007717,500003,True,44,False,True,False
DEL007718,ORD007718,600002,False,10,False,False,False
DEL007719,ORD007719,700001,True,82,False,False,True
DEL007720,ORD007720,226001,True,7,False,False,True
DEL007721,ORD007721,700001,False,93,False,False,True
DEL007722,ORD007722,110002,True,33,False,False,False
DEL007723,ORD007723,500001,True,84,False,False,False
DEL007724,ORD007724,700001,False,21,False,False,True
DEL007725,ORD007725,110001,True,47,True,False,False
DEL007726,ORD007726,560001,True,12,False,False,True
DEL007727,ORD007727,500003,True,34,False,False,False
DEL007728,ORD007728,110002,True,49,False,False,False
DEL007729,ORD007729,500001,False,46,False,False,False
DEL007730,ORD007730,500001,False,62,False,False,False
DEL007731,ORD007731,560001,True,16,False,True,True
DEL007732,ORD007732,500002,True,58,False,False,False
DEL007733,ORD007733,500001,True,46,False,True,False
DEL007734,ORD007734,560001,True,92,False,False,True
DEL007735,ORD007735,700001,True,85,False,False,True
DEL007736,ORD007736,500002,True,1,False,False,False
DEL007737,ORD007737,500003,True,94,False,False,False
DEL007738,ORD007738,600002,False,1,False,False,False
DEL007739,ORD007739,500002,True,16,True,False,False
DEL007740,ORD007740,110001,False,58,False,False,False
DEL007741,ORD007741,500002,True,46,False,False,False
DEL007742,ORD007742,600001,True,31,False,False,False
DEL007743,ORD007743,560001,False,85,False,False,True
DEL007744,ORD007744,500001,True,86,False,False,False
DEL007745,ORD007745,226001,True,67,False,False,True
DEL007746,ORD007746,600001,True,36,False,False,False
DEL007747,ORD007747,500003,False,79,False,False,False
DEL007748,ORD007748,500001,True,82,False,False,False
DEL007749,ORD007749,600001,True,54,False,False,False
DEL007750,ORD007750,226001,False,62,False,False,True
DEL007751,ORD007751,500001,True,57,False,False,False
DEL007752,ORD007752,110002,True,53,False,False,False
DEL007753,ORD007753,700001,True,77,False,False,True
DEL007754,ORD007754,600002,True,85,False,False,False
DEL007755,ORD007755,600001,True,85,False,False,False
DEL007756,ORD007756,500001,False,94,False,False,False
DEL007757,ORD007757,226001,True,27,False,False,True
DEL007758,ORD007758,500001,True,63,False,False,False
DEL007759,ORD007759,110002,True,70,False,False,False
DEL007760,ORD007760,700001,True,64,False,False,True
DEL007761,ORD007761,500003,True,30,False,False,False
DEL007762,ORD007762,500001,True,32,False,False,False
DEL007763,ORD007763,600002,True,72,False,False,False
DEL007764,ORD007764,226001,True,48,False,False,True
DEL007765,ORD007765,226001,False,65,False,False,True
DEL007766,ORD007766,500003,False,20,False,False,False
DEL007767,ORD007767,226001,True,14,False,False,True
DEL007768,ORD007768,500001,True,44,True,False,False
DEL007769,ORD007769,500001,False,69,False,False,False
DEL007770,ORD007770,110001,True,85,False,True,False
DEL007771,ORD007771,110002,False,46,True,False,False
DEL007772,ORD007772,700001,True,14,False,False,True
DEL007773,ORD007773,600002,True,84,False,False,False
DEL007774,ORD007774,500001,True,69,False,False,False
DEL007775,ORD007775,500001,True,62,False,False,False
DEL007776,ORD007776,700001,False,73,False,False,True
DEL007777,ORD007777,700001,True,83,False,False,True
DEL007778,ORD007778,500002,True,94,True,False,False
DEL007779,ORD007779,500002,True,33,False,False,False
DEL007780,ORD007780,700001,True,29,False,True,True
DEL007781,ORD007781,600002,False,34,False,False,False
DEL007782,ORD007782,110002,True,53,False,False,False
DEL007783,ORD007783,600002,True,74,False,False,False
DEL007784,ORD007784,560001,True,85,False,False,True
DEL007785,ORD007785,560001,False,59,False,False,True
DEL007786,ORD007786,110002,False,19,False,False,False
DEL007787,ORD007787,500001,True,84,True,False,False
DEL007788,ORD007788,500001,True,66,False,False,False
DEL007789,ORD007789,560001,True,36,False,False,True
DEL007790,ORD007790,110002,False,21,True,False,False
DEL007791,ORD007791,600002,True,17,True,False,False
DEL007792,ORD007792,500002,True,87,True,False,False
DEL007793,ORD007793,500002,True,63,False,False,False
DEL007794,ORD007794,700001,True,65,True,False,True
DEL007795,ORD007795,110002,True,30,False,False,False
DEL007796,ORD007796,110001,False,84,False,False,False
DEL007797,ORD007797,600002,True,74,False,True,False
DEL007798,ORD007798,700001,True,36,False,False,True
DEL007799,ORD007799,500003,True,1,False,False,False
DEL007800,ORD007800,560001,True,80,False,False,True
DEL007801,ORD007801,110001,False,57,False,False,False
DEL007802,ORD007802,700001,True,59,False,False,True
DEL007803,ORD007803,700001,True,47,False,False,True
DEL007804,ORD007804,600002,True,4,False,False,False
DEL007805,ORD007805,110002,True,1,False,False,False
DEL007806,ORD007806,110001,True,81,False,False,False
DEL007807,ORD007807,500002,True,83,False,True,False
DEL007808,ORD007808,560001,False,21,False,False,True
DEL007809,ORD007809,560001,True,78,False,False,True
DEL007810,ORD007810,700001,True,73,False,False,True
DEL007811,ORD007811,226001,True,79,False,False,True
DEL007812,ORD007812,500001,True,13,False,False,False
DEL007813,ORD007813,110001,True,9,False,False,False
DEL007814,ORD007814,600001,False,82,False,False,False
DEL007815,ORD007815,110001,True,62,False,False,False
DEL007816,ORD007816,500003,True,75,False,False,False
DEL007817,ORD007817,700001,False,37,False,False,True
DEL007818,ORD007818,110001,True,19,False,False,False
DEL007819,ORD007819,110001,False,70,False,False,False
DEL007820,ORD007820,500003,False,16,False,False,False
DEL007821,ORD007821,226001,True,42,False,False,True
DEL007822,ORD007822,600002,True,35,False,False,False
DEL007823,ORD007823,226001,True,66,True,False,True
DEL007824,ORD007824,700001,True,33,False,False,True
DEL007825,ORD007825,560001,True,48,False,False,True
DEL007826,ORD007826,226001,True,48,False,False,True
DEL007827,ORD007827,500003,True,30,False,False,False
DEL007828,ORD007828,500001,True,55,False,False,False
DEL007829,ORD007829,110001,True,86,False,False,False
DEL007830,ORD007830,110002,True,36,False,False,False
DEL007831,ORD007831,226001,True,77,False,False,True
DEL007832,ORD007832,700001,True,70,False,False,True
DEL007833,ORD007833,226001,True,80,False,False,True
DEL007834,ORD007834,560001,False,32,False,True,True
DEL007835,ORD007835,500001,True,25,False,False,False
DEL007836,ORD007836,226001,False,71,False,False,True
DEL007837,ORD007837,600001,True,19,False,False,False
DEL007838,ORD007838,600001,True,52,False,False,False
DEL007839,ORD007839,500001,True,94,True,False,False
DEL007840,ORD007840,110001,True,46,False,False,False
DEL007841,ORD007841,500001,True,54,False,False,False
DEL007842,ORD007842,500002,False,18,False,False,False
DEL007843,ORD007843,500002,True,88,False,False,False
DEL007844,ORD007844,600002,True,62,False,False,False
DEL007845,ORD007845,700001,True,67,False,False,True
DEL007846,ORD007846,600002,False,69,False,False,False
DEL007847,ORD007847,500001,True,89,False,False,False
DEL007848,ORD007848,600001,True,74,False,False,False
DEL007849,ORD007849,600002,False,71,False,False,False
DEL007850,ORD007850,226001,True,47,False,False,True
DEL007851,ORD007851,226001,False,24,True,False,True
DEL007852,ORD007852,600001,True,23,False,False,False
DEL007853,ORD007853,500003,True,24,False,False,False
DEL007854,ORD007854,700001,True,31,False,False,True
DEL007855,ORD007855,500001,True,56,False,False,False
DEL007856,ORD007856,110001,True,18,False,False,False
DEL007857,ORD007857,110001,False,14,False,False,False
DEL007858,ORD007858,110001,False,18,False,False,False
DEL007859,ORD007859,600002,True,73,False,False,False
DEL007860,ORD007860,226001,False,36,False,False,True
DEL007861,ORD007861,500003,False,22,True,False,False
DEL007862,ORD007862,700001,True,79,True,False,True
DEL007863,ORD007863,110001,True,87,False,False,False
DEL007864,ORD007864,500003,True,79,False,False,False
DEL007865,ORD007865,600002,True,56,False,False,False
DEL007866,ORD007866,226001,False,58,True,False,True
DEL007867,ORD007867,500001,True,24,False,False,False
DEL007868,ORD007868,226001,True,78,False,False,True
DEL007869,ORD007869,700001,True,15,False,False,True
DEL007870,ORD007870,560001,False,49,False,False,True
DEL007871,ORD007871,560001,True,66,True,False,True
DEL007872,ORD007872,226001,True,18,False,False,True
DEL007873,ORD007873,110002,True,82,False,False,False
DEL007874,ORD007874,110001,True,22,False,False,False
DEL007875,ORD007875,226001,True,13,False,False,True
DEL007876,ORD007876,500002,True,71,True,False,False
DEL007877,ORD007877,110002,False,1,True,False,False
DEL007878,ORD007878,500003,True,2,False,False,False
DEL007879,ORD007879,600002,True,87,False,False,False
DEL007880,ORD007880,600001,True,51,False,True,False
DEL007881,ORD007881,500001,False,93,False,False,False
DEL007882,ORD007882,110002,True,28,False,False,False
DEL007883,ORD007883,500001,True,19,False,False,False
DEL007884,ORD007884,600001,False,75,False,False,False
DEL007885,ORD007885,560001,False,22,False,False,True
DEL007886,ORD007886,700001,True,47,False,False,True
DEL007887,ORD007887,700001,False,46,False,False,True
DEL007888,ORD007888,560001,False,4,False,False,True
DEL007889,ORD007889,600002,True,45,False,False,False
DEL007890,ORD007890,110001,True,15,False,False,False
DEL007891,ORD007891,500002,True,2,False,False,False
DEL007892,ORD007892,700001,True,52,False,True,True
DEL007893,ORD007893,500002,True,93,False,False,False
DEL007894,ORD007894,500001,True,21,False,False,False
DEL007895,ORD007895,600002,True,67,False,False,False
DEL007896,ORD007896,226001,True,68,False,False,True
DEL007897,ORD007897,560001,True,69,False,False,True
DEL007898,ORD007898,500003,True,77,False,False,False
DEL007899,ORD007899,110001,True,84,False,False,False
DEL007900,ORD007900,700001,True,76,False,True,True
DEL007901,ORD007901,560001,True,55,True,False,True
DEL007902,ORD007902,110001,False,63,False,False,False
DEL007903,ORD007903,500002,True,32,False,False,False
DEL007904,ORD007904,600001,True,66,False,False,False
DEL007905,ORD007905,110002,False,80,False,False,False
DEL007906,ORD007906,700001,True,3,True,True,True
DEL007907,ORD007907,226001,True,25,False,False,True
DEL007908,ORD007908,500002,True,84,False,False,False
DEL007909,ORD007909,110002,True,67,False,False,False
DEL007910,ORD007910,560001,False,75,False,False,True
DEL007911,ORD007911,226001,True,70,False,False,True
DEL007912,ORD007912,110002,True,46,False,False,False
DEL007913,ORD007913,600002,True,89,True,False,False
DEL007914,ORD007914,600002,False,92,False,False,False
DEL007915,ORD007915,700001,True,4,False,False,True
DEL007916,ORD007916,500001,False,94,False,True,False
DEL007917,ORD007917,110002,True,2,False,False,False
DEL007918,ORD007918,500002,True,47,False,False,False
DEL007919,ORD007919,600002,False,72,False,False,False
DEL007920,ORD007920,110001,True,63,True,False,False
DEL007921,ORD007921,226001,True,46,False,False,True
DEL007922,ORD007922,600001,True,61,True,False,False
DEL007923,ORD007923,600001,True,14,True,False,False
DEL007924,ORD007924,600002,False,4,False,False,False
DEL007925,ORD007925,600001,True,50,False,False,False
DEL007926,ORD007926,500003,True,57,False,False,False
DEL007927,ORD007927,226001,False,45,False,False,True
DEL007928,ORD007928,700001,True,16,False,False,True
DEL007929,ORD007929,500001,True,39,False,False,False
DEL007930,ORD007930,110001,True,87,True,False,False
DEL007931,ORD007931,500001,True,8,False,False,False
DEL007932,ORD007932,600002,True,83,True,False,False
DEL007933,ORD007933,500003,True,46,False,False,False
DEL007934,ORD007934,600002,True,64,False,False,False
DEL007935,ORD007935,560001,False,52,False,True,True
DEL007936,ORD007936,560001,True,19,False,False,True
DEL007937,ORD007937,700001,True,90,False,False,True
DEL007938,ORD007938,600001,True,82,False,False,False
DEL007939,ORD007939,500002,True,29,False,False,False
DEL007940,ORD007940,560001,True,51,False,False,True
DEL007941,ORD007941,560001,True,14,False,False,True
DEL007942,ORD007942,700001,True,36,False,False,True
DEL007943,ORD007943,226001,True,11,False,False,True
DEL007944,ORD007944,110002,True,56,False,False,False
DEL007945,ORD007945,500002,True,50,False,False,False
DEL007946,ORD007946,560001,True,45,False,True,True
DEL007947,ORD007947,110002,True,73,True,False,False
DEL007948,ORD007948,110001,True,95,False,False,False
DEL007949,ORD007949,110001,False,39,True,False,False
DEL007950,ORD007950,700001,True,65,False,False,True
DEL007951,ORD007951,600002,True,34,False,False,False
DEL007952,ORD007952,560001,True,30,False,False,True
DEL007953,ORD007953,226001,True,21,False,False,True
DEL007954,ORD007954,700001,False,75,False,False,True
DEL007955,ORD007955,110001,False,3,False,False,False
DEL007956,ORD007956,110001,True,32,False,False,False
DEL007957,ORD007957,500001,False,57,False,False,False
DEL007958,ORD007958,226001,True,68,False,False,True
DEL007959,ORD007959,700001,True,86,False,False,True
DEL007960,ORD007960,700001,True,57,False,False,True
DEL007961,ORD007961,600001,True,23,False,False,False
DEL007962,ORD007962,500003,True,50,False,False,False
DEL007963,ORD007963,500003,False,15,False,False,False
DEL007964,ORD007964,500002,False,50,False,False,False
DEL007965,ORD007965,560001,True,63,False,False,True
DEL007966,ORD007966,226001,False,20,False,False,True
DEL007967,ORD007967,500002,True,41,False,False,False
DEL007968,ORD007968,110002,True,47,False,True,False
DEL007969,ORD007969,600002,True,38,False,False,False
DEL007970,ORD007970,110001,True,6,False,False,False
DEL007971,ORD007971,560001,True,66,False,False,True
DEL007972,ORD007972,600002,True,94,False,False,False
DEL007973,ORD007973,600001,True,44,False,False,False
DEL007974,ORD007974,600001,True,19,False,False,False
DEL007975,ORD007975,560001,True,30,False,False,True
DEL007976,ORD007976,600001,True,89,False,False,False
DEL007977,ORD007977,226001,True,34,False,False,True
DEL007978,ORD007978,500001,True,54,False,False,False
DEL007979,ORD007979,600002,False,29,False,False,False
DEL007980,ORD007980,500001,True,68,False,False,False
DEL007981,ORD007981,500001,True,10,False,True,False
DEL007982,ORD007982,500002,True,83,False,False,False
DEL007983,ORD007983,560001,True,28,False,False,True
DEL007984,ORD007984,560001,True,58,False,False,True
DEL007985,ORD007985,560001,True,58,False,False,True
DEL007986,ORD007986,500002,True,14,False,False,False
DEL007987,ORD007987,500003,True,11,False,False,False
DEL007988,ORD007988,226001,False,76,False,False,True
DEL007989,ORD007989,500003,True,41,False,False,False
DEL007990,ORD007990,600001,True,69,False,False,False
DEL007991,ORD007991,500002,True,79,True,False,False
DEL007992,ORD007992,500001,True,22,False,False,False
DEL007993,ORD007993,110002,True,69,False,False,False
DEL007994,ORD007994,560001,True,79,True,False,True
DEL007995,ORD007995,226001,True,69,False,False,True
DEL007996,ORD007996,700001,True,76,False,False,True
DEL007997,ORD007997,600001,True,55,False,False,False
DEL007998,ORD007998,500001,True,18,True,False,False
DEL007999,ORD007999,600002,True,50,False,False,False
DEL008000,ORD008000,600002,False,67,False,False,False
DEL008001,ORD008001,500002,False,29,False,False,False
DEL008002,ORD008002,600002,True,24,True,False,False
DEL008003,ORD008003,600002,True,21,True,False,False
DEL008004,ORD008004,700001,False,39,False,False,True
DEL008005,ORD008005,600001,True,82,False,False,False
DEL008006,ORD008006,500001,True,51,False,True,False
DEL008007,ORD008007,110002,False,73,False,False,False
DEL008008,ORD008008,600002,True,25,False,False,False
DEL008009,ORD008009,700001,True,80,False,False,True
DEL008010,ORD008010,500003,True,90,False,False,False
DEL008011,ORD008011,600001,False,18,False,False,False
DEL008012,ORD008012,500002,True,56,False,False,False
DEL008013,ORD008013,110001,False,61,False,False,False
DEL008014,ORD008014,500003,True,10,False,False,False
DEL008015,ORD008015,110001,True,22,False,True,False
DEL008016,ORD008016,500002,False,53,False,False,False
DEL008017,ORD008017,110002,True,26,False,False,False
DEL008018,ORD008018,700001,False,51,False,False,True
DEL008019,ORD008019,560001,False,29,True,True,True
DEL008020,ORD008020,500002,True,84,False,False,False
DEL008021,ORD008021,500002,True,95,False,False,False
DEL008022,ORD008022,500001,True,89,False,False,False
DEL008023,ORD008023,110001,True,25,False,False,False
DEL008024,ORD008024,600002,True,22,False,False,False
DEL008025,ORD008025,500002,True,77,False,False,False
DEL008026,ORD008026,500003,False,57,False,False,False
DEL008027,ORD008027,700001,True,76,False,False,True
DEL008028,ORD008028,560001,True,76,False,False,True
DEL008029,ORD008029,560001,False,60,False,False,True
DEL008030,ORD008030,500002,False,24,False,False,False
DEL008031,ORD008031,600001,False,4,False,False,False
DEL008032,ORD008032,700001,False,21,True,True,True
DEL008033,ORD008033,226001,False,56,False,False,True
DEL008034,ORD008034,560001,True,67,False,False,True
DEL008035,ORD008035,226001,True,62,False,False,True
DEL008036,ORD008036,600001,True,56,False,False,False
DEL008037,ORD008037,110002,True,79,False,False,False
DEL008038,ORD008038,560001,True,13,False,False,True
DEL008039,ORD008039,560001,True,39,True,False,True
DEL008040,ORD008040,110002,False,40,False,False,False
DEL008041,ORD008041,110001,True,82,False,False,False
DEL008042,ORD008042,500002,True,1,True,False,False
DEL008043,ORD008043,560001,False,76,False,True,True
DEL008044,ORD008044,500002,True,10,True,False,False
DEL008045,ORD008045,500003,True,78,False,False,False
DEL008046,ORD008046,500003,True,43,False,False,False
DEL008047,ORD008047,500002,True,69,False,False,False
DEL008048,ORD008048,700001,True,41,False,False,True
DEL008049,ORD008049,110002,True,56,False,False,False
DEL008050,ORD008050,700001,False,76,False,False,True
DEL008051,ORD008051,500002,True,75,False,False,False
DEL008052,ORD008052,110002,True,84,False,False,False
DEL008053,ORD008053,110001,True,47,False,False,False
DEL008054,ORD008054,500003,True,40,True,False,False
DEL008055,ORD008055,500003,True,56,False,False,False
DEL008056,ORD008056,560001,True,6,False,False,True
DEL008057,ORD008057,560001,True,76,True,False,True
DEL008058,ORD008058,500002,True,35,True,False,False
DEL008059,ORD008059,500001,True,72,False,False,False
DEL008060,ORD008060,500002,True,82,False,False,False
DEL008061,ORD008061,226001,False,40,False,False,True
DEL008062,ORD008062,600002,True,80,False,False,False
DEL008063,ORD008063,560001,True,10,False,False,True
DEL008064,ORD008064,600001,True,79,False,False,False
DEL008065,ORD008065,110001,True,8,False,False,False
DEL008066,ORD008066,600001,True,79,False,False,False
DEL008067,ORD008067,560001,True,62,False,False,True
DEL008068,ORD008068,600001,True,68,True,False,False
DEL008069,ORD008069,500003,True,95,False,False,False
DEL008070,ORD008070,500001,True,60,False,False,False
DEL008071,ORD008071,600001,True,73,True,False,False
DEL008072,ORD008072,560001,True,38,False,False,True
DEL008073,ORD008073,600002,True,57,False,False,False
DEL008074,ORD008074,110002,True,79,True,False,False
DEL008075,ORD008075,110001,True,51,False,False,False
DEL008076,ORD008076,110002,True,56,False,False,False
DEL008077,ORD008077,110002,True,63,False,False,False
DEL008078,ORD008078,560001,True,25,False,False,True
DEL008079,ORD008079,700001,True,60,False,False,True
DEL008080,ORD008080,500003,False,65,False,False,False
DEL008081,ORD008081,700001,True,91,False,False,True
DEL008082,ORD008082,500001,True,41,False,False,False
DEL008083,ORD008083,600001,True,64,False,False,False
DEL008084,ORD008084,600002,False,90,False,False,False
DEL008085,ORD008085,600001,True,11,False,False,False
DEL008086,ORD008086,110001,True,44,False,False,False
DEL008087,ORD008087,560001,True,50,False,False,True
DEL008088,ORD008088,600001,True,44,False,False,False
DEL008089,ORD008089,110002,True,85,False,False,False
DEL008090,ORD008090,110002,True,48,False,False,False
DEL008091,ORD008091,560001,True,31,False,False,True
DEL008092,ORD008092,700001,True,33,False,False,True
DEL008093,ORD008093,110001,True,21,False,False,False
DEL008094,ORD008094,500001,True,92,True,False,False
DEL008095,ORD008095,500002,True,61,False,False,False
DEL008096,ORD008096,500001,True,7,False,False,False
DEL008097,ORD008097,500001,True,28,False,False,False
DEL008098,ORD008098,110001,False,29,False,False,False
DEL008099,ORD008099,500001,True,50,False,False,False
DEL008100,ORD008100,110001,True,2,False,False,False
DEL008101,ORD008101,110001,True,11,False,False,False
DEL008102,ORD008102,560001,False,3,False,False,True
DEL008103,ORD008103,500003,True,10,False,False,False
DEL008104,ORD008104,110001,False,24,False,False,False
DEL008105,ORD008105,226001,False,86,False,False,True
DEL008106,ORD008106,700001,True,74,False,False,True
DEL008107,ORD008107,226001,True,23,False,False,True
DEL008108,ORD008108,560001,True,45,False,False,True
DEL008109,ORD008109,110001,False,67,False,False,False
DEL008110,ORD008110,600001,True,66,False,False,False
DEL008111,ORD008111,700001,False,21,False,False,True
DEL008112,ORD008112,110002,True,72,True,False,False
DEL008113,ORD008113,500002,True,48,False,False,False
DEL008114,ORD008114,600001,True,17,False,False,False
DEL008115,ORD008115,500002,True,17,True,True,False
DEL008116,ORD008116,560001,True,84,False,False,True
DEL008117,ORD008117,560001,True,56,False,False,True
DEL008118,ORD008118,110002,True,70,False,False,False
DEL008119,ORD008119,110001,True,87,False,False,False
DEL008120,ORD008120,226001,True,58,False,False,True
DEL008121,ORD008121,110002,True,72,False,False,False
DEL008122,ORD008122,600001,True,93,False,True,False
DEL008123,ORD008123,500003,True,54,False,False,False
DEL008124,ORD008124,500001,False,52,False,True,False
DEL008125,ORD008125,560001,True,81,False,False,True
DEL008126,ORD008126,500002,False,44,False,False,False
DEL008127,ORD008127,110001,False,26,False,False,False
DEL008128,ORD008128,560001,True,65,True,False,True
DEL008129,ORD008129,600001,False,69,False,True,False
DEL008130,ORD008130,500002,True,19,False,False,False
DEL008131,ORD008131,500003,True,13,False,False,False
DEL008132,ORD008132,226001,False,94,False,False,True
DEL008133,ORD008133,110002,False,57,False,False,False
DEL008134,ORD008134,600001,True,33,False,False,False
DEL008135,ORD008135,500002,True,55,False,False,False
DEL008136,ORD008136,110002,True,22,False,False,False
DEL008137,ORD008137,600001,False,68,False,True,False
DEL008138,ORD008138,110002,True,26,False,True,False
DEL008139,ORD008139,560001,True,87,False,False,True
DEL008140,ORD008140,110001,True,84,False,False,False
DEL008141,ORD008141,560001,True,38,False,False,True
DEL008142,ORD008142,110002,False,3,False,False,False
DEL008143,ORD008143,500002,False,44,False,False,False
DEL008144,ORD008144,500002,False,65,False,False,False
DEL008145,ORD008145,110001,False,28,False,False,False
DEL008146,ORD008146,700001,True,77,False,False,True
DEL008147,ORD008147,226001,False,14,False,False,True
DEL008148,ORD008148,110001,False,46,False,False,False
DEL008149,ORD008149,700001,True,25,False,False,True
DEL008150,ORD008150,226001,True,14,False,False,True
DEL008151,ORD008151,110002,False,62,True,False,False
DEL008152,ORD008152,560001,True,46,True,False,True
DEL008153,ORD008153,500003,False,9,False,True,False
DEL008154,ORD008154,600001,True,51,False,False,False
DEL008155,ORD008155,500001,True,6,False,False,False
DEL008156,ORD008156,700001,False,3,False,False,True
DEL008157,ORD008157,500003,False,38,False,False,False
DEL008158,ORD008158,500001,False,41,False,False,False
DEL008159,ORD008159,700001,False,3,False,False,True
DEL008160,ORD008160,700001,True,79,True,False,True
DEL008161,ORD008161,500002,True,45,False,False,False
DEL008162,ORD008162,110002,False,28,False,False,False
DEL008163,ORD008163,226001,True,57,False,False,True
DEL008164,ORD008164,500002,True,56,True,False,False
DEL008165,ORD008165,600002,True,36,False,False,False
DEL008166,ORD008166,500002,True,65,True,False,False
DEL008167,ORD008167,110002,True,95,False,False,False
DEL008168,ORD008168,500002,True,78,False,False,False
DEL008169,ORD008169,110001,True,95,False,False,False
DEL008170,ORD008170,560001,False,59,True,False,True
DEL008171,ORD008171,600002,True,85,False,False,False
DEL008172,ORD008172,500003,True,95,True,False,False
DEL008173,ORD008173,700001,False,1,False,False,True
DEL008174,ORD008174,700001,True,90,False,False,True
DEL008175,ORD008175,110002,True,64,True,False,False
DEL008176,ORD008176,500003,True,79,False,False,False
DEL008177,ORD008177,500001,False,67,False,False,False
DEL008178,ORD008178,226001,True,14,True,False,True
DEL008179,ORD008179,500003,True,28,False,False,False
DEL008180,ORD008180,110001,False,7,False,False,False
DEL008181,ORD008181,700001,True,52,False,False,True
DEL008182,ORD008182,500001,True,46,True,False,False
DEL008183,ORD008183,110002,True,51,False,False,False
DEL008184,ORD008184,226001,True,95,False,False,True
DEL008185,ORD008185,226001,True,52,False,False,True
DEL008186,ORD008186,500003,True,46,False,False,False
DEL008187,ORD008187,110002,True,8,False,False,False
DEL008188,ORD008188,500002,True,50,False,False,False
DEL008189,ORD008189,226001,True,53,False,False,True
DEL008190,ORD008190,226001,False,43,False,False,True
DEL008191,ORD008191,226001,True,73,False,False,True
DEL008192,ORD008192,500003,False,33,False,True,False
DEL008193,ORD008193,500001,True,31,False,False,False
DEL008194,ORD008194,700001,True,38,False,False,True
DEL008195,ORD008195,700001,False,30,False,False,True
DEL008196,ORD008196,700001,False,40,False,False,True
DEL008197,ORD008197,600001,True,65,True,False,False
DEL008198,ORD008198,110001,True,36,False,False,False
DEL008199,ORD008199,110002,True,62,False,False,False
DEL008200,ORD008200,110002,True,45,False,False,False
DEL008201,ORD008201,600002,True,76,False,False,False
DEL008202,ORD008202,600001,False,24,False,False,False
DEL008203,ORD008203,500001,True,24,False,False,False
DEL008204,ORD008204,700001,True,94,True,False,True
DEL008205,ORD008205,600001,False,53,False,False,False
DEL008206,ORD008206,600001,False,36,False,False,False
DEL008207,ORD008207,500003,False,31,False,True,False
DEL008208,ORD008208,700001,True,47,False,False,True
DEL008209,ORD008209,500002,True,91,False,False,False
DEL008210,ORD008210,500002,True,7,False,False,False
DEL008211,ORD008211,500002,True,51,False,False,False
DEL008212,ORD008212,600001,True,95,False,False,False
DEL008213,ORD008213,500003,True,28,False,False,False
DEL008214,ORD008214,226001,False,65,False,False,True
DEL008215,ORD008215,226001,True,25,False,False,True
DEL008216,ORD008216,500001,True,9,False,False,False
DEL008217,ORD008217,600001,True,37,False,False,False
DEL008218,ORD008218,500002,True,79,False,False,False
DEL008219,ORD008219,700001,False,37,False,False,True
DEL008220,ORD008220,700001,True,88,False,False,True
DEL008221,ORD008221,500002,True,18,False,False,False
DEL008222,ORD008222,560001,True,60,False,False,True
DEL008223,ORD008223,110001,False,31,False,False,False
DEL008224,ORD008224,226001,True,27,False,False,True
DEL008225,ORD008225,560001,True,18,False,False,True
DEL008226,ORD008226,560001,True,80,False,False,True
DEL008227,ORD008227,700001,True,71,False,False,True
DEL008228,ORD008228,500001,True,36,False,False,False
DEL008229,ORD008229,500002,True,18,False,False,False
DEL008230,ORD008230,500003,True,71,False,False,False
DEL008231,ORD008231,600002,True,38,False,False,False
DEL008232,ORD008232,560001,True,47,False,False,True
DEL008233,ORD008233,560001,True,65,False,False,True
DEL008234,ORD008234,560001,True,36,True,False,True
DEL008235,ORD008235,110001,True,46,False,False,False
DEL008236,ORD008236,500002,True,87,False,False,False
DEL008237,ORD008237,600002,True,45,True,False,False
DEL008238,ORD008238,600001,True,7,True,False,False
DEL008239,ORD008239,500003,True,5,True,False,False
DEL008240,ORD008240,600002,True,90,False,False,False
DEL008241,ORD008241,110002,True,76,False,False,False
DEL008242,ORD008242,700001,True,68,False,False,True
DEL008243,ORD008243,226001,True,21,False,False,True
DEL008244,ORD008244,500001,True,49,True,False,False
DEL008245,ORD008245,600002,True,40,False,False,False
DEL008246,ORD008246,600001,False,76,True,True,False
DEL008247,ORD008247,500001,True,42,True,False,False
DEL008248,ORD008248,110002,True,72,False,False,False
DEL008249,ORD008249,500002,True,31,False,False,False
DEL008250,ORD008250,226001,True,24,False,False,True
DEL008251,ORD008251,110002,True,25,False,False,False
DEL008252,ORD008252,110002,True,52,False,False,False
DEL008253,ORD008253,110001,True,35,False,False,False
DEL008254,ORD008254,700001,True,68,False,True,True
DEL008255,ORD008255,110002,True,69,False,False,False
DEL008256,ORD008256,560001,True,69,False,False,True
DEL008257,ORD008257,600001,True,16,False,False,False
DEL008258,ORD008258,600001,True,95,False,False,False
DEL008259,ORD008259,110002,True,80,True,False,False
DEL008260,ORD008260,600001,True,42,False,False,False
DEL008261,ORD008261,600001,False,53,True,False,False
DEL008262,ORD008262,500002,True,46,False,False,False
DEL008263,ORD008263,500002,True,42,False,False,False
DEL008264,ORD008264,600002,False,18,False,False,False
DEL008265,ORD008265,110002,True,17,False,False,False
DEL008266,ORD008266,110001,True,4,False,False,False
DEL008267,ORD008267,500001,True,33,False,False,False
DEL008268,ORD008268,700001,True,71,False,False,True
DEL008269,ORD008269,500002,True,27,False,False,False
DEL008270,ORD008270,500003,False,28,False,False,False
DEL008271,ORD008271,600001,True,75,False,False,False
DEL008272,ORD008272,110002,True,50,True,False,False
DEL008273,ORD008273,110002,False,50,False,False,False
DEL008274,ORD008274,500002,False,80,False,False,False
DEL008275,ORD008275,110001,True,82,False,False,False
DEL008276,ORD008276,700001,True,83,True,False,True
DEL008277,ORD008277,700001,True,14,True,False,True
DEL008278,ORD008278,500003,False,76,False,False,False
DEL008279,ORD008279,500003,True,93,False,False,False
DEL008280,ORD008280,560001,False,29,False,True,True
DEL008281,ORD008281,500001,False,51,False,False,False
DEL008282,ORD008282,600002,True,66,False,False,False
DEL008283,ORD008283,600002,True,22,False,False,False
DEL008284,ORD008284,110002,True,15,True,True,False
DEL008285,ORD008285,700001,True,51,False,False,True
DEL008286,ORD008286,500002,True,20,False,False,False
DEL008287,ORD008287,560001,True,55,True,True,True
DEL008288,ORD008288,110001,True,44,False,False,False
DEL008289,ORD008289,600002,False,66,False,False,False
DEL008290,ORD008290,500001,True,83,False,False,False
DEL008291,ORD008291,500002,True,37,True,False,False
DEL008292,ORD008292,600002,True,29,False,False,False
DEL008293,ORD008293,560001,False,83,False,False,True
DEL008294,ORD008294,700001,True,83,False,False,True
DEL008295,ORD008295,110002,True,29,False,False,False
DEL008296,ORD008296,500002,True,41,False,False,False
DEL008297,ORD008297,500003,True,12,False,False,False
DEL008298,ORD008298,700001,True,90,False,False,True
DEL008299,ORD008299,560001,False,45,True,False,True
DEL008300,ORD008300,110001,True,51,False,False,False
DEL008301,ORD008301,500003,True,90,False,False,False
DEL008302,ORD008302,500001,False,11,False,False,False
DEL008303,ORD008303,226001,True,83,False,False,True
DEL008304,ORD008304,110001,False,67,False,False,False
DEL008305,ORD008305,226001,False,57,False,False,True
DEL008306,ORD008306,110001,True,37,False,False,False
DEL008307,ORD008307,110002,True,42,False,False,False
DEL008308,ORD008308,700001,True,23,False,True,True
DEL008309,ORD008309,500001,False,62,False,False,False
DEL008310,ORD008310,560001,True,45,False,False,True
DEL008311,ORD008311,110001,True,86,False,False,False
DEL008312,ORD008312,500002,False,82,False,False,False
DEL008313,ORD008313,110002,True,33,False,False,False
DEL008314,ORD008314,700001,True,92,False,False,True
DEL008315,ORD008315,500001,True,9,False,True,False
DEL008316,ORD008316,560001,True,35,False,False,True
DEL008317,ORD008317,110001,True,35,False,False,False
DEL008318,ORD008318,500002,True,85,False,False,False
DEL008319,ORD008319,226001,True,47,False,False,True
DEL008320,ORD008320,500002,True,64,False,False,False
DEL008321,ORD008321,500001,False,53,False,False,False
DEL008322,ORD008322,500001,False,25,True,False,False
DEL008323,ORD008323,500002,True,39,False,False,False
DEL008324,ORD008324,226001,True,8,False,False,True
DEL008325,ORD008325,110001,True,54,True,False,False
DEL008326,ORD008326,110001,True,11,False,False,False
DEL008327,ORD008327,500003,True,39,False,False,False
DEL008328,ORD008328,600001,True,43,False,False,False
DEL008329,ORD008329,700001,True,54,False,False,True
DEL008330,ORD008330,500002,True,84,False,False,False
DEL008331,ORD008331,600002,True,7,False,False,False
DEL008332,ORD008332,500001,True,50,False,False,False
DEL008333,ORD008333,226001,True,75,False,False,True
DEL008334,ORD008334,700001,True,87,False,False,True
DEL008335,ORD008335,600001,True,58,False,False,False
DEL008336,ORD008336,500002,False,44,False,False,False
DEL008337,ORD008337,226001,True,29,False,False,True
DEL008338,ORD008338,700001,False,87,False,False,True
DEL008339,ORD008339,110002,True,64,False,False,False
DEL008340,ORD008340,110002,True,42,True,False,False
DEL008341,ORD008341,110002,True,1,False,False,False
DEL008342,ORD008342,226001,True,49,True,True,True
DEL008343,ORD008343,500003,True,60,False,True,False
DEL008344,ORD008344,110002,True,47,False,False,False
DEL008345,ORD008345,110001,True,16,False,False,False
DEL008346,ORD008346,226001,False,48,False,False,True
DEL008347,ORD008347,560001,True,67,False,False,True
DEL008348,ORD008348,600002,False,33,False,False,False
DEL008349,ORD008349,110002,True,43,False,False,False
DEL008350,ORD008350,500003,True,3,False,False,False
DEL008351,ORD008351,500001,True,91,True,False,False
DEL008352,ORD008352,110002,True,3,False,False,False
DEL008353,ORD008353,500003,True,65,False,False,False
DEL008354,ORD008354,110002,False,8,False,True,False
DEL008355,ORD008355,110001,True,32,False,True,False
DEL008356,ORD008356,700001,True,83,False,False,True
DEL008357,ORD008357,226001,False,60,False,False,True
DEL008358,ORD008358,500001,True,20,False,False,False
DEL008359,ORD008359,700001,True,77,False,False,True
DEL008360,ORD008360,500002,False,62,False,False,False
DEL008361,ORD008361,500002,True,74,False,False,False
DEL008362,ORD008362,500002,True,19,False,False,False
DEL008363,ORD008363,700001,True,60,False,False,True
DEL008364,ORD008364,110002,True,85,False,False,False
DEL008365,ORD008365,500001,True,71,False,False,False
DEL008366,ORD008366,226001,True,90,False,False,True
DEL008367,ORD008367,500001,True,51,False,False,False
DEL008368,ORD008368,110002,True,5,False,False,False
DEL008369,ORD008369,226001,True,58,True,False,True
DEL008370,ORD008370,500001,True,51,False,False,False
DEL008371,ORD008371,226001,False,57,False,False,True
DEL008372,ORD008372,110002,False,51,True,False,False
DEL008373,ORD008373,500002,True,20,False,False,False
DEL008374,ORD008374,560001,True,89,False,False,True
DEL008375,ORD008375,226001,True,95,False,False,True
DEL008376,ORD008376,500003,True,30,False,False,False
DEL008377,ORD008377,560001,True,60,False,False,True
DEL008378,ORD008378,500003,True,84,False,True,False
DEL008379,ORD008379,600001,True,16,False,False,False
DEL008380,ORD008380,500003,True,44,False,False,False
DEL008381,ORD008381,560001,False,26,False,False,True
DEL008382,ORD008382,226001,False,2,True,False,True
DEL008383,ORD008383,600001,True,91,False,False,False
DEL008384,ORD008384,700001,True,58,False,False,True
DEL008385,ORD008385,500001,False,37,False,False,False
DEL008386,ORD008386,600001,True,5,False,False,False
DEL008387,ORD008387,600001,True,62,False,False,False
DEL008388,ORD008388,500002,False,28,False,False,False
DEL008389,ORD008389,110002,True,54,False,False,False
DEL008390,ORD008390,500003,True,75,False,False,False
DEL008391,ORD008391,110001,True,46,False,False,False
DEL008392,ORD008392,600002,False,22,False,False,False
DEL008393,ORD008393,226001,True,13,False,False,True
DEL008394,ORD008394,700001,True,44,False,False,True
DEL008395,ORD008395,226001,True,66,False,False,True
DEL008396,ORD008396,600001,True,19,False,False,False
DEL008397,ORD008397,600002,True,68,False,False,False
DEL008398,ORD008398,110002,True,66,False,False,False
DEL008399,ORD008399,560001,False,28,False,False,True
DEL008400,ORD008400,110001,True,68,False,False,False
DEL008401,ORD008401,500001,True,41,False,False,False
DEL008402,ORD008402,110002,True,12,False,True,False
DEL008403,ORD008403,500002,True,90,False,False,False
DEL008404,ORD008404,700001,False,71,False,False,True
DEL008405,ORD008405,600001,True,85,False,False,False
DEL008406,ORD008406,226001,True,31,False,False,True
DEL008407,ORD008407,560001,True,30,False,False,True
DEL008408,ORD008408,600001,False,44,False,False,False
DEL008409,ORD008409,110002,False,51,False,False,False
DEL008410,ORD008410,226001,False,76,False,False,True
DEL008411,ORD008411,700001,True,36,False,False,True
DEL008412,ORD008412,110001,False,17,False,False,False
DEL008413,ORD008413,500001,False,59,False,False,False
DEL008414,ORD008414,560001,True,54,False,False,True
DEL008415,ORD008415,500002,True,50,True,False,False
DEL008416,ORD008416,110002,True,79,False,False,False
DEL008417,ORD008417,110001,False,68,False,False,False
DEL008418,ORD008418,700001,True,58,False,False,True
DEL008419,ORD008419,226001,True,80,False,False,True
DEL008420,ORD008420,500002,False,72,False,True,False
DEL008421,ORD008421,226001,True,57,False,False,True
DEL008422,ORD008422,500002,True,16,False,False,False
DEL008423,ORD008423,700001,False,36,False,False,True
DEL008424,ORD008424,110001,False,1,True,False,False
DEL008425,ORD008425,500003,True,57,False,False,False
DEL008426,ORD008426,500002,True,47,False,False,False
DEL008427,ORD008427,500001,True,62,False,False,False
DEL008428,ORD008428,600002,True,78,False,False,False
DEL008429,ORD008429,500001,False,77,False,False,False
DEL008430,ORD008430,110002,True,85,False,False,False
DEL008431,ORD008431,500003,True,85,False,False,False
DEL008432,ORD008432,500001,False,43,False,False,False
DEL008433,ORD008433,600001,True,64,False,False,False
DEL008434,ORD008434,600002,True,42,False,False,False
DEL008435,ORD008435,110001,True,37,False,False,False
DEL008436,ORD008436,560001,True,23,False,False,True
DEL008437,ORD008437,226001,True,80,False,False,True
DEL008438,ORD008438,600002,True,51,False,False,False
DEL008439,ORD008439,500001,True,76,False,False,False
DEL008440,ORD008440,600001,True,64,False,True,False
DEL008441,ORD008441,500003,True,29,False,False,False
DEL008442,ORD008442,560001,False,68,False,False,True
DEL008443,ORD008443,110002,True,53,False,False,False
DEL008444,ORD008444,500003,True,57,False,False,False
DEL008445,ORD008445,226001,True,51,False,False,True
DEL008446,ORD008446,500001,True,35,False,True,False
DEL008447,ORD008447,500001,True,37,False,True,False
DEL008448,ORD008448,600001,False,78,False,False,False
DEL008449,ORD008449,600002,True,20,False,False,False
DEL008450,ORD008450,110002,True,47,False,False,False
DEL008451,ORD008451,500001,False,62,False,False,False
DEL008452,ORD008452,600001,True,32,False,False,False
DEL008453,ORD008453,600001,True,88,True,False,False
DEL008454,ORD008454,500003,True,24,False,False,False
DEL008455,ORD008455,600002,True,60,False,False,False
DEL008456,ORD008456,600002,True,23,True,False,False
DEL008457,ORD008457,500002,True,39,False,False,False
DEL008458,ORD008458,600002,True,69,False,False,False
DEL008459,ORD008459,110001,True,95,True,False,False
DEL008460,ORD008460,500001,False,49,False,False,False
DEL008461,ORD008461,600001,True,15,True,True,False
DEL008462,ORD008462,700001,False,81,False,False,True
DEL008463,ORD008463,226001,True,15,True,False,True
DEL008464,ORD008464,226001,True,25,False,False,True
DEL008465,ORD008465,226001,True,59,False,False,True
DEL008466,ORD008466,110001,False,81,False,False,False
DEL008467,ORD008467,560001,True,33,False,False,True
DEL008468,ORD008468,560001,True,13,False,False,True
DEL008469,ORD008469,110001,True,83,False,False,False
DEL008470,ORD008470,560001,True,65,False,False,True
DEL008471,ORD008471,500001,True,82,True,False,False
DEL008472,ORD008472,500003,True,53,False,False,False
DEL008473,ORD008473,600002,True,14,False,False,False
DEL008474,ORD008474,110002,True,79,False,False,False
DEL008475,ORD008475,700001,False,9,False,False,True
DEL008476,ORD008476,600001,True,65,False,False,False
DEL008477,ORD008477,560001,True,64,False,False,True
DEL008478,ORD008478,500001,True,53,False,False,False
DEL008479,ORD008479,600001,True,31,False,False,False
DEL008480,ORD008480,600002,True,30,False,False,False
DEL008481,ORD008481,500003,True,1,False,False,False
DEL008482,ORD008482,500001,True,43,False,False,False
DEL008483,ORD008483,226001,True,10,False,False,True
DEL008484,ORD008484,110001,True,8,False,False,False
DEL008485,ORD008485,110001,True,40,False,False,False
DEL008486,ORD008486,500003,True,46,False,False,False
DEL008487,ORD008487,110001,True,56,False,False,False
DEL008488,ORD008488,226001,True,5,False,False,True
DEL008489,ORD008489,226001,False,37,False,False,True
DEL008490,ORD008490,560001,True,26,False,False,True
DEL008491,ORD008491,500001,True,49,False,False,False
DEL008492,ORD008492,600002,True,82,False,False,False
DEL008493,ORD008493,500003,True,31,False,True,False
DEL008494,ORD008494,110002,True,9,False,False,False
DEL008495,ORD008495,500001,True,9,False,False,False
DEL008496,ORD008496,560001,True,41,False,False,True
DEL008497,ORD008497,110001,True,43,False,False,False
DEL008498,ORD008498,110001,True,40,False,True,False
DEL008499,ORD008499,560001,True,64,False,False,True
DEL008500,ORD008500,500003,False,58,False,False,False
DEL008501,ORD008501,110001,True,3,False,False,False
DEL008502,ORD008502,700001,False,11,False,False,True
DEL008503,ORD008503,226001,True,10,False,True,True
DEL008504,ORD008504,500001,True,48,False,False,False
DEL008505,ORD008505,560001,False,66,False,False,True
DEL008506,ORD008506,600001,True,9,False,False,False
DEL008507,ORD008507,600001,True,13,False,False,False
DEL008508,ORD008508,560001,True,84,False,False,True
DEL008509,ORD008509,560001,True,89,False,False,True
DEL008510,ORD008510,700001,True,22,False,False,True
DEL008511,ORD008511,560001,False,62,False,False,True
DEL008512,ORD008512,500001,True,21,False,False,False
DEL008513,ORD008513,226001,True,68,False,False,True
DEL008514,ORD008514,500002,True,45,False,False,False
DEL008515,ORD008515,560001,True,64,True,False,True
DEL008516,ORD008516,600002,True,71,False,False,False
DEL008517,ORD008517,600001,True,63,False,False,False
DEL008518,ORD008518,500002,True,1,False,False,False
DEL008519,ORD008519,500002,True,70,True,False,False
DEL008520,ORD008520,110001,False,9,True,False,False
DEL008521,ORD008521,500002,True,78,True,False,False
DEL008522,ORD008522,600002,False,84,False,False,False
DEL008523,ORD008523,700001,True,46,False,False,True
DEL008524,ORD008524,600001,True,74,False,False,False
DEL008525,ORD008525,110001,True,11,False,False,False
DEL008526,ORD008526,600001,True,14,False,False,False
DEL008527,ORD008527,560001,True,30,False,False,True
DEL008528,ORD008528,110002,True,89,False,True,False
DEL008529,ORD008529,500001,True,61,True,False,False
DEL008530,ORD008530,226001,True,12,False,False,True
DEL008531,ORD008531,226001,False,84,False,False,True
DEL008532,ORD008532,500002,True,55,False,False,False
DEL008533,ORD008533,226001,True,94,False,False,True
DEL008534,ORD008534,110002,False,94,False,False,False
DEL008535,ORD008535,700001,True,90,False,False,True
DEL008536,ORD008536,226001,True,76,False,False,True
DEL008537,ORD008537,226001,False,17,True,False,True
DEL008538,ORD008538,500001,True,42,False,False,False
DEL008539,ORD008539,110001,True,38,False,True,False
DEL008540,ORD008540,226001,True,8,False,True,True
DEL008541,ORD008541,500003,True,78,False,False,False
DEL008542,ORD008542,600002,True,45,False,False,False
DEL008543,ORD008543,110002,True,85,False,False,False
DEL008544,ORD008544,500002,True,49,False,False,False
DEL008545,ORD008545,600001,True,71,True,False,False
DEL008546,ORD008546,226001,True,82,False,False,True
DEL008547,ORD008547,500001,True,81,False,False,False
DEL008548,ORD008548,600001,True,12,False,False,False
DEL008549,ORD008549,500003,True,24,False,False,False
DEL008550,ORD008550,500003,False,85,False,True,False
DEL008551,ORD008551,500001,True,45,False,False,False
DEL008552,ORD008552,600001,True,62,False,False,False
DEL008553,ORD008553,600001,False,27,False,False,False
DEL008554,ORD008554,560001,True,81,False,False,True
DEL008555,ORD008555,110002,False,1,False,True,False
DEL008556,ORD008556,600001,True,64,False,False,False
DEL008557,ORD008557,500001,False,11,False,False,False
DEL008558,ORD008558,560001,True,79,False,False,True
DEL008559,ORD008559,226001,True,45,False,False,True
DEL008560,ORD008560,500001,True,12,False,False,False
DEL008561,ORD008561,110001,True,70,False,False,False
DEL008562,ORD008562,226001,False,1,False,False,True
DEL008563,ORD008563,500003,True,9,True,False,False
DEL008564,ORD008564,110001,False,21,False,False,False
DEL008565,ORD008565,110002,True,44,False,False,False
DEL008566,ORD008566,500002,True,1,False,False,False
DEL008567,ORD008567,500003,True,23,False,False,False
DEL008568,ORD008568,600002,True,19,False,False,False
DEL008569,ORD008569,500001,True,34,True,False,False
DEL008570,ORD008570,226001,True,76,False,False,True
DEL008571,ORD008571,500003,True,74,False,False,False
DEL008572,ORD008572,600002,True,82,False,False,False
DEL008573,ORD008573,600002,True,64,False,False,False
DEL008574,ORD008574,500001,False,86,False,False,False
DEL008575,ORD008575,700001,True,8,False,False,True
DEL008576,ORD008576,500001,True,74,False,False,False
DEL008577,ORD008577,500001,False,43,False,False,False
DEL008578,ORD008578,600001,False,14,False,False,False
DEL008579,ORD008579,600002,True,83,False,False,False
DEL008580,ORD008580,600001,True,8,False,True,False
DEL008581,ORD008581,700001,True,67,False,True,True
DEL008582,ORD008582,500002,True,2,False,False,False
DEL008583,ORD008583,110002,True,83,False,False,False
DEL008584,ORD008584,500002,False,5,False,False,False
DEL008585,ORD008585,600002,True,74,False,False,False
DEL008586,ORD008586,600001,True,93,False,False,False
DEL008587,ORD008587,500003,True,33,False,False,False
DEL008588,ORD008588,700001,True,48,False,True,True
DEL008589,ORD008589,500001,True,15,False,False,False
DEL008590,ORD008590,226001,True,6,False,False,True
DEL008591,ORD008591,560001,False,12,False,False,True
DEL008592,ORD008592,560001,True,73,True,False,True
DEL008593,ORD008593,500001,True,70,False,False,False
DEL008594,ORD008594,700001,True,85,False,False,True
DEL008595,ORD008595,500003,True,61,False,False,False
DEL008596,ORD008596,110001,False,30,True,False,False
DEL008597,ORD008597,560001,True,82,True,False,True
DEL008598,ORD008598,600001,True,34,False,False,False
DEL008599,ORD008599,700001,True,16,False,False,True
DEL008600,ORD008600,600002,True,47,False,False,False
DEL008601,ORD008601,600001,True,11,True,False,False
DEL008602,ORD008602,600002,True,22,False,False,False
DEL008603,ORD008603,700001,False,2,False,False,True
DEL008604,ORD008604,110002,True,1,False,False,False
DEL008605,ORD008605,226001,False,37,False,False,True
DEL008606,ORD008606,600002,True,31,False,False,False
DEL008607,ORD008607,500001,False,5,True,False,False
DEL008608,ORD008608,560001,True,66,True,False,True
DEL008609,ORD008609,110001,True,60,False,False,False
DEL008610,ORD008610,226001,True,51,False,True,True
DEL008611,ORD008611,700001,False,22,False,False,True
DEL008612,ORD008612,700001,True,56,False,False,True
DEL008613,ORD008613,110002,True,86,False,False,False
DEL008614,ORD008614,500002,True,30,False,False,False
DEL008615,ORD008615,600001,True,62,False,False,False
DEL008616,ORD008616,700001,True,89,False,True,True
DEL008617,ORD008617,500003,True,88,False,False,False
DEL008618,ORD008618,560001,True,46,False,False,True
DEL008619,ORD008619,500001,False,85,False,False,False
DEL008620,ORD008620,560001,True,35,False,False,True
DEL008621,ORD008621,110002,True,33,False,False,False
DEL008622,ORD008622,226001,True,33,False,False,True
DEL008623,ORD008623,500003,False,73,False,False,False
DEL008624,ORD008624,500002,True,59,True,True,False
DEL008625,ORD008625,600001,True,26,False,False,False
DEL008626,ORD008626,500001,True,2,False,False,False
DEL008627,ORD008627,700001,True,44,False,False,True
DEL008628,ORD008628,560001,True,20,False,False,True
DEL008629,ORD008629,560001,True,5,False,False,True
DEL008630,ORD008630,560001,False,25,False,True,True
DEL008631,ORD008631,700001,False,18,False,False,True
DEL008632,ORD008632,500003,True,56,True,False,False
DEL008633,ORD008633,110002,False,80,False,False,False
DEL008634,ORD008634,500001,True,3,False,False,False
DEL008635,ORD008635,500001,False,50,False,False,False
DEL008636,ORD008636,560001,True,19,False,True,True
DEL008637,ORD008637,110002,True,30,True,False,False
DEL008638,ORD008638,700001,False,73,False,False,True
DEL008639,ORD008639,110001,True,64,False,False,False
DEL008640,ORD008640,700001,True,53,False,False,True
DEL008641,ORD008641,560001,True,2,False,True,True
DEL008642,ORD008642,500001,True,46,False,False,False
DEL008643,ORD008643,560001,True,87,False,False,True
DEL008644,ORD008644,226001,False,7,False,False,True
DEL008645,ORD008645,600002,True,70,False,False,False
DEL008646,ORD008646,700001,True,65,True,False,True
DEL008647,ORD008647,700001,True,46,False,False,True
DEL008648,ORD008648,500001,False,42,False,False,False
DEL008649,ORD008649,500003,True,29,False,False,False
DEL008650,ORD008650,500003,True,69,False,False,False
DEL008651,ORD008651,500003,True,77,False,False,False
DEL008652,ORD008652,226001,True,79,False,False,True
DEL008653,ORD008653,110001,False,1,False,False,False
DEL008654,ORD008654,560001,False,87,False,False,True
DEL008655,ORD008655,500003,True,77,False,False,False
DEL008656,ORD008656,500003,True,75,False,False,False
DEL008657,ORD008657,110001,True,76,False,False,False
DEL008658,ORD008658,110002,True,31,False,False,False
DEL008659,ORD008659,110002,True,20,True,False,False
DEL008660,ORD008660,560001,False,73,False,False,True
DEL008661,ORD008661,600002,True,85,False,False,False
DEL008662,ORD008662,110001,True,77,False,False,False
DEL008663,ORD008663,110001,True,5,False,False,False
DEL008664,ORD008664,700001,False,93,False,False,True
DEL008665,ORD008665,700001,True,94,True,False,True
DEL008666,ORD008666,500003,True,42,False,False,False
DEL008667,ORD008667,600002,True,75,False,False,False
DEL008668,ORD008668,110002,False,55,True,False,False
DEL008669,ORD008669,500001,True,32,False,False,False
DEL008670,ORD008670,500003,True,49,False,False,False
DEL008671,ORD008671,110002,True,94,False,False,False
DEL008672,ORD008672,500003,True,90,False,False,False
DEL008673,ORD008673,110001,True,39,False,False,False
DEL008674,ORD008674,560001,True,5,False,False,True
DEL008675,ORD008675,560001,True,5,True,False,True
DEL008676,ORD008676,560001,True,4,False,False,True
DEL008677,ORD008677,500001,True,41,False,False,False
DEL008678,ORD008678,500003,True,52,False,False,False
DEL008679,ORD008679,600002,False,5,False,False,False
DEL008680,ORD008680,110001,True,76,False,True,False
DEL008681,ORD008681,500003,False,6,False,False,False
DEL008682,ORD008682,110002,False,94,False,False,False
DEL008683,ORD008683,110001,True,38,False,True,False
DEL008684,ORD008684,110001,False,51,False,False,False
DEL008685,ORD008685,500002,True,8,True,False,False
DEL008686,ORD008686,226001,True,73,False,False,True
DEL008687,ORD008687,110001,True,6,False,False,False
DEL008688,ORD008688,226001,True,81,False,False,True
DEL008689,ORD008689,600002,True,45,False,False,False
DEL008690,ORD008690,500003,True,92,False,False,False
DEL008691,ORD008691,500001,False,29,False,False,False
DEL008692,ORD008692,700001,True,83,False,True,True
DEL008693,ORD008693,560001,True,27,False,False,True
DEL008694,ORD008694,110001,True,82,False,False,False
DEL008695,ORD008695,110002,True,69,False,False,False
DEL008696,ORD008696,500002,True,6,True,False,False
DEL008697,ORD008697,110001,False,84,False,False,False
DEL008698,ORD008698,600002,True,90,False,False,False
DEL008699,ORD008699,226001,False,26,False,False,True
DEL008700,ORD008700,500001,True,48,True,False,False
DEL008701,ORD008701,500002,False,71,True,True,False
DEL008702,ORD008702,700001,True,40,False,False,True
DEL008703,ORD008703,110002,True,4,False,False,False
DEL008704,ORD008704,600002,True,73,False,True,False
DEL008705,ORD008705,700001,True,62,False,False,True
DEL008706,ORD008706,110002,True,48,False,False,False
DEL008707,ORD008707,110002,True,84,True,True,False
DEL008708,ORD008708,600002,True,51,True,False,False
DEL008709,ORD008709,600002,True,14,False,False,False
DEL008710,ORD008710,500003,True,49,False,False,False
DEL008711,ORD008711,600001,False,18,True,False,False
DEL008712,ORD008712,110001,True,14,False,False,False
DEL008713,ORD008713,110001,True,2,False,False,False
DEL008714,ORD008714,110002,True,2,False,False,False
DEL008715,ORD008715,110001,True,72,False,False,False
DEL008716,ORD008716,110001,True,63,False,False,False
DEL008717,ORD008717,600002,False,92,True,False,False
DEL008718,ORD008718,110001,False,2,False,False,False
DEL008719,ORD008719,500003,True,1,True,False,False
DEL008720,ORD008720,560001,True,92,False,False,True
DEL008721,ORD008721,110001,True,21,False,False,False
DEL008722,ORD008722,500003,True,22,False,False,False
DEL008723,ORD008723,560001,True,74,True,False,True
DEL008724,ORD008724,500001,False,80,False,False,False
DEL008725,ORD008725,500001,True,59,False,True,False
DEL008726,ORD008726,600002,False,19,False,False,False
DEL008727,ORD008727,600001,True,22,False,False,False
DEL008728,ORD008728,110002,True,69,False,False,False
DEL008729,ORD008729,500002,True,22,False,False,False
DEL008730,ORD008730,500002,True,13,False,False,False
DEL008731,ORD008731,110001,True,83,False,False,False
DEL008732,ORD008732,500002,True,84,False,False,False
DEL008733,ORD008733,600002,True,3,False,True,False
DEL008734,ORD008734,560001,True,57,False,False,True
DEL008735,ORD008735,700001,True,82,True,False,True
DEL008736,ORD008736,500002,True,78,False,False,False
DEL008737,ORD008737,500003,True,15,False,False,False
DEL008738,ORD008738,500003,True,21,False,True,False
DEL008739,ORD008739,500002,True,37,True,False,False
DEL008740,ORD008740,110001,True,17,False,False,False
DEL008741,ORD008741,110002,True,25,False,True,False
DEL008742,ORD008742,500001,True,75,False,False,False
DEL008743,ORD008743,600001,True,43,False,False,False
DEL008744,ORD008744,500002,False,50,False,False,False
DEL008745,ORD008745,500001,True,15,False,True,False
DEL008746,ORD008746,560001,True,67,False,False,True
DEL008747,ORD008747,560001,True,30,False,False,True
DEL008748,ORD008748,600001,True,77,False,True,False
DEL008749,ORD008749,110001,False,57,False,False,False
DEL008750,ORD008750,600001,True,7,True,False,False
DEL008751,ORD008751,560001,True,78,False,False,True
DEL008752,ORD008752,110001,True,51,False,False,False
DEL008753,ORD008753,700001,True,18,False,True,True
DEL008754,ORD008754,110002,True,84,False,False,False
DEL008755,ORD008755,110002,True,80,False,False,False
DEL008756,ORD008756,110002,False,73,True,False,False
DEL008757,ORD008757,600001,True,54,False,False,False
DEL008758,ORD008758,226001,True,48,False,False,True
DEL008759,ORD008759,110002,True,95,False,False,False
DEL008760,ORD008760,700001,False,25,False,True,True
DEL008761,ORD008761,600001,True,77,False,False,False
DEL008762,ORD008762,700001,True,82,False,False,True
DEL008763,ORD008763,500001,True,66,False,False,False
DEL008764,ORD008764,500003,False,18,False,False,False
DEL008765,ORD008765,500001,False,31,False,True,False
DEL008766,ORD008766,500003,True,20,False,False,False
DEL008767,ORD008767,600002,True,93,False,False,False
DEL008768,ORD008768,600002,True,58,False,False,False
DEL008769,ORD008769,600002,True,31,False,False,False
DEL008770,ORD008770,500001,True,13,False,False,False
DEL008771,ORD008771,600001,True,83,False,False,False
DEL008772,ORD008772,110001,True,74,False,False,False
DEL008773,ORD008773,600002,True,54,False,False,False
DEL008774,ORD008774,600001,True,88,False,False,False
DEL008775,ORD008775,500001,True,20,False,True,False
DEL008776,ORD008776,600002,True,22,False,False,False
DEL008777,ORD008777,500002,True,91,False,False,False
DEL008778,ORD008778,600001,True,60,False,False,False
DEL008779,ORD008779,600001,True,30,True,False,False
DEL008780,ORD008780,560001,True,88,False,False,True
DEL008781,ORD008781,500002,True,3,False,False,False
DEL008782,ORD008782,500002,True,88,False,False,False
DEL008783,ORD008783,600002,True,89,False,True,False
DEL008784,ORD008784,500003,True,3,True,False,False
DEL008785,ORD008785,600002,True,20,False,False,False
DEL008786,ORD008786,500002,True,25,True,False,False
DEL008787,ORD008787,600001,True,37,False,False,False
DEL008788,ORD008788,700001,False,17,True,False,True
DEL008789,ORD008789,110002,True,48,False,False,False
DEL008790,ORD008790,700001,True,27,False,False,True
DEL008791,ORD008791,500001,True,25,False,False,False
DEL008792,ORD008792,226001,False,32,False,False,True
DEL008793,ORD008793,110002,True,68,False,False,False
DEL008794,ORD008794,600001,True,65,False,False,False
DEL008795,ORD008795,600001,True,64,False,False,False
DEL008796,ORD008796,500001,True,25,False,False,False
DEL008797,ORD008797,560001,True,18,False,False,True
DEL008798,ORD008798,110002,True,41,False,True,False
DEL008799,ORD008799,500002,False,41,False,False,False
DEL008800,ORD008800,560001,True,77,False,False,True
DEL008801,ORD008801,600001,True,2,False,False,False
DEL008802,ORD008802,226001,True,5,False,False,True
DEL008803,ORD008803,500003,True,26,False,False,False
DEL008804,ORD008804,600002,True,30,False,False,False
DEL008805,ORD008805,600002,False,25,True,False,False
DEL008806,ORD008806,600001,True,60,False,False,False
DEL008807,ORD008807,110001,True,53,True,False,False
DEL008808,ORD008808,600002,True,88,False,False,False
DEL008809,ORD008809,500002,True,30,False,False,False
DEL008810,ORD008810,110002,True,51,False,False,False
DEL008811,ORD008811,700001,True,66,False,False,True
DEL008812,ORD008812,500002,False,59,False,False,False
DEL008813,ORD008813,226001,True,48,False,False,True
DEL008814,ORD008814,500002,True,44,False,False,False
DEL008815,ORD008815,500002,True,49,False,True,False
DEL008816,ORD008816,110002,True,31,False,False,False
DEL008817,ORD008817,110001,True,6,False,True,False
DEL008818,ORD008818,600001,True,29,False,False,False
DEL008819,ORD008819,560001,True,4,True,False,True
DEL008820,ORD008820,500002,True,14,False,False,False
DEL008821,ORD008821,110001,False,16,False,False,False
DEL008822,ORD008822,500001,False,22,False,False,False
DEL008823,ORD008823,600002,True,13,True,False,False
DEL008824,ORD008824,560001,True,1,False,False,True
DEL008825,ORD008825,500001,True,53,False,False,False
DEL008826,ORD008826,500002,True,23,False,False,False
DEL008827,ORD008827,500001,True,65,False,False,False
DEL008828,ORD008828,600001,False,33,False,False,False
DEL008829,ORD008829,700001,False,44,False,False,True
DEL008830,ORD008830,600001,False,21,False,False,False
DEL008831,ORD008831,110002,False,24,False,False,False
DEL008832,ORD008832,600002,True,27,True,False,False
DEL008833,ORD008833,700001,False,84,False,False,True
DEL008834,ORD008834,600002,False,83,False,False,False
DEL008835,ORD008835,110001,True,20,False,False,False
DEL008836,ORD008836,110001,False,52,False,False,False
DEL008837,ORD008837,500001,True,54,False,False,False
DEL008838,ORD008838,500003,True,9,True,False,False
DEL008839,ORD008839,500002,True,63,False,False,False
DEL008840,ORD008840,110002,False,29,False,False,False
DEL008841,ORD008841,600001,True,82,False,False,False
DEL008842,ORD008842,700001,True,79,False,False,True
DEL008843,ORD008843,500003,False,42,False,False,False
DEL008844,ORD008844,110002,True,59,False,False,False
DEL008845,ORD008845,600002,True,34,True,False,False
DEL008846,ORD008846,500002,True,31,False,False,False
DEL008847,ORD008847,500001,False,80,False,False,False
DEL008848,ORD008848,226001,True,78,False,False,True
DEL008849,ORD008849,226001,True,51,False,False,True
DEL008850,ORD008850,600002,True,25,False,False,False
DEL008851,ORD008851,500003,True,23,False,False,False
DEL008852,ORD008852,110002,False,2,False,False,False
DEL008853,ORD008853,700001,False,16,False,False,True
DEL008854,ORD008854,600001,True,11,False,False,False
DEL008855,ORD008855,700001,True,15,True,False,True
DEL008856,ORD008856,110001,False,28,True,False,False
DEL008857,ORD008857,500001,False,11,True,True,False
DEL008858,ORD008858,226001,True,81,True,True,True
DEL008859,ORD008859,110002,False,40,False,True,False
DEL008860,ORD008860,500003,False,90,False,False,False
DEL008861,ORD008861,500002,True,52,False,False,False
DEL008862,ORD008862,500001,False,23,False,True,False
DEL008863,ORD008863,700001,True,20,False,False,True
DEL008864,ORD008864,600001,False,82,True,False,False
DEL008865,ORD008865,600001,True,28,False,False,False
DEL008866,ORD008866,500003,True,7,False,False,False
DEL008867,ORD008867,500001,True,28,False,False,False
DEL008868,ORD008868,600001,False,83,False,False,False
DEL008869,ORD008869,226001,True,83,False,False,True
DEL008870,ORD008870,500001,True,91,False,False,False
DEL008871,ORD008871,560001,True,80,False,False,True
DEL008872,ORD008872,110001,True,89,False,False,False
DEL008873,ORD008873,500002,True,13,False,False,False
DEL008874,ORD008874,500002,True,30,False,False,False
DEL008875,ORD008875,110002,True,68,True,False,False
DEL008876,ORD008876,500003,False,55,False,False,False
DEL008877,ORD008877,500002,True,33,False,False,False
DEL008878,ORD008878,500001,True,41,False,True,False
DEL008879,ORD008879,500002,True,44,False,False,False
DEL008880,ORD008880,500002,True,81,False,False,False
DEL008881,ORD008881,600002,True,8,False,True,False
DEL008882,ORD008882,600001,True,48,False,False,False
DEL008883,ORD008883,600002,True,49,False,False,False
DEL008884,ORD008884,110001,True,53,False,False,False
DEL008885,ORD008885,560001,True,3,False,False,True
DEL008886,ORD008886,110001,True,34,False,True,False
DEL008887,ORD008887,700001,False,24,False,False,True
DEL008888,ORD008888,600002,True,16,False,False,False
DEL008889,ORD008889,110001,True,55,False,False,False
DEL008890,ORD008890,600001,True,8,False,False,False
DEL008891,ORD008891,600001,False,58,False,False,False
DEL008892,ORD008892,600002,True,65,False,False,False
DEL008893,ORD008893,226001,True,10,False,False,True
DEL008894,ORD008894,500001,True,19,False,False,False
DEL008895,ORD008895,500002,True,72,False,False,False
DEL008896,ORD008896,600001,True,25,False,False,False
DEL008897,ORD008897,110002,False,71,False,False,False
DEL008898,ORD008898,500002,True,69,False,False,False
DEL008899,ORD008899,500002,False,76,False,False,False
DEL008900,ORD008900,600001,True,53,True,False,False
DEL008901,ORD008901,600001,True,82,False,False,False
DEL008902,ORD008902,700001,False,61,False,False,True
DEL008903,ORD008903,700001,True,8,False,False,True
DEL008904,ORD008904,600002,True,84,False,False,False
DEL008905,ORD008905,500001,True,16,False,False,False
DEL008906,ORD008906,560001,True,66,False,True,True
DEL008907,ORD008907,110001,True,85,False,False,False
DEL008908,ORD008908,600002,True,66,False,False,False
DEL008909,ORD008909,500001,True,24,False,False,False
DEL008910,ORD008910,110001,True,24,False,False,False
DEL008911,ORD008911,226001,False,61,False,False,True
DEL008912,ORD008912,600002,True,42,False,False,False
DEL008913,ORD008913,500003,False,74,False,False,False
DEL008914,ORD008914,110002,True,43,False,False,False
DEL008915,ORD008915,600001,True,44,False,False,False
DEL008916,ORD008916,226001,True,74,False,False,True
DEL008917,ORD008917,500002,False,24,False,False,False
DEL008918,ORD008918,500001,False,47,False,False,False
DEL008919,ORD008919,500002,True,58,False,False,False
DEL008920,ORD008920,110002,True,43,False,False,False
DEL008921,ORD008921,700001,True,11,False,False,True
DEL008922,ORD008922,500001,True,78,True,False,False
DEL008923,ORD008923,500001,True,61,False,False,False
DEL008924,ORD008924,500001,True,93,False,False,False
DEL008925,ORD008925,500002,True,7,False,False,False
DEL008926,ORD008926,560001,False,12,True,False,True
DEL008927,ORD008927,500002,False,81,False,False,False
DEL008928,ORD008928,600001,True,39,False,False,False
DEL008929,ORD008929,226001,True,13,False,False,True
DEL008930,ORD008930,500002,False,50,False,False,False
DEL008931,ORD008931,110001,True,62,False,False,False
DEL008932,ORD008932,110001,True,27,False,False,False
DEL008933,ORD008933,560001,True,87,False,False,True
DEL008934,ORD008934,500002,True,27,False,False,False
DEL008935,ORD008935,500001,True,9,False,False,False
DEL008936,ORD008936,500001,True,63,True,False,False
DEL008937,ORD008937,600002,True,68,True,False,False
DEL008938,ORD008938,600002,True,8,False,False,False
DEL008939,ORD008939,500002,True,83,True,False,False
DEL008940,ORD008940,110001,True,44,False,False,False
DEL008941,ORD008941,500002,True,22,False,False,False
DEL008942,ORD008942,110002,True,83,False,False,False
DEL008943,ORD008943,500003,False,2,False,False,False
DEL008944,ORD008944,500002,True,70,False,False,False
DEL008945,ORD008945,110001,False,73,False,False,False
DEL008946,ORD008946,226001,True,44,False,False,True
DEL008947,ORD008947,500001,True,15,False,False,False
DEL008948,ORD008948,600002,True,37,False,False,False
DEL008949,ORD008949,226001,True,38,False,False,True
DEL008950,ORD008950,110001,False,42,False,False,False
DEL008951,ORD008951,560001,True,21,False,False,True
DEL008952,ORD008952,500003,True,20,False,False,False
DEL008953,ORD008953,110002,False,75,False,False,False
DEL008954,ORD008954,500001,True,72,False,False,False
DEL008955,ORD008955,110001,True,43,False,False,False
DEL008956,ORD008956,500001,False,56,False,False,False
DEL008957,ORD008957,110002,True,93,False,False,False
DEL008958,ORD008958,560001,True,92,False,False,True
DEL008959,ORD008959,110001,False,73,False,False,False
DEL008960,ORD008960,500001,True,34,True,False,False
DEL008961,ORD008961,560001,True,9,False,False,True
DEL008962,ORD008962,500002,True,28,False,False,False
DEL008963,ORD008963,700001,False,38,False,False,True
DEL008964,ORD008964,500001,True,4,False,False,False
DEL008965,ORD008965,110001,True,83,False,False,False
DEL008966,ORD008966,600002,True,56,True,False,False
DEL008967,ORD008967,600002,True,44,False,False,False
DEL008968,ORD008968,110001,True,89,False,False,False
DEL008969,ORD008969,110001,True,92,False,False,False
DEL008970,ORD008970,226001,True,51,True,True,True
DEL008971,ORD008971,560001,True,82,False,False,True
DEL008972,ORD008972,600001,True,68,False,False,False
DEL008973,ORD008973,700001,True,55,False,False,True
DEL008974,ORD008974,560001,False,51,False,False,True
DEL008975,ORD008975,500001,True,72,False,False,False
DEL008976,ORD008976,600001,False,78,False,False,False
DEL008977,ORD008977,560001,True,65,False,False,True
DEL008978,ORD008978,560001,True,66,False,False,True
DEL008979,ORD008979,600001,True,10,False,False,False
DEL008980,ORD008980,560001,True,13,False,False,True
DEL008981,ORD008981,500003,True,71,False,False,False
DEL008982,ORD008982,500003,True,85,False,False,False
DEL008983,ORD008983,700001,True,15,False,False,True
DEL008984,ORD008984,110002,False,49,False,False,False
DEL008985,ORD008985,110001,False,86,False,False,False
DEL008986,ORD008986,500002,True,56,False,False,False
DEL008987,ORD008987,700001,False,56,False,False,True
DEL008988,ORD008988,500001,False,92,True,False,False
DEL008989,ORD008989,500001,True,84,False,True,False
DEL008990,ORD008990,560001,False,73,False,False,True
DEL008991,ORD008991,500003,False,89,False,False,False
DEL008992,ORD008992,700001,True,44,True,False,True
DEL008993,ORD008993,110002,True,19,False,False,False
DEL008994,ORD008994,226001,True,45,False,False,True
DEL008995,ORD008995,110002,False,74,False,False,False
DEL008996,ORD008996,226001,True,7,False,False,True
DEL008997,ORD008997,226001,True,76,False,False,True
DEL008998,ORD008998,500001,True,60,False,False,False
DEL008999,ORD008999,500001,True,42,False,False,False
DEL009000,ORD009000,110002,True,34,True,False,False
DEL009001,ORD009001,700001,True,65,False,False,True
DEL009002,ORD009002,500002,True,47,False,False,False
DEL009003,ORD009003,110002,True,3,False,False,False
DEL009004,ORD009004,560001,True,34,False,False,True
DEL009005,ORD009005,500002,False,46,False,False,False
DEL009006,ORD009006,500001,True,78,True,False,False
DEL009007,ORD009007,110002,True,19,False,True,False
DEL009008,ORD009008,500001,True,57,False,True,False
DEL009009,ORD009009,500002,True,11,False,False,False
DEL009010,ORD009010,600002,False,27,False,False,False
DEL009011,ORD009011,500003,False,69,False,False,False
DEL009012,ORD009012,600002,True,41,False,False,False
DEL009013,ORD009013,560001,True,56,False,False,True
DEL009014,ORD009014,600002,True,15,False,False,False
DEL009015,ORD009015,500003,True,9,False,False,False
DEL009016,ORD009016,500002,True,6,False,False,False
DEL009017,ORD009017,600002,False,83,False,False,False
DEL009018,ORD009018,500001,True,95,False,False,False
DEL009019,ORD009019,110001,False,28,False,False,False
DEL009020,ORD009020,600001,True,35,False,False,False
DEL009021,ORD009021,600002,False,52,False,False,False
DEL009022,ORD009022,700001,True,63,True,False,True
DEL009023,ORD009023,600002,True,8,False,True,False
DEL009024,ORD009024,226001,True,29,False,False,True
DEL009025,ORD009025,500003,True,1,False,False,False
DEL009026,ORD009026,560001,True,42,False,False,True
DEL009027,ORD009027,560001,True,19,False,False,True
DEL009028,ORD009028,500001,False,5,False,False,False
DEL009029,ORD009029,560001,True,59,False,False,True
DEL009030,ORD009030,700001,True,57,False,False,True
DEL009031,ORD009031,600002,True,39,False,False,False
DEL009032,ORD009032,600002,False,3,False,False,False
DEL009033,ORD009033,226001,False,72,False,True,True
DEL009034,ORD009034,560001,True,41,False,False,True
DEL009035,ORD009035,500001,True,82,False,False,False
DEL009036,ORD009036,500002,True,71,False,False,False
DEL009037,ORD009037,700001,True,85,False,False,True
DEL009038,ORD009038,110001,True,38,False,False,False
DEL009039,ORD009039,226001,True,26,False,False,True
DEL009040,ORD009040,500003,True,34,False,False,False
DEL009041,ORD009041,110001,True,87,True,False,False
DEL009042,ORD009042,700001,True,21,False,False,True
DEL009043,ORD009043,110002,True,33,False,False,False
DEL009044,ORD009044,700001,True,20,False,False,True
DEL009045,ORD009045,110002,False,22,False,False,False
DEL009046,ORD009046,500001,True,88,False,False,False
DEL009047,ORD009047,700001,False,3,True,False,True
DEL009048,ORD009048,600001,True,66,False,False,False
DEL009049,ORD009049,500002,True,59,False,False,False
DEL009050,ORD009050,226001,False,30,True,False,True
DEL009051,ORD009051,700001,True,51,False,False,True
DEL009052,ORD009052,226001,False,3,False,False,True
DEL009053,ORD009053,600002,True,67,False,False,False
DEL009054,ORD009054,500002,True,19,False,False,False
DEL009055,ORD009055,700001,False,13,False,False,True
DEL009056,ORD009056,110002,True,72,False,False,False
DEL009057,ORD009057,110002,True,25,False,False,False
DEL009058,ORD009058,500001,True,22,False,False,False
DEL009059,ORD009059,600002,True,84,False,False,False
DEL009060,ORD009060,600001,True,27,False,False,False
DEL009061,ORD009061,600002,True,67,False,True,False
DEL009062,ORD009062,110002,True,49,False,False,False
DEL009063,ORD009063,110001,True,83,False,False,False
DEL009064,ORD009064,110002,True,13,False,False,False
DEL009065,ORD009065,600001,True,43,False,False,False
DEL009066,ORD009066,500001,True,65,False,False,False
DEL009067,ORD009067,110002,True,65,False,False,False
DEL009068,ORD009068,500001,True,91,False,False,False
DEL009069,ORD009069,110001,True,50,False,False,False
DEL009070,ORD009070,500001,True,22,False,False,False
DEL009071,ORD009071,226001,True,57,False,False,True
DEL009072,ORD009072,500002,True,25,False,False,False
DEL009073,ORD009073,500003,True,42,False,False,False
DEL009074,ORD009074,500003,True,22,False,False,False
DEL009075,ORD009075,226001,True,10,False,False,True
DEL009076,ORD009076,110002,True,20,False,False,False
DEL009077,ORD009077,700001,True,11,False,False,True
DEL009078,ORD009078,500002,True,77,True,False,False
DEL009079,ORD009079,600002,True,34,False,False,False
DEL009080,ORD009080,110001,False,57,True,False,False
DEL009081,ORD009081,560001,False,52,False,False,True
DEL009082,ORD009082,110001,True,27,False,False,False
DEL009083,ORD009083,110001,True,71,False,False,False
DEL009084,ORD009084,110001,True,54,False,False,False
DEL009085,ORD009085,600001,True,90,True,False,False
DEL009086,ORD009086,110002,True,17,False,False,False
DEL009087,ORD009087,110001,True,49,False,False,False
DEL009088,ORD009088,500001,True,21,False,False,False
DEL009089,ORD009089,110002,True,16,False,False,False
DEL009090,ORD009090,500001,True,52,False,False,False
DEL009091,ORD009091,110001,False,25,False,False,False
DEL009092,ORD009092,500002,False,25,False,True,False
DEL009093,ORD009093,600002,True,30,False,False,False
DEL009094,ORD009094,500001,True,55,False,False,False
DEL009095,ORD009095,110002,True,42,False,False,False
DEL009096,ORD009096,500001,True,48,False,False,False
DEL009097,ORD009097,226001,True,38,False,False,True
DEL009098,ORD009098,110002,True,46,False,False,False
DEL009099,ORD009099,560001,True,16,False,True,True
DEL009100,ORD009100,600001,True,80,False,False,False
DEL009101,ORD009101,500003,True,92,False,False,False
DEL009102,ORD009102,500001,True,91,False,False,False
DEL009103,ORD009103,110002,True,67,False,False,False
DEL009104,ORD009104,500002,False,68,True,False,False
DEL009105,ORD009105,600001,True,15,True,False,False
DEL009106,ORD009106,600001,True,5,False,False,False
DEL009107,ORD009107,560001,False,47,False,False,True
DEL009108,ORD009108,500002,True,83,False,False,False
DEL009109,ORD009109,500003,True,20,False,False,False
DEL009110,ORD009110,500001,True,19,False,False,False
DEL009111,ORD009111,110002,True,47,True,False,False
DEL009112,ORD009112,560001,True,76,False,False,True
DEL009113,ORD009113,500002,True,23,False,False,False
DEL009114,ORD009114,500002,True,55,False,False,False
DEL009115,ORD009115,500001,False,55,False,False,False
DEL009116,ORD009116,500001,True,57,False,False,False
DEL009117,ORD009117,600001,True,69,False,False,False
DEL009118,ORD009118,600001,True,64,False,False,False
DEL009119,ORD009119,560001,True,95,False,False,True
DEL009120,ORD009120,600002,True,75,False,False,False
DEL009121,ORD009121,600001,False,86,False,False,False
DEL009122,ORD009122,700001,False,41,False,False,True
DEL009123,ORD009123,110001,True,47,False,False,False
DEL009124,ORD009124,500001,True,14,False,False,False
DEL009125,ORD009125,110002,True,15,False,False,False
DEL009126,ORD009126,226001,True,6,False,False,True
DEL009127,ORD009127,560001,True,78,False,False,True
DEL009128,ORD009128,600001,True,61,False,False,False
DEL009129,ORD009129,500003,False,32,False,False,False
DEL009130,ORD009130,500001,True,45,True,False,False
DEL009131,ORD009131,560001,True,35,False,False,True
DEL009132,ORD009132,226001,False,6,True,False,True
DEL009133,ORD009133,700001,True,6,False,False,True
DEL009134,ORD009134,226001,True,37,False,False,True
DEL009135,ORD009135,226001,True,6,False,False,True
DEL009136,ORD009136,500001,True,17,False,False,False
DEL009137,ORD009137,226001,False,1,False,False,True
DEL009138,ORD009138,700001,True,79,False,True,True
DEL009139,ORD009139,226001,True,35,True,False,True
DEL009140,ORD009140,600001,True,56,False,False,False
DEL009141,ORD009141,600002,True,19,False,False,False
DEL009142,ORD009142,600002,True,35,False,False,False
DEL009143,ORD009143,110001,True,57,False,False,False
DEL009144,ORD009144,500002,True,26,False,False,False
DEL009145,ORD009145,500002,True,53,False,False,False
DEL009146,ORD009146,600002,True,51,False,False,False
DEL009147,ORD009147,600002,False,37,False,False,False
DEL009148,ORD009148,500001,True,55,False,False,False
DEL009149,ORD009149,700001,True,58,False,False,True
DEL009150,ORD009150,500002,True,60,True,False,False
DEL009151,ORD009151,110002,True,65,False,False,False
DEL009152,ORD009152,500002,False,53,False,False,False
DEL009153,ORD009153,560001,True,60,False,True,True
DEL009154,ORD009154,110001,True,26,False,False,False
DEL009155,ORD009155,560001,True,40,False,False,True
DEL009156,ORD009156,226001,True,34,False,False,True
DEL009157,ORD009157,110002,True,38,False,False,False
DEL009158,ORD009158,110002,False,41,False,False,False
DEL009159,ORD009159,560001,False,13,True,False,True
DEL009160,ORD009160,700001,True,7,False,False,True
DEL009161,ORD009161,560001,True,1,False,False,True
DEL009162,ORD009162,600002,True,79,False,False,False
DEL009163,ORD009163,500003,False,2,False,False,False
DEL009164,ORD009164,700001,False,71,False,False,True
DEL009165,ORD009165,560001,True,51,False,False,True
DEL009166,ORD009166,110001,False,46,False,False,False
DEL009167,ORD009167,500002,False,26,False,False,False
DEL009168,ORD009168,500003,False,39,False,False,False
DEL009169,ORD009169,500001,True,25,False,False,False
DEL009170,ORD009170,110002,True,10,False,False,False
DEL009171,ORD009171,560001,True,74,False,False,True
DEL009172,ORD009172,226001,True,74,True,False,True
DEL009173,ORD009173,110002,True,38,False,False,False
DEL009174,ORD009174,226001,False,92,False,False,True
DEL009175,ORD009175,110002,True,94,True,False,False
DEL009176,ORD009176,600002,True,35,False,False,False
DEL009177,ORD009177,700001,False,52,False,False,True
DEL009178,ORD009178,500002,True,27,False,True,False
DEL009179,ORD009179,600002,False,72,False,False,False
DEL009180,ORD009180,560001,True,52,False,False,True
DEL009181,ORD009181,560001,True,73,False,False,True
DEL009182,ORD009182,226001,True,74,False,False,True
DEL009183,ORD009183,700001,True,60,False,False,True
DEL009184,ORD009184,500002,True,21,False,False,False
DEL009185,ORD009185,560001,True,89,True,False,True
DEL009186,ORD009186,110001,True,48,False,False,False
DEL009187,ORD009187,500003,False,95,False,False,False
DEL009188,ORD009188,110002,True,66,False,False,False
DEL009189,ORD009189,500002,True,56,False,True,False
DEL009190,ORD009190,500002,True,58,False,False,False
DEL009191,ORD009191,226001,True,19,False,False,True
DEL009192,ORD009192,500002,True,30,False,False,False
DEL009193,ORD009193,500003,False,81,False,False,False
DEL009194,ORD009194,110002,False,29,False,False,False
DEL009195,ORD009195,500002,True,4,False,False,False
DEL009196,ORD009196,110001,True,73,True,False,False
DEL009197,ORD009197,560001,True,19,True,True,True
DEL009198,ORD009198,560001,True,2,False,False,True
DEL009199,ORD009199,600001,True,18,False,False,False
DEL009200,ORD009200,600002,True,66,False,False,False
DEL009201,ORD009201,500002,True,27,False,False,False
DEL009202,ORD009202,500001,True,52,False,False,False
DEL009203,ORD009203,600002,False,15,False,False,False
DEL009204,ORD009204,226001,True,52,False,False,True
DEL009205,ORD009205,700001,True,64,True,False,True
DEL009206,ORD009206,600001,True,47,False,False,False
DEL009207,ORD009207,500001,True,78,False,False,False
DEL009208,ORD009208,500001,True,1,False,True,False
DEL009209,ORD009209,226001,False,5,False,True,True
DEL009210,ORD009210,600001,True,35,False,False,False
DEL009211,ORD009211,500002,True,57,False,False,False
DEL009212,ORD009212,600001,False,89,False,False,False
DEL009213,ORD009213,500003,True,76,False,False,False
DEL009214,ORD009214,500003,True,38,True,False,False
DEL009215,ORD009215,500003,False,93,True,False,False
DEL009216,ORD009216,500001,True,20,False,False,False
DEL009217,ORD009217,110002,True,48,False,False,False
DEL009218,ORD009218,600002,True,67,True,False,False
DEL009219,ORD009219,110002,True,45,False,False,False
DEL009220,ORD009220,500003,True,50,False,False,False
DEL009221,ORD009221,700001,True,89,False,False,True
DEL009222,ORD009222,500001,True,75,False,False,False
DEL009223,ORD009223,600002,False,94,False,False,False
DEL009224,ORD009224,700001,True,29,False,False,True
DEL009225,ORD009225,500002,True,72,False,False,False
DEL009226,ORD009226,700001,True,74,False,False,True
DEL009227,ORD009227,226001,True,80,False,False,True
DEL009228,ORD009228,110002,True,58,False,False,False
DEL009229,ORD009229,110002,False,92,False,False,False
DEL009230,ORD009230,600001,True,75,False,False,False
DEL009231,ORD009231,500003,False,42,False,False,False
DEL009232,ORD009232,110001,True,60,False,False,False
DEL009233,ORD009233,500001,True,76,False,False,False
DEL009234,ORD009234,500003,True,64,True,False,False
DEL009235,ORD009235,700001,True,43,False,True,True
DEL009236,ORD009236,600001,True,41,True,False,False
DEL009237,ORD009237,600002,True,62,False,False,False
DEL009238,ORD009238,110001,True,38,False,False,False
DEL009239,ORD009239,560001,True,81,False,False,True
DEL009240,ORD009240,500003,True,91,False,False,False
DEL009241,ORD009241,700001,True,70,False,False,True
DEL009242,ORD009242,560001,True,50,True,False,True
DEL009243,ORD009243,700001,True,36,False,False,True
DEL009244,ORD009244,600002,True,29,False,False,False
DEL009245,ORD009245,110002,True,8,True,False,False
DEL009246,ORD009246,110001,True,39,False,False,False
DEL009247,ORD009247,500002,False,72,False,True,False
DEL009248,ORD009248,500003,True,82,False,False,False
DEL009249,ORD009249,110001,True,16,False,False,False
DEL009250,ORD009250,560001,True,87,False,False,True
DEL009251,ORD009251,500003,True,40,False,False,False
DEL009252,ORD009252,500001,True,14,False,False,False
DEL009253,ORD009253,226001,True,19,False,False,True
DEL009254,ORD009254,110001,True,71,False,False,False
DEL009255,ORD009255,700001,True,35,False,False,True
DEL009256,ORD009256,500003,True,77,False,False,False
DEL009257,ORD009257,700001,False,48,False,False,True
DEL009258,ORD009258,500003,True,57,False,False,False
DEL009259,ORD009259,500002,True,90,False,False,False
DEL009260,ORD009260,500003,True,70,False,False,False
DEL009261,ORD009261,600001,True,43,False,False,False
DEL009262,ORD009262,110001,True,53,False,False,False
DEL009263,ORD009263,700001,True,44,False,False,True
DEL009264,ORD009264,500002,True,68,False,False,False
DEL009265,ORD009265,700001,False,11,False,True,True
DEL009266,ORD009266,700001,True,24,False,False,True
DEL009267,ORD009267,226001,True,94,False,False,True
DEL009268,ORD009268,560001,True,9,False,False,True
DEL009269,ORD009269,110001,False,62,False,True,False
DEL009270,ORD009270,600002,True,70,False,False,False
DEL009271,ORD009271,500002,True,77,False,False,False
DEL009272,ORD009272,600002,True,72,False,False,False
DEL009273,ORD009273,110002,True,73,False,False,False
DEL009274,ORD009274,500002,True,32,False,False,False
DEL009275,ORD009275,500002,True,95,False,False,False
DEL009276,ORD009276,110001,False,42,False,False,False
DEL009277,ORD009277,110001,True,56,False,False,False
DEL009278,ORD009278,500001,False,35,False,False,False
DEL009279,ORD009279,500003,True,83,False,False,False
DEL009280,ORD009280,500002,True,21,True,True,False
DEL009281,ORD009281,110001,True,66,False,False,False
DEL009282,ORD009282,500001,True,88,False,False,False
DEL009283,ORD009283,600001,True,92,False,True,False
DEL009284,ORD009284,600001,True,17,True,False,False
DEL009285,ORD009285,500001,True,92,False,False,False
DEL009286,ORD009286,560001,False,58,False,False,True
DEL009287,ORD009287,110002,False,10,False,True,False
DEL009288,ORD009288,700001,True,77,False,False,True
DEL009289,ORD009289,226001,True,58,False,False,True
DEL009290,ORD009290,500003,True,52,False,False,False
DEL009291,ORD009291,110002,True,87,False,False,False
DEL009292,ORD009292,600001,True,26,False,False,False
DEL009293,ORD009293,500003,True,37,False,False,False
DEL009294,ORD009294,500003,True,38,False,True,False
DEL009295,ORD009295,600001,False,14,False,True,False
DEL009296,ORD009296,500002,True,77,False,False,False
DEL009297,ORD009297,110002,False,53,True,False,False
DEL009298,ORD009298,500001,True,28,False,False,False
DEL009299,ORD009299,110001,True,89,False,False,False
DEL009300,ORD009300,110001,True,19,False,False,False
DEL009301,ORD009301,500003,True,55,False,False,False
DEL009302,ORD009302,500002,True,77,False,True,False
DEL009303,ORD009303,700001,True,48,True,False,True
DEL009304,ORD009304,500002,True,40,False,False,False
DEL009305,ORD009305,500001,False,47,True,False,False
DEL009306,ORD009306,500003,True,57,False,False,False
DEL009307,ORD009307,600001,True,55,True,False,False
DEL009308,ORD009308,110002,True,35,False,False,False
DEL009309,ORD009309,226001,True,67,False,False,True
DEL009310,ORD009310,600001,True,68,True,False,False
DEL009311,ORD009311,110002,False,44,False,False,False
DEL009312,ORD009312,700001,True,76,False,True,True
DEL009313,ORD009313,700001,True,87,False,False,True
DEL009314,ORD009314,700001,False,68,False,False,True
DEL009315,ORD009315,600001,False,69,False,False,False
DEL009316,ORD009316,110001,False,34,False,False,False
DEL009317,ORD009317,500001,True,80,False,False,False
DEL009318,ORD009318,600002,False,22,False,True,False
DEL009319,ORD009319,500003,True,89,False,False,False
DEL009320,ORD009320,110001,False,24,False,False,False
DEL009321,ORD009321,110001,True,43,False,False,False
DEL009322,ORD009322,110001,False,7,True,False,False
DEL009323,ORD009323,700001,True,11,False,False,True
DEL009324,ORD009324,110001,True,36,False,False,False
DEL009325,ORD009325,500001,True,32,False,False,False
DEL009326,ORD009326,110001,False,4,False,False,False
DEL009327,ORD009327,500002,True,84,False,False,False
DEL009328,ORD009328,600002,True,25,False,False,False
DEL009329,ORD009329,500003,True,85,False,False,False
DEL009330,ORD009330,226001,True,38,False,False,True
DEL009331,ORD009331,500002,True,22,False,False,False
DEL009332,ORD009332,500002,False,93,False,True,False
DEL009333,ORD009333,110001,False,46,False,True,False
DEL009334,ORD009334,500001,True,91,True,False,False
DEL009335,ORD009335,600002,True,1,False,False,False
DEL009336,ORD009336,600001,False,28,False,False,False
DEL009337,ORD009337,226001,True,21,False,False,True
DEL009338,ORD009338,500001,False,74,False,False,False
DEL009339,ORD009339,226001,True,38,False,False,True
DEL009340,ORD009340,700001,True,29,False,False,True
DEL009341,ORD009341,226001,True,20,False,False,True
DEL009342,ORD009342,600001,False,71,False,False,False
DEL009343,ORD009343,500002,True,33,False,False,False
DEL009344,ORD009344,110002,True,77,False,False,False
DEL009345,ORD009345,500001,True,17,True,False,False
DEL009346,ORD009346,500002,True,73,False,False,False
DEL009347,ORD009347,500003,True,16,False,False,False
DEL009348,ORD009348,600001,True,7,False,False,False
DEL009349,ORD009349,500002,True,40,True,False,False
DEL009350,ORD009350,110002,True,61,False,False,False
DEL009351,ORD009351,560001,True,61,False,False,True
DEL009352,ORD009352,110001,True,69,False,False,False
DEL009353,ORD009353,500001,False,52,False,False,False
DEL009354,ORD009354,600002,False,12,False,False,False
DEL009355,ORD009355,600002,True,50,False,False,False
DEL009356,ORD009356,600002,True,14,False,False,False
DEL009357,ORD009357,560001,True,44,True,False,True
DEL009358,ORD009358,600002,True,27,False,False,False
DEL009359,ORD009359,600001,False,49,False,False,False
DEL009360,ORD009360,560001,True,54,False,False,True
DEL009361,ORD009361,600001,True,74,True,False,False
DEL009362,ORD009362,110001,True,70,False,False,False
DEL009363,ORD009363,600001,True,84,False,False,False
DEL009364,ORD009364,500001,True,49,False,False,False
DEL009365,ORD009365,600001,True,24,False,False,False
DEL009366,ORD009366,110002,False,91,False,False,False
DEL009367,ORD009367,500001,True,69,False,False,False
DEL009368,ORD009368,226001,True,44,False,False,True
DEL009369,ORD009369,226001,True,51,False,False,True
DEL009370,ORD009370,560001,True,52,False,True,True
DEL009371,ORD009371,500001,True,73,False,False,False
DEL009372,ORD009372,500002,False,71,True,False,False
DEL009373,ORD009373,110002,False,8,True,False,False
DEL009374,ORD009374,600001,True,44,False,False,False
DEL009375,ORD009375,500003,True,74,True,False,False
DEL009376,ORD009376,600002,True,25,False,False,False
DEL009377,ORD009377,600002,True,39,False,False,False
DEL009378,ORD009378,500003,True,33,False,True,False
DEL009379,ORD009379,500001,True,73,False,False,False
DEL009380,ORD009380,600001,True,43,False,False,False
DEL009381,ORD009381,110001,True,41,False,False,False
DEL009382,ORD009382,600001,False,95,False,False,False
DEL009383,ORD009383,500001,True,55,False,False,False
DEL009384,ORD009384,500002,False,92,False,False,False
DEL009385,ORD009385,560001,True,74,False,False,True
DEL009386,ORD009386,600002,True,8,False,False,False
DEL009387,ORD009387,500003,True,63,False,False,False
DEL009388,ORD009388,500002,True,55,False,False,False
DEL009389,ORD009389,110001,True,52,False,False,False
DEL009390,ORD009390,110001,False,71,False,True,False
DEL009391,ORD009391,600001,True,34,False,False,False
DEL009392,ORD009392,600001,True,94,False,False,False
DEL009393,ORD009393,226001,False,26,False,False,True
DEL009394,ORD009394,600001,True,59,False,False,False
DEL009395,ORD009395,500003,False,32,False,False,False
DEL009396,ORD009396,500001,True,31,False,False,False
DEL009397,ORD009397,700001,True,24,False,False,True
DEL009398,ORD009398,700001,True,22,True,False,True
DEL009399,ORD009399,110002,True,81,False,False,False
DEL009400,ORD009400,500003,True,95,False,False,False
DEL009401,ORD009401,500002,True,84,False,False,False
DEL009402,ORD009402,600001,True,5,False,False,False
DEL009403,ORD009403,700001,True,81,False,False,True
DEL009404,ORD009404,700001,True,48,False,False,True
DEL009405,ORD009405,110002,True,8,True,False,False
DEL009406,ORD009406,600001,True,51,True,False,False
DEL009407,ORD009407,700001,True,39,False,False,True
DEL009408,ORD009408,110001,True,33,False,False,False
DEL009409,ORD009409,500002,True,31,False,False,False
DEL009410,ORD009410,600002,True,17,False,True,False
DEL009411,ORD009411,600001,False,14,False,False,False
DEL009412,ORD009412,500002,True,25,False,False,False
DEL009413,ORD009413,500002,True,84,False,False,False
DEL009414,ORD009414,110001,True,74,False,False,False
DEL009415,ORD009415,110001,False,48,False,False,False
DEL009416,ORD009416,700001,True,17,False,False,True
DEL009417,ORD009417,700001,True,92,False,False,True
DEL009418,ORD009418,226001,False,91,False,False,True
DEL009419,ORD009419,110001,True,79,False,False,False
DEL009420,ORD009420,500001,True,82,False,False,False
DEL009421,ORD009421,500003,True,80,False,False,False
DEL009422,ORD009422,500002,True,71,False,True,False
DEL009423,ORD009423,110002,False,49,False,False,False
DEL009424,ORD009424,500001,True,2,False,False,False
DEL009425,ORD009425,600001,True,27,False,False,False
DEL009426,ORD009426,500001,True,94,False,False,False
DEL009427,ORD009427,500003,True,24,False,False,False
DEL009428,ORD009428,600001,True,85,False,False,False
DEL009429,ORD009429,110001,True,78,True,False,False
DEL009430,ORD009430,500001,False,3,False,False,False
DEL009431,ORD009431,500001,True,4,True,False,False
DEL009432,ORD009432,110001,True,29,False,False,False
DEL009433,ORD009433,700001,True,68,False,False,True
DEL009434,ORD009434,110001,True,19,True,True,False
DEL009435,ORD009435,500002,False,38,False,False,False
DEL009436,ORD009436,500002,True,56,False,False,False
DEL009437,ORD009437,500002,True,33,False,False,False
DEL009438,ORD009438,600002,False,92,False,False,False
DEL009439,ORD009439,500001,True,62,False,False,False
DEL009440,ORD009440,600002,True,90,False,False,False
DEL009441,ORD009441,560001,False,60,False,False,True
DEL009442,ORD009442,700001,False,92,False,False,True
DEL009443,ORD009443,110002,True,73,False,False,False
DEL009444,ORD009444,500002,False,85,False,False,False
DEL009445,ORD009445,600002,True,62,False,False,False
DEL009446,ORD009446,600001,True,10,False,False,False
DEL009447,ORD009447,500003,True,61,False,False,False
DEL009448,ORD009448,110002,True,42,False,False,False
DEL009449,ORD009449,500002,True,71,False,False,False
DEL009450,ORD009450,600001,True,65,False,False,False
DEL009451,ORD009451,560001,True,68,False,False,True
DEL009452,ORD009452,500002,True,89,True,False,False
DEL009453,ORD009453,600002,True,18,True,False,False
DEL009454,ORD009454,110001,True,72,False,False,False
DEL009455,ORD009455,110002,True,40,False,False,False
DEL009456,ORD009456,560001,True,72,False,False,True
DEL009457,ORD009457,500002,True,27,False,False,False
DEL009458,ORD009458,110002,True,50,False,False,False
DEL009459,ORD009459,226001,True,3,False,False,True
DEL009460,ORD009460,226001,True,4,False,False,True
DEL009461,ORD009461,700001,True,48,False,False,True
DEL009462,ORD009462,560001,True,94,False,False,True
DEL009463,ORD009463,500002,True,95,False,False,False
DEL009464,ORD009464,700001,False,3,False,False,True
DEL009465,ORD009465,110002,True,87,False,False,False
DEL009466,ORD009466,700001,True,74,False,False,True
DEL009467,ORD009467,110001,True,87,False,True,False
DEL009468,ORD009468,560001,True,74,False,False,True
DEL009469,ORD009469,500003,True,73,False,False,False
DEL009470,ORD009470,110002,True,41,False,False,False
DEL009471,ORD009471,600002,True,41,True,False,False
DEL009472,ORD009472,600002,False,85,False,False,False
DEL009473,ORD009473,110002,True,32,False,False,False
DEL009474,ORD009474,500001,False,8,False,False,False
DEL009475,ORD009475,500002,True,34,False,False,False
DEL009476,ORD009476,226001,True,38,False,False,True
DEL009477,ORD009477,226001,False,18,False,False,True
DEL009478,ORD009478,600002,True,95,False,False,False
DEL009479,ORD009479,110001,True,1,False,False,False
DEL009480,ORD009480,110001,False,57,False,False,False
DEL009481,ORD009481,110001,True,84,False,False,False
DEL009482,ORD009482,110002,True,16,False,False,False
DEL009483,ORD009483,500002,True,2,False,True,False
DEL009484,ORD009484,700001,True,58,False,False,True
DEL009485,ORD009485,500003,True,25,False,False,False
DEL009486,ORD009486,700001,False,84,False,False,True
DEL009487,ORD009487,560001,False,15,False,False,True
DEL009488,ORD009488,500001,True,12,True,False,False
DEL009489,ORD009489,110002,False,16,False,False,False
DEL009490,ORD009490,110001,True,67,False,False,False
DEL009491,ORD009491,700001,True,56,False,True,True
DEL009492,ORD009492,600001,False,60,False,False,False
DEL009493,ORD009493,500002,True,5,False,False,False
DEL009494,ORD009494,600002,True,17,True,False,False
DEL009495,ORD009495,600002,True,58,False,False,False
DEL009496,ORD009496,500002,True,85,False,False,False
DEL009497,ORD009497,500002,True,5,False,False,False
DEL009498,ORD009498,560001,True,17,False,False,True
DEL009499,ORD009499,700001,True,76,True,False,True
DEL009500,ORD009500,500001,False,79,False,False,False
DEL009501,ORD009501,110001,True,89,False,False,False
DEL009502,ORD009502,110001,False,36,False,False,False
DEL009503,ORD009503,110002,False,66,False,False,False
DEL009504,ORD009504,110001,True,88,False,False,False
DEL009505,ORD009505,500001,True,49,False,False,False
DEL009506,ORD009506,110001,False,82,False,False,False
DEL009507,ORD009507,600001,True,19,False,False,False
DEL009508,ORD009508,500001,True,31,False,False,False
DEL009509,ORD009509,226001,False,35,False,False,True
DEL009510,ORD009510,110001,False,37,False,False,False
DEL009511,ORD009511,500003,True,14,False,False,False
DEL009512,ORD009512,600001,True,64,False,False,False
DEL009513,ORD009513,560001,True,83,True,False,True
DEL009514,ORD009514,560001,False,1,False,False,True
DEL009515,ORD009515,500003,True,24,False,True,False
DEL009516,ORD009516,600001,True,37,False,True,False
DEL009517,ORD009517,500003,True,24,False,False,False
DEL009518,ORD009518,560001,True,81,False,False,True
DEL009519,ORD009519,500003,False,57,False,False,False
DEL009520,ORD009520,226001,False,81,False,False,True
DEL009521,ORD009521,500003,True,44,False,False,False
DEL009522,ORD009522,110001,True,56,False,False,False
DEL009523,ORD009523,500003,False,80,False,False,False
DEL009524,ORD009524,600002,False,1,False,False,False
DEL009525,ORD009525,600001,False,5,False,False,False
DEL009526,ORD009526,500001,True,45,False,True,False
DEL009527,ORD009527,110002,True,3,False,False,False
DEL009528,ORD009528,110001,True,59,False,False,False
DEL009529,ORD009529,500001,True,56,False,False,False
DEL009530,ORD009530,226001,True,28,True,False,True
DEL009531,ORD009531,600001,True,87,False,False,False
DEL009532,ORD009532,700001,False,66,False,False,True
DEL009533,ORD009533,110002,True,29,False,False,False
DEL009534,ORD009534,500003,True,12,False,False,False
DEL009535,ORD009535,110002,True,9,True,False,False
DEL009536,ORD009536,500001,True,38,True,False,False
DEL009537,ORD009537,600002,True,74,False,False,False
DEL009538,ORD009538,500001,True,50,True,False,False
DEL009539,ORD009539,600001,True,80,False,False,False
DEL009540,ORD009540,500002,True,82,False,False,False
DEL009541,ORD009541,226001,True,14,False,False,True
DEL009542,ORD009542,500002,True,17,False,False,False
DEL009543,ORD009543,110001,True,92,False,False,False
DEL009544,ORD009544,560001,True,45,False,False,True
DEL009545,ORD009545,700001,False,84,False,False,True
DEL009546,ORD009546,110001,True,85,True,False,False
DEL009547,ORD009547,500003,False,62,False,False,False
DEL009548,ORD009548,500003,True,9,False,False,False
DEL009549,ORD009549,500003,True,7,False,True,False
DEL009550,ORD009550,500003,False,70,True,False,False
DEL009551,ORD009551,700001,False,5,False,False,True
DEL009552,ORD009552,600001,True,78,False,False,False
DEL009553,ORD009553,110002,True,29,False,False,False
DEL009554,ORD009554,500002,True,4,False,False,False
DEL009555,ORD009555,110002,True,12,False,False,False
DEL009556,ORD009556,110002,False,10,False,False,False
DEL009557,ORD009557,600001,True,50,False,False,False
DEL009558,ORD009558,600001,True,4,True,False,False
DEL009559,ORD009559,600002,True,1,False,False,False
DEL009560,ORD009560,500001,True,48,False,False,False
DEL009561,ORD009561,110001,False,38,False,False,False
DEL009562,ORD009562,110002,True,73,False,False,False
DEL009563,ORD009563,600001,True,21,False,False,False
DEL009564,ORD009564,560001,True,25,False,False,True
DEL009565,ORD009565,110002,True,13,True,False,False
DEL009566,ORD009566,226001,True,56,False,True,True
DEL009567,ORD009567,500001,True,86,True,False,False
DEL009568,ORD009568,700001,True,24,False,False,True
DEL009569,ORD009569,700001,True,36,True,False,True
DEL009570,ORD009570,500001,False,50,False,False,False
DEL009571,ORD009571,560001,True,91,True,False,True
DEL009572,ORD009572,500001,True,36,False,False,False
DEL009573,ORD009573,560001,True,11,False,False,True
DEL009574,ORD009574,500001,True,29,False,True,False
DEL009575,ORD009575,226001,False,10,False,False,True
DEL009576,ORD009576,226001,True,38,True,False,True
DEL009577,ORD009577,500002,True,81,False,True,False
DEL009578,ORD009578,500003,True,36,False,False,False
DEL009579,ORD009579,226001,False,76,False,False,True
DEL009580,ORD009580,600001,True,20,False,False,False
DEL009581,ORD009581,500001,True,34,False,False,False
DEL009582,ORD009582,560001,True,60,False,False,True
DEL009583,ORD009583,110002,False,36,False,False,False
DEL009584,ORD009584,500002,True,90,False,True,False
DEL009585,ORD009585,700001,True,44,False,False,True
DEL009586,ORD009586,600001,True,59,False,False,False
DEL009587,ORD009587,110001,True,47,False,False,False
DEL009588,ORD009588,700001,True,20,False,False,True
DEL009589,ORD009589,500001,False,95,False,False,False
DEL009590,ORD009590,500003,True,38,False,False,False
DEL009591,ORD009591,110001,True,11,False,False,False
DEL009592,ORD009592,110002,True,68,False,False,False
DEL009593,ORD009593,700001,True,81,False,False,True
DEL009594,ORD009594,600001,False,67,False,False,False
DEL009595,ORD009595,110002,True,40,True,False,False
DEL009596,ORD009596,110002,True,34,False,False,False
DEL009597,ORD009597,560001,True,24,False,False,True
DEL009598,ORD009598,600002,True,79,False,False,False
DEL009599,ORD009599,226001,True,57,False,False,True
DEL009600,ORD009600,226001,False,66,False,False,True
DEL009601,ORD009601,500002,True,30,False,False,False
DEL009602,ORD009602,500003,True,82,False,False,False
DEL009603,ORD009603,500001,False,53,False,False,False
DEL009604,ORD009604,110002,True,39,False,False,False
DEL009605,ORD009605,110002,True,39,False,False,False
DEL009606,ORD009606,500001,True,73,False,False,False
DEL009607,ORD009607,226001,True,53,False,False,True
DEL009608,ORD009608,560001,True,73,False,False,True
DEL009609,ORD009609,600001,True,56,False,False,False
DEL009610,ORD009610,560001,True,24,False,False,True
DEL009611,ORD009611,700001,True,48,False,False,True
DEL009612,ORD009612,500001,True,53,False,False,False
DEL009613,ORD009613,560001,False,37,False,False,True
DEL009614,ORD009614,500002,True,84,False,False,False
DEL009615,ORD009615,600001,True,44,True,False,False
DEL009616,ORD009616,600001,True,37,False,False,False
DEL009617,ORD009617,500002,True,52,False,False,False
DEL009618,ORD009618,500001,True,87,False,False,False
DEL009619,ORD009619,500002,True,91,False,True,False
DEL009620,ORD009620,600001,True,11,False,False,False
DEL009621,ORD009621,500002,True,54,False,False,False
DEL009622,ORD009622,110002,True,93,False,False,False
DEL009623,ORD009623,500001,True,93,False,False,False
DEL009624,ORD009624,600001,True,55,True,False,False
DEL009625,ORD009625,560001,True,75,False,False,True
DEL009626,ORD009626,560001,True,43,True,False,True
DEL009627,ORD009627,500001,True,75,False,False,False
DEL009628,ORD009628,600002,True,48,False,False,False
DEL009629,ORD009629,700001,True,48,False,False,True
DEL009630,ORD009630,600002,True,50,False,False,False
DEL009631,ORD009631,600002,False,89,False,False,False
DEL009632,ORD009632,110001,True,83,False,False,False
DEL009633,ORD009633,560001,True,25,True,False,True
DEL009634,ORD009634,110002,False,60,False,True,False
DEL009635,ORD009635,110002,True,83,False,False,False
DEL009636,ORD009636,110002,True,19,False,False,False
DEL009637,ORD009637,500001,True,89,False,False,False
DEL009638,ORD009638,500002,True,71,False,False,False
DEL009639,ORD009639,600002,True,16,False,False,False
DEL009640,ORD009640,600002,True,27,True,False,False
DEL009641,ORD009641,226001,True,33,False,False,True
DEL009642,ORD009642,600001,True,13,False,False,False
DEL009643,ORD009643,560001,False,79,False,False,True
DEL009644,ORD009644,560001,True,18,True,False,True
DEL009645,ORD009645,560001,True,5,True,False,True
DEL009646,ORD009646,700001,True,51,False,False,True
DEL009647,ORD009647,110002,True,71,False,False,False
DEL009648,ORD009648,110002,True,50,False,False,False
DEL009649,ORD009649,560001,False,34,False,False,True
DEL009650,ORD009650,600001,True,14,False,False,False
DEL009651,ORD009651,560001,True,32,False,False,True
DEL009652,ORD009652,500002,True,20,False,False,False
DEL009653,ORD009653,600001,True,86,False,False,False
DEL009654,ORD009654,226001,True,32,True,True,True
DEL009655,ORD009655,500001,True,40,True,False,False
DEL009656,ORD009656,600002,True,40,False,False,False
DEL009657,ORD009657,110002,False,21,True,False,False
DEL009658,ORD009658,600001,False,35,False,False,False
DEL009659,ORD009659,500002,True,12,False,False,False
DEL009660,ORD009660,600001,True,36,False,False,False
DEL009661,ORD009661,110001,True,13,False,False,False
DEL009662,ORD009662,700001,True,49,False,False,True
DEL009663,ORD009663,600002,True,51,False,False,False
DEL009664,ORD009664,226001,True,80,False,False,True
DEL009665,ORD009665,700001,True,26,False,False,True
DEL009666,ORD009666,500003,True,93,False,False,False
DEL009667,ORD009667,500003,False,12,False,True,False
DEL009668,ORD009668,600001,True,76,False,False,False
DEL009669,ORD009669,110002,True,47,False,False,False
DEL009670,ORD009670,110002,True,43,False,False,False
DEL009671,ORD009671,500002,True,60,False,False,False
DEL009672,ORD009672,600001,False,79,False,True,False
DEL009673,ORD009673,560001,False,34,False,False,True
DEL009674,ORD009674,600001,True,79,True,False,False
DEL009675,ORD009675,560001,True,31,False,False,True
DEL009676,ORD009676,110001,True,23,False,False,False
DEL009677,ORD009677,600002,True,28,False,False,False
DEL009678,ORD009678,700001,False,42,False,False,True
DEL009679,ORD009679,500002,True,63,True,False,False
DEL009680,ORD009680,560001,True,60,False,False,True
DEL009681,ORD009681,700001,True,54,False,True,True
DEL009682,ORD009682,560001,False,27,False,False,True
DEL009683,ORD009683,600002,True,48,False,False,False
DEL009684,ORD009684,560001,False,68,False,False,True
DEL009685,ORD009685,500002,True,43,False,True,False
DEL009686,ORD009686,700001,True,2,False,False,True
DEL009687,ORD009687,500002,True,78,False,True,False
DEL009688,ORD009688,500001,False,74,False,False,False
DEL009689,ORD009689,600002,True,20,False,False,False
DEL009690,ORD009690,110002,False,54,False,False,False
DEL009691,ORD009691,226001,False,87,False,False,True
DEL009692,ORD009692,600001,True,3,True,False,False
DEL009693,ORD009693,500003,False,20,False,False,False
DEL009694,ORD009694,600001,False,23,True,False,False
DEL009695,ORD009695,500002,True,59,False,False,False
DEL009696,ORD009696,500001,True,67,False,False,False
DEL009697,ORD009697,110001,False,2,True,False,False
DEL009698,ORD009698,500003,True,33,False,False,False
DEL009699,ORD009699,226001,True,49,False,False,True
DEL009700,ORD009700,110001,True,21,False,False,False
DEL009701,ORD009701,500001,True,62,False,False,False
DEL009702,ORD009702,110001,False,25,False,False,False
DEL009703,ORD009703,500002,True,58,False,False,False
DEL009704,ORD009704,110002,True,16,False,False,False
DEL009705,ORD009705,600002,True,29,False,False,False
DEL009706,ORD009706,110001,True,23,False,False,False
DEL009707,ORD009707,226001,True,87,False,False,True
DEL009708,ORD009708,500003,True,80,False,False,False
DEL009709,ORD009709,110002,True,77,True,False,False
DEL009710,ORD009710,226001,False,65,False,False,True
DEL009711,ORD009711,600002,False,15,True,False,False
DEL009712,ORD009712,110002,False,61,False,False,False
DEL009713,ORD009713,600001,True,34,False,False,False
DEL009714,ORD009714,500002,True,33,False,False,False
DEL009715,ORD009715,600001,False,90,False,False,False
DEL009716,ORD009716,226001,True,21,False,False,True
DEL009717,ORD009717,500002,True,16,False,False,False
DEL009718,ORD009718,600001,True,18,False,False,False
DEL009719,ORD009719,500001,True,11,False,False,False
DEL009720,ORD009720,110002,True,13,False,False,False
DEL009721,ORD009721,600001,True,12,True,False,False
DEL009722,ORD009722,110001,True,31,False,False,False
DEL009723,ORD009723,700001,True,15,False,False,True
DEL009724,ORD009724,600002,False,48,False,False,False
DEL009725,ORD009725,500002,True,51,True,False,False
DEL009726,ORD009726,500002,True,15,False,False,False
DEL009727,ORD009727,700001,True,6,False,False,True
DEL009728,ORD009728,600002,False,17,False,False,False
DEL009729,ORD009729,560001,True,28,False,False,True
DEL009730,ORD009730,600002,False,83,False,False,False
DEL009731,ORD009731,500002,True,60,False,False,False
DEL009732,ORD009732,600001,False,88,False,False,False
DEL009733,ORD009733,600001,True,75,False,False,False
DEL009734,ORD009734,110002,True,82,False,False,False
DEL009735,ORD009735,600002,True,94,False,False,False
DEL009736,ORD009736,700001,True,2,False,False,True
DEL009737,ORD009737,500001,False,16,False,False,False
DEL009738,ORD009738,110002,True,72,False,False,False
DEL009739,ORD009739,560001,True,17,False,False,True
DEL009740,ORD009740,560001,False,76,False,False,True
DEL009741,ORD009741,226001,True,79,False,False,True
DEL009742,ORD009742,110002,False,8,False,False,False
DEL009743,ORD009743,560001,True,17,False,False,True
DEL009744,ORD009744,500001,True,87,False,False,False
DEL009745,ORD009745,110002,True,79,False,False,False
DEL009746,ORD009746,110001,True,84,False,False,False
DEL009747,ORD009747,500002,True,74,False,False,False
DEL009748,ORD009748,600001,False,71,False,False,False
DEL009749,ORD009749,560001,True,4,False,False,True
DEL009750,ORD009750,500001,True,13,False,False,False
DEL009751,ORD009751,600002,True,88,False,False,False
DEL009752,ORD009752,600001,True,32,False,False,False
DEL009753,ORD009753,500003,False,66,False,False,False
DEL009754,ORD009754,500001,True,21,False,False,False
DEL009755,ORD009755,110001,False,8,True,False,False
DEL009756,ORD009756,500002,True,24,True,False,False
DEL009757,ORD009757,600002,True,38,False,False,False
DEL009758,ORD009758,700001,True,73,False,False,True
DEL009759,ORD009759,226001,True,80,False,False,True
DEL009760,ORD009760,500001,True,16,False,True,False
DEL009761,ORD009761,110002,True,68,False,False,False
DEL009762,ORD009762,500003,False,44,False,False,False
DEL009763,ORD009763,500001,False,82,False,False,False
DEL009764,ORD009764,110002,True,93,False,False,False
DEL009765,ORD009765,226001,True,47,False,False,True
DEL009766,ORD009766,110002,True,58,False,False,False
DEL009767,ORD009767,110001,True,57,False,False,False
DEL009768,ORD009768,700001,True,89,False,False,True
DEL009769,ORD009769,500002,True,72,False,False,False
DEL009770,ORD009770,110001,True,95,False,False,False
DEL009771,ORD009771,500002,True,64,False,False,False
DEL009772,ORD009772,500002,True,92,False,False,False
DEL009773,ORD009773,110002,True,4,False,False,False
DEL009774,ORD009774,600001,True,62,False,False,False
DEL009775,ORD009775,560001,True,62,False,False,True
DEL009776,ORD009776,600002,True,42,False,False,False
DEL009777,ORD009777,110002,True,68,False,False,False
DEL009778,ORD009778,500002,True,64,True,False,False
DEL009779,ORD009779,226001,False,13,False,False,True
DEL009780,ORD009780,500002,True,41,False,False,False
DEL009781,ORD009781,500003,True,29,False,False,False
DEL009782,ORD009782,600002,True,58,False,False,False
DEL009783,ORD009783,560001,True,43,False,False,True
DEL009784,ORD009784,700001,True,66,False,False,True
DEL009785,ORD009785,560001,False,67,True,False,True
DEL009786,ORD009786,500002,True,83,False,False,False
DEL009787,ORD009787,600002,True,77,False,False,False
DEL009788,ORD009788,500003,True,48,False,False,False
DEL009789,ORD009789,600001,True,14,False,False,False
DEL009790,ORD009790,500003,False,34,False,False,False
DEL009791,ORD009791,500003,False,61,False,False,False
DEL009792,ORD009792,500002,False,69,False,False,False
DEL009793,ORD009793,500003,True,79,False,False,False
DEL009794,ORD009794,226001,False,78,False,False,True
DEL009795,ORD009795,560001,True,57,False,False,True
DEL009796,ORD009796,560001,True,45,False,False,True
DEL009797,ORD009797,226001,True,4,False,False,True
DEL009798,ORD009798,600002,True,35,False,False,False
DEL009799,ORD009799,700001,True,48,False,False,True
DEL009800,ORD009800,500001,True,61,False,False,False
DEL009801,ORD009801,500001,False,72,False,True,False
DEL009802,ORD009802,110002,True,9,False,False,False
DEL009803,ORD009803,500003,True,51,False,False,False
DEL009804,ORD009804,110002,True,37,False,False,False
DEL009805,ORD009805,600002,True,26,False,False,False
DEL009806,ORD009806,500001,True,57,False,False,False
DEL009807,ORD009807,600002,True,7,False,True,False
DEL009808,ORD009808,500001,True,35,False,False,False
DEL009809,ORD009809,500001,False,21,False,False,False
DEL009810,ORD009810,110001,False,77,False,False,False
DEL009811,ORD009811,500001,True,35,False,False,False
DEL009812,ORD009812,226001,True,33,False,False,True
DEL009813,ORD009813,110001,True,18,False,False,False
DEL009814,ORD009814,500003,True,80,False,False,False
DEL009815,ORD009815,110002,True,79,False,False,False
DEL009816,ORD009816,500002,True,57,False,False,False
DEL009817,ORD009817,110002,True,8,False,False,False
DEL009818,ORD009818,600002,True,28,True,True,False
DEL009819,ORD009819,500001,True,81,False,False,False
DEL009820,ORD009820,110002,True,28,False,False,False
DEL009821,ORD009821,226001,True,51,False,False,True
DEL009822,ORD009822,110002,True,16,False,False,False
DEL009823,ORD009823,226001,True,83,False,False,True
DEL009824,ORD009824,600001,True,81,True,True,False
DEL009825,ORD009825,700001,True,62,False,False,True
DEL009826,ORD009826,110002,True,74,False,True,False
DEL009827,ORD009827,560001,True,45,False,False,True
DEL009828,ORD009828,110001,True,62,False,False,False
DEL009829,ORD009829,600002,False,19,False,False,False
DEL009830,ORD009830,226001,True,65,False,True,True
DEL009831,ORD009831,500002,False,57,False,False,False
DEL009832,ORD009832,500001,False,44,False,False,False
DEL009833,ORD009833,110002,False,14,True,False,False
DEL009834,ORD009834,500003,False,69,False,False,False
DEL009835,ORD009835,500003,True,76,False,False,False
DEL009836,ORD009836,110001,False,23,True,False,False
DEL009837,ORD009837,700001,True,52,True,False,True
DEL009838,ORD009838,600001,True,64,False,False,False
DEL009839,ORD009839,110001,True,36,False,False,False
DEL009840,ORD009840,700001,True,72,False,False,True
DEL009841,ORD009841,600002,True,23,True,False,False
DEL009842,ORD009842,110001,True,41,False,False,False
DEL009843,ORD009843,110001,True,52,True,False,False
DEL009844,ORD009844,110002,True,15,False,False,False
DEL009845,ORD009845,600002,False,58,False,False,False
DEL009846,ORD009846,600001,True,93,False,False,False
DEL009847,ORD009847,560001,True,85,False,False,True
DEL009848,ORD009848,560001,False,89,False,True,True
DEL009849,ORD009849,600001,True,37,True,False,False
DEL009850,ORD009850,226001,True,8,False,False,True
DEL009851,ORD009851,226001,True,38,False,False,True
DEL009852,ORD009852,600002,True,88,False,False,False
DEL009853,ORD009853,600001,True,95,False,False,False
DEL009854,ORD009854,500001,False,22,True,False,False
DEL009855,ORD009855,500002,True,28,False,False,False
DEL009856,ORD009856,700001,True,27,False,False,True
DEL009857,ORD009857,226001,True,35,True,True,True
DEL009858,ORD009858,500001,True,59,False,False,False
DEL009859,ORD009859,110001,True,46,False,True,False
DEL009860,ORD009860,500002,True,3,False,False,False
DEL009861,ORD009861,500003,True,44,True,False,False
DEL009862,ORD009862,226001,True,10,False,False,True
DEL009863,ORD009863,110002,True,40,False,False,False
DEL009864,ORD009864,226001,True,85,False,False,True
DEL009865,ORD009865,560001,True,55,False,False,True
DEL009866,ORD009866,560001,True,92,False,False,True
DEL009867,ORD009867,560001,True,6,True,False,True
DEL009868,ORD009868,600001,True,29,False,False,False
DEL009869,ORD009869,110002,True,5,False,False,False
DEL009870,ORD009870,560001,True,26,False,False,True
DEL009871,ORD009871,500003,True,38,False,False,False
DEL009872,ORD009872,600002,False,63,True,False,False
DEL009873,ORD009873,500001,True,27,False,False,False
DEL009874,ORD009874,600002,True,81,False,False,False
DEL009875,ORD009875,110002,True,91,False,False,False
DEL009876,ORD009876,226001,False,41,False,False,True
DEL009877,ORD009877,110002,True,91,True,False,False
DEL009878,ORD009878,110001,True,82,False,False,False
DEL009879,ORD009879,226001,False,8,False,False,True
DEL009880,ORD009880,500002,True,22,False,False,False
DEL009881,ORD009881,560001,False,45,False,False,True
DEL009882,ORD009882,600002,True,23,False,False,False
DEL009883,ORD009883,500003,True,35,False,False,False
DEL009884,ORD009884,700001,True,78,False,False,True
DEL009885,ORD009885,560001,True,80,False,False,True
DEL009886,ORD009886,110002,False,89,False,False,False
DEL009887,ORD009887,600002,False,86,False,False,False
DEL009888,ORD009888,110002,True,33,False,False,False
DEL009889,ORD009889,560001,True,61,False,False,True
DEL009890,ORD009890,226001,True,17,False,False,True
DEL009891,ORD009891,560001,True,64,False,False,True
DEL009892,ORD009892,560001,True,15,False,True,True
DEL009893,ORD009893,700001,True,63,False,False,True
DEL009894,ORD009894,110001,True,62,True,False,False
DEL009895,ORD009895,110002,False,59,False,False,False
DEL009896,ORD009896,226001,True,29,False,False,True
DEL009897,ORD009897,700001,False,90,False,False,True
DEL009898,ORD009898,226001,True,23,False,False,True
DEL009899,ORD009899,500003,False,44,False,False,False
DEL009900,ORD009900,110001,True,82,False,False,False
DEL009901,ORD009901,226001,True,54,False,False,True
DEL009902,ORD009902,600001,True,57,False,False,False
DEL009903,ORD009903,500002,True,5,False,False,False
DEL009904,ORD009904,600002,True,51,False,False,False
DEL009905,ORD009905,600001,True,84,False,False,False
DEL009906,ORD009906,600001,True,80,False,False,False
DEL009907,ORD009907,560001,False,68,False,False,True
DEL009908,ORD009908,500003,True,37,False,False,False
DEL009909,ORD009909,110002,True,88,False,True,False
DEL009910,ORD009910,226001,False,52,True,False,True
DEL009911,ORD009911,226001,False,14,True,False,True
DEL009912,ORD009912,600002,True,72,False,False,False
DEL009913,ORD009913,600001,True,68,False,False,False
DEL009914,ORD009914,500003,True,49,False,False,False
DEL009915,ORD009915,226001,True,35,False,False,True
DEL009916,ORD009916,500003,True,40,False,True,False
DEL009917,ORD009917,110002,True,21,False,True,False
DEL009918,ORD009918,600002,True,8,False,True,False
DEL009919,ORD009919,600002,False,77,False,False,False
DEL009920,ORD009920,110002,False,44,False,False,False
DEL009921,ORD009921,560001,True,86,False,False,True
DEL009922,ORD009922,110001,True,88,False,True,False
DEL009923,ORD009923,226001,True,19,False,False,True
DEL009924,ORD009924,560001,True,33,True,False,True
DEL009925,ORD009925,500003,True,10,False,False,False
DEL009926,ORD009926,110002,False,12,False,False,False
DEL009927,ORD009927,500002,False,47,True,False,False
DEL009928,ORD009928,226001,False,18,False,False,True
DEL009929,ORD009929,110002,True,48,False,False,False
DEL009930,ORD009930,560001,False,18,True,False,True
DEL009931,ORD009931,500003,False,25,False,False,False
DEL009932,ORD009932,600002,True,89,False,True,False
DEL009933,ORD009933,600001,True,27,False,False,False
DEL009934,ORD009934,500002,True,70,False,True,False
DEL009935,ORD009935,500002,False,85,False,False,False
DEL009936,ORD009936,600002,True,46,False,False,False
DEL009937,ORD009937,226001,True,32,False,False,True
DEL009938,ORD009938,600002,True,30,True,False,False
DEL009939,ORD009939,500002,False,84,False,False,False
DEL009940,ORD009940,560001,True,53,False,False,True
DEL009941,ORD009941,500001,True,42,False,False,False
DEL009942,ORD009942,500003,False,67,False,False,False
DEL009943,ORD009943,500002,True,69,False,False,False
DEL009944,ORD009944,226001,True,32,False,False,True
DEL009945,ORD009945,110001,True,15,False,True,False
DEL009946,ORD009946,110002,False,87,False,False,False
DEL009947,ORD009947,110001,True,89,False,False,False
DEL009948,ORD009948,600001,True,18,False,False,False
DEL009949,ORD009949,500002,False,79,False,False,False
DEL009950,ORD009950,226001,True,88,True,False,True
DEL009951,ORD009951,600001,True,88,False,False,False
DEL009952,ORD009952,700001,True,45,False,True,True
DEL009953,ORD009953,500002,True,24,True,False,False
DEL009954,ORD009954,110002,True,41,False,False,False
DEL009955,ORD009955,600001,True,33,False,False,False
DEL009956,ORD009956,500003,False,26,False,False,False
DEL009957,ORD009957,700001,True,12,False,False,True
DEL009958,ORD009958,500003,True,55,False,True,False
DEL009959,ORD009959,600002,True,92,False,False,False
DEL009960,ORD009960,700001,True,91,False,False,True
DEL009961,ORD009961,500003,True,82,False,False,False
DEL009962,ORD009962,226001,True,71,False,False,True
DEL009963,ORD009963,700001,True,73,False,False,True
DEL009964,ORD009964,110001,True,24,True,False,False
DEL009965,ORD009965,110002,False,95,False,False,False
DEL009966,ORD009966,560001,True,11,False,False,True
DEL009967,ORD009967,600002,True,72,True,False,False
DEL009968,ORD009968,500002,True,69,False,False,False
DEL009969,ORD009969,110002,True,16,False,False,False
DEL009970,ORD009970,110002,True,1,True,False,False
DEL009971,ORD009971,500002,True,27,False,False,False
DEL009972,ORD009972,110002,True,80,False,False,False
DEL009973,ORD009973,500003,True,24,True,False,False
DEL009974,ORD009974,226001,True,80,False,False,True
DEL009975,ORD009975,226001,True,69,False,False,True
DEL009976,ORD009976,110001,True,49,True,True,False
DEL009977,ORD009977,700001,True,42,False,False,True
DEL009978,ORD009978,600001,False,75,False,False,False
DEL009979,ORD009979,500001,True,73,False,False,False
DEL009980,ORD009980,226001,True,50,False,False,True
DEL009981,ORD009981,600001,True,82,False,False,False
DEL009982,ORD009982,500003,True,1,False,False,False
DEL009983,ORD009983,600002,True,68,False,False,False
DEL009984,ORD009984,110002,True,30,False,True,False
DEL009985,ORD009985,560001,True,14,False,False,True
DEL009986,ORD009986,500003,False,22,False,False,False
DEL009987,ORD009987,600002,True,66,False,False,False
DEL009988,ORD009988,560001,True,68,False,False,True
DEL009989,ORD009989,110002,True,6,False,False,False
DEL009990,ORD009990,600002,True,90,False,False,False
DEL009991,ORD009991,560001,True,13,False,False,True
DEL009992,ORD009992,110001,True,12,False,False,False
DEL009993,ORD009993,110002,True,69,False,False,False
DEL009994,ORD009994,500003,True,51,False,False,False
DEL009995,ORD009995,500002,True,53,False,False,False
DEL009996,ORD009996,500002,True,39,False,False,False
DEL009997,ORD009997,226001,True,1,True,True,True
DEL009998,ORD009998,500002,True,28,False,False,False
DEL009999,ORD009999,500002,True,86,False,False,False
