order_id,customer_id,product_id,order_date,quantity,base_price,hidden_fee,discount_applied,delivery_type,cart_abandoned,order_hour,final_price
ORD000000,C01394,P0127,2024-11-23,2,233.33,0,0,standard,True,17,233.33
ORD000001,C02352,P0349,2024-02-27,2,119.47,0,0,standard,False,19,119.47
ORD000002,C03219,P0131,2024-01-13,7,808.82,149,200,standard,False,19,757.82
ORD000003,C01308,P0033,2024-05-20,9,318.33,149,50,standard,False,20,417.33
ORD000004,C03944,P0086,2024-05-05,3,535.39,99,0,quick,False,14,634.39
ORD000005,C01941,P0031,2024-04-24,7,440.84,99,0,standard,False,22,539.8399999999999
ORD000006,C00490,P0258,2024-03-12,3,233.56,0,0,standard,False,11,233.56
ORD000007,C01054,P0475,2024-02-22,6,596.02,49,100,quick,True,20,545.02
ORD000008,C00701,P0323,2024-12-12,3,529.8,149,200,quick,True,12,478.79999999999995
ORD000009,C02934,P0312,2024-10-06,1,783.99,49,50,quick,True,6,782.99
ORD000010,C04695,P0369,2024-02-14,6,302.14,0,0,standard,False,9,302.14
ORD000011,C01134,P0459,2024-10-29,3,268.13,49,100,standard,False,2,217.13
ORD000012,C00079,P0407,2024-08-04,1,1277.71,99,0,standard,False,1,1376.71
ORD000013,C00835,P0032,2024-01-17,5,946.91,0,0,quick,False,17,946.91
ORD000014,C00651,P0386,2024-01-16,8,1134.52,149,0,express,True,10,1283.52
ORD000015,C00416,P0387,2024-02-17,8,191.11,0,100,quick,True,12,91.11000000000001
ORD000016,C03680,P0285,2024-04-21,8,276.56,0,0,standard,True,23,276.56
ORD000017,C03866,P0325,2024-04-29,3,698.84,0,0,express,False,23,698.84
ORD000018,C00745,P0048,2024-09-15,8,1461.42,49,0,quick,False,23,1510.42
ORD000019,C02002,P0285,2024-11-04,4,1657.68,0,200,quick,True,4,1457.68
ORD000020,C00239,P0455,2024-01-14,8,1347.28,49,100,express,False,16,1296.28
ORD000021,C02893,P0081,2024-10-14,3,130.06,49,100,express,True,17,79.06
ORD000022,C01944,P0143,2024-04-11,3,1302.79,149,200,standard,False,9,1251.79
ORD000023,C00855,P0436,2024-11-28,1,1704.48,99,100,quick,True,6,1703.48
ORD000024,C03515,P0389,2024-12-25,8,139.9,149,100,standard,False,2,188.89999999999998
ORD000025,C02646,P0279,2024-10-06,8,475.83,99,0,standard,False,16,574.8299999999999
ORD000026,C03194,P0370,2024-08-02,9,637.43,149,50,standard,False,17,736.43
ORD000027,C04515,P0091,2024-04-22,6,284.46,149,0,standard,True,9,433.46
ORD000028,C04804,P0223,2024-08-17,2,607.96,49,200,quick,False,16,456.96000000000004
ORD000029,C02598,P0216,2024-10-28,1,1618.82,149,200,standard,False,10,1567.82
ORD000030,C01353,P0155,2024-05-22,8,1510.88,0,50,standard,True,20,1460.88
ORD000031,C02035,P0276,2024-01-04,4,2066.49,0,0,standard,False,5,2066.49
ORD000032,C02880,P0007,2024-03-22,7,562.3,0,0,standard,False,0,562.3
ORD000033,C00679,P0035,2024-12-23,4,469.02,149,0,quick,True,0,618.02
ORD000034,C00486,P0123,2024-08-04,1,866.19,49,0,express,False,17,915.19
ORD000035,C03620,P0008,2024-06-23,8,476.41,0,0,quick,True,18,476.41
ORD000036,C03650,P0039,2024-05-22,9,128.99,0,0,quick,True,8,128.99
ORD000037,C04718,P0468,2024-03-20,9,989.88,99,0,quick,False,7,1088.88
ORD000038,C01438,P0178,2024-04-20,9,329.91,0,0,quick,False,9,329.91
ORD000039,C04314,P0128,2024-06-21,4,134.23,0,200,standard,False,23,-65.77000000000001
ORD000040,C01484,P0446,2024-02-22,9,113.59,49,0,standard,False,13,162.59
ORD000041,C00690,P0372,2024-02-17,4,1974.23,0,0,standard,False,16,1974.23
ORD000042,C01012,P0067,2024-07-13,2,302.32,49,50,standard,False,3,301.32
ORD000043,C04542,P0457,2024-02-19,3,514.82,0,200,quick,False,23,314.82000000000005
ORD000044,C02347,P0153,2024-07-02,2,2204.13,0,100,express,True,1,2104.13
ORD000045,C03708,P0423,2024-06-25,1,540.14,0,50,standard,False,11,490.14
ORD000046,C04470,P0002,2024-11-05,6,156.31,0,50,standard,True,8,106.31
ORD000047,C01922,P0363,2024-05-15,4,660.97,0,100,standard,False,20,560.97
ORD000048,C00637,P0377,2024-01-23,7,163.63,0,200,express,False,16,-36.370000000000005
ORD000049,C03008,P0264,2024-08-23,7,168.94,99,100,express,True,11,167.94
ORD000050,C02233,P0415,2024-10-01,1,1433.91,0,200,quick,False,3,1233.91
ORD000051,C02125,P0450,2024-03-04,9,338.17,149,200,quick,False,1,287.17
ORD000052,C03457,P0003,2024-07-12,8,893.7,0,200,standard,False,20,693.7
ORD000053,C04289,P0261,2024-02-10,1,596.81,49,50,standard,False,3,595.81
ORD000054,C03174,P0328,2024-10-09,8,275.01,0,200,standard,False,14,75.00999999999999
ORD000055,C03688,P0281,2024-05-30,5,609.61,0,100,express,False,9,509.61
ORD000056,C01399,P0385,2024-11-17,1,149.04,0,50,quick,False,18,99.03999999999999
ORD000057,C02334,P0449,2024-11-12,4,397.55,149,200,standard,False,23,346.54999999999995
ORD000058,C01505,P0369,2024-07-04,7,616.93,149,0,standard,False,0,765.93
ORD000059,C00249,P0084,2024-10-22,5,280.5,0,0,standard,True,14,280.5
ORD000060,C00535,P0341,2024-04-08,3,854.55,149,200,standard,False,10,803.55
ORD000061,C03532,P0386,2024-12-26,4,136.24,0,0,quick,False,7,136.24
ORD000062,C03549,P0034,2024-02-05,2,563.25,0,0,express,False,23,563.25
ORD000063,C00457,P0113,2024-01-24,8,977.68,0,50,express,False,18,927.68
ORD000064,C02738,P0058,2024-12-04,2,492.42,0,0,standard,True,18,492.42
ORD000065,C03369,P0037,2024-04-26,6,1552.3,0,50,quick,False,22,1502.3
ORD000066,C04135,P0032,2024-05-28,7,799.14,0,100,standard,False,20,699.14
ORD000067,C03696,P0376,2024-02-10,7,2326.32,49,0,standard,False,21,2375.32
ORD000068,C03411,P0398,2024-04-29,1,332.97,0,0,quick,False,17,332.97
ORD000069,C04069,P0202,2024-02-21,8,2054.4,99,0,quick,False,19,2153.4
ORD000070,C03387,P0201,2024-07-13,9,752.45,99,200,standard,False,7,651.45
ORD000071,C03185,P0099,2024-05-22,7,1056.04,0,50,express,True,11,1006.04
ORD000072,C03238,P0397,2024-08-20,8,1726.1,0,200,quick,False,9,1526.1
ORD000073,C00260,P0449,2024-11-21,4,659.82,0,0,quick,True,9,659.82
ORD000074,C01247,P0300,2024-07-05,8,1486.27,0,100,standard,False,21,1386.27
ORD000075,C03333,P0303,2024-03-24,3,645.16,0,0,standard,False,22,645.16
ORD000076,C03322,P0427,2024-07-08,1,739.0,149,200,standard,False,18,688.0
ORD000077,C02573,P0117,2024-06-30,8,511.28,49,0,quick,False,21,560.28
ORD000078,C00125,P0420,2024-04-17,6,209.18,49,0,quick,False,4,258.18
ORD000079,C01229,P0242,2024-12-09,9,663.43,99,0,standard,False,22,762.43
ORD000080,C03211,P0028,2024-05-16,3,2753.36,149,200,quick,False,12,2702.36
ORD000081,C03133,P0226,2024-12-25,8,1182.14,49,0,standard,False,16,1231.14
ORD000082,C01306,P0339,2024-12-15,9,1062.44,0,50,quick,True,23,1012.44
ORD000083,C02101,P0212,2024-11-27,9,820.62,0,50,quick,True,7,770.62
ORD000084,C00135,P0417,2024-02-06,7,398.3,0,200,standard,True,3,198.3
ORD000085,C02377,P0186,2024-11-07,3,229.11,0,0,express,False,10,229.11
ORD000086,C01459,P0112,2024-11-21,3,277.02,0,50,quick,True,16,227.01999999999998
ORD000087,C04231,P0372,2024-03-28,2,103.44,49,0,express,False,18,152.44
ORD000088,C00812,P0298,2024-09-30,1,882.49,0,0,quick,False,6,882.49
ORD000089,C00851,P0160,2024-05-05,2,1268.46,0,0,standard,False,11,1268.46
ORD000090,C01744,P0018,2024-03-24,5,318.25,149,0,standard,True,14,467.25
ORD000091,C01938,P0263,2024-08-24,1,166.44,49,200,standard,False,3,15.439999999999998
ORD000092,C00870,P0158,2024-07-13,4,385.34,99,0,express,False,4,484.34
ORD000093,C00634,P0010,2024-05-18,1,340.77,149,50,standard,True,22,439.77
ORD000094,C00668,P0007,2024-11-23,8,518.6,99,50,standard,True,13,567.6
ORD000095,C01293,P0152,2024-12-18,5,313.66,99,0,standard,True,13,412.66
ORD000096,C03088,P0112,2024-10-12,4,389.58,149,100,express,True,2,438.5799999999999
ORD000097,C00268,P0147,2024-04-22,3,1765.8,0,100,quick,False,2,1665.8
ORD000098,C00860,P0037,2024-12-16,9,384.4,0,50,quick,False,1,334.4
ORD000099,C00481,P0134,2024-06-15,6,1176.67,0,0,standard,False,13,1176.67
ORD000100,C03290,P0372,2024-01-29,1,787.14,0,0,quick,False,4,787.14
ORD000101,C03390,P0460,2024-04-27,8,387.25,99,0,express,True,15,486.25
ORD000102,C01261,P0422,2024-01-17,2,1290.81,0,200,standard,False,6,1090.81
ORD000103,C02332,P0234,2024-06-10,9,731.84,49,100,express,True,14,680.84
ORD000104,C00102,P0254,2024-07-24,7,105.06,0,0,standard,False,2,105.06
ORD000105,C03794,P0073,2024-05-17,3,148.84,49,50,standard,False,11,147.84
ORD000106,C04887,P0327,2024-02-03,4,1076.84,149,100,quick,False,21,1125.84
ORD000107,C04334,P0361,2024-04-18,3,513.08,0,200,quick,True,16,313.08000000000004
ORD000108,C02692,P0373,2024-10-17,6,463.03,99,0,standard,False,12,562.03
ORD000109,C03671,P0490,2024-06-10,9,209.34,49,100,quick,True,18,158.34000000000003
ORD000110,C00881,P0275,2024-04-18,9,218.82,149,0,quick,False,17,367.82
ORD000111,C02235,P0208,2024-12-01,1,1217.78,99,200,quick,True,16,1116.78
ORD000112,C04983,P0266,2024-09-12,6,1335.33,49,0,standard,True,12,1384.33
ORD000113,C03034,P0143,2024-07-21,1,673.69,0,100,quick,True,8,573.69
ORD000114,C04889,P0484,2024-11-25,4,343.82,0,200,express,False,18,143.82
ORD000115,C02577,P0041,2024-08-22,7,1988.03,0,0,quick,True,15,1988.03
ORD000116,C00675,P0223,2024-03-14,4,783.65,99,0,standard,True,20,882.65
ORD000117,C02439,P0345,2024-05-15,9,1213.95,0,200,quick,False,13,1013.95
ORD000118,C01681,P0051,2024-03-12,5,101.3,49,50,express,True,14,100.30000000000001
ORD000119,C01276,P0420,2024-05-06,9,517.89,149,200,standard,True,22,466.89
ORD000120,C04767,P0307,2024-10-14,1,1532.28,149,0,quick,True,15,1681.28
ORD000121,C03247,P0136,2024-10-02,4,387.99,0,50,standard,True,23,337.99
ORD000122,C04934,P0418,2024-05-14,7,1006.65,0,0,standard,True,13,1006.65
ORD000123,C03648,P0194,2024-10-26,2,849.4,99,100,standard,False,5,848.4
ORD000124,C01312,P0094,2024-08-07,9,214.59,99,0,standard,False,4,313.59000000000003
ORD000125,C01073,P0489,2024-10-25,3,1142.86,0,100,standard,False,16,1042.86
ORD000126,C04099,P0390,2024-07-23,4,182.56,0,100,quick,False,4,82.56
ORD000127,C01654,P0257,2024-07-04,4,1010.15,49,200,standard,False,15,859.1500000000001
ORD000128,C03747,P0024,2024-04-22,8,3393.91,0,200,standard,False,22,3193.91
ORD000129,C04088,P0231,2024-03-11,2,2317.75,0,0,express,False,14,2317.75
ORD000130,C01893,P0331,2024-09-17,5,1226.45,99,200,standard,False,4,1125.45
ORD000131,C01285,P0093,2024-09-09,2,634.28,49,0,quick,True,22,683.28
ORD000132,C00534,P0349,2024-02-16,6,885.37,99,200,quick,True,16,784.37
ORD000133,C03447,P0220,2024-01-25,9,1010.65,0,200,standard,True,16,810.65
ORD000134,C01379,P0296,2024-02-26,9,104.91,149,100,standard,False,3,153.91
ORD000135,C00645,P0202,2024-03-19,1,174.6,0,50,standard,False,22,124.6
ORD000136,C00023,P0498,2024-11-17,4,735.28,0,200,express,True,6,535.28
ORD000137,C04652,P0435,2024-03-22,4,103.59,0,200,standard,False,14,-96.41
ORD000138,C04451,P0342,2024-12-14,1,1776.1,0,0,quick,False,15,1776.1
ORD000139,C04965,P0080,2024-08-04,2,569.88,0,100,standard,False,1,469.88
ORD000140,C04670,P0204,2024-11-01,6,307.66,49,100,standard,False,23,256.66
ORD000141,C04124,P0480,2024-02-02,3,449.41,99,50,quick,True,5,498.4100000000001
ORD000142,C00364,P0448,2024-07-16,9,1430.62,49,50,standard,False,17,1429.62
ORD000143,C02655,P0379,2024-07-14,3,1932.96,149,50,standard,True,11,2031.96
ORD000144,C00408,P0487,2024-11-01,3,185.49,49,200,standard,True,3,34.49000000000001
ORD000145,C01314,P0076,2024-08-27,9,1152.43,49,0,standard,False,19,1201.43
ORD000146,C00218,P0037,2024-09-27,3,703.3,99,0,standard,True,13,802.3
ORD000147,C04703,P0194,2024-05-08,6,715.48,99,0,express,True,3,814.48
ORD000148,C01539,P0463,2024-10-10,6,1157.15,0,100,quick,False,3,1057.15
ORD000149,C03433,P0041,2024-01-06,1,275.48,149,50,standard,False,11,374.48
ORD000150,C04953,P0454,2024-12-14,7,629.07,0,0,standard,False,18,629.07
ORD000151,C01602,P0181,2024-02-28,9,368.3,99,100,quick,False,9,367.3
ORD000152,C02704,P0244,2024-12-15,9,168.5,99,50,express,False,1,217.5
ORD000153,C03648,P0194,2024-10-01,9,176.71,149,0,standard,True,16,325.71000000000004
ORD000154,C01105,P0077,2024-05-16,2,201.71,0,0,standard,False,4,201.71
ORD000155,C03411,P0319,2024-11-24,1,766.98,99,100,quick,True,3,765.98
ORD000156,C02488,P0463,2024-06-23,6,177.3,49,200,standard,False,11,26.30000000000001
ORD000157,C00616,P0387,2024-02-27,6,689.95,149,0,standard,False,9,838.95
ORD000158,C04321,P0414,2024-05-30,4,720.22,99,0,standard,True,11,819.22
ORD000159,C02418,P0124,2024-08-10,8,1738.63,0,0,express,True,9,1738.63
ORD000160,C00027,P0140,2024-03-21,5,788.15,99,0,standard,False,9,887.15
ORD000161,C03055,P0026,2024-08-20,7,3066.78,0,100,standard,True,15,2966.78
ORD000162,C00015,P0314,2024-01-02,9,121.04,49,200,quick,False,0,-29.95999999999998
ORD000163,C03348,P0320,2024-05-14,1,951.52,0,50,standard,True,4,901.52
ORD000164,C00332,P0447,2024-09-13,9,117.79,149,0,express,False,4,266.79
ORD000165,C04578,P0280,2024-04-01,4,1013.92,99,0,express,False,18,1112.92
ORD000166,C04661,P0292,2024-09-16,7,440.26,99,100,quick,False,13,439.26
ORD000167,C02161,P0241,2024-02-24,4,760.48,0,50,quick,False,1,710.48
ORD000168,C02085,P0235,2024-11-16,4,358.28,49,50,quick,False,9,357.28
ORD000169,C04549,P0202,2024-06-01,4,220.3,99,50,standard,False,9,269.3
ORD000170,C03953,P0456,2024-11-23,6,998.91,0,100,quick,True,6,898.91
ORD000171,C02789,P0379,2024-09-16,5,1743.92,0,0,standard,False,5,1743.92
ORD000172,C04261,P0326,2024-11-07,2,240.98,0,0,express,False,23,240.98
ORD000173,C02252,P0141,2024-04-11,9,1873.19,49,0,quick,False,15,1922.19
ORD000174,C04973,P0093,2024-03-19,6,204.72,0,0,quick,False,0,204.72
ORD000175,C00244,P0151,2024-07-10,6,1030.37,149,0,express,False,3,1179.37
ORD000176,C01894,P0252,2024-03-23,9,2342.57,0,100,express,False,17,2242.57
ORD000177,C01356,P0066,2024-10-03,1,210.6,0,50,quick,False,11,160.6
ORD000178,C00942,P0175,2024-09-28,7,498.76,0,100,quick,False,2,398.76
ORD000179,C03467,P0102,2024-01-01,3,387.17,0,0,standard,True,1,387.17
ORD000180,C03192,P0090,2024-11-02,4,443.26,149,0,quick,True,13,592.26
ORD000181,C01745,P0192,2024-06-14,1,1078.25,49,0,standard,False,15,1127.25
ORD000182,C04505,P0165,2024-09-07,3,856.62,0,100,express,False,18,756.62
ORD000183,C02357,P0089,2024-01-10,7,2523.6,49,0,quick,False,9,2572.6
ORD000184,C03879,P0325,2024-02-27,6,242.61,0,50,standard,False,18,192.61
ORD000185,C03777,P0314,2024-07-04,1,647.55,0,100,standard,False,14,547.55
ORD000186,C02115,P0489,2024-06-06,9,516.37,0,200,quick,True,10,316.37
ORD000187,C02267,P0267,2024-05-02,4,1857.07,0,0,standard,False,12,1857.07
ORD000188,C02267,P0437,2024-01-30,7,106.47,0,50,standard,True,15,56.47
ORD000189,C01496,P0050,2024-05-03,4,3266.83,149,50,standard,False,23,3365.83
ORD000190,C02796,P0165,2024-10-17,7,556.39,149,0,quick,True,19,705.39
ORD000191,C04481,P0173,2024-02-10,5,786.59,99,100,standard,True,4,785.59
ORD000192,C00929,P0226,2024-02-13,1,411.46,0,0,standard,False,4,411.46
ORD000193,C03324,P0265,2024-09-05,4,1438.88,149,200,standard,True,16,1387.88
ORD000194,C04500,P0008,2024-02-05,3,676.86,149,0,standard,False,20,825.86
ORD000195,C04587,P0086,2024-09-29,6,859.98,0,100,quick,False,14,759.98
ORD000196,C00356,P0093,2024-03-05,6,831.69,99,50,standard,True,14,880.69
ORD000197,C04310,P0051,2024-03-06,1,415.77,0,200,standard,False,21,215.76999999999998
ORD000198,C04064,P0178,2024-12-03,2,154.32,49,0,quick,False,14,203.32
ORD000199,C03841,P0277,2024-08-31,2,1253.11,49,100,standard,False,4,1202.11
ORD000200,C03930,P0238,2024-10-08,4,338.46,0,0,express,True,23,338.46
ORD000201,C04847,P0072,2024-03-25,9,1422.01,49,100,quick,True,10,1371.01
ORD000202,C00826,P0338,2024-05-15,2,755.69,0,0,standard,False,2,755.69
ORD000203,C00665,P0071,2024-09-27,8,404.55,0,0,standard,True,19,404.55
ORD000204,C02028,P0373,2024-11-06,1,730.41,0,200,standard,True,21,530.41
ORD000205,C03691,P0067,2024-08-04,8,824.92,99,0,quick,False,19,923.92
ORD000206,C02582,P0004,2024-04-18,3,957.55,149,0,standard,False,13,1106.55
ORD000207,C00553,P0338,2024-10-03,5,1308.51,0,0,standard,False,12,1308.51
ORD000208,C00327,P0237,2024-12-19,1,220.84,149,0,quick,False,7,369.84000000000003
ORD000209,C01188,P0465,2024-04-12,1,2118.49,49,100,standard,True,12,2067.49
ORD000210,C00149,P0120,2024-12-31,6,469.34,0,50,quick,True,10,419.34
ORD000211,C04752,P0412,2024-06-08,3,1477.53,0,0,quick,False,17,1477.53
ORD000212,C02853,P0210,2024-07-23,8,273.35,99,0,standard,False,1,372.35
ORD000213,C01936,P0261,2024-12-09,4,119.62,0,0,standard,False,21,119.62
ORD000214,C04388,P0324,2024-11-28,6,695.24,99,100,quick,False,14,694.24
ORD000215,C02736,P0057,2024-07-10,9,373.78,99,100,standard,False,23,372.78
ORD000216,C00956,P0042,2024-08-12,8,3014.13,99,100,quick,False,8,3013.13
ORD000217,C03248,P0196,2024-09-21,4,176.22,0,100,standard,False,20,76.22
ORD000218,C00415,P0071,2024-08-19,8,132.92,99,0,quick,False,2,231.92
ORD000219,C03454,P0090,2024-03-02,7,131.24,0,0,express,False,5,131.24
ORD000220,C02645,P0036,2024-05-06,5,270.12,0,0,express,False,22,270.12
ORD000221,C03774,P0490,2024-04-25,7,704.9,0,200,standard,False,0,504.9
ORD000222,C00084,P0313,2024-02-02,7,592.04,0,50,quick,False,18,542.04
ORD000223,C01935,P0236,2024-06-22,2,400.63,0,0,express,True,20,400.63
ORD000224,C01416,P0485,2024-01-11,7,164.09,0,50,standard,False,22,114.09
ORD000225,C01070,P0382,2024-10-28,3,285.36,99,0,standard,True,9,384.36
ORD000226,C03412,P0292,2024-10-10,8,241.46,99,0,standard,False,17,340.46000000000004
ORD000227,C01521,P0465,2024-04-27,8,1057.38,99,0,standard,False,20,1156.38
ORD000228,C01501,P0153,2024-10-28,9,1158.72,0,0,standard,False,3,1158.72
ORD000229,C04091,P0169,2024-04-22,4,1149.45,99,50,standard,False,20,1198.45
ORD000230,C02473,P0271,2024-01-04,3,2531.55,0,50,standard,False,17,2481.55
ORD000231,C00735,P0405,2024-02-06,9,1608.35,99,100,quick,False,2,1607.35
ORD000232,C02838,P0109,2024-12-28,9,581.14,0,50,standard,True,6,531.14
ORD000233,C02562,P0150,2024-11-19,2,474.22,99,100,standard,False,19,473.22
ORD000234,C03906,P0430,2024-01-31,6,1830.93,0,200,standard,False,17,1630.93
ORD000235,C01272,P0450,2024-04-27,3,760.33,149,100,quick,True,18,809.33
ORD000236,C04836,P0130,2024-02-04,5,343.09,0,0,standard,False,1,343.09
ORD000237,C01862,P0267,2024-01-17,2,680.82,0,0,express,False,18,680.82
ORD000238,C04226,P0022,2024-06-18,4,3492.02,0,0,express,False,16,3492.02
ORD000239,C01763,P0366,2024-02-06,3,1424.52,49,200,standard,False,6,1273.52
ORD000240,C04418,P0138,2024-09-20,2,330.2,0,0,standard,False,15,330.2
ORD000241,C00822,P0489,2024-05-01,6,2238.65,0,200,quick,False,16,2038.65
ORD000242,C00542,P0307,2024-05-22,3,2890.56,0,0,standard,False,0,2890.56
ORD000243,C02765,P0238,2024-12-08,4,283.02,49,0,standard,False,3,332.02
ORD000244,C02078,P0433,2024-09-05,6,1680.62,0,200,standard,False,21,1480.62
ORD000245,C00884,P0440,2024-04-19,5,1602.12,149,100,standard,True,17,1651.12
ORD000246,C04286,P0191,2024-10-03,4,127.4,99,50,express,False,5,176.4
ORD000247,C03649,P0126,2024-03-08,4,874.4,49,0,standard,False,0,923.4
ORD000248,C04510,P0429,2024-10-19,2,353.97,49,100,standard,False,8,302.97
ORD000249,C03571,P0028,2024-10-22,4,884.92,149,200,quick,False,6,833.9200000000001
ORD000250,C03933,P0120,2024-08-30,8,1812.8,149,200,standard,False,7,1761.8
ORD000251,C03666,P0197,2024-05-04,5,582.5,0,0,standard,False,22,582.5
ORD000252,C01721,P0173,2024-08-30,8,473.6,0,100,quick,False,18,373.6
ORD000253,C00374,P0143,2024-07-27,6,1880.54,0,200,standard,True,14,1680.54
ORD000254,C00557,P0481,2024-04-07,5,2656.86,49,0,quick,False,2,2705.86
ORD000255,C01280,P0178,2024-02-18,4,143.98,0,50,standard,False,17,93.97999999999999
ORD000256,C03423,P0356,2024-02-19,9,1892.39,0,50,standard,False,19,1842.39
ORD000257,C01128,P0010,2024-12-03,5,159.48,0,0,quick,False,10,159.48
ORD000258,C01360,P0138,2024-08-08,6,386.99,0,100,quick,True,12,286.99
ORD000259,C03597,P0446,2024-06-30,7,1105.53,99,0,quick,False,18,1204.53
ORD000260,C01100,P0436,2024-08-04,1,1149.52,149,0,standard,False,1,1298.52
ORD000261,C01534,P0252,2024-07-29,9,1004.78,99,100,quick,False,15,1003.78
ORD000262,C02625,P0344,2024-08-27,8,126.93,0,50,quick,True,0,76.93
ORD000263,C04127,P0313,2024-01-28,5,198.87,149,200,quick,False,10,147.87
ORD000264,C01631,P0018,2024-12-10,3,2025.58,49,50,standard,False,13,2024.58
ORD000265,C00057,P0159,2024-11-30,5,158.48,99,100,standard,False,5,157.48000000000002
ORD000266,C01127,P0305,2024-11-26,5,156.26,0,0,quick,True,13,156.26
ORD000267,C00311,P0121,2024-02-20,9,1363.01,0,100,standard,False,0,1263.01
ORD000268,C03717,P0071,2024-02-01,7,816.62,0,50,standard,True,16,766.62
ORD000269,C02001,P0054,2024-07-25,2,402.33,0,50,standard,True,10,352.33
ORD000270,C02737,P0459,2024-06-22,5,225.82,149,100,standard,False,12,274.82
ORD000271,C03877,P0168,2024-02-25,9,1607.94,0,100,quick,False,8,1507.94
ORD000272,C02282,P0098,2024-05-07,2,3227.09,0,100,standard,True,2,3127.09
ORD000273,C03183,P0069,2024-04-08,8,134.88,0,50,express,False,3,84.88
ORD000274,C01431,P0148,2024-04-07,3,664.38,0,0,standard,False,3,664.38
ORD000275,C03125,P0116,2024-10-01,4,311.01,149,0,standard,False,17,460.01
ORD000276,C04897,P0025,2024-08-17,2,1349.27,0,0,quick,False,5,1349.27
ORD000277,C04334,P0247,2024-03-12,9,396.33,0,50,quick,False,9,346.33
ORD000278,C01775,P0384,2024-08-04,6,976.78,0,0,standard,False,4,976.78
ORD000279,C01318,P0208,2024-04-03,9,641.85,99,100,express,False,5,640.85
ORD000280,C04207,P0226,2024-05-22,8,644.89,0,200,standard,False,8,444.89
ORD000281,C03159,P0410,2024-08-24,9,1465.35,0,100,standard,False,2,1365.35
ORD000282,C01328,P0433,2024-05-07,5,543.95,0,0,express,False,4,543.95
ORD000283,C04385,P0113,2024-02-08,6,1406.74,99,100,standard,True,9,1405.74
ORD000284,C03974,P0193,2024-08-14,7,415.16,49,200,quick,True,13,264.16
ORD000285,C04677,P0483,2024-10-08,5,233.48,0,50,quick,False,21,183.48
ORD000286,C04465,P0320,2024-02-20,1,524.49,0,0,standard,True,5,524.49
ORD000287,C00219,P0009,2024-01-26,9,581.9,0,100,express,False,1,481.9
ORD000288,C03302,P0094,2024-11-29,2,554.58,99,0,standard,False,19,653.58
ORD000289,C02866,P0120,2024-10-03,7,1255.39,0,0,express,False,10,1255.39
ORD000290,C01896,P0125,2024-01-08,8,681.17,0,0,standard,False,5,681.17
ORD000291,C04444,P0036,2024-02-17,8,1634.26,149,0,standard,False,0,1783.26
ORD000292,C02302,P0068,2024-05-01,1,604.35,99,0,standard,False,22,703.35
ORD000293,C04547,P0296,2024-03-26,7,277.17,0,100,quick,False,1,177.17000000000002
ORD000294,C04184,P0173,2024-07-27,9,196.08,0,200,quick,False,9,-3.9199999999999875
ORD000295,C04966,P0460,2024-09-05,3,1518.39,0,0,express,False,12,1518.39
ORD000296,C03726,P0044,2024-09-03,8,139.47,49,0,standard,True,3,188.47
ORD000297,C02042,P0122,2024-04-19,8,186.58,0,0,standard,False,10,186.58
ORD000298,C00522,P0381,2024-07-24,9,145.04,99,0,express,False,4,244.04
ORD000299,C02707,P0471,2024-01-31,8,484.83,0,50,standard,False,13,434.83
ORD000300,C02998,P0026,2024-03-25,5,631.42,49,0,standard,True,10,680.42
ORD000301,C03921,P0192,2024-07-13,5,113.05,0,0,standard,False,8,113.05
ORD000302,C00909,P0496,2024-01-02,3,606.37,49,0,express,False,12,655.37
ORD000303,C04537,P0339,2024-07-18,6,449.33,99,0,standard,False,3,548.3299999999999
ORD000304,C04133,P0135,2024-05-15,3,1138.96,149,0,quick,False,1,1287.96
ORD000305,C01880,P0194,2024-08-20,2,1339.19,149,50,standard,False,6,1438.19
ORD000306,C03279,P0048,2024-05-26,7,907.56,0,0,quick,True,7,907.56
ORD000307,C04305,P0095,2024-08-04,3,548.05,0,0,express,True,19,548.05
ORD000308,C02560,P0491,2024-12-22,4,269.48,99,200,quick,False,18,168.48000000000002
ORD000309,C03072,P0120,2024-10-11,8,1413.65,0,0,standard,False,7,1413.65
ORD000310,C03826,P0248,2024-12-04,1,391.63,99,0,quick,False,15,490.63
ORD000311,C04476,P0472,2024-09-06,9,407.36,99,50,quick,False,16,456.36
ORD000312,C02875,P0216,2024-03-20,6,1832.95,49,200,standard,False,16,1681.95
ORD000313,C02906,P0113,2024-04-07,2,2698.14,49,100,quick,True,12,2647.14
ORD000314,C04489,P0013,2024-05-31,3,1697.85,99,100,quick,False,3,1696.85
ORD000315,C04491,P0061,2024-04-21,5,4536.61,0,200,quick,False,8,4336.61
ORD000316,C00544,P0042,2024-01-30,6,1521.3,0,100,quick,True,1,1421.3
ORD000317,C03097,P0410,2024-10-23,9,952.02,99,200,standard,True,10,851.02
ORD000318,C03625,P0239,2024-10-04,2,342.52,0,0,express,True,14,342.52
ORD000319,C03505,P0095,2024-02-01,5,2238.69,0,100,quick,False,17,2138.69
ORD000320,C01084,P0026,2024-06-09,7,1563.78,0,100,standard,True,13,1463.78
ORD000321,C00552,P0323,2024-01-30,7,291.79,99,200,standard,False,2,190.79000000000002
ORD000322,C01153,P0382,2024-01-26,4,569.19,149,0,quick,False,15,718.19
ORD000323,C03938,P0241,2024-10-26,3,149.84,0,0,standard,False,0,149.84
ORD000324,C02245,P0486,2024-09-01,8,2243.94,149,0,standard,True,13,2392.94
ORD000325,C01686,P0458,2024-09-14,2,694.3,0,0,quick,False,20,694.3
ORD000326,C00693,P0239,2024-09-28,5,295.91,0,0,quick,True,7,295.91
ORD000327,C03790,P0303,2024-03-21,5,341.11,0,200,standard,False,0,141.11
ORD000328,C00497,P0066,2024-01-30,1,2860.77,149,50,standard,True,8,2959.77
ORD000329,C02095,P0280,2024-09-17,7,768.28,149,50,standard,False,17,867.28
ORD000330,C00612,P0191,2024-02-11,4,481.13,0,0,quick,False,18,481.13
ORD000331,C03967,P0118,2024-04-05,2,583.99,149,100,quick,False,21,632.99
ORD000332,C00375,P0151,2024-02-05,8,171.63,99,50,quick,True,3,220.63
ORD000333,C00805,P0264,2024-10-31,4,153.59,0,100,quick,False,7,53.59
ORD000334,C00920,P0391,2024-02-04,1,727.76,99,100,standard,True,17,726.76
ORD000335,C04970,P0230,2024-12-11,8,601.21,99,0,standard,True,20,700.21
ORD000336,C03604,P0350,2024-04-30,7,410.48,149,50,quick,True,4,509.48
ORD000337,C01443,P0248,2024-07-25,3,683.48,149,50,quick,False,9,782.48
ORD000338,C01545,P0058,2024-03-02,3,151.82,0,100,standard,False,18,51.81999999999999
ORD000339,C01210,P0016,2024-10-18,7,2116.57,149,100,standard,False,13,2165.57
ORD000340,C02080,P0170,2024-05-06,2,342.41,0,0,standard,True,14,342.41
ORD000341,C04687,P0350,2024-10-23,5,151.14,99,200,standard,False,2,50.139999999999986
ORD000342,C02148,P0451,2024-10-31,7,229.01,49,50,quick,True,20,228.01
ORD000343,C01508,P0131,2024-01-21,6,169.24,149,50,quick,False,16,268.24
ORD000344,C00913,P0356,2024-11-13,7,236.73,149,0,quick,True,6,385.73
ORD000345,C02780,P0135,2024-02-11,2,476.4,0,0,standard,False,4,476.4
ORD000346,C00389,P0041,2024-08-02,7,1036.72,99,200,standard,True,11,935.72
ORD000347,C04049,P0304,2024-12-02,2,321.55,99,100,standard,False,17,320.55
ORD000348,C04255,P0005,2024-10-25,7,499.8,0,50,standard,True,5,449.8
ORD000349,C04987,P0328,2024-10-16,8,1948.16,0,100,quick,False,7,1848.16
ORD000350,C03625,P0169,2024-09-24,8,344.51,99,50,quick,False,17,393.51
ORD000351,C01070,P0455,2024-06-10,5,1207.37,0,0,standard,False,13,1207.37
ORD000352,C04791,P0287,2024-05-13,7,219.23,99,0,express,False,17,318.23
ORD000353,C04853,P0398,2024-04-14,8,236.48,0,0,express,True,14,236.48
ORD000354,C02570,P0337,2024-12-08,4,525.36,49,200,express,True,1,374.36
ORD000355,C03737,P0214,2024-06-09,2,285.69,0,50,standard,False,0,235.69
ORD000356,C02779,P0068,2024-05-02,7,1732.33,0,0,quick,False,14,1732.33
ORD000357,C00338,P0369,2024-05-15,1,135.46,0,200,express,False,19,-64.53999999999999
ORD000358,C01976,P0026,2024-07-21,2,735.65,0,100,quick,True,9,635.65
ORD000359,C03436,P0224,2024-03-08,7,747.84,0,200,standard,True,20,547.84
ORD000360,C00794,P0321,2024-12-09,1,146.81,0,200,standard,True,5,-53.19
ORD000361,C01722,P0233,2024-11-26,7,1022.21,99,0,express,False,0,1121.21
ORD000362,C03219,P0485,2024-06-02,5,541.96,49,100,express,True,1,490.96000000000004
ORD000363,C00898,P0442,2024-08-22,3,997.8,0,0,quick,True,15,997.8
ORD000364,C00102,P0411,2024-06-10,2,1326.82,0,50,standard,True,8,1276.82
ORD000365,C02859,P0407,2024-02-07,7,371.95,0,200,express,False,19,171.95
ORD000366,C04188,P0050,2024-01-05,9,562.81,149,200,express,False,8,511.80999999999995
ORD000367,C01447,P0148,2024-08-22,9,310.49,0,200,quick,True,21,110.49000000000001
ORD000368,C04214,P0414,2024-11-14,8,256.53,0,200,standard,False,12,56.52999999999997
ORD000369,C02032,P0074,2024-10-15,2,99.42,149,0,standard,True,11,248.42000000000002
ORD000370,C04032,P0305,2024-02-21,1,2418.84,49,50,standard,True,20,2417.84
ORD000371,C03060,P0091,2024-02-07,8,506.03,0,0,quick,False,6,506.03
ORD000372,C01534,P0367,2024-10-02,2,108.21,0,200,standard,False,18,-91.79
ORD000373,C02847,P0423,2024-04-19,4,105.29,99,50,express,False,16,154.29000000000002
ORD000374,C03209,P0067,2024-09-16,4,337.12,149,100,standard,True,9,386.12
ORD000375,C04570,P0234,2024-05-15,2,108.83,0,0,standard,True,1,108.83
ORD000376,C03463,P0361,2024-03-08,4,427.46,0,0,quick,False,5,427.46
ORD000377,C00434,P0143,2024-06-27,7,144.5,99,100,standard,False,23,143.5
ORD000378,C01257,P0075,2024-02-05,6,127.03,0,100,quick,False,17,27.03
ORD000379,C00054,P0085,2024-05-05,6,873.75,49,200,standard,True,18,722.75
ORD000380,C00930,P0226,2024-07-08,4,1760.42,149,200,quick,False,2,1709.42
ORD000381,C02799,P0362,2024-05-25,2,467.62,49,100,standard,True,9,416.62
ORD000382,C00311,P0446,2024-03-21,5,1367.82,99,0,quick,False,2,1466.82
ORD000383,C00956,P0055,2024-08-12,3,119.79,0,50,standard,False,12,69.79
ORD000384,C04083,P0079,2024-10-05,3,1151.58,149,0,standard,True,22,1300.58
ORD000385,C04852,P0023,2024-12-26,4,144.4,49,0,quick,False,3,193.4
ORD000386,C02512,P0226,2024-06-03,5,1375.01,0,100,standard,True,4,1275.01
ORD000387,C01263,P0027,2024-11-09,2,1597.13,99,0,express,True,23,1696.13
ORD000388,C02747,P0120,2024-11-30,6,1178.16,149,50,quick,False,17,1277.16
ORD000389,C02782,P0489,2024-09-27,6,1302.28,99,100,express,True,8,1301.28
ORD000390,C01093,P0092,2024-01-05,8,676.05,0,0,standard,True,13,676.05
ORD000391,C02786,P0340,2024-12-07,2,314.41,99,200,standard,False,6,213.41000000000003
ORD000392,C02815,P0111,2024-10-10,8,820.47,0,0,standard,True,19,820.47
ORD000393,C03763,P0377,2024-06-02,8,504.3,0,100,quick,True,16,404.3
ORD000394,C04035,P0344,2024-12-05,4,102.75,149,100,standard,True,10,151.75
ORD000395,C04839,P0486,2024-02-23,7,552.49,0,200,quick,True,21,352.49
ORD000396,C02323,P0030,2024-03-09,7,836.26,149,100,quick,False,10,885.26
ORD000397,C00232,P0142,2024-05-15,1,108.79,0,0,standard,True,20,108.79
ORD000398,C02101,P0366,2024-02-29,1,778.82,49,100,quick,False,8,727.82
ORD000399,C04352,P0297,2024-02-24,8,838.96,0,0,express,False,22,838.96
ORD000400,C02028,P0226,2024-10-10,1,219.47,0,50,quick,False,14,169.47
ORD000401,C01929,P0357,2024-03-20,3,493.8,0,0,express,False,8,493.8
ORD000402,C01458,P0249,2024-05-19,6,2432.46,49,100,standard,True,7,2381.46
ORD000403,C01648,P0049,2024-05-24,8,1608.06,0,0,standard,False,21,1608.06
ORD000404,C00407,P0213,2024-11-05,5,469.32,99,0,standard,True,10,568.3199999999999
ORD000405,C03340,P0379,2024-04-17,5,400.38,0,50,quick,False,10,350.38
ORD000406,C01977,P0388,2024-06-24,4,191.74,0,0,quick,True,6,191.74
ORD000407,C02413,P0431,2024-04-14,4,124.08,49,200,standard,False,14,-26.920000000000016
ORD000408,C04937,P0268,2024-12-17,7,346.14,149,0,standard,False,19,495.14
ORD000409,C01760,P0287,2024-11-20,6,2071.7,99,100,standard,True,10,2070.7
ORD000410,C03597,P0194,2024-05-15,8,2328.36,149,0,express,True,0,2477.36
ORD000411,C01378,P0253,2024-09-15,6,1270.86,0,0,standard,False,22,1270.86
ORD000412,C00620,P0078,2024-09-07,7,401.44,49,0,standard,False,4,450.44
ORD000413,C00929,P0474,2024-05-08,5,207.53,99,0,quick,False,20,306.53
ORD000414,C00974,P0243,2024-01-27,6,732.63,149,50,standard,False,0,831.63
ORD000415,C04487,P0090,2024-02-17,1,826.92,0,200,quick,False,19,626.92
ORD000416,C04447,P0413,2024-11-20,3,485.85,99,200,quick,False,15,384.85
ORD000417,C02853,P0005,2024-08-04,8,922.56,149,0,express,False,0,1071.56
ORD000418,C01689,P0280,2024-05-21,3,1060.18,0,0,express,True,0,1060.18
ORD000419,C04671,P0411,2024-01-23,1,1168.7,0,50,quick,True,21,1118.7
ORD000420,C04618,P0445,2024-01-02,3,587.43,0,200,standard,False,5,387.42999999999995
ORD000421,C00725,P0149,2024-06-19,4,1196.94,0,0,express,True,13,1196.94
ORD000422,C00161,P0323,2024-03-07,8,117.06,0,100,quick,True,17,17.060000000000002
ORD000423,C00658,P0398,2024-11-22,9,897.49,0,200,standard,False,22,697.49
ORD000424,C02897,P0281,2024-05-14,4,287.1,99,0,quick,True,22,386.1
ORD000425,C04619,P0190,2024-03-23,7,319.8,0,200,standard,False,15,119.80000000000001
ORD000426,C04099,P0273,2024-08-14,1,166.02,0,100,standard,True,12,66.02000000000001
ORD000427,C02542,P0072,2024-10-09,9,248.58,0,0,standard,False,17,248.58
ORD000428,C01578,P0446,2024-12-27,4,3479.54,0,200,quick,True,2,3279.54
ORD000429,C03994,P0317,2024-08-06,9,474.77,149,0,standard,False,20,623.77
ORD000430,C01074,P0499,2024-10-14,3,1938.49,99,0,quick,True,20,2037.49
ORD000431,C03205,P0067,2024-01-05,5,223.47,49,50,quick,False,2,222.47000000000003
ORD000432,C04044,P0303,2024-02-27,1,258.76,49,100,express,False,17,207.76
ORD000433,C03433,P0433,2024-02-08,3,670.22,99,50,quick,True,0,719.22
ORD000434,C00877,P0062,2024-12-19,5,400.04,99,200,standard,False,21,299.04
ORD000435,C01091,P0452,2024-03-17,6,821.81,0,0,quick,False,14,821.81
ORD000436,C03059,P0492,2024-10-06,8,482.78,99,200,express,True,21,381.78
ORD000437,C01674,P0133,2024-01-19,1,1267.42,0,200,standard,False,3,1067.42
ORD000438,C01608,P0441,2024-07-08,3,494.4,0,50,standard,True,11,444.4
ORD000439,C02826,P0306,2024-10-25,1,693.61,0,200,standard,False,12,493.61
ORD000440,C01217,P0267,2024-10-09,5,370.07,0,100,standard,True,19,270.07
ORD000441,C03052,P0222,2024-03-16,8,951.27,0,0,standard,False,11,951.27
ORD000442,C00313,P0430,2024-08-08,4,843.41,0,0,express,False,12,843.41
ORD000443,C00729,P0125,2024-03-06,9,453.09,0,100,express,False,5,353.09
ORD000444,C04039,P0264,2024-01-22,6,325.11,0,0,quick,False,22,325.11
ORD000445,C00383,P0006,2024-06-06,6,765.53,149,0,quick,False,0,914.53
ORD000446,C01812,P0412,2024-07-05,5,2106.16,49,50,express,True,3,2105.16
ORD000447,C02324,P0205,2024-01-21,5,198.61,0,0,standard,True,14,198.61
ORD000448,C03429,P0178,2024-07-02,7,1222.52,0,0,quick,False,11,1222.52
ORD000449,C02745,P0467,2024-04-17,8,647.14,0,50,quick,False,6,597.14
ORD000450,C01864,P0495,2024-12-15,7,620.93,149,100,quick,False,14,669.93
ORD000451,C03291,P0182,2024-05-07,1,2382.32,0,100,standard,True,0,2282.32
ORD000452,C04846,P0479,2024-12-07,1,750.76,0,100,quick,False,7,650.76
ORD000453,C00227,P0442,2024-02-22,6,1341.51,99,200,standard,False,23,1240.51
ORD000454,C02064,P0439,2024-06-30,3,604.77,0,50,quick,True,0,554.77
ORD000455,C00011,P0405,2024-10-13,9,300.24,49,50,express,True,8,299.24
ORD000456,C01522,P0227,2024-07-27,7,929.04,49,50,quick,True,21,928.04
ORD000457,C00691,P0235,2024-11-13,2,1895.37,0,0,standard,False,22,1895.37
ORD000458,C03705,P0145,2024-03-20,3,1387.21,0,50,express,True,11,1337.21
ORD000459,C01739,P0057,2024-05-01,8,253.77,0,0,quick,False,6,253.77
ORD000460,C01525,P0295,2024-03-24,1,365.77,0,100,standard,False,2,265.77
ORD000461,C00069,P0240,2024-03-31,5,608.24,0,200,quick,False,19,408.24
ORD000462,C02248,P0344,2024-07-30,1,692.39,0,0,standard,False,20,692.39
ORD000463,C03123,P0286,2024-01-13,9,249.81,149,200,standard,True,9,198.81
ORD000464,C04724,P0439,2024-04-01,7,281.97,49,200,quick,False,22,130.97000000000003
ORD000465,C03330,P0162,2024-06-19,5,1094.58,0,200,quick,False,7,894.5799999999999
ORD000466,C01287,P0025,2024-07-29,6,1016.36,0,0,standard,False,7,1016.36
ORD000467,C00575,P0451,2024-12-08,3,1378.35,99,0,standard,True,15,1477.35
ORD000468,C02172,P0105,2024-05-07,3,1990.41,0,100,express,False,11,1890.41
ORD000469,C04954,P0239,2024-05-16,7,356.98,149,0,standard,False,1,505.98
ORD000470,C00744,P0339,2024-03-22,7,1473.26,0,100,standard,False,8,1373.26
ORD000471,C02527,P0417,2024-12-25,7,866.65,49,0,quick,True,15,915.65
ORD000472,C03073,P0331,2024-02-25,2,2314.24,0,100,standard,False,22,2214.24
ORD000473,C04210,P0399,2024-07-14,2,321.29,0,0,quick,False,22,321.29
ORD000474,C04576,P0378,2024-01-20,5,318.98,0,0,quick,False,19,318.98
ORD000475,C01024,P0041,2024-08-28,4,951.87,0,0,quick,True,6,951.87
ORD000476,C00941,P0132,2024-04-23,7,1944.77,0,100,quick,False,0,1844.77
ORD000477,C00767,P0316,2024-04-12,3,1317.3,0,100,quick,False,6,1217.3
ORD000478,C02438,P0043,2024-08-23,5,1007.9,149,200,express,False,20,956.9000000000001
ORD000479,C00833,P0034,2024-06-28,2,441.93,0,200,quick,False,12,241.93
ORD000480,C02190,P0363,2024-06-05,1,984.52,149,100,standard,False,3,1033.52
ORD000481,C00627,P0346,2024-04-26,9,1229.45,0,200,standard,False,8,1029.45
ORD000482,C00376,P0383,2024-04-24,4,1078.67,0,100,standard,False,18,978.6700000000001
ORD000483,C03886,P0000,2024-01-13,8,889.66,0,50,express,True,16,839.66
ORD000484,C00089,P0225,2024-12-03,7,132.79,49,200,standard,True,15,-18.210000000000008
ORD000485,C02855,P0298,2024-04-08,1,853.58,149,100,express,False,5,902.58
ORD000486,C01065,P0287,2024-07-23,7,554.46,0,50,quick,False,17,504.46000000000004
ORD000487,C01058,P0235,2024-06-17,2,2380.23,0,200,quick,True,6,2180.23
ORD000488,C03059,P0358,2024-05-22,3,753.1,99,0,standard,False,21,852.1
ORD000489,C04072,P0446,2024-02-05,1,754.95,0,100,quick,True,23,654.95
ORD000490,C02600,P0032,2024-05-22,7,3686.67,0,0,express,False,18,3686.67
ORD000491,C04219,P0094,2024-06-28,3,167.78,149,200,quick,False,21,116.77999999999997
ORD000492,C02104,P0204,2024-11-24,6,325.38,0,50,standard,False,21,275.38
ORD000493,C02853,P0108,2024-09-17,7,846.14,0,100,quick,False,19,746.14
ORD000494,C02655,P0321,2024-07-23,3,364.08,149,50,express,True,18,463.0799999999999
ORD000495,C01515,P0029,2024-12-13,2,396.41,0,0,standard,False,5,396.41
ORD000496,C03017,P0265,2024-10-01,9,1661.13,0,100,express,True,2,1561.13
ORD000497,C04147,P0022,2024-06-18,9,705.17,49,0,quick,True,18,754.17
ORD000498,C01573,P0096,2024-01-15,7,174.98,149,0,quick,True,4,323.98
ORD000499,C02536,P0038,2024-02-29,5,359.62,0,50,standard,True,23,309.62
ORD000500,C03926,P0172,2024-05-13,4,154.37,49,200,standard,False,2,3.3700000000000045
ORD000501,C02052,P0247,2024-04-01,4,667.56,0,0,express,False,4,667.56
ORD000502,C03796,P0378,2024-10-24,1,232.19,99,0,standard,True,8,331.19
ORD000503,C00631,P0412,2024-05-15,4,1461.0,99,0,standard,False,18,1560.0
ORD000504,C01861,P0413,2024-01-20,7,701.79,149,50,standard,False,7,800.79
ORD000505,C03952,P0161,2024-02-25,5,141.85,49,0,standard,False,16,190.85
ORD000506,C01232,P0179,2024-11-01,9,349.55,49,0,standard,False,23,398.55
ORD000507,C02264,P0102,2024-08-10,4,769.59,0,50,quick,False,8,719.59
ORD000508,C02047,P0208,2024-06-25,3,385.1,49,100,standard,True,6,334.1
ORD000509,C00535,P0021,2024-06-09,6,602.9,49,200,quick,False,21,451.9
ORD000510,C03533,P0004,2024-08-11,4,1779.62,0,50,standard,True,0,1729.62
ORD000511,C04825,P0138,2024-11-06,2,400.59,49,0,quick,False,22,449.59
ORD000512,C03097,P0213,2024-09-18,5,385.5,149,0,quick,False,21,534.5
ORD000513,C01275,P0159,2024-02-29,4,1298.41,49,0,express,True,17,1347.41
ORD000514,C03073,P0407,2024-07-16,5,367.68,149,100,quick,True,19,416.68000000000006
ORD000515,C01025,P0394,2024-10-22,9,155.82,149,0,express,False,8,304.82
ORD000516,C02051,P0138,2024-04-07,4,238.72,0,0,quick,True,21,238.72
ORD000517,C03621,P0144,2024-05-10,6,2179.41,0,50,express,False,17,2129.41
ORD000518,C04563,P0159,2024-01-23,4,1994.21,149,100,standard,False,14,2043.21
ORD000519,C00200,P0082,2024-12-28,1,277.25,0,200,standard,False,0,77.25
ORD000520,C04403,P0154,2024-08-11,2,663.42,0,200,quick,False,13,463.41999999999996
ORD000521,C03323,P0287,2024-01-01,6,202.44,0,0,quick,False,20,202.44
ORD000522,C03358,P0316,2024-09-23,8,885.06,49,100,standard,True,21,834.06
ORD000523,C02971,P0280,2024-10-02,9,242.46,149,100,express,False,20,291.46000000000004
ORD000524,C04978,P0063,2024-12-17,4,134.75,0,0,standard,True,1,134.75
ORD000525,C00585,P0191,2024-12-09,6,1318.67,99,100,quick,True,10,1317.67
ORD000526,C03345,P0155,2024-04-10,3,374.55,0,0,express,True,13,374.55
ORD000527,C03854,P0423,2024-07-05,9,179.41,49,0,express,False,13,228.41
ORD000528,C04604,P0499,2024-08-08,8,1355.63,0,0,quick,False,8,1355.63
ORD000529,C03424,P0090,2024-02-05,1,1105.01,49,0,quick,True,3,1154.01
ORD000530,C04100,P0141,2024-12-06,2,904.87,149,0,standard,False,21,1053.87
ORD000531,C00359,P0041,2024-06-18,9,1794.34,49,50,standard,True,16,1793.34
ORD000532,C03669,P0248,2024-11-15,3,569.28,49,0,express,False,14,618.28
ORD000533,C04309,P0294,2024-06-09,3,194.92,0,0,standard,False,15,194.92
ORD000534,C03477,P0257,2024-12-05,9,143.32,0,50,standard,True,11,93.32
ORD000535,C04658,P0336,2024-03-04,3,367.36,0,50,quick,False,16,317.36
ORD000536,C02812,P0000,2024-06-02,5,162.58,149,0,standard,False,1,311.58000000000004
ORD000537,C00044,P0108,2024-09-16,6,635.77,0,0,standard,False,23,635.77
ORD000538,C02750,P0415,2024-06-07,3,109.22,0,100,standard,False,7,9.219999999999999
ORD000539,C00633,P0466,2024-12-07,8,509.59,0,50,standard,True,1,459.59
ORD000540,C01210,P0124,2024-07-28,2,236.6,99,200,express,False,8,135.60000000000002
ORD000541,C01749,P0063,2024-06-16,6,420.5,99,100,standard,False,13,419.5
ORD000542,C03241,P0205,2024-07-25,2,885.82,49,100,quick,False,17,834.82
ORD000543,C02768,P0414,2024-12-22,9,401.59,149,50,standard,True,14,500.5899999999999
ORD000544,C00593,P0441,2024-05-31,6,391.28,99,50,quick,False,10,440.28
ORD000545,C01424,P0337,2024-10-10,9,3377.25,0,50,standard,False,0,3327.25
ORD000546,C01926,P0243,2024-03-06,4,987.12,0,0,quick,False,12,987.12
ORD000547,C00856,P0077,2024-04-08,3,603.88,0,0,quick,False,6,603.88
ORD000548,C00551,P0110,2024-08-03,2,705.21,0,0,standard,True,10,705.21
ORD000549,C04138,P0141,2024-12-06,8,776.65,149,0,quick,False,2,925.65
ORD000550,C02888,P0215,2024-07-13,4,116.42,0,50,standard,True,18,66.42
ORD000551,C04274,P0452,2024-12-12,2,157.57,99,100,standard,False,0,156.57
ORD000552,C01480,P0015,2024-03-30,9,832.26,0,50,standard,True,23,782.26
ORD000553,C00606,P0452,2024-11-11,8,416.31,0,50,standard,True,7,366.31
ORD000554,C00671,P0053,2024-10-18,5,138.93,0,100,quick,False,22,38.93000000000001
ORD000555,C03315,P0140,2024-06-03,8,346.19,0,200,standard,False,13,146.19
ORD000556,C00016,P0379,2024-07-26,5,196.71,149,0,standard,False,2,345.71000000000004
ORD000557,C02873,P0335,2024-10-07,7,1835.48,49,200,standard,True,7,1684.48
ORD000558,C02594,P0078,2024-01-01,5,257.76,99,50,express,False,6,306.76
ORD000559,C02484,P0414,2024-06-04,5,207.59,0,0,standard,False,5,207.59
ORD000560,C00615,P0452,2024-05-26,4,787.77,0,0,quick,False,10,787.77
ORD000561,C03205,P0148,2024-04-17,5,615.57,0,100,quick,True,9,515.57
ORD000562,C02849,P0126,2024-08-08,7,699.5,0,50,quick,False,2,649.5
ORD000563,C04407,P0157,2024-10-23,3,499.83,149,100,express,False,20,548.8299999999999
ORD000564,C03807,P0278,2024-11-06,4,539.69,149,100,standard,False,20,588.69
ORD000565,C02072,P0037,2024-12-01,8,1155.07,0,0,standard,False,3,1155.07
ORD000566,C00524,P0156,2024-06-13,6,272.85,0,100,standard,False,0,172.85000000000002
ORD000567,C03173,P0332,2024-08-26,8,452.54,49,50,standard,True,15,451.54
ORD000568,C01473,P0287,2024-08-14,2,2315.16,99,0,standard,False,13,2414.16
ORD000569,C02425,P0111,2024-08-14,9,246.49,49,0,quick,False,0,295.49
ORD000570,C04983,P0189,2024-12-11,7,342.47,0,0,standard,False,18,342.47
ORD000571,C03274,P0105,2024-04-19,5,247.86,0,50,standard,False,20,197.86
ORD000572,C03338,P0090,2024-09-18,7,113.5,149,200,standard,False,10,62.5
ORD000573,C02007,P0353,2024-08-30,2,319.13,0,0,standard,False,8,319.13
ORD000574,C04557,P0300,2024-03-27,4,132.31,149,200,standard,False,7,81.31
ORD000575,C02412,P0048,2024-12-03,7,216.63,0,0,standard,False,3,216.63
ORD000576,C02151,P0160,2024-02-13,2,414.34,99,0,express,False,15,513.3399999999999
ORD000577,C03182,P0003,2024-05-25,8,113.66,0,100,express,True,7,13.659999999999997
ORD000578,C00427,P0401,2024-09-20,5,1077.73,99,200,standard,False,10,976.73
ORD000579,C04564,P0197,2024-12-05,5,1210.34,99,200,quick,True,1,1109.34
ORD000580,C01014,P0319,2024-11-20,8,470.02,99,0,quick,False,10,569.02
ORD000581,C01604,P0411,2024-11-13,1,3023.38,0,50,quick,True,16,2973.38
ORD000582,C00869,P0363,2024-06-20,6,894.41,0,50,quick,False,7,844.41
ORD000583,C02727,P0376,2024-02-17,2,1052.04,149,200,express,False,2,1001.04
ORD000584,C02852,P0441,2024-04-30,1,248.5,149,100,quick,True,19,297.5
ORD000585,C00885,P0474,2024-12-10,7,1370.69,0,100,quick,True,19,1270.69
ORD000586,C02608,P0253,2024-06-07,4,2129.89,0,50,standard,True,14,2079.89
ORD000587,C01273,P0089,2024-04-25,1,287.72,0,100,quick,False,3,187.72000000000003
ORD000588,C04426,P0311,2024-04-11,6,910.89,49,0,quick,False,20,959.89
ORD000589,C01955,P0019,2024-03-16,6,1060.89,49,0,quick,True,14,1109.89
ORD000590,C00586,P0076,2024-01-13,3,353.86,49,200,quick,True,18,202.86
ORD000591,C00200,P0219,2024-01-24,6,550.06,0,0,standard,False,3,550.06
ORD000592,C04549,P0161,2024-05-05,9,170.84,0,50,express,True,2,120.84
ORD000593,C03617,P0496,2024-08-31,6,232.05,49,50,standard,True,1,231.05
ORD000594,C00825,P0342,2024-11-08,1,143.48,49,0,quick,False,1,192.48
ORD000595,C00110,P0393,2024-02-07,6,673.95,0,100,standard,True,12,573.95
ORD000596,C02911,P0114,2024-08-21,8,786.07,0,0,standard,False,10,786.07
ORD000597,C03899,P0093,2024-07-31,7,1833.85,0,0,quick,False,22,1833.85
ORD000598,C00907,P0405,2024-11-18,8,645.9,99,50,standard,False,2,694.9
ORD000599,C03715,P0132,2024-10-21,8,310.35,99,50,standard,False,4,359.35
ORD000600,C03689,P0171,2024-04-09,9,141.92,149,100,quick,False,1,190.91999999999996
ORD000601,C00554,P0113,2024-12-22,3,1612.69,0,100,standard,False,14,1512.69
ORD000602,C01903,P0008,2024-07-15,7,555.21,0,50,standard,True,1,505.21000000000004
ORD000603,C00106,P0298,2024-09-10,6,1034.78,0,100,standard,False,9,934.78
ORD000604,C03336,P0259,2024-07-23,2,109.33,0,0,quick,True,19,109.33
ORD000605,C02534,P0169,2024-05-04,5,567.79,99,0,standard,True,20,666.79
ORD000606,C02226,P0320,2024-03-16,3,374.88,0,50,standard,True,13,324.88
ORD000607,C03293,P0097,2024-12-01,5,120.56,99,0,quick,True,2,219.56
ORD000608,C01393,P0168,2024-12-18,9,1145.25,149,0,standard,False,3,1294.25
ORD000609,C02684,P0447,2024-01-03,8,602.5,49,200,standard,False,21,451.5
ORD000610,C02835,P0310,2024-02-24,9,382.66,149,50,standard,True,1,481.6600000000001
ORD000611,C00166,P0217,2024-08-05,9,1246.2,0,200,express,False,17,1046.2
ORD000612,C02710,P0401,2024-04-22,8,513.58,0,0,express,False,1,513.58
ORD000613,C03624,P0399,2024-03-31,8,101.45,0,50,express,False,9,51.45
ORD000614,C02347,P0342,2024-12-22,6,2122.3,49,200,standard,True,12,1971.3000000000002
ORD000615,C01404,P0429,2024-09-22,6,305.7,0,0,standard,False,12,305.7
ORD000616,C01525,P0419,2024-08-25,6,1341.74,0,50,standard,False,3,1291.74
ORD000617,C04409,P0345,2024-01-26,6,1285.56,0,200,quick,False,19,1085.56
ORD000618,C04911,P0449,2024-10-12,9,223.03,99,100,express,True,13,222.02999999999997
ORD000619,C04838,P0043,2024-05-07,1,548.72,99,50,quick,False,7,597.72
ORD000620,C02774,P0499,2024-03-03,6,127.72,0,100,quick,False,19,27.72
ORD000621,C00825,P0260,2024-08-21,8,405.47,49,50,standard,False,21,404.47
ORD000622,C01124,P0284,2024-03-09,1,1018.08,149,200,quick,False,19,967.0799999999999
ORD000623,C00568,P0125,2024-08-25,6,288.41,99,200,quick,False,0,187.41000000000003
ORD000624,C01958,P0259,2024-12-07,9,186.2,149,50,quick,False,14,285.2
ORD000625,C03739,P0494,2024-09-28,6,594.25,149,0,quick,True,12,743.25
ORD000626,C02109,P0354,2024-10-13,2,638.0,0,200,standard,True,14,438.0
ORD000627,C04464,P0213,2024-10-31,1,887.54,0,50,standard,True,13,837.54
ORD000628,C04189,P0304,2024-06-11,4,1095.47,0,50,standard,False,19,1045.47
ORD000629,C04094,P0199,2024-08-14,6,932.07,0,0,quick,True,19,932.07
ORD000630,C02930,P0235,2024-11-09,9,1405.9,0,100,standard,False,3,1305.9
ORD000631,C00763,P0340,2024-09-15,5,275.54,149,0,standard,False,10,424.54
ORD000632,C03360,P0135,2024-08-06,7,689.4,99,100,standard,False,20,688.4
ORD000633,C03450,P0377,2024-10-07,6,411.51,149,100,quick,False,21,460.51
ORD000634,C02147,P0435,2024-08-16,6,2390.19,0,0,standard,False,0,2390.19
ORD000635,C03395,P0115,2024-03-22,9,505.22,99,0,quick,False,14,604.22
ORD000636,C04424,P0452,2024-08-31,5,2347.22,49,50,standard,False,16,2346.22
ORD000637,C03719,P0404,2024-08-18,2,1124.94,99,200,standard,True,10,1023.94
ORD000638,C04801,P0154,2024-05-12,8,986.25,0,50,express,False,18,936.25
ORD000639,C00220,P0421,2024-05-06,3,572.49,99,0,quick,False,6,671.49
ORD000640,C01861,P0388,2024-11-22,9,509.11,0,0,standard,False,3,509.11
ORD000641,C02614,P0340,2024-05-21,5,622.39,99,200,express,False,3,521.39
ORD000642,C01021,P0316,2024-09-23,1,342.33,0,200,express,False,0,142.32999999999998
ORD000643,C00109,P0391,2024-09-05,4,1743.11,99,0,quick,False,19,1842.11
ORD000644,C04244,P0341,2024-11-16,9,1206.04,0,200,quick,False,22,1006.04
ORD000645,C03848,P0017,2024-05-02,1,1230.51,99,200,standard,True,2,1129.51
ORD000646,C00698,P0387,2024-05-20,8,496.37,0,0,quick,False,18,496.37
ORD000647,C00107,P0003,2024-08-13,8,150.62,0,0,standard,True,6,150.62
ORD000648,C00388,P0164,2024-02-09,9,903.37,99,0,express,False,18,1002.37
ORD000649,C00424,P0126,2024-12-31,9,427.35,99,200,quick,True,4,326.35
ORD000650,C02494,P0398,2024-05-26,6,1529.48,99,0,standard,False,20,1628.48
ORD000651,C02965,P0421,2024-04-30,5,1159.97,149,0,standard,False,16,1308.97
ORD000652,C02703,P0410,2024-05-19,7,208.93,149,200,standard,False,8,157.93
ORD000653,C01999,P0212,2024-06-20,9,743.41,49,200,standard,True,11,592.41
ORD000654,C03575,P0047,2024-06-12,5,923.85,0,0,express,False,13,923.85
ORD000655,C01527,P0045,2024-10-03,3,686.75,99,100,standard,False,15,685.75
ORD000656,C04053,P0045,2024-02-11,9,604.14,99,0,standard,False,23,703.14
ORD000657,C02026,P0047,2024-03-11,1,280.02,0,0,quick,False,19,280.02
ORD000658,C02368,P0186,2024-03-18,1,287.35,0,0,quick,False,14,287.35
ORD000659,C02766,P0119,2024-04-28,4,1121.74,49,100,quick,False,5,1070.74
ORD000660,C01855,P0131,2024-07-15,2,112.21,49,50,standard,False,7,111.20999999999998
ORD000661,C00446,P0458,2024-12-21,7,1155.43,0,50,standard,True,4,1105.43
ORD000662,C01597,P0018,2024-03-19,2,622.76,0,0,standard,False,1,622.76
ORD000663,C00209,P0440,2024-12-27,7,2025.65,0,200,standard,False,1,1825.65
ORD000664,C00848,P0274,2024-04-19,8,4244.76,0,0,standard,False,4,4244.76
ORD000665,C01651,P0474,2024-02-02,8,861.38,0,100,quick,False,9,761.38
ORD000666,C01916,P0231,2024-07-31,3,471.03,149,200,standard,True,18,420.03
ORD000667,C03529,P0041,2024-07-27,9,550.16,49,200,standard,False,13,399.15999999999997
ORD000668,C01918,P0091,2024-06-18,6,258.9,149,50,standard,False,16,357.9
ORD000669,C00576,P0260,2024-10-04,4,172.16,0,0,standard,False,20,172.16
ORD000670,C00688,P0047,2024-08-26,8,704.19,99,0,express,False,11,803.19
ORD000671,C00789,P0408,2024-07-31,4,1245.11,99,100,quick,False,9,1244.11
ORD000672,C01355,P0450,2024-02-01,4,311.45,99,0,standard,False,18,410.45
ORD000673,C01687,P0281,2024-04-15,8,479.89,0,200,quick,False,17,279.89
ORD000674,C00349,P0073,2024-08-03,4,665.42,49,200,quick,True,4,514.42
ORD000675,C02717,P0215,2024-07-18,1,1768.4,0,0,standard,False,4,1768.4
ORD000676,C03539,P0445,2024-10-26,6,203.46,0,50,quick,True,15,153.46
ORD000677,C04521,P0220,2024-12-22,8,288.24,49,0,express,False,9,337.24
ORD000678,C04422,P0108,2024-01-11,3,1854.27,0,0,standard,False,19,1854.27
ORD000679,C01129,P0134,2024-10-21,2,127.24,0,0,express,True,10,127.24
ORD000680,C04350,P0427,2024-07-13,6,846.21,49,50,standard,True,9,845.21
ORD000681,C04539,P0342,2024-09-01,1,813.23,149,200,express,True,11,762.23
ORD000682,C04208,P0237,2024-01-04,5,437.31,149,50,quick,False,0,536.31
ORD000683,C04784,P0154,2024-06-29,6,540.99,0,0,quick,False,16,540.99
ORD000684,C00990,P0425,2024-06-01,8,1450.32,99,0,standard,False,18,1549.32
ORD000685,C01873,P0328,2024-07-18,7,225.21,99,0,quick,False,21,324.21000000000004
ORD000686,C04141,P0491,2024-08-02,6,283.38,49,0,standard,False,21,332.38
ORD000687,C04852,P0055,2024-10-02,2,601.71,149,50,quick,False,4,700.71
ORD000688,C01376,P0386,2024-10-06,8,468.04,0,0,standard,True,1,468.04
ORD000689,C01226,P0381,2024-11-04,8,696.93,0,0,standard,False,7,696.93
ORD000690,C00563,P0396,2024-04-22,5,1874.39,0,0,standard,True,16,1874.39
ORD000691,C02887,P0197,2024-09-06,3,1842.1,99,50,quick,False,17,1891.1
ORD000692,C01340,P0314,2024-04-22,8,281.97,99,0,quick,True,1,380.97
ORD000693,C03737,P0037,2024-05-19,5,350.82,99,100,standard,False,13,349.82
ORD000694,C01437,P0340,2024-08-11,3,222.77,99,100,standard,False,11,221.76999999999998
ORD000695,C00094,P0338,2024-09-05,9,1938.73,149,50,express,True,6,2037.73
ORD000696,C03296,P0216,2024-01-15,9,454.09,49,200,standard,False,6,303.09
ORD000697,C00948,P0230,2024-07-18,7,517.11,149,200,standard,False,20,466.11
ORD000698,C04648,P0451,2024-06-21,8,1234.91,49,0,standard,True,6,1283.91
ORD000699,C02692,P0341,2024-12-08,5,602.61,0,50,standard,True,2,552.61
ORD000700,C04161,P0452,2024-12-13,5,188.29,0,0,standard,False,10,188.29
ORD000701,C03281,P0256,2024-07-26,5,502.19,0,0,standard,False,6,502.19
ORD000702,C01497,P0433,2024-03-25,2,795.97,149,100,quick,True,21,844.97
ORD000703,C04760,P0208,2024-08-27,3,988.1,149,0,quick,False,15,1137.1
ORD000704,C02731,P0200,2024-03-06,8,824.64,0,50,quick,False,22,774.64
ORD000705,C02743,P0136,2024-11-14,6,187.83,49,0,standard,True,22,236.83
ORD000706,C04275,P0127,2024-09-30,9,353.03,99,100,quick,True,14,352.03
ORD000707,C02881,P0052,2024-01-14,7,1024.84,0,0,standard,False,19,1024.84
ORD000708,C00201,P0343,2024-07-20,6,1584.29,0,100,quick,False,22,1484.29
ORD000709,C01498,P0393,2024-10-30,4,132.84,0,200,standard,False,10,-67.16
ORD000710,C03086,P0083,2024-10-15,7,129.2,0,100,express,False,18,29.19999999999999
ORD000711,C03113,P0208,2024-12-05,4,820.81,0,50,quick,True,18,770.81
ORD000712,C02590,P0332,2024-01-14,7,654.92,49,200,standard,False,10,503.91999999999996
ORD000713,C01948,P0284,2024-02-12,5,217.17,99,0,quick,True,19,316.16999999999996
ORD000714,C03604,P0035,2024-11-25,2,655.3,0,50,standard,False,9,605.3
ORD000715,C03963,P0214,2024-08-07,7,2667.01,0,50,quick,False,13,2617.01
ORD000716,C00693,P0026,2024-03-10,8,796.68,49,50,express,True,10,795.68
ORD000717,C01719,P0145,2024-08-24,2,516.39,0,0,quick,False,5,516.39
ORD000718,C03933,P0017,2024-04-03,6,1329.28,49,0,express,False,3,1378.28
ORD000719,C03732,P0117,2024-01-26,4,266.51,49,0,standard,False,14,315.51
ORD000720,C02659,P0136,2024-05-13,5,473.49,99,0,quick,False,1,572.49
ORD000721,C01721,P0066,2024-07-13,1,624.2,0,50,quick,False,15,574.2
ORD000722,C04051,P0390,2024-06-16,6,590.59,149,100,standard,False,7,639.59
ORD000723,C02291,P0313,2024-04-18,8,1875.57,49,0,standard,False,0,1924.57
ORD000724,C04199,P0462,2024-08-20,2,341.38,0,0,express,False,20,341.38
ORD000725,C02698,P0029,2024-06-16,1,139.71,0,50,quick,False,7,89.71000000000001
ORD000726,C03374,P0072,2024-06-21,9,1836.01,99,200,quick,False,22,1735.01
ORD000727,C01010,P0122,2024-07-13,2,270.3,49,0,quick,True,7,319.3
ORD000728,C01041,P0444,2024-05-22,8,432.53,0,200,quick,True,14,232.52999999999997
ORD000729,C01557,P0488,2024-08-03,5,628.85,149,50,standard,True,19,727.85
ORD000730,C01207,P0474,2024-05-09,2,2706.31,0,200,quick,True,6,2506.31
ORD000731,C01680,P0227,2024-02-11,5,635.41,99,50,standard,False,7,684.41
ORD000732,C03621,P0337,2024-08-28,9,514.62,49,0,standard,True,15,563.62
ORD000733,C03352,P0478,2024-01-10,6,712.34,99,0,express,True,23,811.34
ORD000734,C01678,P0272,2024-10-03,3,2572.71,49,0,express,False,10,2621.71
ORD000735,C03596,P0245,2024-01-27,8,1291.41,0,200,quick,False,23,1091.41
ORD000736,C02745,P0436,2024-06-28,1,228.56,149,200,standard,True,12,177.56
ORD000737,C03545,P0389,2024-04-24,9,1237.11,0,200,standard,False,6,1037.11
ORD000738,C02993,P0038,2024-11-28,9,1386.63,0,200,standard,True,12,1186.63
ORD000739,C00780,P0408,2024-02-05,4,920.4,0,100,quick,False,5,820.4
ORD000740,C00945,P0169,2024-11-29,8,848.49,49,0,express,False,0,897.49
ORD000741,C03428,P0425,2024-01-21,3,505.97,49,0,quick,False,11,554.97
ORD000742,C03098,P0314,2024-01-16,6,817.46,0,100,quick,False,0,717.46
ORD000743,C00547,P0101,2024-05-06,8,1035.45,49,200,express,True,2,884.45
ORD000744,C02207,P0293,2024-04-12,9,190.73,49,100,express,True,11,139.73
ORD000745,C02984,P0414,2024-01-11,8,307.25,0,200,standard,False,0,107.25
ORD000746,C02590,P0242,2024-11-14,9,250.04,0,100,quick,False,17,150.04
ORD000747,C02174,P0156,2024-03-19,4,1387.13,49,0,standard,True,3,1436.13
ORD000748,C01797,P0359,2024-05-02,1,896.61,99,100,standard,False,4,895.61
ORD000749,C01880,P0264,2024-03-05,7,518.48,49,50,standard,False,9,517.48
ORD000750,C03056,P0256,2024-08-30,4,1323.31,49,200,quick,False,14,1172.31
ORD000751,C02257,P0463,2024-12-08,1,982.08,0,100,quick,False,6,882.08
ORD000752,C02197,P0357,2024-02-28,3,1813.08,49,200,express,False,20,1662.08
ORD000753,C00030,P0342,2024-10-15,7,154.94,49,0,quick,True,18,203.94
ORD000754,C00611,P0122,2024-04-21,3,597.14,99,200,standard,False,11,496.14
ORD000755,C04397,P0455,2024-08-26,1,957.71,0,100,standard,True,1,857.71
ORD000756,C03010,P0046,2024-12-24,7,261.79,0,200,standard,False,0,61.79000000000002
ORD000757,C02912,P0331,2024-05-11,8,376.34,0,50,quick,False,6,326.34
ORD000758,C03802,P0009,2024-07-07,5,479.07,0,50,express,True,6,429.07
ORD000759,C02812,P0143,2024-03-26,6,1206.02,49,100,standard,False,9,1155.02
ORD000760,C00682,P0430,2024-11-06,3,575.27,0,100,quick,False,5,475.27
ORD000761,C00256,P0298,2024-11-06,5,574.29,0,200,standard,False,7,374.28999999999996
ORD000762,C00939,P0151,2024-02-28,3,493.57,99,0,standard,True,8,592.5699999999999
ORD000763,C02894,P0486,2024-03-24,2,280.67,0,50,express,False,23,230.67000000000002
ORD000764,C03185,P0135,2024-06-08,7,1894.42,149,50,standard,False,5,1993.42
ORD000765,C00776,P0074,2024-02-25,7,366.7,0,0,quick,True,10,366.7
ORD000766,C02732,P0360,2024-10-23,8,685.67,49,0,quick,False,17,734.67
ORD000767,C00731,P0025,2024-01-14,1,211.76,149,0,quick,False,7,360.76
ORD000768,C02042,P0006,2024-06-08,2,497.71,0,50,express,False,5,447.71
ORD000769,C00969,P0078,2024-10-21,2,1737.95,0,100,quick,False,6,1637.95
ORD000770,C00102,P0014,2024-12-12,3,3876.19,99,50,quick,False,0,3925.19
ORD000771,C01083,P0431,2024-07-11,7,413.32,0,100,quick,False,5,313.32
ORD000772,C04862,P0386,2024-07-22,7,216.06,0,100,standard,False,8,116.06
ORD000773,C03070,P0399,2024-04-11,7,363.28,49,0,standard,True,3,412.28
ORD000774,C03748,P0206,2024-02-08,1,376.46,49,50,quick,True,0,375.46
ORD000775,C00371,P0088,2024-10-30,2,822.98,149,200,standard,True,21,771.98
ORD000776,C00678,P0096,2024-12-19,8,578.84,49,50,quick,False,4,577.84
ORD000777,C00201,P0397,2024-11-17,9,1123.1,49,50,standard,False,12,1122.1
ORD000778,C00088,P0215,2024-05-04,7,944.83,0,0,standard,False,20,944.83
ORD000779,C01996,P0458,2024-02-22,1,301.6,0,0,quick,False,3,301.6
ORD000780,C04494,P0258,2024-12-22,4,1172.56,0,200,quick,False,10,972.56
ORD000781,C00187,P0328,2024-06-03,8,1415.24,99,200,quick,False,6,1314.24
ORD000782,C04747,P0453,2024-12-16,5,737.59,0,200,standard,False,9,537.59
ORD000783,C01554,P0286,2024-11-03,1,1937.54,0,100,standard,False,14,1837.54
ORD000784,C04682,P0374,2024-03-02,7,1168.33,49,0,quick,False,7,1217.33
ORD000785,C00229,P0463,2024-10-16,6,732.39,0,0,standard,True,11,732.39
ORD000786,C03552,P0074,2024-01-22,9,1755.36,0,100,standard,False,11,1655.36
ORD000787,C00054,P0241,2024-06-26,4,741.03,0,200,standard,True,21,541.03
ORD000788,C04366,P0016,2024-09-29,4,614.52,0,100,standard,True,5,514.52
ORD000789,C04031,P0176,2024-08-07,8,407.32,0,100,standard,False,16,307.32
ORD000790,C01123,P0258,2024-12-04,4,1600.09,149,200,standard,False,19,1549.09
ORD000791,C03140,P0122,2024-07-08,3,190.66,0,200,standard,True,13,-9.340000000000003
ORD000792,C03370,P0466,2024-02-05,7,548.06,149,0,standard,False,22,697.06
ORD000793,C01552,P0471,2024-09-16,5,638.64,149,0,quick,False,2,787.64
ORD000794,C00115,P0310,2024-11-27,9,665.38,0,50,standard,True,3,615.38
ORD000795,C03613,P0110,2024-06-23,5,837.67,0,50,express,True,4,787.67
ORD000796,C04418,P0255,2024-01-07,9,592.36,0,50,express,True,4,542.36
ORD000797,C02610,P0233,2024-08-03,6,306.77,149,0,express,False,6,455.77
ORD000798,C00359,P0455,2024-09-07,6,1460.17,0,100,standard,False,6,1360.17
ORD000799,C00027,P0496,2024-02-24,6,849.09,0,200,standard,True,17,649.09
ORD000800,C03837,P0355,2024-08-09,7,1466.28,0,0,express,True,12,1466.28
ORD000801,C03533,P0039,2024-07-04,4,325.12,0,50,standard,True,22,275.12
ORD000802,C01418,P0121,2024-11-21,4,808.46,0,0,quick,False,11,808.46
ORD000803,C04039,P0449,2024-08-23,9,975.66,0,0,quick,False,10,975.66
ORD000804,C02916,P0214,2024-12-28,7,437.48,0,200,quick,True,19,237.48000000000002
ORD000805,C01294,P0295,2024-03-19,6,1269.83,49,0,quick,False,13,1318.83
ORD000806,C03629,P0285,2024-08-10,1,100.76,49,200,standard,False,20,-50.24000000000001
ORD000807,C02075,P0280,2024-03-31,7,731.57,0,0,standard,True,7,731.57
ORD000808,C04839,P0006,2024-09-24,6,764.56,0,100,quick,False,1,664.56
ORD000809,C03677,P0091,2024-11-29,4,633.26,149,0,quick,False,19,782.26
ORD000810,C03153,P0360,2024-05-18,8,795.07,0,50,express,False,18,745.07
ORD000811,C01778,P0433,2024-11-11,7,227.1,0,0,quick,False,6,227.1
ORD000812,C04675,P0122,2024-10-02,8,907.14,149,200,express,False,17,856.1399999999999
ORD000813,C03894,P0336,2024-09-04,9,385.41,0,0,express,False,9,385.41
ORD000814,C02498,P0095,2024-08-26,1,520.1,99,100,quick,False,4,519.1
ORD000815,C04528,P0000,2024-08-11,3,382.59,99,100,quick,False,10,381.59
ORD000816,C00373,P0090,2024-10-30,2,548.63,0,0,quick,False,7,548.63
ORD000817,C02265,P0427,2024-05-17,3,779.21,49,0,standard,True,1,828.21
ORD000818,C01131,P0483,2024-06-14,2,1374.6,0,0,standard,False,20,1374.6
ORD000819,C01842,P0432,2024-05-05,6,561.39,0,100,quick,False,8,461.39
ORD000820,C01573,P0006,2024-02-14,9,372.29,0,0,express,True,4,372.29
ORD000821,C04444,P0119,2024-05-22,2,567.52,0,0,express,False,16,567.52
ORD000822,C00787,P0386,2024-08-18,4,916.13,0,100,standard,False,18,816.13
ORD000823,C01545,P0349,2024-05-04,5,397.0,49,50,standard,True,15,396.0
ORD000824,C04121,P0128,2024-08-25,5,473.44,99,200,standard,False,6,372.44000000000005
ORD000825,C04954,P0178,2024-10-18,1,678.22,149,100,standard,True,23,727.22
ORD000826,C00369,P0097,2024-11-08,6,342.71,0,50,standard,True,2,292.71
ORD000827,C04979,P0421,2024-12-08,5,263.2,0,200,standard,False,15,63.19999999999999
ORD000828,C04374,P0042,2024-07-13,6,204.9,0,0,quick,False,21,204.9
ORD000829,C01702,P0182,2024-06-21,4,403.36,0,0,standard,False,19,403.36
ORD000830,C01657,P0184,2024-01-15,6,133.69,149,200,express,False,2,82.69
ORD000831,C01928,P0052,2024-09-10,9,712.08,0,0,standard,False,5,712.08
ORD000832,C04055,P0227,2024-06-15,1,234.43,0,50,standard,True,16,184.43
ORD000833,C00606,P0160,2024-04-03,6,430.69,149,100,quick,False,12,479.69000000000005
ORD000834,C02576,P0234,2024-09-06,1,318.55,0,100,express,True,20,218.55
ORD000835,C04124,P0463,2024-04-18,7,795.71,0,0,express,False,16,795.71
ORD000836,C00322,P0445,2024-06-30,4,1428.6,0,200,standard,True,11,1228.6
ORD000837,C01876,P0357,2024-05-12,6,801.25,49,200,express,True,15,650.25
ORD000838,C00583,P0394,2024-06-23,7,646.39,149,50,quick,False,16,745.39
ORD000839,C02809,P0199,2024-05-23,5,873.12,99,100,standard,False,14,872.12
ORD000840,C00655,P0435,2024-11-01,9,120.31,49,0,quick,False,5,169.31
ORD000841,C04881,P0000,2024-12-25,8,190.75,0,0,standard,True,10,190.75
ORD000842,C00222,P0013,2024-05-21,3,168.82,0,100,standard,False,22,68.82
ORD000843,C02122,P0477,2024-10-11,1,171.35,0,100,standard,False,11,71.35
ORD000844,C02220,P0212,2024-01-06,8,310.23,0,50,standard,False,16,260.23
ORD000845,C03550,P0377,2024-09-21,4,630.58,0,100,standard,False,22,530.58
ORD000846,C02442,P0276,2024-04-07,7,184.27,0,50,quick,True,15,134.27
ORD000847,C04928,P0033,2024-02-13,4,2013.61,0,50,standard,False,22,1963.61
ORD000848,C03985,P0485,2024-05-03,7,1447.14,99,0,standard,False,15,1546.14
ORD000849,C00166,P0473,2024-07-27,1,2593.05,0,200,standard,True,15,2393.05
ORD000850,C02016,P0360,2024-09-07,1,129.4,0,100,standard,False,8,29.400000000000006
ORD000851,C00117,P0269,2024-10-11,2,1433.56,99,50,standard,False,18,1482.56
ORD000852,C01809,P0167,2024-05-03,5,1238.8,49,50,standard,False,12,1237.8
ORD000853,C02206,P0377,2024-12-19,6,1725.71,0,200,quick,False,20,1525.71
ORD000854,C01250,P0418,2024-08-31,2,624.46,0,200,standard,False,18,424.46000000000004
ORD000855,C04006,P0169,2024-11-26,1,1184.45,149,50,express,False,20,1283.45
ORD000856,C03109,P0081,2024-12-30,9,135.85,49,100,standard,True,1,84.85
ORD000857,C04558,P0403,2024-09-08,7,154.24,0,100,standard,True,6,54.24000000000001
ORD000858,C01671,P0315,2024-08-17,8,187.32,49,100,quick,True,7,136.32
ORD000859,C02151,P0136,2024-01-09,6,1822.84,149,200,quick,False,6,1771.84
ORD000860,C02297,P0232,2024-02-17,9,143.18,99,100,standard,False,14,142.18
ORD000861,C01036,P0114,2024-05-30,8,172.87,0,100,express,True,7,72.87
ORD000862,C02614,P0251,2024-04-23,4,1964.6,0,100,standard,False,12,1864.6
ORD000863,C01879,P0492,2024-07-26,5,178.53,0,200,quick,True,6,-21.47
ORD000864,C00596,P0288,2024-12-20,2,1525.84,99,0,standard,False,9,1624.84
ORD000865,C00620,P0048,2024-05-04,1,1189.03,0,0,standard,False,13,1189.03
ORD000866,C00070,P0451,2024-06-05,6,127.78,49,100,quick,True,12,76.78
ORD000867,C01803,P0003,2024-12-05,3,114.46,149,0,standard,False,18,263.46
ORD000868,C04533,P0378,2024-10-24,4,634.08,0,100,standard,False,5,534.08
ORD000869,C01067,P0175,2024-07-07,1,4207.57,149,200,standard,False,11,4156.57
ORD000870,C01925,P0271,2024-08-30,6,1576.39,0,100,standard,False,8,1476.39
ORD000871,C01037,P0430,2024-10-10,8,358.77,0,0,quick,True,17,358.77
ORD000872,C03442,P0025,2024-09-28,4,440.78,49,50,standard,False,2,439.78
ORD000873,C03183,P0069,2024-06-25,8,442.61,0,200,express,False,4,242.61
ORD000874,C01402,P0292,2024-08-05,3,1026.45,0,0,quick,True,2,1026.45
ORD000875,C02361,P0405,2024-10-08,7,391.06,0,0,quick,True,9,391.06
ORD000876,C01438,P0233,2024-06-18,3,210.95,99,50,standard,False,14,259.95
ORD000877,C03811,P0230,2024-06-29,6,1061.35,0,0,quick,False,16,1061.35
ORD000878,C00484,P0262,2024-12-25,4,527.76,0,50,standard,False,11,477.76
ORD000879,C04264,P0425,2024-08-20,6,154.92,99,100,quick,True,7,153.92
ORD000880,C04898,P0285,2024-05-18,7,1191.63,99,200,quick,False,18,1090.63
ORD000881,C00245,P0073,2024-06-05,8,715.16,0,200,quick,False,1,515.16
ORD000882,C04944,P0120,2024-05-08,6,569.48,0,200,express,True,14,369.48
ORD000883,C03371,P0462,2024-04-28,4,882.19,149,50,standard,True,16,981.19
ORD000884,C01350,P0005,2024-03-02,9,591.76,0,50,standard,False,19,541.76
ORD000885,C00529,P0023,2024-04-08,7,830.72,149,0,standard,False,10,979.72
ORD000886,C04942,P0193,2024-06-10,9,1513.76,0,200,express,True,13,1313.76
ORD000887,C03814,P0167,2024-03-02,3,764.46,149,0,standard,True,14,913.46
ORD000888,C01788,P0376,2024-10-01,5,853.34,0,100,quick,True,14,753.34
ORD000889,C01702,P0499,2024-12-19,1,765.08,0,0,quick,False,13,765.08
ORD000890,C03625,P0398,2024-04-04,8,629.28,0,200,standard,False,13,429.28
ORD000891,C03320,P0436,2024-04-08,1,231.1,0,50,standard,True,11,181.1
ORD000892,C00759,P0340,2024-04-20,1,385.29,149,0,standard,False,15,534.29
ORD000893,C01403,P0209,2024-09-04,7,925.88,0,0,standard,False,10,925.88
ORD000894,C00797,P0132,2024-05-21,8,486.95,0,50,express,False,8,436.95
ORD000895,C00531,P0344,2024-10-28,3,463.77,99,50,standard,True,12,512.77
ORD000896,C01917,P0291,2024-09-25,2,1095.85,99,200,express,True,0,994.8499999999999
ORD000897,C04959,P0457,2024-11-01,7,102.91,0,100,standard,True,5,2.9099999999999966
ORD000898,C04137,P0498,2024-05-24,5,894.41,0,200,express,True,14,694.41
ORD000899,C03416,P0173,2024-02-21,1,569.28,0,0,standard,False,7,569.28
ORD000900,C00598,P0150,2024-04-09,2,429.98,0,200,standard,False,8,229.98000000000002
ORD000901,C00305,P0087,2024-05-31,3,390.43,0,200,standard,False,20,190.43
ORD000902,C04904,P0300,2024-04-26,6,231.86,0,50,standard,False,2,181.86
ORD000903,C02909,P0265,2024-07-03,1,383.79,0,100,quick,False,11,283.79
ORD000904,C00678,P0309,2024-04-01,8,446.64,149,100,quick,False,2,495.64
ORD000905,C03384,P0069,2024-06-03,2,501.69,0,200,standard,True,9,301.69
ORD000906,C00730,P0204,2024-01-08,5,879.96,0,50,standard,False,16,829.96
ORD000907,C02025,P0340,2024-12-28,8,522.05,0,50,express,False,16,472.04999999999995
ORD000908,C04998,P0031,2024-09-30,5,1212.72,0,0,standard,False,17,1212.72
ORD000909,C04228,P0042,2024-03-05,8,813.65,149,0,standard,False,20,962.65
ORD000910,C02766,P0117,2024-05-20,6,246.16,49,0,standard,True,2,295.15999999999997
ORD000911,C02098,P0376,2024-01-24,7,326.21,99,0,quick,False,8,425.21
ORD000912,C00391,P0014,2024-01-28,8,156.8,149,0,standard,False,7,305.8
ORD000913,C02743,P0321,2024-10-10,3,2138.54,0,0,standard,True,3,2138.54
ORD000914,C03784,P0398,2024-05-29,5,1622.48,0,50,express,True,3,1572.48
ORD000915,C03837,P0114,2024-12-23,7,161.03,0,50,quick,True,2,111.03
ORD000916,C04603,P0336,2024-03-05,9,696.45,0,100,standard,False,11,596.45
ORD000917,C01685,P0019,2024-11-22,6,2359.28,0,100,standard,True,1,2259.28
ORD000918,C02914,P0177,2024-09-08,1,1061.45,99,200,express,True,17,960.45
ORD000919,C01418,P0261,2024-02-22,8,572.83,0,200,quick,False,6,372.83000000000004
ORD000920,C04191,P0078,2024-01-07,6,292.12,0,200,quick,False,10,92.12
ORD000921,C04201,P0380,2024-10-20,1,328.02,99,100,standard,True,6,327.02
ORD000922,C04090,P0400,2024-05-25,4,1031.9,99,100,express,True,21,1030.9
ORD000923,C03726,P0119,2024-08-28,6,1160.72,49,0,standard,False,10,1209.72
ORD000924,C04773,P0025,2024-09-02,1,625.57,49,50,standard,True,8,624.57
ORD000925,C03629,P0021,2024-08-13,5,189.24,0,100,express,False,9,89.24000000000001
ORD000926,C03313,P0200,2024-06-23,3,2000.28,99,0,quick,False,23,2099.2799999999997
ORD000927,C04951,P0063,2024-04-04,7,1402.96,0,0,express,False,21,1402.96
ORD000928,C04885,P0459,2024-01-27,8,205.01,49,0,quick,False,8,254.01
ORD000929,C04610,P0213,2024-05-09,3,139.88,99,0,standard,True,6,238.88
ORD000930,C01084,P0313,2024-09-01,3,636.31,49,50,standard,True,22,635.31
ORD000931,C01007,P0470,2024-02-28,3,332.99,0,0,standard,True,19,332.99
ORD000932,C01317,P0292,2024-02-03,6,332.12,99,0,express,False,4,431.12
ORD000933,C02349,P0077,2024-07-24,6,162.88,99,0,quick,False,22,261.88
ORD000934,C02693,P0215,2024-09-08,3,2245.1,149,0,quick,False,23,2394.1
ORD000935,C02278,P0455,2024-02-07,6,1340.06,0,0,quick,False,17,1340.06
ORD000936,C03722,P0473,2024-10-22,9,183.6,149,0,standard,False,8,332.6
ORD000937,C03693,P0223,2024-11-18,8,1563.62,49,50,standard,True,0,1562.62
ORD000938,C04392,P0376,2024-12-17,7,903.1,0,50,standard,True,9,853.1
ORD000939,C04550,P0027,2024-01-28,7,374.59,0,0,express,False,9,374.59
ORD000940,C04335,P0479,2024-03-18,8,1533.92,0,200,standard,False,11,1333.92
ORD000941,C03247,P0469,2024-03-17,7,736.95,49,0,quick,False,12,785.95
ORD000942,C03134,P0304,2024-10-15,3,1420.8,99,0,quick,True,12,1519.8
ORD000943,C02598,P0200,2024-06-04,8,542.45,0,50,standard,True,18,492.45000000000005
ORD000944,C02185,P0066,2024-02-13,8,585.12,49,100,express,True,20,534.12
ORD000945,C04052,P0472,2024-05-07,1,339.74,0,50,express,False,0,289.74
ORD000946,C04549,P0358,2024-03-01,5,442.36,99,0,quick,True,15,541.36
ORD000947,C03824,P0125,2024-10-12,5,686.13,0,50,quick,True,20,636.13
ORD000948,C03520,P0459,2024-08-01,1,2156.01,0,100,quick,False,16,2056.01
ORD000949,C01249,P0348,2024-11-06,6,740.61,149,0,standard,False,4,889.61
ORD000950,C02074,P0194,2024-11-01,6,210.61,49,100,quick,False,12,159.61
ORD000951,C02504,P0424,2024-11-12,4,103.91,99,50,express,True,7,152.91
ORD000952,C04790,P0173,2024-04-25,6,1431.61,49,200,standard,False,7,1280.61
ORD000953,C04805,P0086,2024-09-24,6,416.15,0,0,standard,True,23,416.15
ORD000954,C02014,P0342,2024-07-13,1,363.8,99,100,quick,True,23,362.8
ORD000955,C04944,P0310,2024-08-18,5,1228.17,0,50,standard,True,6,1178.17
ORD000956,C00948,P0465,2024-08-14,2,2133.95,49,0,express,False,15,2182.95
ORD000957,C00106,P0394,2024-06-01,7,1063.95,149,50,quick,True,7,1162.95
ORD000958,C02491,P0483,2024-10-28,9,232.68,99,0,standard,False,16,331.68
ORD000959,C04692,P0153,2024-08-07,9,446.59,99,200,express,False,18,345.5899999999999
ORD000960,C00154,P0455,2024-06-05,9,1096.23,99,0,standard,True,17,1195.23
ORD000961,C03240,P0475,2024-10-18,7,1761.05,49,100,standard,False,14,1710.05
ORD000962,C00795,P0209,2024-11-13,7,4698.93,0,50,express,False,23,4648.93
ORD000963,C04367,P0012,2024-01-31,1,600.58,149,50,quick,False,14,699.58
ORD000964,C01570,P0163,2024-11-08,6,1309.25,49,100,express,False,10,1258.25
ORD000965,C01634,P0489,2024-02-20,5,132.43,0,0,express,False,2,132.43
ORD000966,C01938,P0487,2024-04-16,8,334.64,0,0,standard,False,10,334.64
ORD000967,C01532,P0254,2024-11-16,8,424.11,49,200,quick,False,6,273.11
ORD000968,C03028,P0383,2024-04-18,4,2696.04,0,100,quick,True,13,2596.04
ORD000969,C04217,P0491,2024-05-15,1,101.38,0,0,standard,True,22,101.38
ORD000970,C01440,P0063,2024-12-04,6,356.74,0,50,standard,False,13,306.74
ORD000971,C01398,P0306,2024-02-11,1,1964.62,149,0,standard,True,6,2113.62
ORD000972,C03646,P0075,2024-03-21,5,355.38,99,200,quick,True,14,254.38
ORD000973,C03397,P0021,2024-05-02,5,277.48,149,0,standard,False,14,426.48
ORD000974,C04245,P0059,2024-03-29,3,1015.76,0,50,standard,True,17,965.76
ORD000975,C04802,P0385,2024-10-09,5,1056.48,49,200,express,True,0,905.48
ORD000976,C03042,P0055,2024-02-08,6,546.3,149,200,express,True,11,495.29999999999995
ORD000977,C01615,P0167,2024-03-21,5,2154.14,49,200,quick,True,4,2003.1399999999999
ORD000978,C01513,P0411,2024-01-02,1,257.57,99,50,standard,True,18,306.57
ORD000979,C02598,P0204,2024-07-28,7,1811.65,0,0,quick,False,4,1811.65
ORD000980,C00844,P0352,2024-08-18,3,1085.0,0,50,quick,False,9,1035.0
ORD000981,C03419,P0258,2024-12-18,7,420.44,149,0,standard,False,23,569.44
ORD000982,C03530,P0190,2024-10-31,5,1250.21,99,0,standard,False,0,1349.21
ORD000983,C02327,P0481,2024-08-28,3,199.06,0,50,standard,True,15,149.06
ORD000984,C03040,P0406,2024-05-29,6,197.27,99,0,standard,False,21,296.27
ORD000985,C01976,P0054,2024-01-17,1,1959.85,0,50,express,False,11,1909.85
ORD000986,C01835,P0415,2024-04-28,6,168.7,149,200,quick,True,10,117.69999999999999
ORD000987,C04899,P0339,2024-05-27,4,101.86,99,0,express,True,7,200.86
ORD000988,C00354,P0283,2024-12-27,4,443.9,49,100,standard,False,13,392.9
ORD000989,C01605,P0379,2024-05-24,5,175.75,0,100,standard,False,13,75.75
ORD000990,C04473,P0263,2024-12-25,9,1490.63,0,100,quick,True,21,1390.63
ORD000991,C03195,P0258,2024-08-20,1,1890.98,149,200,standard,True,12,1839.98
ORD000992,C02127,P0349,2024-02-06,3,560.02,149,200,standard,False,22,509.02
ORD000993,C00987,P0088,2024-12-17,4,486.94,149,0,standard,False,17,635.94
ORD000994,C04328,P0436,2024-04-29,2,641.11,49,200,standard,True,9,490.11
ORD000995,C00153,P0221,2024-05-15,9,278.5,0,0,express,False,10,278.5
ORD000996,C00906,P0412,2024-11-16,7,346.64,49,100,quick,False,18,295.64
ORD000997,C03763,P0494,2024-10-28,1,173.51,0,50,express,False,0,123.50999999999999
ORD000998,C01620,P0349,2024-12-04,9,512.98,99,50,quick,False,18,561.98
ORD000999,C03628,P0481,2024-04-11,6,761.17,49,200,quick,False,1,610.17
ORD001000,C03574,P0088,2024-08-05,2,1962.72,49,100,quick,False,4,1911.72
ORD001001,C04418,P0464,2024-02-28,1,1039.46,0,100,quick,False,4,939.46
ORD001002,C00331,P0058,2024-10-05,6,997.78,0,0,express,True,10,997.78
ORD001003,C04338,P0151,2024-04-25,7,356.72,0,0,standard,False,18,356.72
ORD001004,C00429,P0421,2024-11-27,6,1633.31,99,100,standard,True,20,1632.31
ORD001005,C02423,P0027,2024-03-17,7,2154.64,0,200,quick,False,19,1954.6399999999999
ORD001006,C00080,P0224,2024-05-16,6,1983.49,0,200,standard,True,19,1783.49
ORD001007,C01573,P0317,2024-03-13,8,126.7,49,100,quick,True,18,75.69999999999999
ORD001008,C00419,P0483,2024-02-06,2,748.06,99,50,quick,False,12,797.06
ORD001009,C00466,P0050,2024-01-31,9,820.46,0,50,standard,False,12,770.46
ORD001010,C03393,P0262,2024-03-25,9,343.75,0,0,standard,False,6,343.75
ORD001011,C01565,P0278,2024-06-06,9,3515.85,149,100,express,False,12,3564.85
ORD001012,C01518,P0045,2024-10-31,7,339.91,0,50,standard,False,2,289.91
ORD001013,C04030,P0473,2024-10-18,9,269.89,149,200,quick,True,17,218.89
ORD001014,C02035,P0333,2024-05-27,1,562.35,49,0,standard,False,12,611.35
ORD001015,C00803,P0105,2024-08-12,3,372.21,149,0,express,False,6,521.21
ORD001016,C01077,P0283,2024-03-04,2,1903.19,149,100,standard,True,15,1952.19
ORD001017,C01632,P0023,2024-08-27,1,504.97,49,0,standard,False,3,553.97
ORD001018,C01984,P0006,2024-12-18,5,468.52,0,0,standard,False,10,468.52
ORD001019,C00003,P0367,2024-06-04,1,787.19,149,200,standard,False,18,736.19
ORD001020,C00602,P0483,2024-12-24,3,158.22,0,200,quick,False,14,-41.78
ORD001021,C02367,P0486,2024-07-25,6,1088.52,99,200,standard,True,20,987.52
ORD001022,C03675,P0334,2024-05-19,6,1122.92,149,0,quick,False,9,1271.92
ORD001023,C00500,P0432,2024-09-13,3,548.75,149,50,standard,True,2,647.75
ORD001024,C00184,P0002,2024-10-03,4,2280.71,49,200,standard,True,5,2129.71
ORD001025,C03509,P0495,2024-09-09,7,705.15,49,0,standard,False,3,754.15
ORD001026,C03251,P0257,2024-08-12,6,930.75,149,100,standard,False,21,979.75
ORD001027,C03147,P0262,2024-02-11,2,1906.1,149,100,quick,False,17,1955.1
ORD001028,C02940,P0120,2024-11-02,9,867.35,49,100,standard,False,5,816.35
ORD001029,C01295,P0207,2024-01-21,6,494.73,49,50,standard,True,1,493.73
ORD001030,C00054,P0020,2024-08-09,2,116.56,0,100,standard,True,22,16.560000000000002
ORD001031,C01724,P0392,2024-06-14,7,1011.14,0,100,quick,False,19,911.14
ORD001032,C02910,P0139,2024-11-05,4,2443.01,0,0,express,False,15,2443.01
ORD001033,C01870,P0476,2024-05-08,1,543.73,149,50,quick,False,0,642.73
ORD001034,C04172,P0279,2024-01-14,9,389.62,0,50,standard,False,5,339.62
ORD001035,C02343,P0288,2024-02-16,8,611.7,0,0,standard,False,6,611.7
ORD001036,C03290,P0205,2024-04-27,5,1011.49,99,0,standard,False,2,1110.49
ORD001037,C03348,P0042,2024-12-11,3,99.48,0,100,standard,False,12,-0.519999999999996
ORD001038,C01601,P0337,2024-10-21,4,1626.57,49,0,standard,False,9,1675.57
ORD001039,C02793,P0117,2024-10-27,3,1621.32,0,0,standard,False,6,1621.32
ORD001040,C03337,P0004,2024-01-11,8,644.55,49,0,standard,False,7,693.55
ORD001041,C02090,P0206,2024-12-10,5,190.38,99,0,standard,False,9,289.38
ORD001042,C01251,P0122,2024-05-17,8,878.9,149,0,standard,False,21,1027.9
ORD001043,C00170,P0326,2024-10-22,1,202.82,0,200,standard,True,16,2.819999999999993
ORD001044,C02809,P0344,2024-01-21,9,594.85,0,0,standard,False,2,594.85
ORD001045,C02354,P0141,2024-03-30,3,167.82,49,0,express,True,14,216.82
ORD001046,C01773,P0371,2024-08-28,1,721.52,0,0,express,True,1,721.52
ORD001047,C03754,P0231,2024-09-22,3,366.98,0,0,quick,False,11,366.98
ORD001048,C03991,P0163,2024-11-29,2,1343.46,0,0,express,True,16,1343.46
ORD001049,C02081,P0034,2024-08-14,7,1225.42,49,0,quick,False,0,1274.42
ORD001050,C00826,P0363,2024-05-22,4,4638.52,0,200,standard,True,5,4438.52
ORD001051,C01665,P0433,2024-04-02,7,307.42,0,0,standard,False,10,307.42
ORD001052,C00129,P0471,2024-10-26,3,143.66,0,100,standard,False,13,43.66
ORD001053,C01417,P0334,2024-08-11,6,508.64,99,200,standard,False,12,407.64
ORD001054,C03787,P0010,2024-11-21,7,159.96,0,200,standard,False,5,-40.03999999999999
ORD001055,C01407,P0407,2024-09-08,7,236.64,149,100,standard,False,3,285.64
ORD001056,C00593,P0074,2024-02-16,5,735.69,99,200,standard,False,4,634.69
ORD001057,C01037,P0299,2024-08-28,6,726.77,49,0,quick,False,17,775.77
ORD001058,C02128,P0434,2024-06-27,3,130.01,0,100,quick,False,13,30.00999999999999
ORD001059,C03278,P0400,2024-07-28,4,508.51,99,0,standard,True,15,607.51
ORD001060,C04299,P0380,2024-06-19,6,627.84,149,200,quick,False,23,576.84
ORD001061,C00022,P0197,2024-06-13,3,317.41,49,50,standard,True,2,316.41
ORD001062,C01633,P0340,2024-12-09,7,1538.24,49,100,standard,False,12,1487.24
ORD001063,C04001,P0263,2024-02-23,3,221.96,49,0,quick,True,6,270.96000000000004
ORD001064,C04199,P0334,2024-03-23,9,304.03,149,200,express,False,4,253.02999999999997
ORD001065,C01405,P0373,2024-06-17,4,218.55,0,50,quick,False,6,168.55
ORD001066,C01478,P0499,2024-07-29,2,185.74,149,200,standard,False,9,134.74
ORD001067,C01194,P0223,2024-12-21,6,1577.25,0,0,standard,False,13,1577.25
ORD001068,C00575,P0121,2024-09-10,9,326.87,99,0,standard,True,22,425.87
ORD001069,C01606,P0073,2024-05-27,2,996.41,49,0,quick,True,21,1045.4099999999999
ORD001070,C04369,P0027,2024-12-05,4,490.01,99,50,standard,False,15,539.01
ORD001071,C00451,P0462,2024-07-24,5,806.18,0,0,quick,True,5,806.18
ORD001072,C00124,P0395,2024-10-08,9,1942.48,99,200,quick,True,19,1841.48
ORD001073,C03454,P0170,2024-01-19,7,1402.26,0,200,express,True,18,1202.26
ORD001074,C02364,P0465,2024-08-20,5,149.04,49,200,quick,True,9,-1.960000000000008
ORD001075,C01866,P0375,2024-02-15,6,1404.95,99,100,quick,True,18,1403.95
ORD001076,C01683,P0420,2024-06-10,9,519.81,0,200,quick,False,6,319.80999999999995
ORD001077,C00906,P0363,2024-05-09,4,400.7,0,0,standard,False,16,400.7
ORD001078,C03534,P0382,2024-06-14,2,880.15,99,100,standard,True,22,879.15
ORD001079,C00429,P0215,2024-02-29,5,2198.93,99,100,standard,False,21,2197.93
ORD001080,C02751,P0318,2024-07-25,7,168.21,99,100,quick,True,14,167.21000000000004
ORD001081,C03825,P0100,2024-09-20,4,1121.94,149,100,quick,True,8,1170.94
ORD001082,C00361,P0245,2024-01-01,1,258.28,149,50,quick,True,6,357.28
ORD001083,C04891,P0092,2024-12-02,8,433.78,149,200,quick,True,0,382.78
ORD001084,C00431,P0062,2024-10-04,5,1548.05,0,50,quick,False,4,1498.05
ORD001085,C02722,P0265,2024-08-24,2,651.45,99,0,express,False,14,750.45
ORD001086,C04954,P0205,2024-07-30,3,147.89,149,50,standard,False,2,246.89
ORD001087,C03061,P0079,2024-01-28,5,595.56,0,100,express,False,12,495.55999999999995
ORD001088,C03223,P0036,2024-04-06,4,1190.26,0,200,quick,False,19,990.26
ORD001089,C01630,P0010,2024-09-22,9,625.85,0,200,express,False,7,425.85
ORD001090,C04671,P0114,2024-07-04,9,226.81,99,0,quick,False,16,325.81
ORD001091,C04988,P0089,2024-11-14,8,511.2,0,50,standard,True,10,461.2
ORD001092,C00269,P0231,2024-09-12,2,1906.1,0,200,standard,True,18,1706.1
ORD001093,C01123,P0018,2024-11-16,5,850.48,0,0,standard,False,15,850.48
ORD001094,C03176,P0051,2024-08-14,8,1015.24,0,0,standard,False,14,1015.24
ORD001095,C03392,P0373,2024-01-27,8,1178.04,149,50,standard,False,14,1277.04
ORD001096,C04533,P0273,2024-04-14,7,165.55,0,0,quick,True,18,165.55
ORD001097,C01042,P0093,2024-05-16,4,708.82,0,0,quick,True,1,708.82
ORD001098,C01641,P0031,2024-10-08,3,429.03,0,0,standard,False,23,429.03
ORD001099,C02441,P0150,2024-03-08,8,203.89,0,50,standard,False,2,153.89
ORD001100,C03297,P0139,2024-05-27,8,257.58,49,200,standard,False,9,106.57999999999998
ORD001101,C01383,P0057,2024-08-12,5,1162.59,0,0,standard,True,20,1162.59
ORD001102,C03996,P0460,2024-12-23,3,222.29,0,0,quick,False,14,222.29
ORD001103,C00014,P0020,2024-09-05,5,361.2,99,0,standard,True,11,460.2
ORD001104,C01674,P0148,2024-03-03,4,333.71,49,200,standard,False,22,182.70999999999998
ORD001105,C03617,P0220,2024-01-15,8,133.9,49,200,quick,False,22,-17.099999999999994
ORD001106,C01480,P0220,2024-11-18,2,533.13,0,0,express,False,9,533.13
ORD001107,C01745,P0241,2024-11-07,8,1115.49,0,0,standard,False,12,1115.49
ORD001108,C03046,P0218,2024-05-02,6,114.68,49,0,express,False,19,163.68
ORD001109,C04210,P0028,2024-12-29,4,182.58,0,100,express,True,5,82.58000000000001
ORD001110,C00975,P0462,2024-03-22,3,990.54,49,0,quick,True,13,1039.54
ORD001111,C01685,P0046,2024-06-08,5,729.26,149,0,standard,False,7,878.26
ORD001112,C02083,P0395,2024-10-09,6,978.29,0,50,standard,False,5,928.29
ORD001113,C02289,P0057,2024-01-08,1,282.05,149,100,quick,False,19,331.05
ORD001114,C01686,P0424,2024-10-09,1,1238.92,49,0,quick,True,23,1287.92
ORD001115,C04158,P0274,2024-07-27,3,556.57,0,200,quick,False,13,356.57000000000005
ORD001116,C00508,P0139,2024-02-17,2,758.67,0,0,express,True,14,758.67
ORD001117,C00187,P0022,2024-04-25,1,166.68,0,50,standard,False,12,116.68
ORD001118,C02782,P0388,2024-02-28,8,259.62,99,50,standard,True,21,308.62
ORD001119,C04188,P0377,2024-08-24,1,1138.07,0,200,quick,True,5,938.0699999999999
ORD001120,C04100,P0409,2024-03-01,8,276.44,0,200,standard,False,22,76.44
ORD001121,C03509,P0372,2024-11-27,5,166.97,0,200,standard,True,18,-33.03
ORD001122,C03517,P0062,2024-03-19,4,735.53,149,100,standard,True,3,784.53
ORD001123,C02072,P0051,2024-09-12,8,654.75,0,50,express,False,12,604.75
ORD001124,C00097,P0265,2024-05-29,8,754.36,149,200,quick,False,22,703.36
ORD001125,C01291,P0341,2024-09-17,8,773.19,49,50,standard,True,1,772.19
ORD001126,C03464,P0166,2024-12-27,3,584.48,49,100,standard,False,7,533.48
ORD001127,C01787,P0150,2024-05-19,8,575.54,0,100,standard,False,5,475.53999999999996
ORD001128,C00683,P0010,2024-07-31,1,1904.44,0,50,quick,False,8,1854.44
ORD001129,C01132,P0475,2024-09-04,4,633.32,149,200,quick,False,20,582.32
ORD001130,C04122,P0094,2024-08-29,5,771.35,0,0,standard,False,17,771.35
ORD001131,C03204,P0071,2024-05-04,6,316.4,0,0,standard,False,9,316.4
ORD001132,C03123,P0383,2024-08-21,5,1533.07,99,50,express,False,21,1582.07
ORD001133,C03836,P0486,2024-10-09,5,116.27,49,100,standard,False,2,65.26999999999998
ORD001134,C04876,P0047,2024-03-15,5,669.29,49,200,standard,True,22,518.29
ORD001135,C01614,P0347,2024-07-15,9,437.99,99,0,quick,False,23,536.99
ORD001136,C01041,P0271,2024-04-07,3,747.27,0,50,standard,False,23,697.27
ORD001137,C02865,P0429,2024-11-02,2,411.59,49,0,standard,False,6,460.59
ORD001138,C00854,P0430,2024-09-17,2,984.32,0,0,standard,True,15,984.32
ORD001139,C02026,P0499,2024-03-10,8,113.38,0,100,standard,False,13,13.379999999999995
ORD001140,C01987,P0094,2024-02-05,5,463.48,0,100,standard,False,17,363.48
ORD001141,C02550,P0232,2024-05-21,5,1344.59,0,100,standard,True,3,1244.59
ORD001142,C00239,P0047,2024-07-31,6,300.56,149,50,quick,True,11,399.56
ORD001143,C00489,P0207,2024-06-23,9,136.94,99,0,quick,False,2,235.94
ORD001144,C03851,P0452,2024-09-16,7,579.35,149,0,standard,False,3,728.35
ORD001145,C01036,P0226,2024-05-16,5,2725.53,149,100,quick,True,16,2774.53
ORD001146,C01338,P0408,2024-01-02,5,145.42,0,100,express,False,10,45.41999999999999
ORD001147,C04780,P0076,2024-05-24,9,149.84,0,200,quick,False,13,-50.16
ORD001148,C03269,P0348,2024-06-01,9,731.91,0,0,standard,True,14,731.91
ORD001149,C02554,P0218,2024-10-27,2,300.44,0,100,standard,False,5,200.44
ORD001150,C03500,P0359,2024-10-23,7,468.62,49,100,quick,False,8,417.62
ORD001151,C03862,P0080,2024-12-03,1,1341.46,99,100,quick,True,6,1340.46
ORD001152,C01767,P0036,2024-09-07,4,254.19,99,200,quick,False,16,153.19
ORD001153,C04708,P0101,2024-03-17,2,988.33,0,0,standard,False,1,988.33
ORD001154,C00161,P0190,2024-08-16,9,590.51,49,0,standard,False,14,639.51
ORD001155,C00655,P0028,2024-10-02,6,1746.4,149,0,quick,True,0,1895.4
ORD001156,C03006,P0313,2024-09-04,4,2626.36,99,200,quick,False,2,2525.36
ORD001157,C04716,P0252,2024-06-25,3,563.46,49,50,standard,True,20,562.46
ORD001158,C03506,P0250,2024-06-19,4,714.04,0,200,standard,False,22,514.04
ORD001159,C01256,P0225,2024-10-09,2,1057.86,49,0,standard,False,21,1106.86
ORD001160,C02158,P0093,2024-10-05,5,367.6,0,200,quick,False,23,167.60000000000002
ORD001161,C01951,P0414,2024-07-12,9,279.0,0,0,standard,True,14,279.0
ORD001162,C00749,P0085,2024-08-21,6,2439.42,0,100,quick,False,12,2339.42
ORD001163,C00708,P0109,2024-06-13,2,495.7,0,0,quick,True,10,495.7
ORD001164,C01621,P0216,2024-04-06,6,100.11,0,200,standard,True,23,-99.89
ORD001165,C04136,P0195,2024-12-23,9,1371.9,149,50,quick,False,12,1470.9
ORD001166,C04655,P0482,2024-05-02,4,739.82,0,0,quick,False,6,739.82
ORD001167,C00465,P0296,2024-10-19,1,228.22,99,200,express,True,12,127.22000000000003
ORD001168,C03995,P0433,2024-07-15,2,120.42,0,0,quick,False,1,120.42
ORD001169,C01100,P0043,2024-04-29,5,340.21,149,0,standard,False,0,489.21
ORD001170,C01713,P0392,2024-07-29,7,1939.67,49,100,quick,False,8,1888.67
ORD001171,C04585,P0442,2024-01-23,8,1996.29,49,100,quick,True,3,1945.29
ORD001172,C00116,P0089,2024-06-11,3,359.76,0,200,standard,False,22,159.76
ORD001173,C02481,P0474,2024-08-30,9,1364.23,49,0,standard,False,4,1413.23
ORD001174,C00195,P0154,2024-12-27,2,507.18,149,0,standard,False,10,656.1800000000001
ORD001175,C04714,P0465,2024-07-14,4,842.62,99,0,standard,False,21,941.62
ORD001176,C01474,P0477,2024-07-16,4,383.99,0,0,standard,False,23,383.99
ORD001177,C02472,P0108,2024-12-05,6,606.93,0,50,express,True,14,556.93
ORD001178,C04129,P0058,2024-11-29,6,342.48,0,100,standard,True,15,242.48000000000002
ORD001179,C03054,P0109,2024-03-18,3,143.14,49,50,standard,False,14,142.14
ORD001180,C01274,P0478,2024-09-10,9,204.07,49,50,express,False,2,203.07
ORD001181,C03709,P0105,2024-01-19,5,339.41,0,0,quick,False,2,339.41
ORD001182,C00338,P0386,2024-03-05,2,2717.23,99,0,quick,False,17,2816.23
ORD001183,C03511,P0220,2024-09-14,6,2459.26,49,0,standard,False,21,2508.26
ORD001184,C04275,P0262,2024-10-29,3,1329.81,0,100,standard,False,7,1229.81
ORD001185,C04717,P0081,2024-06-18,8,284.24,0,0,quick,False,22,284.24
ORD001186,C03299,P0271,2024-02-21,3,506.88,49,50,express,False,14,505.88
ORD001187,C01656,P0048,2024-08-13,5,504.6,149,0,standard,True,4,653.6
ORD001188,C00642,P0376,2024-02-21,4,441.54,149,0,quick,True,15,590.54
ORD001189,C01680,P0031,2024-09-26,4,131.14,0,0,standard,False,8,131.14
ORD001190,C01350,P0485,2024-08-21,2,634.29,149,0,standard,False,5,783.29
ORD001191,C00618,P0088,2024-01-08,8,151.92,49,50,quick,False,5,150.92
ORD001192,C01169,P0427,2024-03-14,3,1232.35,0,0,quick,False,0,1232.35
ORD001193,C00251,P0479,2024-07-28,4,921.79,149,0,standard,False,19,1070.79
ORD001194,C00301,P0018,2024-12-01,6,403.5,0,0,quick,True,3,403.5
ORD001195,C03141,P0002,2024-03-20,9,828.17,99,0,quick,True,5,927.17
ORD001196,C01566,P0377,2024-02-08,4,284.72,0,100,standard,False,9,184.72000000000003
ORD001197,C03164,P0059,2024-08-28,3,314.76,149,200,standard,True,3,263.76
ORD001198,C03957,P0418,2024-05-15,5,362.95,0,100,express,False,17,262.95
ORD001199,C02210,P0241,2024-06-22,9,1215.22,99,0,quick,False,23,1314.22
ORD001200,C03152,P0028,2024-11-15,1,264.62,49,100,quick,True,12,213.62
ORD001201,C03659,P0074,2024-12-20,5,678.13,0,100,quick,True,5,578.13
ORD001202,C00611,P0069,2024-07-22,4,255.61,0,0,standard,True,2,255.61
ORD001203,C01943,P0082,2024-11-28,5,333.87,0,0,standard,True,21,333.87
ORD001204,C00073,P0356,2024-02-11,7,286.96,99,0,standard,False,0,385.96
ORD001205,C02873,P0172,2024-06-17,7,823.96,49,50,quick,False,21,822.96
ORD001206,C04637,P0410,2024-12-11,7,622.66,49,0,quick,False,8,671.66
ORD001207,C00156,P0196,2024-09-30,1,993.33,99,100,quick,False,4,992.3299999999999
ORD001208,C03558,P0345,2024-07-13,9,272.87,0,50,quick,True,14,222.87
ORD001209,C00255,P0418,2024-06-11,7,105.43,0,50,standard,True,11,55.43000000000001
ORD001210,C03110,P0146,2024-11-16,4,897.72,0,100,quick,True,5,797.72
ORD001211,C01051,P0272,2024-09-06,4,184.4,149,0,quick,False,6,333.4
ORD001212,C02417,P0034,2024-10-04,2,296.94,49,0,standard,False,22,345.94
ORD001213,C02256,P0494,2024-01-19,6,354.38,49,0,standard,False,1,403.38
ORD001214,C02634,P0112,2024-11-12,3,1060.51,149,100,quick,False,21,1109.51
ORD001215,C02896,P0460,2024-02-05,1,787.25,149,0,express,True,17,936.25
ORD001216,C01891,P0205,2024-04-30,5,241.57,99,200,quick,False,6,140.57
ORD001217,C03683,P0157,2024-11-19,6,736.72,0,50,standard,True,14,686.72
ORD001218,C04411,P0252,2024-12-16,5,961.06,0,50,quick,True,22,911.06
ORD001219,C03464,P0121,2024-05-27,5,443.74,0,200,standard,False,1,243.74
ORD001220,C02491,P0047,2024-04-26,8,296.61,149,0,quick,True,20,445.61
ORD001221,C03739,P0184,2024-02-16,1,894.38,49,0,quick,False,16,943.38
ORD001222,C01775,P0490,2024-08-10,8,759.73,0,200,standard,False,20,559.73
ORD001223,C03936,P0272,2024-02-20,7,155.78,49,200,quick,False,21,4.780000000000001
ORD001224,C01970,P0100,2024-11-20,1,868.06,49,50,standard,True,22,867.06
ORD001225,C03719,P0014,2024-12-26,9,568.31,0,0,standard,True,21,568.31
ORD001226,C03953,P0127,2024-02-21,4,1078.9,0,0,standard,False,3,1078.9
ORD001227,C02492,P0209,2024-08-15,7,247.13,99,0,quick,False,12,346.13
ORD001228,C04665,P0111,2024-03-26,3,308.09,149,0,express,True,22,457.09
ORD001229,C00648,P0269,2024-12-21,8,647.63,0,0,quick,True,9,647.63
ORD001230,C01640,P0141,2024-06-02,4,559.09,0,100,quick,False,14,459.09000000000003
ORD001231,C04434,P0172,2024-01-15,2,440.85,149,200,standard,True,1,389.85
ORD001232,C00528,P0352,2024-01-24,2,1058.39,149,200,quick,True,19,1007.3900000000001
ORD001233,C02101,P0165,2024-06-15,8,681.29,0,0,standard,False,0,681.29
ORD001234,C00418,P0446,2024-01-29,8,966.17,49,0,quick,True,1,1015.17
ORD001235,C02352,P0118,2024-05-30,1,215.45,0,0,standard,False,12,215.45
ORD001236,C03509,P0202,2024-07-02,6,1012.92,49,200,standard,False,6,861.9200000000001
ORD001237,C00084,P0010,2024-07-10,9,532.31,49,0,express,False,7,581.31
ORD001238,C02299,P0248,2024-08-08,9,123.05,0,200,express,True,11,-76.95
ORD001239,C01751,P0303,2024-03-15,2,286.05,149,200,quick,False,7,235.05
ORD001240,C04221,P0247,2024-05-05,8,117.27,149,50,quick,True,6,216.26999999999998
ORD001241,C02657,P0153,2024-09-28,8,526.29,0,50,quick,False,2,476.28999999999996
ORD001242,C03975,P0322,2024-07-29,4,375.04,0,100,express,False,0,275.04
ORD001243,C02351,P0024,2024-10-16,4,3163.6,49,100,standard,False,13,3112.6
ORD001244,C03099,P0464,2024-12-15,5,1519.15,0,0,express,False,0,1519.15
ORD001245,C01289,P0444,2024-04-02,7,1321.77,149,0,express,True,0,1470.77
ORD001246,C03123,P0341,2024-03-28,1,585.77,49,200,quick,False,10,434.77
ORD001247,C02702,P0220,2024-03-30,9,1250.86,49,0,quick,False,6,1299.86
ORD001248,C00643,P0109,2024-02-10,3,316.3,0,50,standard,True,21,266.3
ORD001249,C02905,P0409,2024-11-08,4,674.72,99,200,express,True,21,573.72
ORD001250,C04067,P0417,2024-07-14,7,448.36,0,0,quick,False,2,448.36
ORD001251,C04063,P0089,2024-11-13,5,230.56,0,50,quick,False,7,180.56
ORD001252,C04669,P0264,2024-12-15,5,151.77,149,100,quick,False,3,200.76999999999998
ORD001253,C02922,P0039,2024-05-03,1,670.86,49,0,express,False,21,719.86
ORD001254,C02021,P0458,2024-09-11,2,170.92,149,0,standard,True,5,319.91999999999996
ORD001255,C03624,P0262,2024-10-25,5,985.1,0,0,standard,False,23,985.1
ORD001256,C02870,P0157,2024-03-14,2,1879.98,0,50,standard,False,5,1829.98
ORD001257,C03118,P0117,2024-04-28,1,222.8,0,0,standard,False,1,222.8
ORD001258,C00136,P0449,2024-08-24,3,544.66,0,50,standard,False,13,494.65999999999997
ORD001259,C04225,P0255,2024-11-22,1,1038.66,0,50,quick,False,16,988.6600000000001
ORD001260,C01218,P0413,2024-05-10,8,335.63,0,0,standard,True,3,335.63
ORD001261,C01017,P0195,2024-08-23,8,1873.73,0,100,quick,False,10,1773.73
ORD001262,C03700,P0313,2024-05-10,8,1634.4,0,100,standard,False,10,1534.4
ORD001263,C04527,P0310,2024-12-07,7,175.68,0,200,express,False,17,-24.319999999999993
ORD001264,C03140,P0013,2024-01-05,7,118.45,0,50,quick,False,20,68.45
ORD001265,C03529,P0460,2024-08-26,2,2723.29,49,0,standard,True,6,2772.29
ORD001266,C02587,P0117,2024-05-27,9,2293.09,0,50,standard,True,19,2243.09
ORD001267,C02382,P0216,2024-12-12,7,483.07,99,200,quick,False,6,382.06999999999994
ORD001268,C02605,P0204,2024-10-06,5,135.32,99,0,standard,False,17,234.32
ORD001269,C03087,P0076,2024-03-21,4,774.24,0,50,quick,True,12,724.24
ORD001270,C03527,P0420,2024-02-07,8,342.11,0,100,standard,True,13,242.11
ORD001271,C02557,P0379,2024-08-14,5,2031.16,99,100,standard,False,3,2030.1599999999999
ORD001272,C00208,P0171,2024-06-25,6,1207.17,49,200,standard,False,7,1056.17
ORD001273,C03810,P0389,2024-10-27,4,833.06,49,100,quick,True,6,782.06
ORD001274,C04153,P0025,2024-06-02,2,333.35,49,50,standard,False,3,332.35
ORD001275,C02007,P0127,2024-11-23,7,944.75,0,200,standard,False,11,744.75
ORD001276,C02863,P0373,2024-08-05,2,337.92,149,0,quick,False,10,486.92
ORD001277,C03376,P0141,2024-12-19,7,125.85,149,200,standard,False,5,74.85000000000002
ORD001278,C01368,P0391,2024-05-08,7,596.11,0,100,standard,False,0,496.11
ORD001279,C03800,P0023,2024-08-21,1,568.54,49,0,quick,False,12,617.54
ORD001280,C01037,P0469,2024-06-03,3,1106.8,99,200,express,True,20,1005.8
ORD001281,C04472,P0231,2024-04-11,3,1504.24,0,50,standard,True,10,1454.24
ORD001282,C02290,P0422,2024-07-15,6,405.38,0,200,standard,False,0,205.38
ORD001283,C00992,P0176,2024-09-04,3,516.82,149,100,standard,False,12,565.82
ORD001284,C02938,P0340,2024-02-24,9,543.94,0,200,standard,True,6,343.94000000000005
ORD001285,C04510,P0234,2024-05-01,5,373.33,99,50,express,False,14,422.33
ORD001286,C00393,P0318,2024-07-14,6,1051.13,99,50,quick,False,7,1100.13
ORD001287,C03686,P0025,2024-10-19,6,615.85,0,100,standard,False,2,515.85
ORD001288,C04824,P0265,2024-07-02,8,1816.03,99,50,standard,True,21,1865.03
ORD001289,C00357,P0460,2024-10-21,3,834.5,49,100,standard,False,8,783.5
ORD001290,C04004,P0361,2024-05-31,9,265.69,99,200,express,False,20,164.69
ORD001291,C01181,P0116,2024-12-24,7,225.07,0,200,standard,True,19,25.069999999999993
ORD001292,C02065,P0057,2024-05-31,6,425.08,0,0,express,True,11,425.08
ORD001293,C03902,P0269,2024-01-12,1,397.25,0,100,standard,False,1,297.25
ORD001294,C03418,P0328,2024-12-03,4,464.95,99,0,standard,True,2,563.95
ORD001295,C03129,P0454,2024-07-21,5,240.99,49,100,standard,False,6,189.99
ORD001296,C00154,P0294,2024-05-20,2,2777.82,149,200,standard,True,13,2726.82
ORD001297,C03558,P0121,2024-01-05,1,209.24,49,200,standard,False,9,58.24000000000001
ORD001298,C01554,P0158,2024-10-16,2,839.19,0,50,standard,False,19,789.19
ORD001299,C00486,P0177,2024-12-17,8,108.21,0,0,standard,True,15,108.21
ORD001300,C01382,P0143,2024-01-26,6,464.75,49,0,quick,True,3,513.75
ORD001301,C02415,P0327,2024-11-06,2,357.92,149,0,standard,True,22,506.92
ORD001302,C01070,P0367,2024-09-11,9,435.91,149,100,express,False,17,484.9100000000001
ORD001303,C02254,P0306,2024-05-26,8,581.52,0,100,standard,True,18,481.52
ORD001304,C01506,P0398,2024-04-27,4,741.06,0,200,standard,False,5,541.06
ORD001305,C01875,P0088,2024-11-06,7,712.13,149,50,standard,False,8,811.13
ORD001306,C02190,P0238,2024-06-29,3,796.33,49,0,quick,False,3,845.33
ORD001307,C01070,P0037,2024-04-22,6,1401.99,49,50,standard,False,19,1400.99
ORD001308,C00190,P0360,2024-11-21,3,1623.51,0,0,standard,False,10,1623.51
ORD001309,C00139,P0078,2024-04-07,3,1034.59,0,0,standard,False,20,1034.59
ORD001310,C04710,P0344,2024-11-13,9,156.56,0,200,standard,True,22,-43.44
ORD001311,C04010,P0326,2024-05-08,6,2375.2,49,50,standard,False,12,2374.2
ORD001312,C03411,P0345,2024-12-13,8,2160.5,149,100,standard,False,21,2209.5
ORD001313,C02972,P0251,2024-12-03,4,969.64,49,200,standard,False,22,818.64
ORD001314,C01514,P0327,2024-12-14,4,609.05,0,0,quick,False,4,609.05
ORD001315,C03120,P0465,2024-03-11,8,300.95,99,200,quick,True,10,199.95
ORD001316,C03970,P0148,2024-11-17,7,1087.42,0,100,standard,False,5,987.4200000000001
ORD001317,C04719,P0015,2024-02-19,5,1570.81,0,100,standard,False,20,1470.81
ORD001318,C03524,P0366,2024-11-17,2,864.93,0,0,standard,False,22,864.93
ORD001319,C01345,P0322,2024-11-26,6,793.22,149,200,quick,True,10,742.22
ORD001320,C04182,P0320,2024-01-21,1,249.11,0,50,quick,True,21,199.11
ORD001321,C01917,P0268,2024-06-07,7,409.0,0,200,standard,True,15,209.0
ORD001322,C04377,P0117,2024-08-13,9,997.96,0,100,standard,True,2,897.96
ORD001323,C03910,P0191,2024-01-18,5,110.93,99,0,express,False,10,209.93
ORD001324,C00452,P0316,2024-10-23,5,816.62,0,0,standard,False,0,816.62
ORD001325,C04142,P0287,2024-07-05,7,1117.71,49,0,standard,True,19,1166.71
ORD001326,C01611,P0395,2024-03-08,5,384.27,49,200,standard,False,18,233.26999999999998
ORD001327,C03167,P0350,2024-02-16,4,154.46,0,100,standard,False,14,54.46000000000001
ORD001328,C02078,P0296,2024-05-31,1,1295.94,0,200,quick,False,12,1095.94
ORD001329,C02581,P0193,2024-06-16,6,206.07,149,0,standard,False,16,355.07
ORD001330,C02064,P0488,2024-07-31,9,423.32,149,50,standard,True,20,522.3199999999999
ORD001331,C01258,P0391,2024-03-30,4,958.92,99,0,standard,False,23,1057.92
ORD001332,C04487,P0442,2024-04-12,4,1287.73,99,200,quick,False,7,1186.73
ORD001333,C00353,P0280,2024-03-08,5,1487.29,0,100,express,False,16,1387.29
ORD001334,C04400,P0388,2024-10-03,6,628.14,49,0,standard,False,18,677.14
ORD001335,C03636,P0300,2024-07-06,3,551.21,49,0,express,True,22,600.21
ORD001336,C01563,P0385,2024-09-28,9,1419.18,149,50,quick,True,0,1518.18
ORD001337,C00711,P0425,2024-09-13,1,678.6,149,200,quick,False,7,627.6
ORD001338,C03502,P0249,2024-05-19,6,704.01,0,50,standard,False,0,654.01
ORD001339,C02732,P0421,2024-03-25,6,497.38,0,100,standard,True,19,397.38
ORD001340,C04881,P0230,2024-05-11,8,425.56,149,100,quick,False,3,474.55999999999995
ORD001341,C00856,P0002,2024-09-03,5,557.48,0,200,express,False,9,357.48
ORD001342,C04272,P0173,2024-05-31,9,416.72,149,0,quick,True,7,565.72
ORD001343,C01429,P0239,2024-06-22,9,393.63,49,0,quick,True,23,442.63
ORD001344,C02492,P0485,2024-02-28,2,3642.09,0,50,standard,False,13,3592.09
ORD001345,C03198,P0405,2024-08-27,5,385.86,0,0,express,False,7,385.86
ORD001346,C03420,P0103,2024-02-08,7,306.36,99,100,quick,True,19,305.36
ORD001347,C02068,P0288,2024-03-13,2,404.79,149,100,quick,False,2,453.78999999999996
ORD001348,C04806,P0243,2024-04-25,7,724.45,0,0,standard,False,1,724.45
ORD001349,C03491,P0287,2024-12-12,9,1792.31,0,0,express,True,4,1792.31
ORD001350,C00151,P0366,2024-12-11,8,1184.37,0,100,standard,False,11,1084.37
ORD001351,C03231,P0272,2024-07-22,9,1391.68,0,50,quick,False,15,1341.68
ORD001352,C02906,P0119,2024-10-12,4,1470.34,0,50,standard,False,9,1420.34
ORD001353,C03551,P0337,2024-07-06,8,1871.65,99,0,standard,False,6,1970.65
ORD001354,C01466,P0439,2024-02-16,9,286.58,0,200,standard,False,4,86.57999999999998
ORD001355,C04191,P0258,2024-07-21,2,528.22,49,100,standard,True,12,477.22
ORD001356,C03423,P0069,2024-01-08,3,439.52,0,0,quick,True,6,439.52
ORD001357,C04057,P0432,2024-05-15,1,435.75,0,100,express,False,20,335.75
ORD001358,C02925,P0182,2024-10-01,1,838.46,0,50,express,False,1,788.46
ORD001359,C03665,P0460,2024-03-04,6,458.68,49,50,standard,True,7,457.68
ORD001360,C04735,P0246,2024-08-20,1,769.58,149,0,standard,False,23,918.58
ORD001361,C03430,P0117,2024-07-07,5,436.2,0,50,quick,True,19,386.2
ORD001362,C01156,P0030,2024-12-10,6,359.89,0,0,standard,False,14,359.89
ORD001363,C04207,P0464,2024-12-10,9,403.87,99,50,express,True,23,452.87
ORD001364,C03408,P0148,2024-05-14,6,1238.88,0,0,quick,True,10,1238.88
ORD001365,C01161,P0015,2024-10-26,4,742.25,0,200,quick,False,4,542.25
ORD001366,C01259,P0272,2024-07-14,1,2653.7,0,100,quick,False,8,2553.7
ORD001367,C04090,P0351,2024-11-22,6,1350.39,0,50,express,False,10,1300.39
ORD001368,C02841,P0384,2024-07-09,7,564.57,0,0,standard,False,20,564.57
ORD001369,C03202,P0367,2024-02-25,5,293.3,0,0,express,False,1,293.3
ORD001370,C02981,P0101,2024-12-11,6,883.41,149,0,express,False,16,1032.4099999999999
ORD001371,C03554,P0071,2024-04-29,8,1006.89,99,0,standard,False,13,1105.8899999999999
ORD001372,C03472,P0192,2024-08-29,1,535.76,0,50,express,False,20,485.76
ORD001373,C01224,P0321,2024-01-13,8,281.88,0,100,standard,True,9,181.88
ORD001374,C04387,P0110,2024-11-13,2,669.31,49,0,quick,False,0,718.31
ORD001375,C02389,P0292,2024-10-14,2,303.96,0,0,standard,False,7,303.96
ORD001376,C01014,P0407,2024-06-16,8,2068.37,0,0,standard,False,23,2068.37
ORD001377,C04680,P0346,2024-11-08,2,792.87,49,0,quick,True,10,841.87
ORD001378,C02026,P0339,2024-04-23,8,340.65,99,0,express,True,10,439.65
ORD001379,C03713,P0366,2024-11-27,5,269.1,49,0,standard,False,7,318.1
ORD001380,C01492,P0317,2024-02-02,9,981.93,99,0,standard,True,6,1080.9299999999998
ORD001381,C04122,P0276,2024-11-21,9,960.21,149,0,quick,True,17,1109.21
ORD001382,C01700,P0105,2024-08-25,8,735.4,49,0,express,False,1,784.4
ORD001383,C00454,P0036,2024-12-24,9,765.89,99,0,standard,False,21,864.89
ORD001384,C00917,P0290,2024-06-03,7,747.21,99,200,express,False,7,646.21
ORD001385,C00013,P0421,2024-11-28,8,411.51,0,0,express,True,21,411.51
ORD001386,C04374,P0180,2024-07-28,6,2038.85,0,200,express,False,22,1838.85
ORD001387,C00489,P0142,2024-02-29,9,555.78,0,0,quick,False,23,555.78
ORD001388,C00984,P0113,2024-03-12,2,113.38,49,50,standard,False,7,112.38
ORD001389,C00960,P0237,2024-01-24,3,398.79,99,0,quick,False,19,497.79
ORD001390,C01782,P0425,2024-01-20,2,196.71,0,50,quick,True,12,146.71
ORD001391,C01869,P0093,2024-06-04,6,415.11,0,0,express,False,16,415.11
ORD001392,C03304,P0259,2024-09-09,3,755.01,0,50,quick,False,10,705.01
ORD001393,C02644,P0106,2024-02-29,1,115.05,0,0,quick,False,5,115.05
ORD001394,C04345,P0243,2024-02-19,4,1528.24,0,0,standard,False,14,1528.24
ORD001395,C04835,P0422,2024-04-30,5,758.68,149,0,standard,False,20,907.68
ORD001396,C03668,P0334,2024-10-02,4,344.06,0,0,quick,True,0,344.06
ORD001397,C04401,P0022,2024-03-10,6,359.97,149,200,standard,True,2,308.97
ORD001398,C01825,P0360,2024-07-17,3,537.72,149,100,standard,True,15,586.72
ORD001399,C03307,P0270,2024-08-20,6,298.6,0,50,standard,False,2,248.60000000000002
ORD001400,C03362,P0473,2024-07-08,1,102.05,0,200,express,False,6,-97.95
ORD001401,C03110,P0139,2024-12-09,6,117.84,0,50,standard,True,1,67.84
ORD001402,C02765,P0465,2024-12-22,8,408.93,0,0,standard,False,20,408.93
ORD001403,C04278,P0453,2024-10-03,8,191.85,0,0,quick,False,4,191.85
ORD001404,C03770,P0383,2024-08-02,1,114.83,99,50,express,False,6,163.82999999999998
ORD001405,C02692,P0081,2024-10-27,7,1471.63,0,100,express,False,4,1371.63
ORD001406,C00029,P0376,2024-03-20,4,323.28,0,0,quick,False,2,323.28
ORD001407,C00766,P0497,2024-07-31,6,588.59,0,0,quick,False,5,588.59
ORD001408,C00614,P0437,2024-12-01,6,237.41,0,200,standard,True,18,37.41
ORD001409,C01004,P0343,2024-02-20,5,132.5,0,100,standard,False,17,32.5
ORD001410,C02121,P0421,2024-09-07,9,1055.18,0,0,standard,True,6,1055.18
ORD001411,C03126,P0155,2024-11-11,8,192.44,0,100,quick,False,7,92.44
ORD001412,C03009,P0334,2024-07-27,6,117.24,49,0,quick,True,16,166.24
ORD001413,C03819,P0018,2024-05-23,4,718.41,99,100,quick,False,2,717.41
ORD001414,C00023,P0068,2024-01-17,4,108.49,49,200,quick,False,13,-42.50999999999999
ORD001415,C04059,P0447,2024-12-19,9,500.25,0,200,standard,False,23,300.25
ORD001416,C03093,P0131,2024-07-08,4,337.6,0,50,standard,False,14,287.6
ORD001417,C02910,P0255,2024-04-21,7,368.36,0,0,quick,False,9,368.36
ORD001418,C01970,P0208,2024-08-15,6,101.73,49,0,express,False,5,150.73000000000002
ORD001419,C01538,P0009,2024-08-15,2,2432.73,0,100,quick,False,23,2332.73
ORD001420,C03141,P0139,2024-04-30,5,608.36,149,200,standard,True,6,557.36
ORD001421,C04767,P0452,2024-07-04,3,693.88,0,200,express,False,7,493.88
ORD001422,C03969,P0134,2024-02-20,9,866.89,0,200,standard,True,13,666.89
ORD001423,C02924,P0254,2024-12-17,1,1216.99,0,0,standard,False,5,1216.99
ORD001424,C00570,P0299,2024-07-07,4,754.38,49,200,standard,False,19,603.38
ORD001425,C04859,P0406,2024-10-05,4,1104.42,0,50,standard,False,7,1054.42
ORD001426,C01242,P0257,2024-11-26,9,515.88,99,0,standard,True,9,614.88
ORD001427,C00712,P0093,2024-07-02,1,423.84,0,200,standard,False,9,223.83999999999997
ORD001428,C04862,P0371,2024-02-01,2,1311.65,99,50,standard,True,18,1360.65
ORD001429,C01293,P0240,2024-07-22,1,1502.35,49,50,standard,False,14,1501.35
ORD001430,C02866,P0236,2024-05-21,1,202.79,0,0,standard,True,20,202.79
ORD001431,C01674,P0164,2024-04-07,1,646.63,99,0,standard,True,6,745.63
ORD001432,C03663,P0324,2024-03-03,3,904.62,0,200,quick,True,8,704.62
ORD001433,C01359,P0147,2024-08-20,4,160.11,0,50,standard,False,15,110.11000000000001
ORD001434,C00635,P0217,2024-02-16,2,1956.46,0,50,quick,False,2,1906.46
ORD001435,C01209,P0427,2024-12-05,1,612.94,49,0,standard,True,11,661.94
ORD001436,C02612,P0107,2024-04-18,5,824.85,0,50,standard,False,12,774.85
ORD001437,C01297,P0230,2024-11-24,6,236.42,49,200,quick,False,12,85.41999999999996
ORD001438,C00357,P0069,2024-11-23,2,313.98,99,0,quick,False,5,412.98
ORD001439,C00240,P0220,2024-11-01,3,189.28,0,50,quick,True,15,139.28
ORD001440,C02604,P0073,2024-01-11,3,313.57,0,0,standard,True,14,313.57
ORD001441,C04064,P0178,2024-01-26,2,573.64,0,50,quick,True,13,523.64
ORD001442,C01826,P0079,2024-06-19,4,1354.48,149,50,express,True,16,1453.48
ORD001443,C03558,P0353,2024-05-04,5,633.08,0,200,standard,False,19,433.08000000000004
ORD001444,C03860,P0158,2024-03-05,8,295.23,0,0,express,False,23,295.23
ORD001445,C04251,P0355,2024-10-16,6,130.95,99,100,standard,False,13,129.95
ORD001446,C04447,P0168,2024-04-15,9,779.95,99,200,quick,True,4,678.95
ORD001447,C04139,P0313,2024-02-05,3,480.5,49,0,quick,False,15,529.5
ORD001448,C00137,P0388,2024-10-10,9,3009.27,0,0,quick,False,0,3009.27
ORD001449,C03734,P0160,2024-04-16,4,1158.13,0,0,standard,True,12,1158.13
ORD001450,C01967,P0426,2024-10-27,8,1255.51,0,100,standard,True,13,1155.51
ORD001451,C04849,P0402,2024-04-20,7,107.62,0,200,standard,False,2,-92.38
ORD001452,C00142,P0031,2024-04-29,7,1151.91,49,100,express,True,9,1100.91
ORD001453,C03633,P0120,2024-06-17,9,250.5,99,50,standard,False,19,299.5
ORD001454,C02559,P0214,2024-03-16,2,715.98,0,0,standard,False,17,715.98
ORD001455,C04157,P0002,2024-11-01,5,514.21,49,100,quick,False,4,463.21000000000004
ORD001456,C02019,P0384,2024-01-02,3,692.39,0,50,standard,False,17,642.39
ORD001457,C02849,P0227,2024-05-21,7,199.26,99,100,quick,False,23,198.26
ORD001458,C01192,P0424,2024-03-15,3,526.31,99,0,standard,False,5,625.31
ORD001459,C02313,P0475,2024-03-07,5,125.35,49,0,standard,True,8,174.35
ORD001460,C02355,P0047,2024-10-03,5,128.3,0,0,standard,True,12,128.3
ORD001461,C02506,P0166,2024-05-08,2,849.53,0,50,standard,True,14,799.53
ORD001462,C00333,P0388,2024-03-30,1,2220.2,149,100,standard,False,9,2269.2
ORD001463,C02562,P0332,2024-02-26,6,1150.64,149,100,standard,True,14,1199.64
ORD001464,C02720,P0010,2024-12-04,1,542.3,0,100,standard,False,9,442.29999999999995
ORD001465,C02438,P0237,2024-01-14,9,139.24,0,50,standard,False,12,89.24000000000001
ORD001466,C01795,P0277,2024-03-08,5,131.25,0,100,quick,False,17,31.25
ORD001467,C00253,P0240,2024-01-08,1,219.29,49,0,standard,False,19,268.28999999999996
ORD001468,C03657,P0470,2024-07-02,8,2704.29,99,0,standard,False,15,2803.29
ORD001469,C01423,P0191,2024-05-01,1,455.02,49,200,quick,True,2,304.02
ORD001470,C03237,P0011,2024-10-28,4,1396.87,49,100,standard,True,10,1345.87
ORD001471,C03331,P0052,2024-06-14,7,953.88,0,100,standard,False,4,853.88
ORD001472,C01027,P0054,2024-01-09,4,749.97,0,0,quick,False,22,749.97
ORD001473,C02166,P0308,2024-03-30,5,2166.22,99,0,standard,True,15,2265.22
ORD001474,C03994,P0020,2024-05-15,7,282.33,0,0,express,False,6,282.33
ORD001475,C00469,P0018,2024-01-27,4,523.74,0,0,express,False,4,523.74
ORD001476,C01093,P0452,2024-03-05,5,1499.3,99,200,quick,False,6,1398.3
ORD001477,C04789,P0343,2024-08-03,7,660.7,0,0,standard,False,0,660.7
ORD001478,C02912,P0349,2024-09-26,1,297.07,149,200,quick,True,0,246.07
ORD001479,C00180,P0455,2024-02-28,3,263.05,0,100,standard,True,16,163.05
ORD001480,C04067,P0321,2024-02-02,1,1077.52,49,100,express,False,23,1026.52
ORD001481,C03076,P0314,2024-08-31,3,108.01,149,0,quick,False,23,257.01
ORD001482,C01220,P0432,2024-08-17,2,1817.95,0,50,quick,False,11,1767.95
ORD001483,C04142,P0481,2024-07-04,5,112.01,99,200,standard,True,15,11.009999999999991
ORD001484,C03623,P0058,2024-09-19,5,796.85,149,50,quick,False,12,895.85
ORD001485,C04729,P0150,2024-10-30,9,748.76,149,100,standard,False,13,797.76
ORD001486,C01563,P0258,2024-02-25,8,703.61,0,200,standard,False,12,503.61
ORD001487,C04684,P0439,2024-08-19,3,549.17,0,100,quick,True,23,449.16999999999996
ORD001488,C03632,P0371,2024-09-14,1,1438.42,0,0,express,False,11,1438.42
ORD001489,C02357,P0057,2024-04-23,5,852.79,49,0,standard,False,12,901.79
ORD001490,C01562,P0215,2024-11-10,3,1164.84,0,0,express,False,15,1164.84
ORD001491,C04935,P0061,2024-01-23,5,184.93,0,200,express,True,9,-15.069999999999993
ORD001492,C01413,P0145,2024-12-03,9,134.83,0,0,express,False,20,134.83
ORD001493,C02506,P0444,2024-09-23,1,119.26,0,200,quick,True,18,-80.74
ORD001494,C04828,P0381,2024-06-03,1,210.47,149,50,express,False,2,309.47
ORD001495,C01017,P0238,2024-08-22,9,868.75,0,0,standard,True,13,868.75
ORD001496,C03654,P0292,2024-11-25,3,575.88,99,50,standard,False,1,624.88
ORD001497,C00757,P0181,2024-01-16,5,1075.74,0,100,standard,False,3,975.74
ORD001498,C03779,P0368,2024-02-01,9,248.0,149,0,standard,False,12,397.0
ORD001499,C00620,P0094,2024-09-02,5,419.06,0,0,express,False,18,419.06
ORD001500,C01888,P0077,2024-07-24,3,1634.6,49,200,quick,False,5,1483.6
ORD001501,C03584,P0448,2024-08-06,9,2020.1,149,0,standard,True,6,2169.1
ORD001502,C00181,P0141,2024-12-17,7,1882.31,0,100,express,False,13,1782.31
ORD001503,C02728,P0104,2024-02-25,7,1292.8,49,50,standard,False,8,1291.8
ORD001504,C02295,P0260,2024-09-08,8,914.86,0,100,standard,False,23,814.86
ORD001505,C02667,P0094,2024-12-30,5,1813.77,0,0,standard,True,11,1813.77
ORD001506,C01799,P0222,2024-08-15,2,975.68,0,200,standard,False,16,775.68
ORD001507,C01499,P0477,2024-02-07,9,2253.41,0,200,standard,True,22,2053.41
ORD001508,C00984,P0483,2024-02-11,3,116.57,0,0,quick,False,15,116.57
ORD001509,C03553,P0189,2024-06-13,2,1881.53,0,200,standard,True,20,1681.53
ORD001510,C02364,P0128,2024-11-07,5,666.94,0,0,express,False,22,666.94
ORD001511,C03305,P0318,2024-03-16,8,181.99,0,0,quick,False,11,181.99
ORD001512,C02215,P0194,2024-02-03,3,268.37,0,0,standard,False,22,268.37
ORD001513,C02790,P0019,2024-03-05,6,1437.13,99,0,quick,True,1,1536.13
ORD001514,C00125,P0298,2024-05-20,9,592.82,49,100,standard,True,20,541.82
ORD001515,C02620,P0239,2024-11-15,2,2943.71,49,200,standard,False,12,2792.71
ORD001516,C04215,P0234,2024-11-20,8,186.52,99,50,quick,False,13,235.51999999999998
ORD001517,C01451,P0084,2024-10-26,7,471.32,0,0,express,False,23,471.32
ORD001518,C01008,P0093,2024-10-07,3,381.3,0,100,express,True,7,281.3
ORD001519,C01213,P0041,2024-12-30,1,607.17,0,0,standard,False,7,607.17
ORD001520,C03704,P0363,2024-06-15,6,801.51,49,0,quick,False,15,850.51
ORD001521,C03130,P0349,2024-07-14,2,857.53,0,0,quick,False,1,857.53
ORD001522,C00696,P0452,2024-11-01,3,99.91,0,200,quick,False,11,-100.09
ORD001523,C02270,P0073,2024-09-28,5,164.22,0,0,standard,True,20,164.22
ORD001524,C01515,P0471,2024-05-30,8,123.99,0,200,standard,True,22,-76.01
ORD001525,C01034,P0364,2024-08-20,2,1498.66,99,100,standard,False,21,1497.66
ORD001526,C02840,P0114,2024-09-15,6,362.09,49,0,express,False,0,411.09
ORD001527,C01535,P0422,2024-11-05,1,419.17,0,50,standard,False,22,369.17
ORD001528,C00813,P0189,2024-08-08,7,517.96,0,0,standard,False,21,517.96
ORD001529,C00309,P0431,2024-02-20,4,1423.75,0,50,express,True,20,1373.75
ORD001530,C01011,P0124,2024-12-25,1,108.99,99,0,quick,False,4,207.99
ORD001531,C01018,P0005,2024-02-28,9,187.39,0,0,express,True,8,187.39
ORD001532,C03411,P0457,2024-12-01,9,907.99,149,0,standard,True,19,1056.99
ORD001533,C03718,P0378,2024-11-29,3,2423.88,49,200,standard,False,14,2272.88
ORD001534,C04920,P0041,2024-10-09,6,819.59,49,0,quick,False,21,868.59
ORD001535,C03810,P0057,2024-04-20,7,310.84,0,100,quick,True,4,210.83999999999997
ORD001536,C02044,P0426,2024-08-08,4,612.58,0,50,standard,False,8,562.58
ORD001537,C01116,P0009,2024-08-19,6,2680.67,0,100,standard,False,7,2580.67
ORD001538,C04723,P0088,2024-04-26,9,624.66,0,0,quick,False,19,624.66
ORD001539,C01156,P0333,2024-07-30,6,426.33,149,100,quick,True,18,475.3299999999999
ORD001540,C00988,P0110,2024-06-22,7,437.5,149,0,quick,False,21,586.5
ORD001541,C02466,P0038,2024-08-20,6,2487.58,149,200,quick,False,5,2436.58
ORD001542,C01828,P0396,2024-07-23,7,987.37,0,200,standard,False,0,787.37
ORD001543,C02077,P0458,2024-07-31,1,912.47,0,100,quick,False,3,812.47
ORD001544,C02345,P0166,2024-02-18,6,283.83,0,100,quick,True,2,183.82999999999998
ORD001545,C01084,P0010,2024-06-09,9,672.87,99,0,standard,False,20,771.87
ORD001546,C02505,P0109,2024-08-06,3,407.85,99,200,standard,True,22,306.85
ORD001547,C04044,P0496,2024-06-09,6,291.29,0,100,standard,False,12,191.29000000000002
ORD001548,C02351,P0015,2024-12-06,4,1680.35,99,0,standard,False,12,1779.35
ORD001549,C03005,P0032,2024-05-10,7,437.2,0,0,quick,False,22,437.2
ORD001550,C04435,P0232,2024-07-10,7,331.67,49,100,standard,False,18,280.67
ORD001551,C02495,P0488,2024-03-19,9,1977.9,99,50,standard,True,2,2026.9
ORD001552,C00076,P0187,2024-12-17,4,252.88,0,0,express,False,16,252.88
ORD001553,C02562,P0223,2024-08-30,8,1056.93,49,0,express,True,6,1105.93
ORD001554,C01572,P0058,2024-02-04,8,839.39,49,200,express,True,13,688.39
ORD001555,C04187,P0457,2024-02-16,8,1871.26,149,0,standard,True,5,2020.26
ORD001556,C04561,P0050,2024-02-13,8,1347.85,149,0,standard,True,13,1496.85
ORD001557,C03670,P0270,2024-02-17,6,954.25,99,50,express,False,8,1003.25
ORD001558,C03111,P0463,2024-08-09,8,363.4,0,0,quick,True,22,363.4
ORD001559,C02737,P0042,2024-02-19,6,578.03,149,200,quick,True,9,527.03
ORD001560,C01352,P0026,2024-07-09,2,2122.91,99,0,standard,True,16,2221.91
ORD001561,C00946,P0055,2024-03-07,3,115.43,99,100,standard,False,17,114.43
ORD001562,C04649,P0120,2024-10-11,6,1206.04,0,0,standard,False,21,1206.04
ORD001563,C03868,P0112,2024-01-31,7,302.07,99,100,quick,False,12,301.07
ORD001564,C03137,P0315,2024-10-27,4,242.21,0,50,express,False,18,192.21
ORD001565,C03486,P0114,2024-10-14,1,283.98,0,0,quick,False,9,283.98
ORD001566,C04187,P0108,2024-10-14,4,142.13,0,100,quick,True,23,42.129999999999995
ORD001567,C01002,P0479,2024-06-17,6,3477.06,49,50,quick,False,13,3476.06
ORD001568,C04463,P0453,2024-12-09,8,1526.45,0,100,standard,True,23,1426.45
ORD001569,C00819,P0174,2024-03-03,4,614.32,49,200,standard,False,2,463.32000000000005
ORD001570,C00422,P0111,2024-07-29,1,977.94,149,100,quick,False,3,1026.94
ORD001571,C00571,P0099,2024-06-30,5,668.29,0,0,express,False,20,668.29
ORD001572,C02909,P0007,2024-12-06,7,1267.35,0,100,standard,False,18,1167.35
ORD001573,C04530,P0446,2024-08-04,6,1402.97,0,100,standard,False,11,1302.97
ORD001574,C01423,P0472,2024-01-27,3,284.5,49,100,standard,True,4,233.5
ORD001575,C01633,P0134,2024-05-27,7,530.0,49,100,express,False,8,479.0
ORD001576,C01753,P0250,2024-11-03,4,804.21,0,100,standard,False,23,704.21
ORD001577,C00467,P0336,2024-06-08,5,2784.87,0,0,quick,False,6,2784.87
ORD001578,C04887,P0239,2024-06-29,7,902.51,0,0,quick,True,23,902.51
ORD001579,C02922,P0221,2024-02-23,2,1694.45,0,200,quick,False,12,1494.45
ORD001580,C02303,P0385,2024-10-22,4,1409.07,0,0,standard,True,22,1409.07
ORD001581,C01706,P0144,2024-09-16,4,709.7,0,50,standard,True,9,659.7
ORD001582,C00072,P0376,2024-04-18,6,1667.75,149,0,standard,False,0,1816.75
ORD001583,C00146,P0003,2024-03-20,7,430.72,0,100,quick,True,5,330.72
ORD001584,C00316,P0281,2024-12-02,4,432.82,0,100,quick,False,15,332.82
ORD001585,C00605,P0333,2024-09-03,1,1161.97,149,100,quick,False,0,1210.97
ORD001586,C00574,P0327,2024-04-24,1,200.15,49,200,standard,True,3,49.150000000000006
ORD001587,C01177,P0196,2024-02-25,5,354.52,0,200,quick,False,2,154.51999999999998
ORD001588,C03326,P0388,2024-06-28,1,755.57,99,50,quick,True,22,804.57
ORD001589,C03422,P0127,2024-10-11,3,480.39,0,100,standard,True,13,380.39
ORD001590,C02594,P0260,2024-07-07,9,2076.88,0,200,express,False,16,1876.88
ORD001591,C02882,P0090,2024-02-28,3,2326.55,99,100,quick,False,13,2325.55
ORD001592,C00311,P0324,2024-05-22,3,587.83,99,0,quick,False,20,686.83
ORD001593,C02855,P0258,2024-10-20,9,641.14,49,100,quick,False,9,590.14
ORD001594,C00764,P0421,2024-04-25,5,1001.74,0,50,quick,False,23,951.74
ORD001595,C02995,P0093,2024-08-07,8,526.79,0,50,standard,False,13,476.78999999999996
ORD001596,C03200,P0256,2024-10-14,9,246.59,0,200,standard,False,5,46.59
ORD001597,C00435,P0135,2024-11-14,6,1060.97,99,100,quick,False,5,1059.97
ORD001598,C03351,P0012,2024-11-10,7,1036.02,0,50,standard,True,11,986.02
ORD001599,C04453,P0467,2024-12-11,7,295.71,0,0,express,False,5,295.71
ORD001600,C02977,P0197,2024-11-25,7,1351.48,0,200,standard,True,22,1151.48
ORD001601,C02930,P0497,2024-10-12,4,764.71,0,0,standard,True,4,764.71
ORD001602,C02299,P0177,2024-01-14,2,287.71,0,50,standard,True,6,237.70999999999998
ORD001603,C00134,P0111,2024-11-07,2,837.97,49,200,express,False,15,686.97
ORD001604,C03914,P0263,2024-12-02,7,285.24,0,100,standard,False,5,185.24
ORD001605,C04618,P0413,2024-12-21,7,314.74,49,0,express,False,16,363.74
ORD001606,C00803,P0368,2024-05-16,7,1417.76,49,100,quick,False,3,1366.76
ORD001607,C02707,P0423,2024-01-15,8,1955.42,49,100,standard,False,14,1904.42
ORD001608,C02366,P0078,2024-04-02,3,306.83,0,0,standard,True,18,306.83
ORD001609,C04175,P0377,2024-05-19,5,1941.26,149,100,standard,False,6,1990.2600000000002
ORD001610,C03262,P0255,2024-12-25,6,290.0,0,0,standard,False,5,290.0
ORD001611,C01476,P0073,2024-06-07,8,186.31,49,200,express,False,6,35.31
ORD001612,C03415,P0382,2024-06-22,8,140.99,0,200,quick,False,1,-59.00999999999999
ORD001613,C02461,P0160,2024-06-28,3,293.05,149,0,standard,True,23,442.05
ORD001614,C03942,P0200,2024-01-04,4,439.57,149,0,quick,False,5,588.5699999999999
ORD001615,C02040,P0368,2024-04-02,6,1936.39,49,0,express,True,6,1985.39
ORD001616,C04463,P0307,2024-03-14,4,293.1,0,200,standard,False,8,93.10000000000002
ORD001617,C01006,P0376,2024-10-16,4,417.4,0,0,quick,True,13,417.4
ORD001618,C00992,P0032,2024-12-02,5,1026.39,0,0,quick,False,14,1026.39
ORD001619,C04691,P0072,2024-07-24,7,350.75,0,100,standard,True,20,250.75
ORD001620,C01896,P0461,2024-02-05,2,906.23,149,100,express,False,19,955.23
ORD001621,C03065,P0351,2024-03-13,2,495.04,0,200,standard,False,3,295.04
ORD001622,C02748,P0292,2024-11-20,9,252.1,0,0,standard,False,20,252.1
ORD001623,C02661,P0197,2024-01-16,4,1026.14,99,100,express,False,5,1025.14
ORD001624,C02978,P0324,2024-02-16,5,118.19,0,100,quick,True,2,18.189999999999998
ORD001625,C01823,P0387,2024-09-28,3,341.05,99,100,standard,False,9,340.05
ORD001626,C03407,P0315,2024-04-20,2,407.24,0,50,standard,False,2,357.24
ORD001627,C04506,P0239,2024-07-11,8,528.02,0,100,quick,False,12,428.02
ORD001628,C04482,P0463,2024-08-02,4,896.32,0,50,standard,True,3,846.32
ORD001629,C01748,P0073,2024-08-20,1,529.56,149,0,standard,False,8,678.56
ORD001630,C02661,P0030,2024-06-23,6,730.54,0,200,standard,False,2,530.54
ORD001631,C00018,P0478,2024-03-21,6,733.06,0,200,standard,False,10,533.06
ORD001632,C03358,P0013,2024-07-08,2,426.07,0,50,standard,False,0,376.07
ORD001633,C00275,P0204,2024-06-08,2,2001.37,149,0,quick,True,18,2150.37
ORD001634,C04078,P0315,2024-06-15,8,2283.17,49,50,standard,False,7,2282.17
ORD001635,C04754,P0067,2024-10-17,7,709.34,49,100,quick,False,15,658.34
ORD001636,C02945,P0127,2024-11-01,2,151.07,49,0,standard,True,15,200.07
ORD001637,C04647,P0493,2024-02-13,1,571.89,99,200,standard,False,21,470.89
ORD001638,C04774,P0025,2024-01-27,8,241.7,0,0,standard,False,3,241.7
ORD001639,C04698,P0407,2024-03-20,2,561.09,0,0,standard,False,0,561.09
ORD001640,C00364,P0183,2024-03-21,5,245.2,99,50,standard,False,1,294.2
ORD001641,C01973,P0136,2024-11-12,6,950.83,0,50,standard,False,8,900.83
ORD001642,C00794,P0290,2024-01-26,1,157.69,49,50,quick,False,0,156.69
ORD001643,C00589,P0105,2024-12-11,2,2243.87,0,50,standard,True,21,2193.87
ORD001644,C04294,P0462,2024-02-11,4,251.17,99,200,standard,False,18,150.16999999999996
ORD001645,C04313,P0023,2024-05-19,2,855.52,149,100,standard,False,1,904.52
ORD001646,C00740,P0414,2024-08-14,6,1840.92,49,200,express,True,3,1689.92
ORD001647,C04745,P0338,2024-12-04,4,298.41,0,0,quick,True,6,298.41
ORD001648,C02194,P0449,2024-08-05,3,2004.83,49,0,quick,True,16,2053.83
ORD001649,C00669,P0193,2024-09-05,6,443.49,49,0,standard,False,0,492.49
ORD001650,C01437,P0168,2024-11-06,9,2361.56,149,100,quick,False,12,2410.56
ORD001651,C04760,P0035,2024-08-14,8,2586.16,49,100,standard,True,19,2535.16
ORD001652,C00855,P0100,2024-07-31,2,244.85,99,0,quick,False,16,343.85
ORD001653,C02377,P0033,2024-05-19,3,1343.86,49,100,quick,True,8,1292.86
ORD001654,C04990,P0376,2024-04-20,2,249.47,149,0,quick,True,15,398.47
ORD001655,C04033,P0038,2024-09-19,7,278.73,99,100,standard,False,15,277.73
ORD001656,C01893,P0210,2024-02-28,9,160.51,0,100,standard,False,10,60.50999999999999
ORD001657,C01186,P0229,2024-06-25,1,218.17,0,100,standard,False,19,118.16999999999999
ORD001658,C01842,P0278,2024-08-08,3,799.19,49,50,quick,False,13,798.19
ORD001659,C00326,P0079,2024-02-26,6,516.54,99,100,standard,True,10,515.54
ORD001660,C03226,P0237,2024-05-25,4,1194.61,49,50,express,True,11,1193.61
ORD001661,C02400,P0171,2024-12-13,1,381.42,49,0,express,False,21,430.42
ORD001662,C04278,P0325,2024-12-13,9,2522.21,149,0,quick,False,10,2671.21
ORD001663,C04550,P0441,2024-10-30,7,134.81,49,200,standard,True,10,-16.189999999999998
ORD001664,C04101,P0058,2024-09-06,7,144.5,0,0,standard,False,7,144.5
ORD001665,C04015,P0409,2024-09-26,1,945.0,0,200,standard,False,11,745.0
ORD001666,C04306,P0021,2024-12-07,9,1628.6,0,0,standard,False,21,1628.6
ORD001667,C00050,P0364,2024-06-06,8,1210.03,99,50,express,False,12,1259.03
ORD001668,C01468,P0366,2024-01-24,5,570.09,0,100,quick,False,12,470.09000000000003
ORD001669,C01009,P0343,2024-04-22,4,318.95,0,50,standard,False,19,268.95
ORD001670,C04472,P0237,2024-07-21,1,108.48,0,200,standard,True,1,-91.52
ORD001671,C03557,P0295,2024-11-02,9,597.56,49,100,standard,True,11,546.56
ORD001672,C01074,P0340,2024-01-29,8,550.9,149,200,standard,True,10,499.9
ORD001673,C00153,P0093,2024-01-04,2,394.38,99,200,standard,False,3,293.38
ORD001674,C00581,P0243,2024-04-14,4,703.05,49,100,quick,True,0,652.05
ORD001675,C00787,P0010,2024-06-03,4,1012.47,149,0,quick,False,14,1161.47
ORD001676,C04886,P0116,2024-04-18,7,943.86,0,0,standard,False,22,943.86
ORD001677,C03381,P0264,2024-03-11,3,312.86,99,200,standard,False,12,211.86
ORD001678,C02267,P0011,2024-05-10,8,715.15,99,0,quick,False,23,814.15
ORD001679,C04258,P0153,2024-05-28,7,211.75,149,50,standard,True,4,310.75
ORD001680,C00970,P0037,2024-06-16,4,189.76,99,0,standard,True,0,288.76
ORD001681,C00647,P0498,2024-03-02,9,1177.77,149,100,quick,False,19,1226.77
ORD001682,C00945,P0130,2024-01-04,6,927.34,0,200,quick,True,3,727.34
ORD001683,C04784,P0381,2024-09-11,3,1121.5,99,50,express,False,16,1170.5
ORD001684,C01495,P0224,2024-08-08,7,214.79,149,50,quick,True,8,313.78999999999996
ORD001685,C02047,P0142,2024-03-30,6,1821.44,149,200,express,True,22,1770.44
ORD001686,C01172,P0430,2024-03-07,8,198.99,0,50,express,True,7,148.99
ORD001687,C04218,P0388,2024-07-13,5,1527.35,0,0,standard,False,11,1527.35
ORD001688,C04899,P0053,2024-09-29,6,403.12,149,200,standard,True,14,352.12
ORD001689,C02886,P0023,2024-12-26,1,176.99,149,50,standard,False,19,275.99
ORD001690,C04158,P0394,2024-04-27,8,335.56,99,50,quick,False,21,384.56
ORD001691,C00732,P0120,2024-09-13,1,239.15,49,0,express,False,21,288.15
ORD001692,C03087,P0118,2024-10-13,3,571.26,0,50,quick,False,15,521.26
ORD001693,C03461,P0160,2024-12-08,2,2192.46,0,50,standard,False,16,2142.46
ORD001694,C01657,P0470,2024-06-30,6,377.11,0,0,quick,False,13,377.11
ORD001695,C00478,P0073,2024-02-06,8,761.9,0,200,express,True,21,561.9
ORD001696,C01137,P0184,2024-07-22,8,1655.13,0,0,standard,False,6,1655.13
ORD001697,C03953,P0435,2024-01-22,7,795.12,99,100,standard,False,0,794.12
ORD001698,C00976,P0191,2024-08-11,7,413.81,49,100,standard,False,20,362.81
ORD001699,C00236,P0426,2024-01-10,8,3383.97,0,0,quick,True,10,3383.97
ORD001700,C02523,P0219,2024-08-23,5,244.27,99,50,express,False,0,293.27
ORD001701,C04043,P0486,2024-02-09,3,617.54,149,100,quick,False,20,666.54
ORD001702,C00597,P0120,2024-06-09,2,1214.17,99,200,quick,True,11,1113.17
ORD001703,C01702,P0208,2024-10-21,3,99.45,0,200,quick,True,1,-100.55
ORD001704,C02176,P0383,2024-08-07,3,946.56,49,100,quick,False,23,895.56
ORD001705,C02557,P0299,2024-10-20,7,315.95,49,0,quick,True,10,364.95
ORD001706,C00164,P0345,2024-07-26,1,229.2,0,0,standard,False,21,229.2
ORD001707,C02324,P0472,2024-12-29,7,323.33,99,0,express,False,14,422.33
ORD001708,C03039,P0163,2024-11-23,6,2482.99,99,0,standard,False,7,2581.99
ORD001709,C00569,P0267,2024-08-01,2,1656.52,49,100,quick,False,19,1605.52
ORD001710,C03328,P0439,2024-05-28,1,267.34,49,0,quick,False,15,316.34
ORD001711,C00140,P0002,2024-02-28,9,186.12,49,100,express,True,12,135.12
ORD001712,C00685,P0049,2024-07-26,2,415.96,49,0,standard,False,23,464.96
ORD001713,C00686,P0412,2024-01-11,4,727.12,99,200,express,True,19,626.12
ORD001714,C03280,P0363,2024-06-15,9,1511.95,49,0,standard,False,2,1560.95
ORD001715,C02763,P0471,2024-03-28,9,2467.83,149,100,standard,False,11,2516.83
ORD001716,C03590,P0210,2024-11-12,1,1072.64,99,0,quick,False,13,1171.64
ORD001717,C02038,P0460,2024-08-23,2,738.67,0,200,standard,True,15,538.67
ORD001718,C01074,P0015,2024-12-19,2,206.48,149,0,standard,True,21,355.48
ORD001719,C02225,P0167,2024-07-04,2,152.84,0,0,quick,False,22,152.84
ORD001720,C01341,P0282,2024-02-15,8,733.48,0,0,express,False,3,733.48
ORD001721,C01689,P0378,2024-08-11,8,641.15,0,0,quick,True,23,641.15
ORD001722,C03010,P0325,2024-02-24,8,1408.96,0,50,express,False,12,1358.96
ORD001723,C00363,P0297,2024-05-04,4,371.65,0,100,standard,True,9,271.65
ORD001724,C01067,P0184,2024-08-11,8,127.35,0,50,quick,False,19,77.35
ORD001725,C02640,P0137,2024-10-28,7,484.8,0,0,express,False,6,484.8
ORD001726,C03749,P0124,2024-07-24,8,2534.77,0,0,quick,False,22,2534.77
ORD001727,C02030,P0421,2024-09-25,1,1210.29,149,100,quick,True,4,1259.29
ORD001728,C00617,P0391,2024-02-10,3,123.05,0,0,standard,True,16,123.05
ORD001729,C04454,P0401,2024-07-21,6,1552.81,0,0,express,False,18,1552.81
ORD001730,C03146,P0479,2024-06-07,1,545.65,149,200,express,False,22,494.65
ORD001731,C01982,P0400,2024-06-22,4,416.64,0,0,quick,True,16,416.64
ORD001732,C00193,P0057,2024-04-23,9,397.05,49,0,standard,False,1,446.05
ORD001733,C04458,P0361,2024-06-19,7,731.96,49,0,quick,False,4,780.96
ORD001734,C01119,P0065,2024-03-27,1,628.41,99,50,standard,True,15,677.41
ORD001735,C04202,P0427,2024-02-09,6,847.26,49,50,quick,True,2,846.26
ORD001736,C00526,P0339,2024-09-18,6,695.73,49,0,standard,False,9,744.73
ORD001737,C01952,P0201,2024-11-20,2,207.79,0,0,quick,False,21,207.79
ORD001738,C04879,P0008,2024-02-28,6,307.16,149,200,quick,False,17,256.16
ORD001739,C01782,P0431,2024-09-28,2,1386.33,0,100,standard,True,14,1286.33
ORD001740,C02673,P0422,2024-09-18,8,860.91,149,50,standard,False,5,959.91
ORD001741,C02397,P0104,2024-04-09,7,515.45,149,50,quick,True,14,614.45
ORD001742,C03724,P0088,2024-06-27,6,240.14,49,200,express,True,3,89.13999999999999
ORD001743,C02589,P0088,2024-06-28,6,104.4,0,0,standard,False,15,104.4
ORD001744,C03526,P0343,2024-11-26,9,360.66,0,50,express,True,21,310.66
ORD001745,C03849,P0005,2024-03-16,9,138.49,149,50,quick,True,17,237.49
ORD001746,C01634,P0157,2024-04-30,2,559.83,149,100,express,False,7,608.83
ORD001747,C03009,P0378,2024-02-22,3,1306.4,49,200,quick,True,7,1155.4
ORD001748,C00093,P0329,2024-03-15,7,334.22,0,200,express,False,6,134.22000000000003
ORD001749,C03794,P0102,2024-05-11,9,1416.58,0,0,quick,False,5,1416.58
ORD001750,C03366,P0222,2024-04-11,6,952.51,99,200,express,False,21,851.51
ORD001751,C02946,P0401,2024-03-29,1,192.68,0,100,quick,False,22,92.68
ORD001752,C00088,P0170,2024-11-04,7,823.08,0,200,quick,True,2,623.08
ORD001753,C02550,P0032,2024-03-19,1,214.15,99,0,express,False,3,313.15
ORD001754,C02814,P0180,2024-12-01,5,843.52,0,100,standard,False,13,743.52
ORD001755,C01445,P0183,2024-02-08,9,206.79,99,50,standard,True,22,255.78999999999996
ORD001756,C04621,P0402,2024-03-31,9,447.9,149,0,express,False,0,596.9
ORD001757,C01830,P0086,2024-11-17,1,684.26,99,50,standard,True,5,733.26
ORD001758,C02741,P0068,2024-09-09,6,135.18,99,0,express,False,10,234.18
ORD001759,C00554,P0379,2024-08-25,3,215.49,0,100,quick,False,12,115.49000000000001
ORD001760,C03764,P0025,2024-10-15,9,369.38,0,50,quick,False,8,319.38
ORD001761,C02434,P0412,2024-10-23,3,533.34,0,0,quick,False,7,533.34
ORD001762,C00680,P0407,2024-08-17,2,1467.76,49,50,standard,False,23,1466.76
ORD001763,C01631,P0005,2024-12-14,8,244.15,49,0,standard,False,8,293.15
ORD001764,C00202,P0255,2024-10-16,3,397.83,49,50,quick,False,21,396.83
ORD001765,C04542,P0181,2024-11-25,5,551.09,0,50,standard,False,15,501.09000000000003
ORD001766,C03918,P0294,2024-11-21,6,344.46,49,50,quick,False,21,343.46
ORD001767,C03139,P0259,2024-11-15,1,786.98,0,0,standard,True,3,786.98
ORD001768,C04873,P0383,2024-06-14,7,306.57,49,100,express,True,21,255.57
ORD001769,C02225,P0313,2024-11-17,7,1134.96,49,200,standard,False,4,983.96
ORD001770,C01686,P0303,2024-06-10,5,591.46,0,0,standard,False,17,591.46
ORD001771,C00828,P0315,2024-03-18,9,162.18,0,200,express,False,20,-37.81999999999999
ORD001772,C04654,P0233,2024-08-13,2,789.32,149,200,quick,False,23,738.32
ORD001773,C02022,P0281,2024-02-04,5,688.55,149,50,standard,False,15,787.55
ORD001774,C00102,P0206,2024-08-28,2,388.37,0,0,standard,False,2,388.37
ORD001775,C01557,P0076,2024-08-14,2,106.85,0,200,standard,True,22,-93.15
ORD001776,C04211,P0167,2024-11-19,9,255.81,99,200,express,False,10,154.81
ORD001777,C04954,P0341,2024-06-04,7,463.27,0,50,quick,False,7,413.27
ORD001778,C04087,P0378,2024-05-20,4,255.13,0,0,standard,True,18,255.13
ORD001779,C02511,P0460,2024-10-29,8,702.08,0,50,quick,True,19,652.08
ORD001780,C00103,P0055,2024-01-29,4,971.15,0,200,standard,True,2,771.15
ORD001781,C03438,P0294,2024-06-29,1,1455.65,0,0,quick,False,20,1455.65
ORD001782,C02857,P0080,2024-09-16,3,827.87,0,200,quick,True,10,627.87
ORD001783,C00806,P0483,2024-02-07,1,916.59,0,0,quick,False,12,916.59
ORD001784,C04655,P0166,2024-06-07,2,755.33,149,100,express,False,22,804.33
ORD001785,C02074,P0175,2024-08-24,2,3061.85,0,0,express,False,23,3061.85
ORD001786,C00526,P0280,2024-08-19,7,310.72,0,100,standard,False,23,210.72000000000003
ORD001787,C03436,P0417,2024-01-20,4,315.72,149,50,standard,False,23,414.72
ORD001788,C00297,P0382,2024-01-30,9,193.54,149,200,quick,False,12,142.53999999999996
ORD001789,C04872,P0148,2024-07-07,2,564.44,0,100,standard,False,20,464.44000000000005
ORD001790,C00360,P0255,2024-05-26,9,169.77,0,0,standard,False,20,169.77
ORD001791,C03717,P0280,2024-02-09,6,319.44,0,0,express,False,17,319.44
ORD001792,C04599,P0344,2024-11-26,8,560.37,0,0,express,True,13,560.37
ORD001793,C01976,P0277,2024-02-16,7,2311.35,0,50,express,True,7,2261.35
ORD001794,C02077,P0278,2024-11-10,8,2422.34,149,50,quick,True,7,2521.34
ORD001795,C03411,P0408,2024-10-31,9,1052.09,99,200,quick,False,8,951.0899999999999
ORD001796,C02173,P0205,2024-09-16,8,444.15,0,100,standard,False,3,344.15
ORD001797,C04691,P0461,2024-07-15,6,1501.57,0,200,express,False,9,1301.57
ORD001798,C01589,P0409,2024-08-24,8,1557.17,0,0,standard,False,2,1557.17
ORD001799,C01389,P0487,2024-10-24,8,1786.1,149,0,standard,False,3,1935.1
ORD001800,C03514,P0029,2024-10-10,2,814.2,149,100,standard,True,2,863.2
ORD001801,C00262,P0217,2024-01-22,2,256.77,0,200,quick,False,10,56.76999999999998
ORD001802,C02983,P0421,2024-08-18,1,165.85,0,50,express,True,23,115.85
ORD001803,C02919,P0469,2024-10-19,2,1822.73,0,100,standard,False,18,1722.73
ORD001804,C01863,P0230,2024-11-29,7,139.0,0,50,standard,True,6,89.0
ORD001805,C00001,P0358,2024-04-06,3,344.57,0,100,standard,False,23,244.57
ORD001806,C01933,P0161,2024-06-13,4,566.18,99,50,quick,True,3,615.18
ORD001807,C00393,P0216,2024-11-05,4,114.56,0,0,quick,False,18,114.56
ORD001808,C00305,P0227,2024-08-31,4,1760.95,149,0,standard,False,11,1909.95
ORD001809,C00529,P0332,2024-09-13,2,335.91,149,100,standard,True,4,384.91
ORD001810,C04623,P0220,2024-03-18,6,119.24,0,0,standard,True,10,119.24
ORD001811,C03379,P0233,2024-02-01,1,3633.93,0,100,express,False,12,3533.93
ORD001812,C00964,P0072,2024-08-18,5,360.16,0,0,standard,False,18,360.16
ORD001813,C04019,P0398,2024-02-22,2,1564.56,49,0,standard,False,23,1613.56
ORD001814,C00670,P0094,2024-06-24,9,521.92,99,50,quick,False,0,570.92
ORD001815,C04068,P0427,2024-12-31,2,860.63,99,0,quick,True,9,959.63
ORD001816,C02252,P0474,2024-02-13,6,292.11,99,0,quick,False,1,391.11
ORD001817,C02672,P0094,2024-09-15,4,588.24,149,0,quick,False,18,737.24
ORD001818,C01713,P0393,2024-11-26,6,307.56,0,200,standard,True,17,107.56
ORD001819,C04044,P0242,2024-03-29,2,2211.35,0,200,standard,False,6,2011.35
ORD001820,C04816,P0372,2024-01-21,2,143.02,0,0,quick,False,12,143.02
ORD001821,C00635,P0292,2024-05-06,7,323.79,99,200,standard,True,13,222.79000000000002
ORD001822,C03499,P0262,2024-12-28,3,1664.16,149,100,quick,False,10,1713.16
ORD001823,C04652,P0123,2024-08-12,3,556.8,49,0,quick,True,11,605.8
ORD001824,C01117,P0287,2024-08-12,7,740.55,149,0,express,False,21,889.55
ORD001825,C02154,P0499,2024-09-25,8,837.27,49,200,quick,True,4,686.27
ORD001826,C04223,P0266,2024-09-24,7,150.5,0,0,standard,False,16,150.5
ORD001827,C00037,P0431,2024-11-08,3,111.53,49,200,standard,True,21,-39.47
ORD001828,C01632,P0108,2024-03-22,3,2043.64,99,50,standard,False,19,2092.6400000000003
ORD001829,C04293,P0347,2024-07-05,7,320.74,0,0,quick,False,18,320.74
ORD001830,C03775,P0451,2024-07-09,3,433.98,99,0,standard,False,7,532.98
ORD001831,C02054,P0047,2024-05-24,2,901.2,149,0,quick,False,3,1050.2
ORD001832,C04085,P0300,2024-07-17,7,287.71,149,0,quick,False,12,436.71
ORD001833,C03403,P0094,2024-07-28,3,1023.54,0,100,quick,True,0,923.54
ORD001834,C00518,P0476,2024-06-22,5,528.06,99,100,quick,True,17,527.06
ORD001835,C02241,P0032,2024-12-13,7,1458.53,0,200,standard,False,14,1258.53
ORD001836,C02363,P0117,2024-11-02,2,327.54,99,0,standard,False,10,426.54
ORD001837,C01041,P0131,2024-01-27,8,258.55,0,200,express,False,4,58.55000000000001
ORD001838,C04715,P0250,2024-11-19,2,1346.36,149,50,express,False,9,1445.36
ORD001839,C01394,P0302,2024-11-27,4,375.51,0,200,standard,False,7,175.51
ORD001840,C02869,P0121,2024-06-20,4,470.56,49,200,express,False,15,319.55999999999995
ORD001841,C03676,P0217,2024-02-03,8,1203.92,0,200,quick,True,21,1003.9200000000001
ORD001842,C03721,P0052,2024-06-17,1,805.61,49,0,express,True,14,854.61
ORD001843,C03772,P0125,2024-02-18,9,507.03,99,0,standard,False,4,606.03
ORD001844,C00234,P0158,2024-10-12,6,300.28,49,50,standard,False,19,299.28
ORD001845,C03140,P0158,2024-12-13,4,1110.34,0,0,standard,True,9,1110.34
ORD001846,C00446,P0282,2024-07-16,6,238.28,0,100,quick,True,4,138.28
ORD001847,C04705,P0088,2024-05-25,6,1943.49,49,0,quick,False,23,1992.49
ORD001848,C00007,P0175,2024-05-09,9,213.02,99,100,standard,False,21,212.01999999999998
ORD001849,C04557,P0291,2024-12-02,4,1243.09,49,0,standard,False,22,1292.09
ORD001850,C00999,P0432,2024-11-04,8,485.46,49,200,standard,True,1,334.46000000000004
ORD001851,C01334,P0158,2024-03-17,1,243.06,0,50,express,True,19,193.06
ORD001852,C00133,P0490,2024-06-19,6,459.36,99,50,standard,False,10,508.36
ORD001853,C02432,P0248,2024-02-11,5,274.32,99,50,express,False,9,323.32
ORD001854,C00055,P0356,2024-10-25,3,201.32,0,0,standard,False,16,201.32
ORD001855,C03185,P0121,2024-12-05,4,290.33,0,0,standard,True,22,290.33
ORD001856,C01111,P0236,2024-03-13,8,1513.28,149,0,quick,False,3,1662.28
ORD001857,C03179,P0427,2024-06-28,2,177.39,0,200,standard,False,8,-22.610000000000014
ORD001858,C01523,P0124,2024-06-07,8,2615.51,0,0,quick,False,22,2615.51
ORD001859,C00143,P0314,2024-12-01,7,102.51,0,200,express,True,18,-97.49
ORD001860,C02916,P0278,2024-12-23,1,850.55,0,100,standard,False,15,750.55
ORD001861,C02103,P0354,2024-12-05,2,1458.05,99,0,standard,False,20,1557.05
ORD001862,C00619,P0323,2024-07-19,7,2001.22,99,50,express,False,6,2050.2200000000003
ORD001863,C01886,P0091,2024-03-07,3,207.83,0,200,standard,False,15,7.8300000000000125
ORD001864,C02020,P0425,2024-10-31,2,937.61,0,100,quick,False,9,837.61
ORD001865,C01408,P0104,2024-12-28,1,178.49,0,50,quick,False,22,128.49
ORD001866,C02921,P0041,2024-02-13,7,403.37,99,50,standard,True,12,452.37
ORD001867,C04734,P0396,2024-06-07,3,1020.55,0,200,standard,False,1,820.55
ORD001868,C03373,P0128,2024-10-13,6,396.22,0,200,standard,True,10,196.22000000000003
ORD001869,C03476,P0459,2024-07-11,8,362.18,0,200,quick,False,4,162.18
ORD001870,C00836,P0490,2024-11-25,6,185.35,0,0,standard,True,22,185.35
ORD001871,C03902,P0052,2024-06-17,7,147.12,149,0,standard,True,6,296.12
ORD001872,C01585,P0167,2024-03-06,6,184.74,49,200,standard,True,23,33.74000000000001
ORD001873,C04875,P0089,2024-12-09,7,1557.27,0,0,quick,False,7,1557.27
ORD001874,C00836,P0246,2024-12-25,5,106.88,0,0,express,True,22,106.88
ORD001875,C02557,P0173,2024-12-16,9,925.33,0,100,standard,True,23,825.33
ORD001876,C02859,P0493,2024-09-26,3,1123.6,0,0,standard,False,1,1123.6
ORD001877,C04360,P0371,2024-02-17,6,686.35,0,0,standard,False,5,686.35
ORD001878,C01397,P0086,2024-11-26,9,1017.55,0,0,standard,False,15,1017.55
ORD001879,C03822,P0368,2024-12-09,1,838.43,49,0,quick,True,23,887.43
ORD001880,C04397,P0149,2024-08-04,5,524.6,99,0,standard,False,12,623.6
ORD001881,C03430,P0248,2024-09-17,4,436.69,49,0,quick,True,9,485.69
ORD001882,C00804,P0114,2024-07-04,9,2084.1,149,0,quick,False,21,2233.1
ORD001883,C01075,P0179,2024-01-10,1,2600.34,0,100,quick,True,5,2500.34
ORD001884,C04194,P0119,2024-07-04,4,836.42,0,0,standard,False,0,836.42
ORD001885,C02640,P0027,2024-06-07,1,252.84,0,0,standard,True,17,252.84
ORD001886,C03084,P0308,2024-04-02,3,514.82,0,50,standard,False,12,464.82000000000005
ORD001887,C01413,P0116,2024-04-19,4,579.37,0,50,quick,True,10,529.37
ORD001888,C04452,P0190,2024-06-23,1,1092.09,99,50,quick,False,13,1141.09
ORD001889,C01663,P0144,2024-09-05,5,870.36,0,200,express,False,21,670.36
ORD001890,C02975,P0319,2024-04-08,6,605.26,149,200,standard,False,15,554.26
ORD001891,C04106,P0261,2024-04-25,1,897.4,0,0,quick,False,11,897.4
ORD001892,C04176,P0141,2024-03-11,4,116.05,149,50,express,False,12,215.05
ORD001893,C02053,P0113,2024-03-20,4,1148.26,0,100,quick,True,12,1048.26
ORD001894,C02420,P0383,2024-02-09,1,265.45,149,100,standard,True,2,314.45
ORD001895,C02528,P0272,2024-05-31,2,846.81,49,100,quick,False,16,795.81
ORD001896,C04317,P0037,2024-02-21,5,183.71,149,0,quick,True,23,332.71000000000004
ORD001897,C01940,P0196,2024-09-16,2,184.09,0,50,standard,False,9,134.09
ORD001898,C03152,P0012,2024-10-03,3,124.42,0,0,quick,False,9,124.42
ORD001899,C01946,P0111,2024-09-26,9,1786.38,99,0,standard,False,22,1885.38
ORD001900,C00514,P0436,2024-01-20,5,748.43,99,100,quick,True,6,747.43
ORD001901,C00220,P0136,2024-12-04,1,413.55,149,50,standard,False,22,512.55
ORD001902,C00227,P0171,2024-06-21,5,1184.08,0,200,standard,False,17,984.0799999999999
ORD001903,C02337,P0126,2024-11-12,3,787.6,99,0,standard,True,12,886.6
ORD001904,C04388,P0361,2024-03-08,1,776.46,149,0,standard,False,3,925.46
ORD001905,C03264,P0409,2024-11-01,3,566.29,149,50,standard,False,4,665.29
ORD001906,C00955,P0332,2024-07-11,6,104.57,0,0,quick,False,10,104.57
ORD001907,C01497,P0018,2024-03-19,5,308.32,0,0,express,False,18,308.32
ORD001908,C01280,P0431,2024-03-24,1,179.85,49,200,quick,False,1,28.849999999999994
ORD001909,C01978,P0464,2024-04-02,2,859.15,149,200,express,True,22,808.15
ORD001910,C01529,P0207,2024-12-20,5,299.09,0,0,quick,False,9,299.09
ORD001911,C04483,P0157,2024-11-15,9,517.7,0,0,standard,False,14,517.7
ORD001912,C02662,P0159,2024-03-25,5,404.25,0,50,standard,True,20,354.25
ORD001913,C02413,P0333,2024-08-12,5,207.18,149,200,standard,True,5,156.18
ORD001914,C02705,P0239,2024-01-23,1,2324.26,0,200,standard,False,18,2124.26
ORD001915,C03535,P0375,2024-07-29,5,1995.54,99,50,standard,False,4,2044.54
ORD001916,C04284,P0078,2024-07-05,8,160.88,0,200,quick,True,14,-39.120000000000005
ORD001917,C00917,P0331,2024-12-12,9,1328.6,0,100,standard,False,22,1228.6
ORD001918,C01201,P0356,2024-05-01,3,568.11,49,0,express,True,15,617.11
ORD001919,C02422,P0330,2024-08-15,4,1139.24,99,100,standard,False,9,1138.24
ORD001920,C01621,P0196,2024-11-08,7,213.72,49,0,quick,False,4,262.72
ORD001921,C00759,P0119,2024-05-25,7,198.32,0,50,quick,False,6,148.32
ORD001922,C04289,P0247,2024-08-17,1,1648.93,0,50,standard,True,6,1598.93
ORD001923,C01488,P0138,2024-04-29,6,1695.71,0,0,quick,False,23,1695.71
ORD001924,C04258,P0225,2024-09-30,9,538.04,49,0,quick,False,6,587.04
ORD001925,C04371,P0082,2024-05-02,5,1528.0,149,0,express,False,23,1677.0
ORD001926,C04459,P0409,2024-06-07,8,869.69,99,0,express,True,20,968.69
ORD001927,C01665,P0025,2024-08-28,9,242.21,0,0,express,False,0,242.21
ORD001928,C02002,P0127,2024-04-09,3,378.24,0,200,standard,False,11,178.24
ORD001929,C00459,P0400,2024-07-07,1,201.38,0,200,standard,True,23,1.3799999999999955
ORD001930,C03021,P0222,2024-12-13,2,1139.9,49,50,standard,True,18,1138.9
ORD001931,C02290,P0338,2024-10-19,5,3050.59,0,0,standard,True,3,3050.59
ORD001932,C01365,P0043,2024-08-13,7,652.34,99,0,standard,True,21,751.34
ORD001933,C03201,P0083,2024-08-24,6,845.7,149,0,standard,False,4,994.7
ORD001934,C04752,P0406,2024-05-24,4,1058.55,0,0,quick,True,12,1058.55
ORD001935,C01383,P0024,2024-07-14,9,276.76,0,200,standard,False,13,76.75999999999999
ORD001936,C02135,P0219,2024-09-14,4,385.63,149,0,express,False,21,534.63
ORD001937,C04837,P0292,2024-09-27,3,471.1,0,200,standard,False,5,271.1
ORD001938,C03032,P0203,2024-08-02,5,731.0,0,0,standard,False,1,731.0
ORD001939,C03709,P0367,2024-03-23,4,1429.29,0,50,standard,False,3,1379.29
ORD001940,C01521,P0192,2024-04-12,2,304.31,0,200,standard,False,11,104.31
ORD001941,C01623,P0001,2024-11-05,3,544.59,0,50,quick,False,15,494.59000000000003
ORD001942,C00681,P0201,2024-03-11,7,1073.71,0,0,express,False,5,1073.71
ORD001943,C03134,P0353,2024-05-08,2,163.01,149,0,standard,False,1,312.01
ORD001944,C03261,P0031,2024-01-27,1,602.49,0,0,quick,False,3,602.49
ORD001945,C04994,P0088,2024-11-24,2,208.15,49,0,quick,False,16,257.15
ORD001946,C04696,P0201,2024-09-03,8,641.28,0,200,standard,True,20,441.28
ORD001947,C03419,P0438,2024-07-09,8,1121.18,0,0,standard,True,10,1121.18
ORD001948,C01867,P0177,2024-10-10,2,288.3,49,100,standard,False,18,237.3
ORD001949,C03609,P0192,2024-02-22,6,1424.55,0,100,standard,False,13,1324.55
ORD001950,C01199,P0159,2024-12-30,7,384.37,99,100,express,False,4,383.37
ORD001951,C02823,P0292,2024-09-21,1,247.18,0,50,express,False,20,197.18
ORD001952,C02948,P0203,2024-03-04,7,537.27,0,100,quick,True,23,437.27
ORD001953,C03978,P0240,2024-05-25,8,1560.66,0,0,quick,False,12,1560.66
ORD001954,C03625,P0114,2024-02-12,9,149.0,0,0,quick,True,7,149.0
ORD001955,C04578,P0209,2024-03-23,8,376.8,0,50,standard,False,1,326.8
ORD001956,C00168,P0221,2024-05-19,3,840.23,149,200,quick,True,3,789.23
ORD001957,C02021,P0396,2024-08-18,8,408.76,149,50,standard,False,7,507.76
ORD001958,C02194,P0181,2024-09-19,3,150.42,149,0,standard,False,12,299.41999999999996
ORD001959,C00438,P0258,2024-03-16,6,381.43,0,100,standard,False,15,281.43
ORD001960,C03260,P0468,2024-08-11,4,1303.1,149,0,standard,False,9,1452.1
ORD001961,C04255,P0425,2024-02-16,7,2509.23,99,50,quick,False,22,2558.23
ORD001962,C04909,P0461,2024-04-23,8,127.41,0,50,standard,True,19,77.41
ORD001963,C02449,P0039,2024-08-18,6,688.61,0,50,quick,True,5,638.61
ORD001964,C04681,P0329,2024-06-27,4,176.89,149,0,quick,True,20,325.89
ORD001965,C00863,P0321,2024-01-14,8,897.47,0,0,standard,False,23,897.47
ORD001966,C00139,P0059,2024-07-31,7,104.55,49,0,quick,True,12,153.55
ORD001967,C04423,P0492,2024-01-28,8,109.4,0,100,standard,False,22,9.400000000000006
ORD001968,C00224,P0484,2024-07-21,7,1149.03,0,200,express,False,21,949.03
ORD001969,C00557,P0010,2024-09-14,3,153.15,0,0,standard,False,21,153.15
ORD001970,C01573,P0119,2024-07-10,3,353.87,0,0,standard,False,2,353.87
ORD001971,C00385,P0384,2024-04-30,9,2318.73,49,100,quick,False,14,2267.73
ORD001972,C00520,P0409,2024-07-16,7,3050.42,49,200,express,True,20,2899.42
ORD001973,C03972,P0041,2024-02-11,1,222.22,0,100,standard,True,12,122.22
ORD001974,C02834,P0189,2024-07-10,3,675.12,0,100,express,False,8,575.12
ORD001975,C03142,P0122,2024-04-24,1,672.33,0,200,quick,False,20,472.33000000000004
ORD001976,C01833,P0188,2024-01-15,6,520.52,0,50,quick,True,20,470.52
ORD001977,C04542,P0251,2024-06-12,2,1909.39,0,0,standard,False,14,1909.39
ORD001978,C03161,P0460,2024-02-20,7,1080.79,49,0,quick,True,11,1129.79
ORD001979,C03501,P0091,2024-12-31,8,1111.31,0,200,quick,True,0,911.31
ORD001980,C04202,P0483,2024-11-28,6,318.88,0,0,express,True,3,318.88
ORD001981,C01499,P0212,2024-06-20,5,497.81,99,0,standard,True,3,596.81
ORD001982,C02963,P0317,2024-03-15,4,566.81,99,0,express,False,2,665.81
ORD001983,C01477,P0201,2024-03-11,9,347.59,49,0,quick,True,3,396.59
ORD001984,C00903,P0267,2024-01-20,8,168.73,149,200,express,False,15,117.73000000000002
ORD001985,C01631,P0493,2024-05-26,5,193.56,99,100,standard,False,20,192.56
ORD001986,C03986,P0154,2024-08-29,1,238.49,0,100,standard,True,21,138.49
ORD001987,C01170,P0194,2024-12-22,8,258.4,149,50,standard,True,16,357.4
ORD001988,C02327,P0027,2024-03-12,8,293.19,0,50,express,True,7,243.19
ORD001989,C04119,P0193,2024-12-27,7,305.49,0,0,standard,False,0,305.49
ORD001990,C01744,P0411,2024-08-28,7,524.8,0,0,express,False,18,524.8
ORD001991,C02039,P0498,2024-08-17,8,597.74,0,200,standard,True,18,397.74
ORD001992,C00119,P0222,2024-11-11,1,357.61,0,0,standard,True,18,357.61
ORD001993,C03857,P0106,2024-01-03,3,1763.84,0,0,quick,False,15,1763.84
ORD001994,C01675,P0148,2024-02-10,4,662.86,99,0,standard,False,8,761.86
ORD001995,C01320,P0134,2024-01-10,6,1183.09,149,0,standard,False,22,1332.09
ORD001996,C04950,P0497,2024-05-11,9,1905.11,99,100,standard,False,23,1904.11
ORD001997,C01015,P0094,2024-04-20,4,223.66,49,0,standard,False,3,272.65999999999997
ORD001998,C04543,P0269,2024-03-17,6,489.88,99,0,standard,False,18,588.88
ORD001999,C01743,P0422,2024-10-07,9,496.44,0,0,standard,False,5,496.44
ORD002000,C01942,P0373,2024-11-07,9,405.38,149,0,express,False,12,554.38
ORD002001,C03541,P0125,2024-09-27,6,105.26,99,0,quick,False,15,204.26
ORD002002,C01446,P0358,2024-08-04,5,1283.87,0,200,quick,False,20,1083.87
ORD002003,C03616,P0328,2024-02-26,3,181.8,99,200,standard,False,22,80.80000000000001
ORD002004,C03894,P0470,2024-05-27,5,3878.56,0,0,express,False,13,3878.56
ORD002005,C01724,P0317,2024-05-01,3,1136.84,49,0,quick,True,9,1185.84
ORD002006,C02272,P0011,2024-06-03,5,706.27,149,200,standard,False,18,655.27
ORD002007,C04062,P0476,2024-03-03,1,216.57,0,50,standard,False,4,166.57
ORD002008,C04281,P0293,2024-01-25,6,606.09,149,0,standard,False,3,755.09
ORD002009,C00071,P0441,2024-05-02,7,310.82,0,100,standard,False,10,210.82
ORD002010,C04169,P0439,2024-08-02,2,302.55,0,50,quick,False,2,252.55
ORD002011,C02200,P0294,2024-11-23,3,1337.43,0,50,express,False,22,1287.43
ORD002012,C02143,P0341,2024-11-14,9,434.35,0,0,express,False,17,434.35
ORD002013,C03757,P0003,2024-08-22,8,518.41,49,0,standard,False,5,567.41
ORD002014,C03181,P0303,2024-02-02,4,1394.9,0,100,quick,False,12,1294.9
ORD002015,C01481,P0390,2024-02-26,8,163.32,49,200,standard,True,22,12.319999999999993
ORD002016,C02875,P0315,2024-09-12,8,731.05,0,200,express,False,0,531.05
ORD002017,C04860,P0167,2024-11-01,6,703.28,0,0,express,False,12,703.28
ORD002018,C04079,P0007,2024-10-01,1,486.63,99,100,standard,False,17,485.63
ORD002019,C01096,P0123,2024-01-09,2,1338.44,49,100,quick,True,17,1287.44
ORD002020,C04307,P0371,2024-11-19,4,2102.94,99,50,quick,True,16,2151.94
ORD002021,C00723,P0313,2024-09-20,4,537.28,0,50,quick,False,15,487.28
ORD002022,C03239,P0184,2024-10-21,2,525.35,0,100,standard,True,2,425.35
ORD002023,C02378,P0034,2024-05-03,9,587.1,99,0,quick,False,16,686.1
ORD002024,C04846,P0072,2024-03-14,2,997.93,99,0,quick,True,18,1096.9299999999998
ORD002025,C03214,P0370,2024-05-29,6,870.96,0,0,standard,True,17,870.96
ORD002026,C02871,P0012,2024-08-07,5,275.47,0,100,standard,False,22,175.47000000000003
ORD002027,C04489,P0038,2024-01-01,4,145.22,149,200,express,True,20,94.22000000000003
ORD002028,C04607,P0083,2024-11-10,6,2185.65,0,0,standard,True,3,2185.65
ORD002029,C04781,P0020,2024-06-29,4,310.79,0,200,express,False,6,110.79000000000002
ORD002030,C03919,P0252,2024-05-03,9,811.43,49,0,quick,False,21,860.43
ORD002031,C01720,P0302,2024-10-19,7,1332.97,0,100,standard,True,3,1232.97
ORD002032,C03399,P0466,2024-08-01,3,348.95,0,0,quick,False,5,348.95
ORD002033,C01857,P0257,2024-04-05,4,805.33,49,200,express,False,19,654.33
ORD002034,C02765,P0299,2024-12-06,1,178.92,0,0,quick,False,22,178.92
ORD002035,C02396,P0487,2024-12-08,6,2551.99,0,200,standard,False,5,2351.99
ORD002036,C03764,P0029,2024-02-13,2,140.94,0,0,standard,True,0,140.94
ORD002037,C04021,P0470,2024-09-25,4,502.59,99,200,standard,False,17,401.5899999999999
ORD002038,C03886,P0127,2024-07-03,5,637.75,0,0,standard,False,14,637.75
ORD002039,C02562,P0310,2024-02-04,8,1193.06,99,0,quick,False,10,1292.06
ORD002040,C02446,P0039,2024-09-26,3,189.38,0,200,standard,False,3,-10.620000000000005
ORD002041,C03667,P0460,2024-10-05,6,505.88,99,0,express,True,1,604.88
ORD002042,C02261,P0096,2024-09-16,1,348.38,0,0,express,False,4,348.38
ORD002043,C03617,P0223,2024-09-16,9,360.79,99,100,quick,False,18,359.79
ORD002044,C01312,P0091,2024-10-10,1,1155.04,0,50,quick,True,6,1105.04
ORD002045,C01864,P0279,2024-01-11,2,102.83,149,50,quick,False,20,201.82999999999998
ORD002046,C02305,P0169,2024-07-18,1,1066.84,0,200,standard,False,5,866.8399999999999
ORD002047,C01807,P0283,2024-08-28,8,1262.98,49,50,quick,False,2,1261.98
ORD002048,C02741,P0221,2024-01-23,4,1720.41,49,0,standard,False,17,1769.41
ORD002049,C03336,P0116,2024-11-21,2,789.1,49,200,quick,False,8,638.1
ORD002050,C00997,P0247,2024-07-17,7,382.95,0,200,quick,True,1,182.95
ORD002051,C02319,P0360,2024-07-10,8,489.1,49,0,standard,True,2,538.1
ORD002052,C03207,P0348,2024-05-09,9,2547.46,49,50,quick,False,3,2546.46
ORD002053,C00598,P0353,2024-01-09,5,1590.14,99,0,standard,False,16,1689.14
ORD002054,C01083,P0434,2024-07-01,3,534.92,149,0,express,False,9,683.92
ORD002055,C03581,P0405,2024-02-04,1,2105.07,49,200,quick,True,11,1954.0700000000002
ORD002056,C03086,P0088,2024-06-25,8,1310.95,0,100,standard,False,17,1210.95
ORD002057,C02302,P0077,2024-05-03,6,1718.48,99,0,quick,True,5,1817.48
ORD002058,C02784,P0457,2024-12-02,5,903.15,0,200,quick,True,13,703.15
ORD002059,C00721,P0073,2024-11-17,7,1463.65,0,200,quick,False,21,1263.65
ORD002060,C01154,P0391,2024-02-23,5,1655.42,49,0,express,True,0,1704.42
ORD002061,C00016,P0013,2024-10-24,4,166.57,0,100,standard,False,7,66.57
ORD002062,C00991,P0044,2024-06-19,5,2450.04,0,200,quick,False,9,2250.04
ORD002063,C04973,P0037,2024-03-09,7,383.12,99,0,standard,False,1,482.12
ORD002064,C02232,P0415,2024-01-23,6,504.75,0,0,standard,False,16,504.75
ORD002065,C03462,P0244,2024-06-29,9,1197.83,0,0,standard,False,9,1197.83
ORD002066,C01446,P0061,2024-10-06,2,864.32,49,100,standard,False,21,813.32
ORD002067,C01465,P0492,2024-06-22,7,1663.84,149,50,quick,False,17,1762.84
ORD002068,C03767,P0095,2024-11-25,1,457.25,0,0,express,True,14,457.25
ORD002069,C03627,P0322,2024-03-30,8,426.09,0,0,standard,False,4,426.09
ORD002070,C03083,P0251,2024-12-16,4,121.54,99,50,quick,False,18,170.54000000000002
ORD002071,C01543,P0467,2024-08-25,8,533.87,49,0,standard,False,15,582.87
ORD002072,C00079,P0060,2024-12-22,8,1000.33,99,100,quick,True,22,999.3299999999999
ORD002073,C03287,P0268,2024-09-02,4,349.85,149,0,express,True,10,498.85
ORD002074,C01271,P0118,2024-11-19,4,533.87,49,200,standard,False,16,382.87
ORD002075,C01564,P0086,2024-04-03,5,272.38,0,0,standard,False,11,272.38
ORD002076,C01713,P0082,2024-03-10,7,1136.31,0,100,standard,True,19,1036.31
ORD002077,C01009,P0079,2024-02-02,6,142.69,0,0,quick,False,17,142.69
ORD002078,C00772,P0227,2024-08-22,1,954.46,0,0,standard,True,16,954.46
ORD002079,C00482,P0482,2024-01-19,6,432.43,49,0,express,False,6,481.43
ORD002080,C02392,P0302,2024-05-30,3,128.74,149,100,standard,False,22,177.74
ORD002081,C03179,P0110,2024-04-13,9,1443.37,0,0,standard,True,3,1443.37
ORD002082,C01581,P0369,2024-01-23,3,567.22,0,200,standard,True,21,367.22
ORD002083,C02521,P0309,2024-04-12,9,739.21,0,200,quick,False,1,539.21
ORD002084,C01105,P0070,2024-01-22,5,1020.82,0,50,standard,False,7,970.82
ORD002085,C03709,P0435,2024-06-10,8,844.1,49,50,standard,False,1,843.1
ORD002086,C03361,P0484,2024-06-07,9,1017.76,0,50,quick,False,6,967.76
ORD002087,C04270,P0327,2024-09-20,9,1104.67,49,50,standard,False,4,1103.67
ORD002088,C00841,P0024,2024-07-22,7,721.67,0,200,express,False,9,521.67
ORD002089,C03534,P0278,2024-10-05,1,417.59,99,50,express,True,6,466.5899999999999
ORD002090,C01872,P0201,2024-08-30,8,294.01,49,0,standard,False,4,343.01
ORD002091,C03505,P0413,2024-05-09,7,1731.43,0,100,standard,False,19,1631.43
ORD002092,C03320,P0224,2024-01-19,4,2551.84,99,100,standard,False,17,2550.84
ORD002093,C02728,P0266,2024-11-27,6,408.85,49,200,express,True,6,257.85
ORD002094,C00954,P0418,2024-04-07,2,182.39,0,100,quick,True,18,82.38999999999999
ORD002095,C01595,P0282,2024-05-26,4,275.2,149,100,quick,False,11,324.2
ORD002096,C02288,P0116,2024-07-01,8,876.48,99,0,quick,False,8,975.48
ORD002097,C04435,P0066,2024-01-25,4,231.91,49,50,standard,False,4,230.90999999999997
ORD002098,C00743,P0046,2024-12-01,4,1159.28,0,50,express,True,23,1109.28
ORD002099,C01494,P0240,2024-06-18,4,1894.04,149,0,express,True,19,2043.04
ORD002100,C03346,P0177,2024-05-19,9,2419.22,0,200,express,True,13,2219.22
ORD002101,C04110,P0007,2024-03-04,2,105.56,149,0,standard,False,2,254.56
ORD002102,C01988,P0182,2024-07-07,7,2320.63,149,200,standard,False,17,2269.63
ORD002103,C00207,P0076,2024-08-11,3,1042.48,99,0,quick,False,8,1141.48
ORD002104,C01083,P0425,2024-07-23,4,160.46,0,0,standard,True,8,160.46
ORD002105,C02412,P0066,2024-08-13,1,474.59,0,0,standard,False,12,474.59
ORD002106,C03311,P0147,2024-07-16,3,941.89,0,200,quick,False,20,741.89
ORD002107,C04010,P0493,2024-06-22,2,2296.49,149,50,quick,False,5,2395.49
ORD002108,C00396,P0172,2024-04-05,7,224.51,0,200,standard,False,12,24.50999999999999
ORD002109,C01957,P0034,2024-09-11,6,194.66,49,200,standard,False,14,43.66
ORD002110,C04889,P0076,2024-12-20,1,546.52,49,0,quick,False,2,595.52
ORD002111,C00208,P0403,2024-09-11,8,2510.58,0,0,standard,False,8,2510.58
ORD002112,C00432,P0279,2024-07-07,9,2586.54,149,50,express,False,21,2685.54
ORD002113,C02656,P0184,2024-09-22,1,280.06,0,50,standard,True,13,230.06
ORD002114,C02436,P0054,2024-05-16,5,368.29,0,0,standard,False,22,368.29
ORD002115,C04678,P0392,2024-02-12,7,1769.42,99,200,quick,False,4,1668.42
ORD002116,C04527,P0093,2024-08-05,2,1028.2,149,0,standard,False,17,1177.2
ORD002117,C04446,P0472,2024-02-10,6,2609.84,0,100,quick,False,6,2509.84
ORD002118,C00133,P0143,2024-08-08,8,1664.42,0,100,standard,False,2,1564.42
ORD002119,C00638,P0246,2024-11-04,8,268.54,49,0,standard,False,20,317.54
ORD002120,C01228,P0438,2024-04-02,8,1097.19,149,50,quick,True,23,1196.19
ORD002121,C03369,P0199,2024-10-06,6,133.85,149,0,standard,False,8,282.85
ORD002122,C04212,P0235,2024-05-30,6,1290.98,149,200,quick,False,20,1239.98
ORD002123,C04019,P0313,2024-06-13,3,743.13,49,100,standard,True,22,692.13
ORD002124,C01290,P0319,2024-02-22,2,2287.1,0,0,quick,False,20,2287.1
ORD002125,C02196,P0219,2024-02-10,5,2352.78,149,50,quick,True,6,2451.78
ORD002126,C01703,P0331,2024-06-16,9,135.51,149,0,express,True,22,284.51
ORD002127,C02226,P0370,2024-12-04,4,221.48,0,50,quick,False,11,171.48
ORD002128,C02195,P0215,2024-05-31,5,562.43,49,0,quick,False,18,611.43
ORD002129,C04560,P0048,2024-06-05,6,1580.24,99,0,quick,False,21,1679.24
ORD002130,C00975,P0284,2024-08-16,6,1278.08,149,0,standard,False,20,1427.08
ORD002131,C01028,P0462,2024-11-04,4,2433.2,0,50,quick,False,16,2383.2
ORD002132,C00525,P0117,2024-08-06,4,772.79,49,100,quick,True,19,721.79
ORD002133,C02327,P0081,2024-03-26,8,306.53,0,0,standard,False,5,306.53
ORD002134,C02546,P0262,2024-12-19,5,116.8,0,0,quick,False,13,116.8
ORD002135,C00835,P0076,2024-08-15,5,275.55,0,200,quick,False,4,75.55000000000001
ORD002136,C02483,P0210,2024-06-28,9,886.34,0,50,standard,False,10,836.34
ORD002137,C02863,P0495,2024-08-16,4,1924.19,0,50,standard,True,13,1874.19
ORD002138,C02734,P0490,2024-01-22,7,369.89,0,100,standard,True,12,269.89
ORD002139,C01538,P0121,2024-06-29,5,1558.56,149,0,quick,False,0,1707.56
ORD002140,C01910,P0324,2024-11-10,9,450.65,49,0,express,True,19,499.65
ORD002141,C04049,P0089,2024-08-10,8,356.99,49,0,quick,True,7,405.99
ORD002142,C02642,P0257,2024-05-20,8,596.7,0,0,quick,False,2,596.7
ORD002143,C01303,P0160,2024-11-23,3,507.72,0,100,standard,True,8,407.72
ORD002144,C00131,P0175,2024-01-30,9,1814.76,0,0,quick,True,3,1814.76
ORD002145,C00392,P0292,2024-02-08,8,541.12,0,200,express,True,17,341.12
ORD002146,C04576,P0088,2024-12-09,3,326.37,0,100,standard,False,3,226.37
ORD002147,C03584,P0126,2024-11-22,1,1393.12,0,100,quick,False,21,1293.12
ORD002148,C02675,P0472,2024-07-26,5,4777.95,0,50,standard,False,17,4727.95
ORD002149,C02466,P0358,2024-07-05,4,830.23,0,0,standard,False,13,830.23
ORD002150,C01225,P0285,2024-09-19,8,300.81,99,0,standard,True,2,399.81
ORD002151,C02705,P0296,2024-12-13,6,290.02,49,0,standard,False,10,339.02
ORD002152,C00461,P0259,2024-03-22,5,140.61,149,100,standard,False,20,189.61
ORD002153,C01801,P0338,2024-01-16,9,155.31,149,0,quick,False,2,304.31
ORD002154,C03273,P0474,2024-03-14,6,1824.43,149,200,quick,False,11,1773.43
ORD002155,C03985,P0243,2024-11-07,3,170.03,0,0,standard,False,10,170.03
ORD002156,C00151,P0110,2024-12-13,6,562.62,99,0,standard,False,8,661.62
ORD002157,C02269,P0422,2024-08-12,4,937.41,0,200,standard,True,4,737.41
ORD002158,C04174,P0023,2024-01-18,5,1428.64,149,100,quick,True,7,1477.64
ORD002159,C01785,P0049,2024-03-05,6,230.5,99,0,standard,True,8,329.5
ORD002160,C03460,P0036,2024-02-04,9,502.1,149,50,express,False,0,601.1
ORD002161,C01836,P0180,2024-04-30,3,301.76,49,50,standard,True,3,300.76
ORD002162,C01397,P0252,2024-11-26,1,305.83,149,0,quick,False,12,454.83
ORD002163,C01075,P0024,2024-07-06,2,352.52,49,200,standard,False,7,201.51999999999998
ORD002164,C04506,P0348,2024-07-04,8,718.21,149,100,standard,False,12,767.21
ORD002165,C02008,P0124,2024-07-15,4,110.7,149,50,standard,False,3,209.7
ORD002166,C01493,P0030,2024-10-17,7,466.88,49,0,express,False,3,515.88
ORD002167,C01135,P0236,2024-01-17,2,243.77,149,0,standard,False,5,392.77
ORD002168,C01548,P0226,2024-11-05,8,2489.39,99,0,quick,False,16,2588.39
ORD002169,C00784,P0347,2024-03-19,9,710.81,0,100,quick,False,23,610.81
ORD002170,C01420,P0037,2024-12-13,7,1516.97,0,50,standard,True,9,1466.97
ORD002171,C04838,P0382,2024-08-18,1,251.44,149,200,express,False,18,200.44
ORD002172,C02435,P0057,2024-07-08,2,1261.57,0,0,express,False,15,1261.57
ORD002173,C03481,P0235,2024-07-09,9,474.04,0,50,standard,False,3,424.04
ORD002174,C03651,P0180,2024-08-15,7,235.95,0,0,standard,False,16,235.95
ORD002175,C02063,P0113,2024-02-09,3,1101.62,0,200,quick,False,11,901.6199999999999
ORD002176,C02020,P0305,2024-10-20,5,1103.87,149,0,quick,False,22,1252.87
ORD002177,C04757,P0131,2024-03-11,1,3944.68,149,0,express,False,18,4093.68
ORD002178,C02149,P0347,2024-09-28,3,1161.88,49,200,express,False,9,1010.8800000000001
ORD002179,C00950,P0179,2024-07-06,4,208.88,0,200,standard,False,17,8.879999999999995
ORD002180,C00024,P0414,2024-07-22,4,371.59,99,0,standard,False,8,470.59
ORD002181,C00017,P0470,2024-06-09,7,519.69,149,0,quick,False,19,668.69
ORD002182,C03825,P0077,2024-11-28,5,193.8,49,200,express,False,3,42.80000000000001
ORD002183,C00569,P0219,2024-05-22,9,1184.95,0,100,standard,True,1,1084.95
ORD002184,C01355,P0141,2024-05-07,7,622.62,0,100,express,True,5,522.62
ORD002185,C01592,P0384,2024-02-28,2,2122.32,99,0,standard,True,10,2221.32
ORD002186,C00830,P0042,2024-01-14,8,721.94,99,200,standard,False,12,620.94
ORD002187,C03082,P0479,2024-04-05,2,617.02,0,0,standard,False,5,617.02
ORD002188,C00871,P0117,2024-09-12,7,150.87,0,100,quick,True,11,50.870000000000005
ORD002189,C00834,P0058,2024-09-22,5,212.22,0,200,standard,False,23,12.219999999999999
ORD002190,C03312,P0060,2024-07-17,6,1424.78,0,200,standard,False,21,1224.78
ORD002191,C04952,P0040,2024-10-14,4,3371.61,49,0,standard,False,17,3420.61
ORD002192,C03116,P0273,2024-03-01,5,474.51,49,200,express,False,17,323.51
ORD002193,C00969,P0187,2024-05-14,5,1261.83,0,0,standard,False,19,1261.83
ORD002194,C00592,P0452,2024-05-13,7,790.42,49,50,quick,False,12,789.42
ORD002195,C00254,P0489,2024-12-26,4,2335.94,0,50,standard,True,15,2285.94
ORD002196,C02114,P0334,2024-08-16,5,289.39,49,100,standard,False,18,238.39
ORD002197,C02965,P0186,2024-04-19,4,649.97,49,100,quick,False,4,598.97
ORD002198,C02661,P0425,2024-11-09,4,466.92,0,0,express,False,8,466.92
ORD002199,C00602,P0463,2024-05-26,8,645.19,99,50,standard,True,0,694.19
ORD002200,C01065,P0227,2024-12-21,5,318.2,0,50,standard,True,21,268.2
ORD002201,C01839,P0163,2024-09-08,9,581.05,0,0,express,False,16,581.05
ORD002202,C02431,P0423,2024-04-12,5,785.21,99,0,quick,True,22,884.21
ORD002203,C00965,P0285,2024-03-03,8,158.29,0,50,standard,True,4,108.28999999999999
ORD002204,C01737,P0101,2024-03-10,3,1050.04,99,50,express,False,21,1099.04
ORD002205,C00484,P0470,2024-02-07,7,957.17,99,100,standard,False,4,956.1700000000001
ORD002206,C04134,P0266,2024-08-19,1,1585.86,99,0,standard,True,4,1684.86
ORD002207,C00010,P0123,2024-03-29,5,487.41,49,0,quick,False,12,536.4100000000001
ORD002208,C04719,P0152,2024-12-31,2,143.56,99,100,standard,True,18,142.56
ORD002209,C04504,P0428,2024-08-15,8,532.23,49,50,standard,False,23,531.23
ORD002210,C02027,P0178,2024-02-14,6,202.63,149,200,standard,False,8,151.63
ORD002211,C03364,P0426,2024-12-15,5,828.79,99,0,quick,False,1,927.79
ORD002212,C03087,P0065,2024-06-12,3,132.79,49,50,quick,False,23,131.79
ORD002213,C03038,P0098,2024-12-07,1,426.88,99,0,standard,False,20,525.88
ORD002214,C00604,P0430,2024-06-26,8,159.53,0,0,standard,True,11,159.53
ORD002215,C00968,P0023,2024-12-29,5,101.36,0,100,standard,False,22,1.3599999999999994
ORD002216,C04260,P0332,2024-02-03,9,2362.03,149,0,standard,True,7,2511.03
ORD002217,C00436,P0248,2024-10-08,7,3986.67,99,100,quick,False,21,3985.67
ORD002218,C02774,P0489,2024-10-04,1,666.57,0,0,quick,True,19,666.57
ORD002219,C01809,P0164,2024-05-28,1,290.14,0,50,standard,True,13,240.14
ORD002220,C04909,P0383,2024-06-02,7,1793.16,0,100,standard,False,22,1693.16
ORD002221,C02769,P0439,2024-03-21,7,1894.1,149,100,express,True,14,1943.1
ORD002222,C01829,P0093,2024-12-30,9,1448.35,149,0,quick,True,5,1597.35
ORD002223,C00292,P0458,2024-12-29,2,649.25,99,200,standard,False,14,548.25
ORD002224,C03951,P0342,2024-12-24,7,153.35,0,0,standard,False,11,153.35
ORD002225,C00461,P0123,2024-11-22,2,163.82,0,200,standard,False,14,-36.18000000000001
ORD002226,C03884,P0301,2024-03-30,2,1687.54,0,0,quick,False,16,1687.54
ORD002227,C03233,P0155,2024-07-04,5,1559.25,99,0,standard,True,9,1658.25
ORD002228,C02091,P0348,2024-09-17,9,497.9,0,0,express,True,8,497.9
ORD002229,C03936,P0248,2024-04-24,9,377.41,99,200,quick,False,13,276.41
ORD002230,C02939,P0435,2024-03-03,1,822.22,0,0,standard,False,16,822.22
ORD002231,C04806,P0270,2024-04-12,7,1250.5,99,50,standard,True,22,1299.5
ORD002232,C00088,P0428,2024-03-12,3,1019.92,0,200,quick,False,7,819.92
ORD002233,C01663,P0057,2024-05-01,1,768.26,49,100,standard,False,9,717.26
ORD002234,C03301,P0194,2024-09-09,2,283.33,0,100,quick,True,20,183.32999999999998
ORD002235,C02720,P0200,2024-01-14,6,312.15,0,0,quick,False,2,312.15
ORD002236,C02937,P0071,2024-07-03,2,1000.32,0,0,quick,False,9,1000.32
ORD002237,C00421,P0494,2024-10-10,2,1234.84,0,0,standard,False,13,1234.84
ORD002238,C03749,P0246,2024-10-20,4,185.42,99,200,quick,False,10,84.41999999999996
ORD002239,C04971,P0480,2024-07-07,3,244.17,0,200,standard,True,2,44.16999999999999
ORD002240,C04433,P0097,2024-08-27,8,897.63,0,50,express,True,20,847.63
ORD002241,C00265,P0328,2024-10-09,8,443.85,0,100,quick,False,2,343.85
ORD002242,C02850,P0080,2024-03-07,6,678.94,149,100,quick,False,2,727.94
ORD002243,C01378,P0424,2024-11-09,4,766.82,0,50,standard,True,23,716.82
ORD002244,C01814,P0064,2024-02-14,7,1146.91,99,0,express,False,7,1245.91
ORD002245,C02264,P0423,2024-02-03,9,1245.91,149,50,quick,False,2,1344.91
ORD002246,C04416,P0004,2024-06-07,2,329.05,49,0,standard,False,5,378.05
ORD002247,C00849,P0477,2024-07-22,6,644.55,0,0,quick,False,18,644.55
ORD002248,C04814,P0458,2024-09-02,7,191.29,99,0,quick,True,1,290.28999999999996
ORD002249,C03736,P0283,2024-09-26,1,1390.68,0,0,quick,False,2,1390.68
ORD002250,C00991,P0293,2024-07-29,6,1406.06,0,0,quick,True,23,1406.06
ORD002251,C03764,P0080,2024-07-28,8,348.18,99,0,standard,False,9,447.18
ORD002252,C01808,P0497,2024-10-21,7,221.56,49,50,quick,False,17,220.56
ORD002253,C03274,P0086,2024-02-07,2,149.87,99,50,standard,True,15,198.87
ORD002254,C00716,P0401,2024-03-05,2,697.93,99,50,quick,False,0,746.93
ORD002255,C00895,P0292,2024-06-11,4,166.12,0,0,standard,False,13,166.12
ORD002256,C01176,P0410,2024-11-24,5,897.91,0,0,quick,False,21,897.91
ORD002257,C03753,P0280,2024-02-07,5,892.52,149,100,express,False,16,941.52
ORD002258,C01776,P0196,2024-08-18,2,765.32,0,50,quick,False,23,715.32
ORD002259,C02804,P0251,2024-08-26,7,1563.4,49,0,standard,False,4,1612.4
ORD002260,C03392,P0082,2024-12-14,8,431.69,149,200,express,False,15,380.69000000000005
ORD002261,C01459,P0026,2024-09-21,2,1726.88,149,0,express,False,15,1875.88
ORD002262,C02543,P0332,2024-06-25,4,125.34,0,50,standard,False,16,75.34
ORD002263,C04637,P0181,2024-03-06,3,182.75,0,0,standard,True,21,182.75
ORD002264,C04730,P0134,2024-10-09,4,470.96,49,200,quick,False,21,319.96000000000004
ORD002265,C03553,P0089,2024-11-23,5,729.97,0,0,standard,False,17,729.97
ORD002266,C01349,P0205,2024-10-27,6,122.04,0,100,quick,False,22,22.040000000000006
ORD002267,C02986,P0026,2024-04-03,2,685.62,149,0,standard,True,3,834.62
ORD002268,C03330,P0377,2024-03-07,6,356.11,99,0,standard,False,12,455.11
ORD002269,C04793,P0058,2024-08-09,9,1626.17,99,50,standard,False,0,1675.17
ORD002270,C02122,P0071,2024-09-14,8,632.42,99,0,standard,False,19,731.42
ORD002271,C03628,P0414,2024-01-29,1,719.53,149,200,standard,False,6,668.53
ORD002272,C00497,P0226,2024-03-04,9,2137.25,0,200,quick,True,23,1937.25
ORD002273,C03487,P0090,2024-09-22,2,1110.25,0,0,standard,False,0,1110.25
ORD002274,C00721,P0067,2024-03-19,1,502.72,0,0,standard,False,22,502.72
ORD002275,C01363,P0361,2024-06-04,6,552.56,49,200,quick,True,13,401.55999999999995
ORD002276,C00307,P0259,2024-03-25,1,829.74,0,200,standard,False,22,629.74
ORD002277,C02751,P0145,2024-03-23,6,255.37,99,50,standard,False,17,304.37
ORD002278,C00883,P0062,2024-06-14,2,163.98,149,100,standard,False,23,212.98000000000002
ORD002279,C01264,P0342,2024-12-29,7,360.0,0,200,standard,True,11,160.0
ORD002280,C04348,P0479,2024-04-25,7,1153.76,149,100,standard,True,7,1202.76
ORD002281,C02444,P0459,2024-06-26,4,307.25,0,100,standard,True,23,207.25
ORD002282,C03033,P0179,2024-09-22,2,197.09,0,200,standard,True,21,-2.9099999999999966
ORD002283,C01052,P0467,2024-05-25,7,272.05,0,50,express,True,16,222.05
ORD002284,C00493,P0110,2024-02-10,1,894.36,149,0,standard,False,21,1043.3600000000001
ORD002285,C02021,P0190,2024-05-08,2,765.25,0,0,quick,True,19,765.25
ORD002286,C01747,P0428,2024-04-10,2,915.03,49,0,standard,False,1,964.03
ORD002287,C03302,P0395,2024-11-21,1,370.98,49,0,express,False,19,419.98
ORD002288,C02279,P0391,2024-10-09,9,1716.83,99,200,standard,False,14,1615.83
ORD002289,C00931,P0245,2024-05-20,6,519.74,0,0,standard,True,5,519.74
ORD002290,C01925,P0277,2024-03-05,3,603.67,49,0,quick,True,21,652.67
ORD002291,C00756,P0346,2024-11-16,6,2179.52,0,0,standard,False,16,2179.52
ORD002292,C01054,P0424,2024-06-04,7,2812.57,0,50,standard,False,7,2762.57
ORD002293,C03930,P0371,2024-11-10,3,857.35,49,200,quick,True,5,706.35
ORD002294,C04551,P0296,2024-09-30,4,2126.92,0,200,express,False,2,1926.92
ORD002295,C04354,P0336,2024-02-17,1,644.87,149,200,standard,True,11,593.87
ORD002296,C04526,P0122,2024-09-14,6,355.99,0,0,quick,False,4,355.99
ORD002297,C03453,P0056,2024-11-24,6,363.93,149,100,quick,False,16,412.93000000000006
ORD002298,C02516,P0159,2024-03-27,9,672.0,99,0,quick,False,11,771.0
ORD002299,C01964,P0126,2024-10-30,2,749.27,0,0,express,False,1,749.27
ORD002300,C00646,P0224,2024-10-24,5,504.39,149,50,standard,False,13,603.39
ORD002301,C04542,P0094,2024-03-19,5,1605.54,49,50,quick,True,15,1604.54
ORD002302,C02830,P0310,2024-03-28,7,488.44,0,0,standard,False,12,488.44
ORD002303,C00194,P0005,2024-12-03,5,322.59,0,0,standard,False,5,322.59
ORD002304,C01145,P0422,2024-11-15,4,104.61,49,200,standard,False,11,-46.389999999999986
ORD002305,C02509,P0264,2024-11-05,2,2567.0,0,200,quick,False,3,2367.0
ORD002306,C04291,P0233,2024-06-21,8,1316.34,0,100,standard,True,10,1216.34
ORD002307,C02083,P0287,2024-10-15,5,768.18,149,0,quick,True,21,917.18
ORD002308,C04740,P0419,2024-01-22,4,1341.61,99,100,express,False,7,1340.61
ORD002309,C03352,P0383,2024-01-15,9,1262.58,0,50,standard,False,17,1212.58
ORD002310,C00321,P0015,2024-02-11,2,1979.24,149,200,quick,False,3,1928.2399999999998
ORD002311,C02287,P0139,2024-01-24,3,440.51,0,200,standard,True,9,240.51
ORD002312,C03131,P0296,2024-11-24,8,665.54,49,100,express,False,9,614.54
ORD002313,C04745,P0194,2024-10-22,4,171.69,0,0,quick,False,15,171.69
ORD002314,C01702,P0185,2024-05-15,9,2452.02,0,100,quick,False,9,2352.02
ORD002315,C02212,P0474,2024-11-29,9,3044.75,0,50,quick,False,8,2994.75
ORD002316,C00830,P0474,2024-04-17,9,1188.41,49,0,express,False,6,1237.41
ORD002317,C00188,P0392,2024-10-19,1,522.75,99,50,standard,True,0,571.75
ORD002318,C04052,P0124,2024-08-01,6,579.41,0,0,standard,True,23,579.41
ORD002319,C00091,P0016,2024-11-12,6,499.11,49,100,quick,True,20,448.11
ORD002320,C03877,P0365,2024-11-23,8,342.01,0,0,standard,False,18,342.01
ORD002321,C01911,P0388,2024-01-16,7,624.23,99,100,quick,False,12,623.23
ORD002322,C02336,P0025,2024-09-11,7,137.45,0,0,standard,False,6,137.45
ORD002323,C01580,P0212,2024-11-17,2,3469.01,149,50,standard,False,9,3568.01
ORD002324,C01408,P0384,2024-10-06,4,485.21,99,100,standard,False,20,484.21000000000004
ORD002325,C00174,P0000,2024-05-28,1,1934.63,99,0,express,False,16,2033.63
ORD002326,C00473,P0290,2024-11-24,7,1000.84,99,50,standard,False,1,1049.8400000000001
ORD002327,C03432,P0264,2024-06-03,4,338.69,149,50,quick,False,14,437.69
ORD002328,C00269,P0342,2024-09-04,9,274.77,0,50,quick,False,19,224.76999999999998
ORD002329,C02044,P0037,2024-05-05,6,3909.41,49,0,standard,True,15,3958.41
ORD002330,C03195,P0232,2024-12-16,6,1134.27,0,50,express,False,1,1084.27
ORD002331,C00693,P0259,2024-07-26,9,300.06,149,50,quick,False,11,399.06
ORD002332,C04471,P0307,2024-06-01,8,147.88,0,100,express,True,0,47.879999999999995
ORD002333,C01415,P0402,2024-08-20,6,934.62,0,50,quick,True,19,884.62
ORD002334,C02083,P0484,2024-02-07,6,351.7,0,0,standard,False,14,351.7
ORD002335,C01235,P0260,2024-12-18,6,274.12,0,0,quick,False,10,274.12
ORD002336,C03967,P0475,2024-01-31,4,1028.45,0,50,quick,False,9,978.45
ORD002337,C01971,P0237,2024-03-21,5,894.99,0,50,express,True,11,844.99
ORD002338,C00133,P0105,2024-08-13,3,558.65,0,200,quick,True,3,358.65
ORD002339,C02912,P0246,2024-07-31,9,2100.08,149,100,quick,False,0,2149.08
ORD002340,C04785,P0303,2024-09-04,2,895.81,0,50,express,False,11,845.81
ORD002341,C00840,P0342,2024-08-25,7,1666.2,49,100,quick,False,23,1615.2
ORD002342,C01461,P0446,2024-04-14,1,246.98,0,100,express,True,5,146.98
ORD002343,C04934,P0037,2024-06-23,7,345.33,49,0,standard,True,12,394.33
ORD002344,C03472,P0307,2024-11-06,2,176.28,49,0,standard,True,11,225.28
ORD002345,C04843,P0342,2024-03-14,5,353.27,0,0,express,True,0,353.27
ORD002346,C02875,P0045,2024-06-09,1,2596.37,0,0,quick,True,3,2596.37
ORD002347,C02509,P0209,2024-06-12,5,2404.07,99,200,standard,True,13,2303.07
ORD002348,C00965,P0092,2024-06-25,4,1099.11,99,0,express,False,15,1198.11
ORD002349,C02038,P0219,2024-07-23,1,614.31,0,100,quick,False,6,514.31
ORD002350,C04240,P0255,2024-03-07,1,1161.37,0,50,standard,False,2,1111.37
ORD002351,C01850,P0136,2024-07-08,7,663.4,0,200,standard,True,16,463.4
ORD002352,C00734,P0230,2024-09-20,3,101.46,0,0,express,True,16,101.46
ORD002353,C02453,P0305,2024-10-14,9,586.37,0,0,express,False,4,586.37
ORD002354,C03016,P0201,2024-02-24,9,738.52,149,200,standard,True,13,687.52
ORD002355,C03002,P0065,2024-06-12,9,315.23,49,0,standard,True,3,364.23
ORD002356,C02315,P0460,2024-05-03,1,258.09,49,100,standard,False,15,207.08999999999997
ORD002357,C04003,P0037,2024-08-26,4,322.96,99,0,quick,False,0,421.96
ORD002358,C02313,P0154,2024-03-03,1,783.02,149,0,standard,True,4,932.02
ORD002359,C04623,P0104,2024-05-16,1,209.53,0,0,standard,False,21,209.53
ORD002360,C03163,P0254,2024-08-18,9,990.9,0,50,quick,False,8,940.9
ORD002361,C03319,P0403,2024-05-06,5,483.54,0,50,standard,False,7,433.54
ORD002362,C03461,P0487,2024-03-13,1,404.16,149,0,quick,False,15,553.1600000000001
ORD002363,C00429,P0445,2024-02-19,3,1251.38,0,0,standard,False,12,1251.38
ORD002364,C02988,P0457,2024-01-26,7,592.74,49,0,standard,False,11,641.74
ORD002365,C03796,P0015,2024-05-28,2,431.82,0,200,standard,False,9,231.82
ORD002366,C01596,P0078,2024-07-15,4,1572.5,149,0,express,False,11,1721.5
ORD002367,C03362,P0012,2024-11-11,2,420.48,49,200,standard,False,13,269.48
ORD002368,C02350,P0369,2024-08-02,9,1470.3,149,100,quick,False,5,1519.3
ORD002369,C01779,P0101,2024-05-07,9,590.11,149,50,standard,False,17,689.11
ORD002370,C03988,P0403,2024-03-22,7,262.24,0,0,standard,True,8,262.24
ORD002371,C02448,P0151,2024-06-16,7,763.2,0,50,quick,True,3,713.2
ORD002372,C02870,P0488,2024-10-22,2,334.15,149,100,quick,False,14,383.15
ORD002373,C02910,P0177,2024-06-09,8,210.42,0,0,quick,False,21,210.42
ORD002374,C04613,P0390,2024-04-07,1,162.35,49,50,quick,True,14,161.35
ORD002375,C04260,P0086,2024-03-22,8,292.67,149,0,quick,True,5,441.67
ORD002376,C02072,P0087,2024-09-12,5,1032.74,0,50,quick,True,4,982.74
ORD002377,C03807,P0028,2024-09-20,4,1373.11,0,100,express,True,11,1273.11
ORD002378,C04224,P0388,2024-08-27,2,1483.94,0,50,standard,False,23,1433.94
ORD002379,C02864,P0362,2024-09-12,3,319.44,99,100,standard,True,13,318.44
ORD002380,C03618,P0492,2024-06-06,2,856.17,0,0,quick,True,0,856.17
ORD002381,C01017,P0418,2024-09-11,4,282.28,99,200,standard,True,11,181.27999999999997
ORD002382,C04690,P0320,2024-01-12,3,781.42,0,100,quick,False,22,681.42
ORD002383,C01332,P0099,2024-02-16,5,1626.57,0,50,standard,True,6,1576.57
ORD002384,C02483,P0114,2024-07-20,7,128.23,149,0,express,False,3,277.23
ORD002385,C00181,P0209,2024-09-15,9,3049.4,149,100,standard,False,6,3098.4
ORD002386,C04839,P0453,2024-08-22,5,1327.48,0,50,standard,True,9,1277.48
ORD002387,C01838,P0342,2024-05-03,8,1102.85,149,100,standard,False,1,1151.85
ORD002388,C02451,P0073,2024-04-20,2,921.91,0,100,quick,True,4,821.91
ORD002389,C01952,P0134,2024-10-25,6,1128.61,149,0,standard,False,12,1277.61
ORD002390,C04700,P0427,2024-06-29,8,3753.35,149,50,express,False,13,3852.35
ORD002391,C00262,P0455,2024-01-25,9,1128.36,0,200,standard,False,23,928.3599999999999
ORD002392,C00660,P0268,2024-01-26,4,402.27,49,100,standard,False,10,351.27
ORD002393,C01315,P0349,2024-05-24,4,765.2,0,0,standard,False,1,765.2
ORD002394,C02919,P0465,2024-09-10,7,386.6,0,50,standard,False,5,336.6
ORD002395,C04917,P0077,2024-11-01,4,2555.12,0,200,standard,False,21,2355.12
ORD002396,C02194,P0458,2024-11-30,5,1711.79,99,50,standard,True,6,1760.79
ORD002397,C02072,P0379,2024-12-10,2,685.92,0,200,standard,False,15,485.91999999999996
ORD002398,C02019,P0489,2024-08-28,2,1162.95,149,200,standard,True,21,1111.95
ORD002399,C02740,P0124,2024-05-26,5,1782.13,149,100,standard,True,8,1831.13
ORD002400,C00815,P0037,2024-10-01,2,294.43,49,0,standard,True,3,343.43
ORD002401,C04777,P0268,2024-01-05,6,705.39,0,50,express,False,13,655.39
ORD002402,C03418,P0309,2024-02-25,6,559.06,0,0,standard,False,15,559.06
ORD002403,C04097,P0105,2024-08-08,8,1132.63,149,0,express,True,17,1281.63
ORD002404,C03717,P0043,2024-03-09,1,432.59,99,0,standard,False,15,531.5899999999999
ORD002405,C04734,P0224,2024-05-15,7,963.05,49,0,standard,False,21,1012.05
ORD002406,C03629,P0241,2024-07-06,7,460.08,0,50,standard,True,22,410.08
ORD002407,C02753,P0396,2024-07-25,9,181.42,149,0,express,True,4,330.41999999999996
ORD002408,C03367,P0152,2024-07-06,4,178.31,0,50,express,True,10,128.31
ORD002409,C04685,P0023,2024-01-24,7,187.73,49,200,standard,False,12,36.72999999999999
ORD002410,C00201,P0123,2024-07-24,6,122.14,0,100,standard,False,16,22.14
ORD002411,C01004,P0284,2024-01-27,4,631.96,99,0,quick,True,23,730.96
ORD002412,C01312,P0483,2024-10-18,8,879.11,149,0,express,False,23,1028.1100000000001
ORD002413,C02025,P0453,2024-10-14,3,193.86,0,0,quick,False,12,193.86
ORD002414,C03133,P0401,2024-04-09,8,761.47,149,50,express,False,4,860.47
ORD002415,C03573,P0347,2024-07-04,5,736.46,49,100,express,False,3,685.46
ORD002416,C04221,P0260,2024-10-10,4,210.37,149,0,quick,False,3,359.37
ORD002417,C03671,P0145,2024-05-27,3,461.36,0,100,standard,True,0,361.36
ORD002418,C04941,P0190,2024-02-07,7,1083.94,99,50,standard,False,4,1132.94
ORD002419,C01796,P0380,2024-07-16,7,110.83,149,0,quick,False,4,259.83
ORD002420,C04274,P0164,2024-09-15,6,210.25,49,0,standard,False,11,259.25
ORD002421,C01604,P0070,2024-08-18,3,3934.61,99,100,standard,True,16,3933.61
ORD002422,C01902,P0438,2024-10-08,9,1024.78,0,0,standard,False,0,1024.78
ORD002423,C03999,P0200,2024-05-23,2,535.7,49,100,standard,True,21,484.70000000000005
ORD002424,C04588,P0354,2024-11-15,3,794.6,149,50,quick,True,7,893.6
ORD002425,C03504,P0011,2024-12-14,1,1409.57,149,100,standard,True,1,1458.57
ORD002426,C02619,P0051,2024-11-08,7,1391.96,0,50,express,False,21,1341.96
ORD002427,C02349,P0440,2024-03-01,2,373.82,0,50,standard,False,10,323.82
ORD002428,C04364,P0255,2024-03-06,8,572.12,0,200,express,False,13,372.12
ORD002429,C04719,P0301,2024-02-19,9,810.38,99,100,quick,False,19,809.38
ORD002430,C02672,P0359,2024-07-20,2,151.23,0,0,standard,False,23,151.23
ORD002431,C00818,P0299,2024-07-10,6,2139.51,0,200,quick,True,0,1939.5100000000002
ORD002432,C02677,P0486,2024-06-22,1,495.86,0,200,standard,True,13,295.86
ORD002433,C00547,P0407,2024-10-12,8,423.38,0,100,standard,False,15,323.38
ORD002434,C04432,P0008,2024-07-06,5,1762.36,149,200,standard,False,9,1711.36
ORD002435,C00358,P0139,2024-03-14,9,187.12,99,200,quick,True,9,86.12
ORD002436,C03361,P0099,2024-04-11,3,127.04,0,0,express,False,15,127.04
ORD002437,C01924,P0484,2024-11-04,2,907.63,99,50,express,True,2,956.63
ORD002438,C04911,P0136,2024-09-17,7,439.3,0,0,quick,False,13,439.3
ORD002439,C04455,P0358,2024-07-24,7,1111.16,99,100,quick,False,7,1110.16
ORD002440,C04442,P0365,2024-09-13,5,148.7,49,0,quick,True,19,197.7
ORD002441,C04647,P0371,2024-01-21,7,437.88,49,0,standard,False,4,486.88
ORD002442,C02701,P0021,2024-01-24,6,286.81,0,0,standard,False,23,286.81
ORD002443,C01930,P0144,2024-01-20,9,1040.89,99,0,quick,False,16,1139.89
ORD002444,C00421,P0160,2024-03-11,3,279.39,149,100,express,True,5,328.39
ORD002445,C00335,P0248,2024-12-31,4,527.67,99,50,express,True,7,576.67
ORD002446,C01526,P0174,2024-06-19,9,1295.01,49,0,express,False,8,1344.01
ORD002447,C00056,P0087,2024-08-30,8,1827.8,0,200,standard,True,3,1627.8
ORD002448,C03950,P0398,2024-09-22,6,996.62,0,0,standard,False,8,996.62
ORD002449,C03147,P0476,2024-08-21,3,491.54,0,200,express,False,22,291.54
ORD002450,C03537,P0479,2024-03-17,9,693.02,0,100,quick,False,7,593.02
ORD002451,C00721,P0032,2024-11-06,9,918.13,0,50,standard,False,21,868.13
ORD002452,C04077,P0476,2024-09-20,6,1554.23,0,50,quick,False,13,1504.23
ORD002453,C00385,P0270,2024-03-12,2,1635.08,99,50,standard,False,6,1684.08
ORD002454,C02817,P0282,2024-06-16,7,1970.24,149,200,quick,False,15,1919.2399999999998
ORD002455,C02887,P0225,2024-11-09,9,1264.14,99,100,express,False,22,1263.14
ORD002456,C02719,P0444,2024-06-12,9,210.13,49,200,express,False,3,59.129999999999995
ORD002457,C00259,P0451,2024-03-24,3,1062.83,99,0,quick,False,22,1161.83
ORD002458,C04488,P0496,2024-07-20,2,1278.64,99,50,standard,False,23,1327.64
ORD002459,C00599,P0111,2024-11-11,5,1570.88,0,100,standard,False,16,1470.88
ORD002460,C03255,P0081,2024-06-02,7,1910.48,149,200,standard,True,19,1859.48
ORD002461,C01039,P0212,2024-10-30,3,597.15,0,200,quick,False,5,397.15
ORD002462,C04048,P0303,2024-06-21,4,844.14,0,200,standard,True,6,644.14
ORD002463,C00755,P0007,2024-09-16,2,105.72,0,200,standard,False,18,-94.28
ORD002464,C03577,P0133,2024-09-17,2,694.33,0,200,standard,False,20,494.33000000000004
ORD002465,C03157,P0446,2024-09-29,7,547.65,0,0,standard,False,20,547.65
ORD002466,C02758,P0117,2024-09-07,2,2393.78,99,50,express,False,4,2442.78
ORD002467,C00476,P0083,2024-12-28,1,1722.88,149,200,standard,True,7,1671.88
ORD002468,C01599,P0257,2024-10-15,4,1217.27,0,0,express,True,3,1217.27
ORD002469,C02359,P0242,2024-06-02,6,140.08,99,100,standard,True,4,139.08
ORD002470,C01261,P0236,2024-08-31,4,458.95,0,100,express,True,12,358.95
ORD002471,C01582,P0149,2024-01-09,1,932.61,0,0,quick,False,1,932.61
ORD002472,C02838,P0373,2024-07-07,1,120.08,149,0,quick,True,8,269.08
ORD002473,C04825,P0020,2024-06-18,9,287.26,0,0,standard,False,6,287.26
ORD002474,C03570,P0133,2024-12-10,1,1628.41,0,100,quick,False,4,1528.41
ORD002475,C01498,P0378,2024-02-26,7,196.31,0,200,standard,True,13,-3.6899999999999977
ORD002476,C00748,P0095,2024-08-01,7,135.92,149,50,standard,True,0,234.91999999999996
ORD002477,C04811,P0453,2024-10-25,1,707.23,0,200,standard,False,19,507.23
ORD002478,C02386,P0012,2024-06-06,1,2148.19,49,0,standard,False,6,2197.19
ORD002479,C00530,P0000,2024-12-18,6,1358.68,149,0,quick,False,2,1507.68
ORD002480,C04787,P0149,2024-11-18,8,2674.87,0,200,quick,True,1,2474.87
ORD002481,C02209,P0116,2024-01-14,7,1079.34,149,50,standard,True,12,1178.34
ORD002482,C04063,P0151,2024-11-01,6,501.59,0,200,standard,False,13,301.59
ORD002483,C03868,P0063,2024-08-30,3,2150.18,99,0,quick,False,16,2249.18
ORD002484,C01108,P0424,2024-05-15,7,488.36,0,0,standard,False,9,488.36
ORD002485,C00489,P0477,2024-12-01,6,400.65,149,200,express,True,22,349.65
ORD002486,C00004,P0149,2024-10-23,8,515.19,0,50,express,False,20,465.19000000000005
ORD002487,C00075,P0316,2024-10-22,4,1276.31,99,200,quick,False,7,1175.31
ORD002488,C02728,P0363,2024-04-26,9,1847.11,149,0,standard,True,7,1996.11
ORD002489,C00472,P0011,2024-01-27,1,408.87,149,50,quick,True,10,507.87
ORD002490,C03209,P0089,2024-10-25,7,533.25,149,100,standard,False,13,582.25
ORD002491,C01381,P0387,2024-09-02,9,1699.2,49,50,standard,False,15,1698.2
ORD002492,C00837,P0082,2024-03-28,1,132.73,0,200,standard,True,1,-67.27000000000001
ORD002493,C00602,P0463,2024-09-25,3,1171.31,49,200,quick,False,16,1020.31
ORD002494,C01186,P0249,2024-11-18,7,522.87,0,100,quick,False,13,422.87
ORD002495,C01481,P0383,2024-11-13,9,429.71,0,0,standard,False,20,429.71
ORD002496,C03272,P0395,2024-07-13,1,513.58,0,200,quick,False,1,313.58000000000004
ORD002497,C00231,P0032,2024-03-16,6,478.73,0,0,standard,False,9,478.73
ORD002498,C00327,P0148,2024-12-14,2,1088.19,0,0,standard,True,3,1088.19
ORD002499,C00949,P0127,2024-05-04,5,1940.25,99,0,quick,False,8,2039.25
ORD002500,C01886,P0099,2024-01-17,7,572.34,0,0,express,False,11,572.34
ORD002501,C04095,P0456,2024-10-20,7,1350.72,0,50,quick,True,8,1300.72
ORD002502,C02297,P0486,2024-12-24,7,1020.59,149,0,express,False,11,1169.5900000000001
ORD002503,C01307,P0361,2024-02-26,4,380.05,0,0,standard,True,22,380.05
ORD002504,C00197,P0492,2024-04-07,6,718.55,0,200,standard,False,13,518.55
ORD002505,C04511,P0327,2024-01-10,6,868.34,149,200,quick,True,7,817.34
ORD002506,C02779,P0211,2024-08-13,7,115.65,0,100,standard,True,10,15.650000000000006
ORD002507,C03336,P0073,2024-06-09,9,451.88,49,0,quick,False,1,500.88
ORD002508,C01338,P0095,2024-08-02,6,3537.01,149,50,express,False,5,3636.01
ORD002509,C01691,P0091,2024-03-18,1,808.84,0,100,quick,False,1,708.84
ORD002510,C00215,P0329,2024-07-30,8,383.78,0,100,standard,False,0,283.78
ORD002511,C01649,P0327,2024-12-19,2,300.4,49,0,standard,False,1,349.4
ORD002512,C02862,P0435,2024-04-14,3,263.55,0,200,standard,True,21,63.55000000000001
ORD002513,C00609,P0174,2024-07-29,5,458.5,0,0,quick,False,23,458.5
ORD002514,C02558,P0224,2024-09-13,6,249.33,0,0,express,False,10,249.33
ORD002515,C00917,P0314,2024-11-09,7,200.67,0,200,quick,False,6,0.6699999999999875
ORD002516,C04252,P0174,2024-08-29,4,415.86,0,0,standard,False,9,415.86
ORD002517,C00161,P0055,2024-02-01,3,752.76,0,0,standard,False,15,752.76
ORD002518,C04137,P0496,2024-12-27,9,209.8,99,0,express,False,8,308.8
ORD002519,C02811,P0268,2024-03-11,4,130.75,0,50,standard,False,19,80.75
ORD002520,C03421,P0427,2024-09-22,9,123.67,0,0,standard,True,3,123.67
ORD002521,C04215,P0034,2024-04-16,9,316.79,0,0,quick,False,13,316.79
ORD002522,C01098,P0118,2024-10-14,3,246.62,0,0,quick,False,5,246.62
ORD002523,C02721,P0370,2024-06-15,3,641.44,0,200,standard,False,8,441.44000000000005
ORD002524,C02708,P0412,2024-12-05,8,524.8,99,100,quick,False,15,523.8
ORD002525,C00122,P0055,2024-09-01,1,373.89,49,100,quick,False,11,322.89
ORD002526,C02700,P0388,2024-09-26,6,1354.11,149,100,quick,False,10,1403.11
ORD002527,C03253,P0450,2024-07-11,6,591.16,0,0,express,True,9,591.16
ORD002528,C03061,P0308,2024-06-09,9,166.2,99,50,standard,False,3,215.2
ORD002529,C03961,P0356,2024-03-29,2,344.45,49,0,quick,False,3,393.45
ORD002530,C00788,P0375,2024-08-23,8,2636.19,0,200,quick,True,21,2436.19
ORD002531,C00256,P0315,2024-09-29,7,2738.89,0,0,quick,False,0,2738.89
ORD002532,C04025,P0104,2024-06-24,2,304.75,49,0,quick,False,21,353.75
ORD002533,C03654,P0389,2024-10-06,1,227.1,0,100,quick,True,17,127.1
ORD002534,C03251,P0175,2024-06-30,4,578.19,99,50,standard,False,4,627.19
ORD002535,C03589,P0105,2024-12-12,2,558.72,0,200,standard,False,10,358.72
ORD002536,C04775,P0079,2024-12-14,3,468.51,0,0,express,True,11,468.51
ORD002537,C00607,P0162,2024-11-25,2,626.56,149,50,standard,False,23,725.56
ORD002538,C04426,P0401,2024-12-20,9,283.95,0,0,quick,True,11,283.95
ORD002539,C03927,P0266,2024-05-15,4,184.46,0,0,quick,False,23,184.46
ORD002540,C02152,P0050,2024-11-08,1,690.53,99,50,standard,False,18,739.53
ORD002541,C00546,P0376,2024-09-04,8,1986.96,49,50,quick,False,16,1985.96
ORD002542,C04888,P0278,2024-04-08,4,202.75,0,0,standard,True,19,202.75
ORD002543,C01904,P0302,2024-05-06,8,953.11,99,100,standard,True,11,952.1100000000001
ORD002544,C01682,P0074,2024-05-22,8,502.25,0,50,express,True,7,452.25
ORD002545,C00488,P0442,2024-10-12,9,342.67,149,0,standard,True,20,491.67
ORD002546,C01822,P0440,2024-06-01,7,1441.65,49,50,standard,True,8,1440.65
ORD002547,C03121,P0348,2024-04-25,4,525.8,0,50,quick,False,6,475.79999999999995
ORD002548,C03774,P0126,2024-06-01,2,711.79,0,100,standard,False,18,611.79
ORD002549,C03072,P0245,2024-05-27,6,508.7,0,0,standard,True,12,508.7
ORD002550,C03452,P0311,2024-12-26,4,158.32,99,0,standard,False,2,257.32
ORD002551,C00649,P0233,2024-04-16,6,731.54,99,0,standard,False,3,830.54
ORD002552,C00647,P0154,2024-12-19,8,478.91,0,0,quick,True,4,478.91
ORD002553,C00380,P0072,2024-12-26,3,162.53,0,0,standard,True,20,162.53
ORD002554,C02066,P0418,2024-09-07,1,733.11,49,100,standard,False,23,682.11
ORD002555,C01863,P0438,2024-06-11,5,105.94,49,100,quick,False,19,54.94
ORD002556,C02290,P0136,2024-09-02,3,262.7,49,200,standard,False,3,111.69999999999999
ORD002557,C04224,P0273,2024-06-27,6,1162.3,49,0,quick,False,1,1211.3
ORD002558,C01199,P0043,2024-10-13,3,126.07,0,100,standard,False,18,26.069999999999993
ORD002559,C04504,P0246,2024-05-20,1,827.27,0,100,express,False,20,727.27
ORD002560,C04887,P0148,2024-05-27,9,2191.92,99,0,quick,False,6,2290.92
ORD002561,C02990,P0055,2024-03-03,5,230.44,0,0,express,True,6,230.44
ORD002562,C01107,P0175,2024-10-20,2,476.83,0,50,standard,True,22,426.83
ORD002563,C03447,P0355,2024-12-12,2,698.79,0,50,standard,False,14,648.79
ORD002564,C00221,P0256,2024-10-05,9,518.02,49,50,standard,True,3,517.02
ORD002565,C01439,P0410,2024-07-13,1,777.0,0,100,express,False,2,677.0
ORD002566,C00617,P0300,2024-07-21,3,461.37,99,50,quick,False,17,510.37
ORD002567,C02570,P0062,2024-06-25,7,211.53,49,0,standard,True,19,260.53
ORD002568,C02755,P0313,2024-03-15,1,164.28,149,50,standard,False,10,263.28
ORD002569,C02790,P0423,2024-05-28,2,1054.02,0,200,standard,False,9,854.02
ORD002570,C03942,P0062,2024-01-22,6,289.84,0,200,standard,True,23,89.83999999999997
ORD002571,C03309,P0293,2024-05-27,9,1415.19,99,0,quick,False,15,1514.19
ORD002572,C04054,P0028,2024-12-31,9,1050.15,0,100,standard,False,6,950.1500000000001
ORD002573,C00224,P0039,2024-02-10,8,134.5,0,200,standard,False,17,-65.5
ORD002574,C02241,P0146,2024-06-26,3,256.26,49,0,standard,False,23,305.26
ORD002575,C04152,P0087,2024-08-14,2,340.71,0,0,quick,False,4,340.71
ORD002576,C03696,P0055,2024-12-01,1,730.81,99,200,standard,True,1,629.81
ORD002577,C03350,P0299,2024-05-11,9,1260.87,0,50,standard,False,4,1210.87
ORD002578,C03827,P0192,2024-09-02,5,142.56,0,200,standard,False,6,-57.44
ORD002579,C01403,P0099,2024-04-19,3,300.01,0,200,quick,False,13,100.00999999999999
ORD002580,C04212,P0214,2024-04-13,5,429.36,0,0,standard,True,17,429.36
ORD002581,C00409,P0140,2024-10-02,3,240.8,149,100,express,False,22,289.8
ORD002582,C01916,P0413,2024-05-18,9,650.67,0,50,standard,True,8,600.67
ORD002583,C03438,P0048,2024-10-14,1,554.06,49,50,standard,True,17,553.06
ORD002584,C04067,P0498,2024-12-22,1,365.37,0,50,standard,True,11,315.37
ORD002585,C02859,P0114,2024-05-19,3,608.25,49,50,quick,True,11,607.25
ORD002586,C01983,P0228,2024-03-11,6,406.85,99,100,quick,False,14,405.85
ORD002587,C02051,P0251,2024-02-25,2,393.26,49,50,standard,True,20,392.26
ORD002588,C03701,P0074,2024-11-11,1,314.9,149,100,quick,True,22,363.9
ORD002589,C00022,P0190,2024-10-27,8,643.24,0,0,quick,False,3,643.24
ORD002590,C02968,P0198,2024-05-02,9,510.04,149,0,standard,True,13,659.04
ORD002591,C00744,P0162,2024-05-04,1,251.99,0,100,quick,False,2,151.99
ORD002592,C00601,P0138,2024-01-26,3,108.14,149,50,standard,False,15,207.14
ORD002593,C03035,P0048,2024-12-08,5,213.53,0,0,express,False,13,213.53
ORD002594,C01842,P0362,2024-09-28,7,129.65,0,0,quick,False,16,129.65
ORD002595,C02674,P0366,2024-04-25,4,494.45,0,200,standard,True,16,294.45
ORD002596,C04176,P0114,2024-11-22,6,277.51,0,200,quick,True,0,77.50999999999999
ORD002597,C02662,P0167,2024-04-29,1,480.86,99,0,standard,True,5,579.86
ORD002598,C00482,P0495,2024-01-27,4,378.76,0,0,standard,False,19,378.76
ORD002599,C04036,P0276,2024-02-21,8,639.56,0,200,standard,True,8,439.55999999999995
ORD002600,C02639,P0046,2024-07-30,5,999.81,49,200,quick,False,22,848.81
ORD002601,C03311,P0258,2024-06-18,8,555.83,149,0,standard,False,4,704.83
ORD002602,C04128,P0413,2024-08-29,1,143.78,0,100,standard,False,9,43.78
ORD002603,C04375,P0215,2024-02-21,9,111.37,49,200,quick,False,1,-39.629999999999995
ORD002604,C03825,P0229,2024-12-14,4,266.87,49,50,quick,False,18,265.87
ORD002605,C02199,P0126,2024-03-11,9,486.33,149,100,standard,True,1,535.3299999999999
ORD002606,C01682,P0322,2024-01-03,8,131.16,0,100,quick,False,22,31.159999999999997
ORD002607,C04796,P0317,2024-10-08,8,376.97,49,50,standard,True,6,375.97
ORD002608,C03608,P0420,2024-03-21,2,1625.42,49,50,quick,False,23,1624.42
ORD002609,C01018,P0224,2024-07-27,3,165.03,0,50,quick,False,12,115.03
ORD002610,C04760,P0149,2024-11-30,9,2175.55,0,0,quick,False,15,2175.55
ORD002611,C02970,P0286,2024-08-31,3,1458.83,0,200,express,True,21,1258.83
ORD002612,C01311,P0045,2024-09-01,8,1346.74,0,200,quick,False,17,1146.74
ORD002613,C01418,P0459,2024-11-29,5,1493.81,0,0,standard,True,16,1493.81
ORD002614,C02500,P0300,2024-04-12,7,157.41,149,100,quick,True,2,206.40999999999997
ORD002615,C02667,P0013,2024-05-27,4,213.73,0,0,express,False,5,213.73
ORD002616,C01386,P0120,2024-06-13,8,200.01,99,200,standard,True,14,99.00999999999999
ORD002617,C01144,P0395,2024-05-26,4,181.55,49,0,quick,False,16,230.55
ORD002618,C02063,P0374,2024-11-26,5,376.95,49,0,standard,True,12,425.95
ORD002619,C04834,P0190,2024-01-31,1,1340.26,0,0,standard,False,17,1340.26
ORD002620,C01546,P0474,2024-02-15,8,302.21,49,0,quick,False,12,351.21
ORD002621,C02145,P0332,2024-11-29,7,295.01,0,50,standard,True,12,245.01
ORD002622,C02163,P0343,2024-10-20,5,887.67,49,50,standard,True,19,886.67
ORD002623,C03012,P0165,2024-04-28,6,170.36,99,50,standard,False,8,219.36
ORD002624,C04444,P0116,2024-09-30,1,411.71,0,0,quick,True,6,411.71
ORD002625,C04327,P0430,2024-01-20,8,344.11,149,200,quick,True,5,293.11
ORD002626,C03182,P0123,2024-03-30,9,1414.5,149,50,quick,False,0,1513.5
ORD002627,C03423,P0053,2024-08-01,5,604.81,149,50,quick,False,5,703.81
ORD002628,C04001,P0438,2024-03-31,7,826.86,0,100,quick,False,18,726.86
ORD002629,C03559,P0303,2024-01-19,4,195.71,0,0,standard,False,6,195.71
ORD002630,C01556,P0456,2024-07-22,6,1949.75,0,0,standard,False,18,1949.75
ORD002631,C02686,P0455,2024-09-10,2,371.49,99,50,standard,False,22,420.49
ORD002632,C02332,P0356,2024-04-05,4,957.92,149,100,standard,True,0,1006.9200000000001
ORD002633,C01656,P0270,2024-05-28,5,2263.97,99,100,express,False,16,2262.97
ORD002634,C00544,P0198,2024-01-20,9,596.42,99,0,quick,False,14,695.42
ORD002635,C00391,P0215,2024-01-05,9,594.83,99,0,express,True,16,693.83
ORD002636,C01988,P0112,2024-06-01,8,186.3,149,50,quick,True,22,285.3
ORD002637,C04085,P0015,2024-10-17,4,445.32,0,0,standard,False,23,445.32
ORD002638,C00296,P0215,2024-11-04,6,1438.58,99,100,standard,False,16,1437.58
ORD002639,C01086,P0426,2024-02-24,7,200.6,0,100,express,False,8,100.6
ORD002640,C04365,P0134,2024-06-20,1,1845.5,49,100,standard,False,9,1794.5
ORD002641,C03261,P0042,2024-05-25,1,869.38,0,0,quick,False,7,869.38
ORD002642,C04605,P0251,2024-08-20,4,481.47,149,0,quick,False,9,630.47
ORD002643,C01116,P0283,2024-11-24,3,652.53,49,50,quick,True,22,651.53
ORD002644,C01076,P0321,2024-10-05,4,213.17,49,0,quick,True,8,262.16999999999996
ORD002645,C00495,P0097,2024-09-25,9,270.67,0,100,standard,False,17,170.67000000000002
ORD002646,C02995,P0059,2024-09-09,2,335.21,149,100,express,True,3,384.21
ORD002647,C00093,P0229,2024-03-09,4,439.12,49,0,standard,False,5,488.12
ORD002648,C04720,P0383,2024-09-15,7,1828.88,49,0,quick,False,7,1877.88
ORD002649,C04324,P0130,2024-08-27,2,419.73,0,0,quick,False,1,419.73
ORD002650,C00720,P0384,2024-05-19,8,618.39,149,50,express,False,17,717.39
ORD002651,C04362,P0158,2024-04-08,4,222.74,49,200,standard,True,7,71.74000000000001
ORD002652,C04376,P0311,2024-02-27,9,1031.19,0,200,standard,False,9,831.19
ORD002653,C04026,P0470,2024-06-18,1,674.13,0,50,standard,True,1,624.13
ORD002654,C04055,P0083,2024-03-24,7,504.76,0,50,express,False,20,454.76
ORD002655,C01106,P0207,2024-08-22,1,2157.69,99,50,standard,False,4,2206.69
ORD002656,C03932,P0173,2024-11-27,9,1648.25,49,0,standard,True,8,1697.25
ORD002657,C03722,P0287,2024-05-11,1,853.16,0,50,quick,True,4,803.16
ORD002658,C01371,P0080,2024-04-05,3,1883.05,0,0,quick,True,8,1883.05
ORD002659,C00422,P0017,2024-01-08,7,681.34,0,0,standard,False,1,681.34
ORD002660,C02005,P0195,2024-06-21,1,1326.87,0,100,standard,False,20,1226.87
ORD002661,C04549,P0290,2024-05-31,5,467.7,0,200,standard,False,7,267.7
ORD002662,C04602,P0359,2024-10-17,6,162.52,49,100,standard,False,6,111.52000000000001
ORD002663,C04411,P0355,2024-12-11,3,3697.75,49,200,quick,True,17,3546.75
ORD002664,C00763,P0278,2024-04-08,6,225.76,149,0,standard,True,3,374.76
ORD002665,C03368,P0462,2024-03-30,4,301.79,99,200,standard,True,0,200.79000000000002
ORD002666,C00897,P0396,2024-11-08,6,223.64,99,0,standard,False,20,322.64
ORD002667,C00952,P0461,2024-11-23,6,387.19,49,100,standard,False,11,336.19
ORD002668,C02922,P0253,2024-07-26,4,338.03,0,0,standard,False,20,338.03
ORD002669,C04479,P0141,2024-08-06,1,742.34,149,200,quick,True,19,691.34
ORD002670,C03197,P0164,2024-09-20,3,4049.54,149,50,quick,False,11,4148.54
ORD002671,C04198,P0004,2024-06-16,7,136.76,49,0,standard,True,10,185.76
ORD002672,C00899,P0250,2024-02-14,2,1153.95,0,0,quick,True,2,1153.95
ORD002673,C04023,P0149,2024-07-24,4,194.87,49,0,standard,False,22,243.87
ORD002674,C04205,P0027,2024-12-08,6,113.02,0,100,standard,False,17,13.019999999999996
ORD002675,C03641,P0236,2024-02-18,5,811.39,0,50,standard,False,8,761.39
ORD002676,C03543,P0131,2024-04-04,6,1545.24,0,100,quick,True,23,1445.24
ORD002677,C03641,P0305,2024-03-12,5,234.76,0,100,quick,False,4,134.76
ORD002678,C04765,P0357,2024-09-01,9,391.57,99,0,standard,False,13,490.57
ORD002679,C03090,P0284,2024-06-14,2,228.38,0,50,standard,False,19,178.38
ORD002680,C04479,P0292,2024-05-07,4,1757.91,0,200,quick,False,9,1557.91
ORD002681,C00761,P0162,2024-01-04,1,319.64,49,50,standard,True,10,318.64
ORD002682,C02407,P0403,2024-05-13,7,510.79,0,0,quick,True,1,510.79
ORD002683,C00885,P0418,2024-07-15,1,1674.93,49,0,standard,False,20,1723.93
ORD002684,C02643,P0226,2024-04-30,6,662.43,0,50,standard,True,0,612.43
ORD002685,C03243,P0467,2024-08-16,9,1989.58,149,0,quick,False,11,2138.58
ORD002686,C01235,P0129,2024-05-16,2,1925.86,149,200,standard,False,7,1874.8599999999997
ORD002687,C02933,P0371,2024-06-17,1,532.41,149,100,quick,False,23,581.41
ORD002688,C01468,P0057,2024-06-03,3,710.23,99,100,quick,False,8,709.23
ORD002689,C00009,P0145,2024-10-25,6,282.24,149,0,standard,False,5,431.24
ORD002690,C00791,P0477,2024-10-20,7,3361.17,0,0,express,False,8,3361.17
ORD002691,C01662,P0361,2024-01-06,8,327.32,99,100,standard,False,0,326.32
ORD002692,C00743,P0311,2024-05-13,4,1169.49,149,0,quick,True,17,1318.49
ORD002693,C02428,P0121,2024-11-30,8,361.76,149,0,quick,True,21,510.76
ORD002694,C03493,P0191,2024-07-03,7,361.84,0,100,quick,True,18,261.84
ORD002695,C04546,P0244,2024-12-20,8,175.76,0,200,standard,True,3,-24.24000000000001
ORD002696,C01116,P0476,2024-04-30,5,673.52,149,50,express,False,23,772.52
ORD002697,C02441,P0102,2024-02-01,7,295.57,0,100,standard,False,23,195.57
ORD002698,C01354,P0378,2024-12-07,4,211.44,0,50,quick,False,22,161.44
ORD002699,C02480,P0435,2024-03-01,1,278.93,0,0,express,False,12,278.93
ORD002700,C03001,P0249,2024-08-26,3,301.4,0,200,standard,True,20,101.39999999999998
ORD002701,C01186,P0021,2024-06-06,9,589.94,0,0,quick,True,8,589.94
ORD002702,C04087,P0476,2024-03-22,4,440.34,0,200,express,False,20,240.33999999999997
ORD002703,C02831,P0059,2024-07-26,5,153.94,0,0,standard,True,20,153.94
ORD002704,C03661,P0237,2024-12-17,3,636.55,49,200,standard,False,19,485.54999999999995
ORD002705,C01748,P0393,2024-09-14,6,1183.98,0,200,standard,False,17,983.98
ORD002706,C02863,P0339,2024-12-26,4,696.71,149,0,express,False,6,845.71
ORD002707,C01114,P0383,2024-06-08,5,2668.46,0,100,standard,True,14,2568.46
ORD002708,C03264,P0335,2024-12-19,7,172.09,49,100,standard,False,7,121.09
ORD002709,C03090,P0133,2024-03-01,7,1303.85,0,50,quick,False,10,1253.85
ORD002710,C01063,P0336,2024-11-23,9,592.22,0,0,standard,True,8,592.22
ORD002711,C03748,P0261,2024-05-31,2,615.11,149,200,express,False,6,564.11
ORD002712,C04545,P0341,2024-07-07,4,611.47,0,50,quick,False,18,561.47
ORD002713,C02732,P0337,2024-11-10,8,374.46,99,200,express,False,20,273.46
ORD002714,C01872,P0479,2024-04-23,4,373.67,99,200,standard,False,12,272.67
ORD002715,C04720,P0411,2024-04-22,3,798.47,0,0,standard,False,4,798.47
ORD002716,C01969,P0041,2024-03-09,6,131.06,0,0,standard,False,14,131.06
ORD002717,C00884,P0073,2024-09-01,3,721.05,0,50,standard,True,7,671.05
ORD002718,C03963,P0296,2024-03-19,2,1001.65,0,100,standard,False,23,901.65
ORD002719,C03678,P0318,2024-08-20,9,407.39,0,200,express,True,23,207.39
ORD002720,C00318,P0021,2024-11-06,3,270.55,0,0,standard,True,13,270.55
ORD002721,C03816,P0219,2024-07-10,1,267.01,149,50,quick,True,11,366.01
ORD002722,C03717,P0078,2024-07-31,9,158.77,0,200,quick,False,4,-41.22999999999999
ORD002723,C03195,P0234,2024-12-25,5,164.8,0,0,standard,True,15,164.8
ORD002724,C01374,P0156,2024-10-08,7,226.64,149,0,standard,True,2,375.64
ORD002725,C00487,P0326,2024-08-29,2,112.55,149,0,standard,False,15,261.55
ORD002726,C00450,P0113,2024-10-02,1,315.7,0,0,quick,False,5,315.7
ORD002727,C00352,P0289,2024-12-06,6,355.1,99,100,express,False,14,354.1
ORD002728,C01940,P0095,2024-04-21,5,3839.5,0,100,quick,True,5,3739.5
ORD002729,C02367,P0129,2024-05-06,6,3452.02,0,200,express,False,5,3252.02
ORD002730,C03236,P0409,2024-12-14,2,243.96,149,200,standard,True,6,192.96000000000004
ORD002731,C00247,P0108,2024-11-01,7,266.7,0,50,quick,False,18,216.7
ORD002732,C03503,P0074,2024-02-11,1,572.96,99,0,quick,False,15,671.96
ORD002733,C00567,P0472,2024-09-26,8,211.76,149,0,standard,True,23,360.76
ORD002734,C00683,P0274,2024-08-16,7,589.88,0,0,quick,False,5,589.88
ORD002735,C00643,P0380,2024-09-27,7,455.87,99,0,standard,False,20,554.87
ORD002736,C00478,P0019,2024-12-26,6,373.74,149,0,express,False,9,522.74
ORD002737,C02760,P0160,2024-07-04,5,1309.56,99,0,standard,False,0,1408.56
ORD002738,C04463,P0208,2024-02-09,9,1331.66,49,0,quick,False,9,1380.66
ORD002739,C04452,P0371,2024-10-15,3,3188.58,149,0,quick,False,5,3337.58
ORD002740,C01368,P0093,2024-02-27,9,275.7,99,100,quick,False,5,274.7
ORD002741,C02226,P0081,2024-02-01,5,1633.22,49,100,quick,True,12,1582.22
ORD002742,C03496,P0351,2024-10-07,8,639.3,149,200,quick,False,21,588.3
ORD002743,C03612,P0103,2024-09-15,3,725.61,149,100,standard,False,19,774.61
ORD002744,C04007,P0236,2024-04-13,7,1685.33,99,0,standard,False,6,1784.33
ORD002745,C01842,P0259,2024-10-20,4,2099.77,99,0,quick,False,2,2198.77
ORD002746,C03377,P0159,2024-10-01,5,1007.31,0,0,quick,False,4,1007.31
ORD002747,C02414,P0402,2024-03-17,4,398.23,49,50,standard,False,2,397.23
ORD002748,C01059,P0386,2024-03-25,9,569.89,149,0,express,True,13,718.89
ORD002749,C01644,P0485,2024-06-16,7,767.26,0,0,standard,False,7,767.26
ORD002750,C04923,P0347,2024-09-23,6,1333.79,0,200,standard,False,14,1133.79
ORD002751,C01811,P0060,2024-08-14,6,849.95,0,200,standard,True,20,649.95
ORD002752,C02193,P0037,2024-02-29,7,417.38,0,0,standard,True,12,417.38
ORD002753,C02427,P0117,2024-12-14,5,477.76,0,100,standard,True,3,377.76
ORD002754,C00167,P0389,2024-04-15,3,135.23,99,200,quick,True,23,34.22999999999999
ORD002755,C04182,P0311,2024-10-25,3,1905.39,0,50,standard,True,16,1855.39
ORD002756,C00153,P0167,2024-09-07,7,163.57,0,0,standard,False,4,163.57
ORD002757,C02544,P0376,2024-02-16,1,706.14,0,50,quick,False,23,656.14
ORD002758,C03868,P0336,2024-09-18,4,1536.11,0,0,express,True,0,1536.11
ORD002759,C00314,P0361,2024-08-16,8,481.35,0,100,express,True,19,381.35
ORD002760,C00722,P0375,2024-01-29,4,1226.05,49,0,quick,False,3,1275.05
ORD002761,C03631,P0068,2024-08-20,1,1239.09,0,0,standard,False,12,1239.09
ORD002762,C03345,P0082,2024-03-08,5,142.2,0,0,standard,True,12,142.2
ORD002763,C02811,P0234,2024-09-19,1,470.89,99,0,express,False,0,569.89
ORD002764,C02309,P0041,2024-07-31,9,921.15,99,100,express,True,3,920.15
ORD002765,C02501,P0098,2024-08-21,8,483.16,149,50,quick,True,0,582.1600000000001
ORD002766,C03333,P0469,2024-10-15,7,650.48,0,0,express,False,20,650.48
ORD002767,C02023,P0471,2024-01-30,5,730.77,149,50,quick,True,1,829.77
ORD002768,C00349,P0457,2024-10-13,4,213.78,0,0,standard,True,4,213.78
ORD002769,C00823,P0129,2024-08-24,7,470.7,0,0,standard,False,7,470.7
ORD002770,C00437,P0027,2024-12-10,3,119.21,0,100,standard,False,2,19.209999999999994
ORD002771,C00168,P0232,2024-06-06,8,212.46,0,0,standard,False,8,212.46
ORD002772,C03819,P0228,2024-01-12,5,601.57,0,100,standard,True,4,501.57000000000005
ORD002773,C03414,P0116,2024-07-21,5,695.64,0,0,standard,False,20,695.64
ORD002774,C03301,P0400,2024-05-10,1,209.67,0,50,standard,False,19,159.67
ORD002775,C04118,P0325,2024-01-02,8,1085.32,0,0,quick,False,0,1085.32
ORD002776,C03035,P0106,2024-04-21,7,425.75,0,0,standard,False,0,425.75
ORD002777,C04376,P0378,2024-10-23,1,1872.72,0,200,standard,False,3,1672.72
ORD002778,C03590,P0324,2024-02-07,4,442.33,149,0,standard,False,17,591.3299999999999
ORD002779,C02769,P0294,2024-01-24,4,212.61,0,0,standard,True,23,212.61
ORD002780,C02300,P0390,2024-08-04,9,1092.09,0,100,standard,False,10,992.0899999999999
ORD002781,C04499,P0159,2024-06-25,2,686.21,99,0,express,False,22,785.21
ORD002782,C02180,P0003,2024-12-24,4,441.22,0,50,express,False,2,391.22
ORD002783,C03345,P0148,2024-02-02,3,406.99,99,0,standard,False,6,505.99
ORD002784,C02665,P0233,2024-10-04,5,213.4,149,200,standard,True,4,162.39999999999998
ORD002785,C00231,P0253,2024-01-31,7,390.75,0,0,quick,True,15,390.75
ORD002786,C02592,P0415,2024-02-05,5,119.85,49,200,standard,False,18,-31.150000000000006
ORD002787,C04174,P0247,2024-08-29,5,587.57,0,200,express,True,14,387.57000000000005
ORD002788,C01058,P0337,2024-01-17,4,1688.24,0,0,standard,True,5,1688.24
ORD002789,C02542,P0352,2024-05-26,9,1209.45,0,200,standard,False,9,1009.45
ORD002790,C01133,P0397,2024-07-28,6,119.26,99,200,express,False,10,18.25999999999999
ORD002791,C03646,P0069,2024-04-02,6,1590.58,0,50,standard,False,15,1540.58
ORD002792,C02375,P0202,2024-03-10,6,520.45,0,100,standard,False,4,420.45000000000005
ORD002793,C03880,P0301,2024-11-24,6,247.28,0,0,standard,False,7,247.28
ORD002794,C02737,P0147,2024-11-26,1,1076.19,49,50,standard,True,1,1075.19
ORD002795,C02431,P0220,2024-08-03,6,371.93,0,100,quick,False,17,271.93
ORD002796,C01387,P0185,2024-07-10,4,303.48,149,0,quick,False,22,452.48
ORD002797,C03303,P0354,2024-07-14,2,222.15,0,50,standard,False,8,172.15
ORD002798,C01437,P0335,2024-08-17,6,565.72,149,50,standard,False,20,664.72
ORD002799,C03365,P0047,2024-07-12,1,167.63,149,0,standard,True,17,316.63
ORD002800,C04642,P0262,2024-07-11,1,1176.98,149,200,standard,True,3,1125.98
ORD002801,C01729,P0295,2024-02-11,5,544.31,0,0,quick,True,0,544.31
ORD002802,C02439,P0314,2024-12-15,6,513.65,49,0,quick,False,1,562.65
ORD002803,C03173,P0291,2024-12-04,2,100.3,99,0,standard,False,3,199.3
ORD002804,C03907,P0171,2024-10-03,8,1291.1,0,50,express,False,17,1241.1
ORD002805,C01316,P0363,2024-03-09,4,574.25,149,0,standard,False,9,723.25
ORD002806,C00684,P0030,2024-11-30,4,504.74,49,0,express,True,3,553.74
ORD002807,C02588,P0169,2024-06-27,5,1102.03,0,200,standard,False,16,902.03
ORD002808,C03543,P0043,2024-03-01,4,144.47,0,200,express,False,13,-55.53
ORD002809,C03087,P0426,2024-04-01,5,418.75,149,100,quick,False,4,467.75
ORD002810,C01675,P0042,2024-10-02,3,699.18,0,100,standard,True,0,599.18
ORD002811,C02113,P0430,2024-07-20,8,531.08,149,0,standard,True,7,680.08
ORD002812,C00957,P0133,2024-09-27,6,239.32,0,100,quick,False,0,139.32
ORD002813,C03543,P0348,2024-03-06,8,347.95,49,200,quick,False,7,196.95
ORD002814,C03094,P0218,2024-04-24,5,348.87,149,200,quick,True,13,297.87
ORD002815,C04797,P0490,2024-01-02,7,3476.27,49,100,standard,True,12,3425.27
ORD002816,C02807,P0449,2024-01-12,7,375.37,99,0,standard,False,4,474.37
ORD002817,C00820,P0085,2024-06-01,6,259.75,0,200,standard,False,11,59.75
ORD002818,C00887,P0250,2024-08-25,4,1309.69,99,100,standard,True,20,1308.69
ORD002819,C03728,P0264,2024-12-10,6,481.72,99,100,quick,True,9,480.72
ORD002820,C03993,P0010,2024-10-05,9,509.72,0,0,standard,True,7,509.72
ORD002821,C03084,P0079,2024-08-05,4,656.23,0,0,quick,False,21,656.23
ORD002822,C00875,P0108,2024-09-29,6,732.9,49,200,quick,False,12,581.9
ORD002823,C04261,P0460,2024-07-13,6,724.07,0,50,standard,True,21,674.07
ORD002824,C03996,P0117,2024-04-27,3,123.58,0,100,standard,True,22,23.58
ORD002825,C00556,P0251,2024-05-06,4,1294.87,99,0,quick,False,3,1393.87
ORD002826,C02214,P0017,2024-08-23,3,250.71,0,50,quick,True,15,200.71
ORD002827,C00708,P0255,2024-06-26,3,341.06,149,100,standard,True,5,390.06
ORD002828,C00717,P0244,2024-03-20,4,232.33,0,50,express,False,3,182.33
ORD002829,C03665,P0152,2024-05-21,4,1118.93,149,100,express,False,7,1167.93
ORD002830,C02144,P0096,2024-04-06,6,712.37,0,100,standard,True,3,612.37
ORD002831,C02019,P0499,2024-02-27,4,1084.39,0,50,standard,False,9,1034.39
ORD002832,C03779,P0457,2024-01-17,6,840.71,149,0,standard,True,11,989.71
ORD002833,C00290,P0185,2024-12-04,2,175.99,0,100,express,False,2,75.99000000000001
ORD002834,C02183,P0029,2024-08-02,4,350.17,49,200,standard,False,19,199.17000000000002
ORD002835,C03879,P0114,2024-11-10,2,594.45,49,50,express,False,10,593.45
ORD002836,C02936,P0240,2024-01-09,8,353.64,0,0,standard,False,3,353.64
ORD002837,C02414,P0256,2024-05-03,9,261.62,49,0,quick,True,11,310.62
ORD002838,C02295,P0446,2024-04-15,7,1526.14,149,100,quick,True,2,1575.14
ORD002839,C02813,P0352,2024-02-04,6,1063.23,149,100,quick,False,1,1112.23
ORD002840,C01237,P0112,2024-02-21,8,395.42,0,200,standard,True,19,195.42000000000002
ORD002841,C02117,P0334,2024-10-31,4,1112.76,0,0,express,True,4,1112.76
ORD002842,C04841,P0028,2024-01-18,2,790.34,0,100,standard,True,5,690.34
ORD002843,C03043,P0321,2024-08-16,4,101.66,149,0,quick,False,13,250.66
ORD002844,C03087,P0458,2024-11-02,5,433.92,0,100,quick,False,16,333.92
ORD002845,C03558,P0436,2024-12-10,9,339.22,0,0,quick,False,10,339.22
ORD002846,C00698,P0225,2024-12-26,5,271.05,0,200,quick,False,19,71.05000000000001
ORD002847,C02853,P0243,2024-01-25,9,301.86,0,0,express,False,5,301.86
ORD002848,C03808,P0360,2024-05-05,9,2096.54,0,0,standard,False,21,2096.54
ORD002849,C04619,P0018,2024-01-23,8,565.3,99,50,standard,False,13,614.3
ORD002850,C01845,P0321,2024-07-24,5,1416.37,149,0,express,False,4,1565.37
ORD002851,C04014,P0111,2024-08-12,2,267.75,149,200,express,False,21,216.75
ORD002852,C03182,P0211,2024-04-29,5,233.15,0,200,express,False,21,33.150000000000006
ORD002853,C00463,P0232,2024-10-03,1,1636.43,149,100,quick,True,9,1685.43
ORD002854,C03860,P0435,2024-04-21,8,578.22,0,0,quick,True,19,578.22
ORD002855,C00450,P0158,2024-01-29,2,1677.67,0,0,standard,False,9,1677.67
ORD002856,C01915,P0059,2024-03-12,7,144.57,149,50,standard,False,11,243.57
ORD002857,C00923,P0372,2024-09-14,2,1836.5,0,50,standard,True,3,1786.5
ORD002858,C03622,P0323,2024-05-28,5,474.83,0,50,quick,False,8,424.83
ORD002859,C00315,P0092,2024-04-29,7,217.2,49,200,express,False,15,66.19999999999999
ORD002860,C04766,P0247,2024-10-21,6,904.04,99,200,standard,False,21,803.04
ORD002861,C04793,P0157,2024-06-12,5,1214.85,99,100,standard,True,11,1213.85
ORD002862,C01376,P0140,2024-10-22,6,132.97,149,0,quick,False,8,281.97
ORD002863,C02815,P0398,2024-11-02,2,3149.6,49,200,quick,True,22,2998.6
ORD002864,C01262,P0403,2024-12-10,1,934.88,0,50,standard,True,2,884.88
ORD002865,C01127,P0417,2024-06-13,1,370.41,0,200,standard,False,0,170.41000000000003
ORD002866,C02925,P0219,2024-05-01,8,213.83,99,0,express,False,4,312.83000000000004
ORD002867,C01052,P0403,2024-06-03,3,447.92,49,200,standard,False,20,296.92
ORD002868,C04184,P0305,2024-03-14,3,273.43,49,0,standard,True,4,322.43
ORD002869,C02422,P0088,2024-12-04,9,576.07,0,100,express,False,10,476.07000000000005
ORD002870,C03468,P0154,2024-09-23,6,1164.94,149,200,quick,False,4,1113.94
ORD002871,C04459,P0413,2024-04-23,4,854.44,49,0,express,False,12,903.44
ORD002872,C04021,P0439,2024-07-30,4,499.81,0,0,express,True,14,499.81
ORD002873,C04409,P0232,2024-06-02,7,187.64,0,0,express,False,23,187.64
ORD002874,C00547,P0467,2024-05-20,6,2304.15,149,100,standard,False,15,2353.15
ORD002875,C04891,P0192,2024-02-01,2,319.65,99,200,standard,False,2,218.64999999999998
ORD002876,C03523,P0098,2024-10-12,9,326.85,0,0,standard,False,3,326.85
ORD002877,C01529,P0438,2024-10-29,2,824.94,0,200,quick,True,18,624.94
ORD002878,C00106,P0112,2024-03-30,8,1129.33,49,50,standard,True,13,1128.33
ORD002879,C00856,P0106,2024-11-16,4,3000.33,0,50,standard,False,23,2950.33
ORD002880,C02984,P0023,2024-12-13,1,2534.36,0,0,quick,False,8,2534.36
ORD002881,C04386,P0280,2024-08-06,1,1814.44,0,0,standard,False,4,1814.44
ORD002882,C04712,P0487,2024-10-11,9,499.04,149,0,standard,True,2,648.04
ORD002883,C01250,P0436,2024-09-10,4,226.63,49,0,quick,False,10,275.63
ORD002884,C01611,P0203,2024-01-25,1,713.74,49,0,standard,False,4,762.74
ORD002885,C01790,P0010,2024-06-25,3,111.18,0,50,quick,False,5,61.18000000000001
ORD002886,C00867,P0349,2024-11-25,3,251.93,0,0,quick,False,12,251.93
ORD002887,C02769,P0315,2024-12-09,7,100.77,99,0,standard,True,11,199.76999999999998
ORD002888,C04253,P0204,2024-07-14,6,238.37,149,0,standard,False,10,387.37
ORD002889,C00327,P0430,2024-09-25,8,549.73,49,0,standard,False,15,598.73
ORD002890,C03816,P0408,2024-06-12,7,448.83,49,0,quick,False,13,497.83
ORD002891,C03148,P0499,2024-12-22,1,421.64,0,200,standard,False,15,221.64
ORD002892,C03381,P0024,2024-08-01,3,1343.3,99,0,standard,True,22,1442.3
ORD002893,C02374,P0400,2024-07-28,9,885.74,99,100,standard,True,13,884.74
ORD002894,C02555,P0139,2024-03-17,4,2027.95,99,0,standard,True,19,2126.95
ORD002895,C04965,P0122,2024-06-02,3,511.58,149,100,express,True,20,560.5799999999999
ORD002896,C01130,P0498,2024-07-11,5,321.44,99,50,standard,True,10,370.44
ORD002897,C04336,P0435,2024-04-04,8,190.62,0,200,express,True,4,-9.379999999999995
ORD002898,C02482,P0010,2024-10-02,1,879.38,149,0,quick,True,20,1028.38
ORD002899,C03099,P0265,2024-08-30,2,1389.47,0,100,standard,False,7,1289.47
ORD002900,C02751,P0080,2024-05-03,7,241.12,99,50,quick,True,12,290.12
ORD002901,C03320,P0443,2024-04-25,1,1575.95,0,200,standard,False,13,1375.95
ORD002902,C01556,P0309,2024-06-02,5,621.99,0,100,standard,True,17,521.99
ORD002903,C03543,P0108,2024-12-28,8,207.91,0,50,standard,False,15,157.91
ORD002904,C04508,P0207,2024-03-14,6,819.75,99,0,standard,False,17,918.75
ORD002905,C00568,P0318,2024-08-25,3,612.86,0,50,quick,False,17,562.86
ORD002906,C01654,P0243,2024-01-30,7,119.01,0,50,express,True,15,69.01
ORD002907,C03236,P0275,2024-10-14,3,455.7,0,0,express,True,17,455.7
ORD002908,C03119,P0496,2024-07-30,5,1174.29,0,100,standard,True,17,1074.29
ORD002909,C03733,P0260,2024-08-01,7,666.44,49,50,quick,False,7,665.44
ORD002910,C03229,P0296,2024-10-12,2,330.94,0,0,quick,False,12,330.94
ORD002911,C00150,P0373,2024-09-28,4,1947.03,149,100,standard,True,2,1996.0299999999997
ORD002912,C02272,P0062,2024-03-09,2,289.06,99,0,express,False,18,388.06
ORD002913,C04351,P0183,2024-07-17,7,302.94,99,0,standard,True,22,401.94
ORD002914,C02108,P0031,2024-05-04,3,405.56,0,100,quick,True,13,305.56
ORD002915,C01795,P0282,2024-05-10,9,1673.58,99,0,quick,False,16,1772.58
ORD002916,C02427,P0323,2024-04-14,6,594.96,49,50,standard,False,18,593.96
ORD002917,C03514,P0360,2024-06-18,1,901.39,149,50,standard,True,22,1000.3899999999999
ORD002918,C00348,P0431,2024-11-27,8,2717.54,49,50,quick,False,23,2716.54
ORD002919,C02078,P0006,2024-02-10,7,1169.46,99,100,quick,True,7,1168.46
ORD002920,C00396,P0173,2024-08-18,1,231.63,0,200,standard,True,22,31.629999999999995
ORD002921,C02976,P0461,2024-07-08,3,1185.99,149,100,standard,True,2,1234.99
ORD002922,C02609,P0358,2024-02-17,3,1064.77,149,100,express,True,7,1113.77
ORD002923,C01158,P0471,2024-10-01,3,284.34,99,200,standard,False,11,183.33999999999997
ORD002924,C00145,P0367,2024-04-07,7,374.49,99,100,standard,False,0,373.49
ORD002925,C02226,P0145,2024-01-27,6,965.82,0,0,standard,False,6,965.82
ORD002926,C00263,P0251,2024-05-17,2,289.63,49,200,standard,False,0,138.63
ORD002927,C04299,P0165,2024-07-12,5,262.4,149,200,quick,False,11,211.39999999999998
ORD002928,C03101,P0102,2024-12-10,6,949.93,0,0,quick,False,17,949.93
ORD002929,C02106,P0498,2024-11-05,2,1586.67,0,200,quick,False,15,1386.67
ORD002930,C03080,P0487,2024-11-04,1,153.59,0,200,quick,False,4,-46.41
ORD002931,C00987,P0192,2024-01-21,4,512.3,0,0,standard,False,3,512.3
ORD002932,C01347,P0016,2024-02-07,4,753.07,0,0,express,False,1,753.07
ORD002933,C01360,P0089,2024-04-06,4,888.51,0,0,quick,False,11,888.51
ORD002934,C02838,P0370,2024-10-27,1,3999.18,99,0,express,False,11,4098.18
ORD002935,C01726,P0085,2024-12-09,3,902.52,0,0,standard,True,4,902.52
ORD002936,C02289,P0102,2024-10-13,7,776.59,149,50,express,False,9,875.59
ORD002937,C00907,P0081,2024-04-21,4,3304.25,0,100,standard,False,14,3204.25
ORD002938,C01183,P0125,2024-09-02,2,142.81,0,200,standard,True,4,-57.19
ORD002939,C02824,P0037,2024-04-16,8,153.15,149,0,standard,False,17,302.15
ORD002940,C01258,P0347,2024-06-19,1,674.77,0,100,standard,False,13,574.77
ORD002941,C00198,P0212,2024-06-04,9,409.94,0,0,quick,False,7,409.94
ORD002942,C01056,P0318,2024-01-08,5,170.19,0,200,standard,True,6,-29.810000000000002
ORD002943,C02455,P0485,2024-04-18,2,355.15,49,50,standard,False,7,354.15
ORD002944,C03365,P0224,2024-04-07,4,884.36,49,0,quick,True,1,933.36
ORD002945,C01260,P0221,2024-03-01,3,1586.78,99,100,quick,False,23,1585.78
ORD002946,C03978,P0425,2024-09-02,7,168.35,0,100,standard,False,4,68.35
ORD002947,C02835,P0246,2024-05-04,6,642.79,0,200,standard,False,3,442.78999999999996
ORD002948,C01313,P0135,2024-12-22,9,344.8,0,0,standard,False,22,344.8
ORD002949,C01902,P0285,2024-11-05,4,869.41,149,200,express,False,22,818.41
ORD002950,C03975,P0230,2024-12-26,3,657.1,0,200,quick,True,4,457.1
ORD002951,C00577,P0319,2024-04-14,7,1928.34,99,0,standard,True,12,2027.34
ORD002952,C04430,P0008,2024-07-22,6,125.89,0,50,standard,True,23,75.89
ORD002953,C01020,P0224,2024-05-02,5,543.46,149,0,standard,False,0,692.46
ORD002954,C03653,P0312,2024-10-09,7,248.89,149,100,quick,False,22,297.89
ORD002955,C03844,P0106,2024-06-13,5,637.69,0,0,express,True,13,637.69
ORD002956,C03573,P0186,2024-05-24,9,1443.89,49,0,standard,True,11,1492.89
ORD002957,C02293,P0220,2024-07-13,4,1794.88,99,100,standard,False,1,1793.88
ORD002958,C00610,P0094,2024-08-26,1,454.52,149,0,standard,True,22,603.52
ORD002959,C00328,P0194,2024-09-30,5,1268.1,0,100,quick,False,3,1168.1
ORD002960,C00546,P0241,2024-11-28,1,329.45,49,0,quick,True,21,378.45
ORD002961,C00338,P0229,2024-07-02,1,103.43,49,0,standard,False,18,152.43
ORD002962,C03181,P0330,2024-06-06,1,1451.87,0,200,express,False,2,1251.87
ORD002963,C03041,P0004,2024-05-13,1,188.02,149,50,standard,True,15,287.02
ORD002964,C00806,P0350,2024-07-03,8,111.44,99,200,quick,False,19,10.439999999999998
ORD002965,C01033,P0467,2024-09-19,2,404.65,99,50,express,True,5,453.65
ORD002966,C03273,P0003,2024-09-11,9,432.93,0,0,quick,True,0,432.93
ORD002967,C03987,P0263,2024-08-26,7,155.26,0,200,standard,False,4,-44.74000000000001
ORD002968,C03333,P0425,2024-02-20,3,1277.09,0,0,standard,False,11,1277.09
ORD002969,C02740,P0252,2024-08-28,9,463.13,0,100,express,False,4,363.13
ORD002970,C04525,P0162,2024-06-12,4,570.24,49,100,quick,True,2,519.24
ORD002971,C04901,P0140,2024-04-14,7,314.16,0,100,standard,False,7,214.16000000000003
ORD002972,C01696,P0496,2024-07-08,3,600.5,0,50,standard,False,2,550.5
ORD002973,C03650,P0388,2024-06-09,5,1117.9,149,100,standard,True,0,1166.9
ORD002974,C02082,P0295,2024-07-30,4,1755.48,0,50,quick,True,18,1705.48
ORD002975,C01998,P0018,2024-01-24,6,2566.06,149,50,standard,False,13,2665.06
ORD002976,C04652,P0081,2024-10-15,9,488.47,0,50,standard,False,4,438.47
ORD002977,C01685,P0480,2024-04-23,5,3324.99,99,0,standard,False,5,3423.99
ORD002978,C04586,P0380,2024-03-15,1,343.65,0,0,quick,True,15,343.65
ORD002979,C01603,P0003,2024-01-09,5,103.9,0,0,standard,True,23,103.9
ORD002980,C04349,P0127,2024-05-13,5,1120.56,99,0,quick,False,4,1219.56
ORD002981,C04112,P0186,2024-10-10,9,236.58,0,0,quick,True,23,236.58
ORD002982,C00260,P0145,2024-10-26,8,136.72,49,50,standard,False,16,135.72
ORD002983,C03796,P0493,2024-10-23,5,1903.0,149,0,standard,False,22,2052.0
ORD002984,C02775,P0151,2024-08-01,5,1197.52,0,100,quick,True,9,1097.52
ORD002985,C00500,P0362,2024-05-31,2,174.83,149,0,standard,False,15,323.83000000000004
ORD002986,C01015,P0092,2024-03-19,9,1149.13,149,0,standard,False,13,1298.13
ORD002987,C02333,P0030,2024-04-10,4,1399.53,99,100,standard,True,23,1398.53
ORD002988,C02054,P0313,2024-06-17,7,1748.94,0,200,standard,False,10,1548.94
ORD002989,C03963,P0027,2024-04-27,6,648.21,99,50,quick,True,14,697.21
ORD002990,C03674,P0136,2024-07-13,5,949.79,49,0,quick,False,20,998.79
ORD002991,C04055,P0428,2024-10-18,5,1104.54,149,0,quick,False,22,1253.54
ORD002992,C02706,P0089,2024-05-05,7,915.76,0,200,quick,False,0,715.76
ORD002993,C02099,P0048,2024-09-12,2,827.57,0,0,quick,False,9,827.57
ORD002994,C02565,P0366,2024-10-08,9,654.17,99,0,express,True,3,753.17
ORD002995,C03017,P0257,2024-12-01,2,555.67,99,0,express,False,4,654.67
ORD002996,C00108,P0005,2024-12-16,9,3986.25,0,0,standard,False,1,3986.25
ORD002997,C03422,P0028,2024-06-21,4,387.28,0,0,standard,False,20,387.28
ORD002998,C00065,P0409,2024-05-11,6,163.69,0,200,standard,True,1,-36.31
ORD002999,C03081,P0155,2024-09-07,1,1112.83,0,50,express,True,19,1062.83
ORD003000,C04297,P0262,2024-11-24,5,267.4,49,0,quick,True,5,316.4
ORD003001,C02948,P0033,2024-09-08,6,631.54,99,200,quick,False,16,530.54
ORD003002,C00213,P0439,2024-08-23,9,169.49,0,100,standard,False,5,69.49000000000001
ORD003003,C04422,P0236,2024-03-27,9,774.99,0,0,standard,False,0,774.99
ORD003004,C01040,P0137,2024-06-29,9,2116.78,99,0,quick,False,12,2215.78
ORD003005,C04618,P0367,2024-03-27,3,996.87,0,200,quick,False,13,796.87
ORD003006,C00987,P0488,2024-03-12,4,268.04,99,0,quick,True,21,367.04
ORD003007,C03195,P0487,2024-10-06,8,2580.66,0,50,quick,True,14,2530.66
ORD003008,C00503,P0056,2024-09-07,8,355.8,0,100,standard,True,17,255.8
ORD003009,C00755,P0174,2024-04-04,2,500.65,0,0,standard,False,22,500.65
ORD003010,C01341,P0213,2024-10-04,8,581.57,99,0,standard,False,8,680.57
ORD003011,C02588,P0026,2024-11-24,7,3374.83,0,200,standard,False,18,3174.83
ORD003012,C01381,P0294,2024-01-31,9,148.97,0,100,standard,False,16,48.97
ORD003013,C02987,P0405,2024-09-25,5,934.19,149,200,standard,True,9,883.19
ORD003014,C02844,P0118,2024-01-18,2,413.52,149,100,standard,False,22,462.52
ORD003015,C02519,P0146,2024-02-08,5,156.09,149,0,standard,False,7,305.09000000000003
ORD003016,C03726,P0355,2024-12-08,2,2012.7,49,50,standard,False,13,2011.6999999999998
ORD003017,C01887,P0264,2024-01-25,5,722.88,49,200,express,True,5,571.88
ORD003018,C01323,P0402,2024-01-04,9,1079.33,0,0,quick,False,8,1079.33
ORD003019,C03809,P0257,2024-07-30,7,291.46,0,200,express,False,2,91.45999999999998
ORD003020,C03747,P0347,2024-03-11,7,1102.49,0,50,quick,False,16,1052.49
ORD003021,C02131,P0188,2024-11-18,1,1333.12,0,0,express,False,12,1333.12
ORD003022,C02424,P0314,2024-04-28,9,493.5,0,0,quick,False,4,493.5
ORD003023,C03384,P0230,2024-02-04,6,692.97,149,0,quick,False,23,841.97
ORD003024,C02251,P0469,2024-12-28,7,2598.71,0,0,standard,True,6,2598.71
ORD003025,C01008,P0498,2024-03-18,2,1411.89,49,200,standard,False,12,1260.89
ORD003026,C01317,P0197,2024-01-05,1,510.96,0,0,express,False,19,510.96
ORD003027,C03216,P0238,2024-04-21,4,863.65,0,200,standard,False,1,663.65
ORD003028,C04634,P0326,2024-09-15,9,1172.48,149,200,standard,False,7,1121.48
ORD003029,C00016,P0069,2024-08-21,9,116.24,0,0,quick,False,12,116.24
ORD003030,C04670,P0416,2024-07-10,3,720.33,49,50,standard,False,5,719.33
ORD003031,C01802,P0251,2024-01-31,1,3017.13,149,50,standard,False,23,3116.13
ORD003032,C02623,P0461,2024-11-12,2,2157.61,0,200,quick,False,17,1957.6100000000001
ORD003033,C00129,P0192,2024-11-22,9,1349.49,49,0,standard,False,19,1398.49
ORD003034,C01473,P0024,2024-12-07,9,177.6,149,50,standard,True,2,276.6
ORD003035,C00949,P0069,2024-11-11,1,3685.05,0,200,quick,False,22,3485.05
ORD003036,C03996,P0155,2024-09-04,9,757.3,0,0,standard,False,14,757.3
ORD003037,C01068,P0145,2024-12-03,1,275.54,0,0,express,True,15,275.54
ORD003038,C04311,P0318,2024-09-06,4,884.18,0,100,standard,False,10,784.18
ORD003039,C01623,P0218,2024-01-09,5,1458.11,49,100,express,False,20,1407.11
ORD003040,C02895,P0048,2024-01-04,8,182.41,99,100,quick,True,20,181.40999999999997
ORD003041,C02736,P0378,2024-09-29,5,1836.52,0,50,quick,False,12,1786.52
ORD003042,C02312,P0379,2024-10-09,5,1868.8,0,0,quick,False,12,1868.8
ORD003043,C01946,P0193,2024-07-29,4,108.49,99,0,express,False,5,207.49
ORD003044,C00616,P0039,2024-01-07,9,1713.05,49,50,standard,False,1,1712.05
ORD003045,C01869,P0084,2024-01-09,8,2152.82,0,0,standard,False,11,2152.82
ORD003046,C00300,P0342,2024-09-28,9,125.89,0,0,standard,True,20,125.89
ORD003047,C00984,P0449,2024-05-20,7,342.86,0,200,quick,False,13,142.86
ORD003048,C03691,P0335,2024-10-01,7,425.89,0,0,quick,True,6,425.89
ORD003049,C04501,P0003,2024-05-26,5,399.35,49,200,quick,True,8,248.35000000000002
ORD003050,C03426,P0289,2024-01-09,1,1095.08,0,100,quick,False,3,995.0799999999999
ORD003051,C00160,P0246,2024-09-14,6,409.33,0,0,standard,False,3,409.33
ORD003052,C00025,P0004,2024-12-23,6,2294.77,49,200,standard,True,2,2143.77
ORD003053,C00082,P0496,2024-12-11,4,3806.79,99,0,express,False,11,3905.79
ORD003054,C00172,P0225,2024-08-08,2,365.7,0,100,quick,False,19,265.7
ORD003055,C00998,P0149,2024-04-01,1,596.63,49,0,standard,False,10,645.63
ORD003056,C03141,P0237,2024-02-24,3,670.05,0,0,standard,False,0,670.05
ORD003057,C02882,P0147,2024-02-19,9,705.26,49,100,standard,False,7,654.26
ORD003058,C04101,P0102,2024-09-25,1,427.12,149,100,standard,False,9,476.12
ORD003059,C02843,P0174,2024-03-17,5,226.06,99,0,express,False,5,325.06
ORD003060,C04620,P0497,2024-05-03,6,138.27,149,0,standard,False,17,287.27
ORD003061,C02110,P0460,2024-04-08,9,177.71,49,0,quick,True,3,226.71
ORD003062,C03084,P0235,2024-11-13,1,1719.91,99,200,quick,True,2,1618.91
ORD003063,C02045,P0033,2024-09-26,5,329.32,99,200,quick,False,6,228.32
ORD003064,C00760,P0171,2024-05-09,1,154.95,49,0,quick,False,19,203.95
ORD003065,C00204,P0005,2024-06-30,2,782.84,0,0,quick,True,0,782.84
ORD003066,C04992,P0439,2024-05-16,2,153.81,0,50,quick,True,9,103.81
ORD003067,C03102,P0284,2024-07-22,5,149.84,0,0,standard,False,6,149.84
ORD003068,C02035,P0224,2024-02-10,4,779.21,149,200,express,True,17,728.21
ORD003069,C01552,P0052,2024-07-10,6,725.5,49,0,standard,False,6,774.5
ORD003070,C04972,P0256,2024-07-26,5,128.65,149,50,quick,False,20,227.64999999999998
ORD003071,C00824,P0494,2024-08-23,2,530.95,149,200,standard,False,1,479.95000000000005
ORD003072,C02956,P0058,2024-10-16,9,499.6,49,0,quick,False,7,548.6
ORD003073,C03748,P0431,2024-05-04,8,652.82,0,50,quick,False,8,602.82
ORD003074,C02445,P0245,2024-12-22,9,1036.17,0,50,standard,True,2,986.1700000000001
ORD003075,C03896,P0006,2024-04-25,6,331.68,99,50,standard,False,18,380.68
ORD003076,C00838,P0213,2024-06-02,5,495.91,0,50,express,True,18,445.91
ORD003077,C04695,P0415,2024-12-16,5,1200.66,49,50,express,False,1,1199.66
ORD003078,C03683,P0077,2024-02-11,2,1889.74,0,50,standard,True,18,1839.74
ORD003079,C01961,P0188,2024-11-30,4,1652.56,0,100,quick,False,15,1552.56
ORD003080,C00937,P0440,2024-11-28,2,553.57,49,0,quick,False,1,602.57
ORD003081,C02931,P0306,2024-01-17,2,614.04,149,200,standard,True,1,563.04
ORD003082,C00424,P0215,2024-02-17,8,626.18,149,0,standard,True,10,775.18
ORD003083,C03310,P0402,2024-07-26,4,1520.27,0,200,express,True,2,1320.27
ORD003084,C03051,P0282,2024-07-13,4,1381.54,0,100,quick,False,9,1281.54
ORD003085,C02905,P0318,2024-07-12,7,360.3,0,100,standard,False,0,260.3
ORD003086,C02137,P0443,2024-10-09,4,223.43,99,50,standard,True,11,272.43
ORD003087,C04046,P0060,2024-08-31,9,432.47,99,100,express,True,9,431.47
ORD003088,C03210,P0060,2024-01-29,9,337.17,0,200,express,True,12,137.17000000000002
ORD003089,C02694,P0214,2024-11-22,3,2207.03,0,100,standard,False,16,2107.03
ORD003090,C03595,P0381,2024-01-05,6,315.39,0,200,standard,False,6,115.38999999999999
ORD003091,C01267,P0044,2024-12-25,7,238.95,0,50,standard,False,10,188.95
ORD003092,C03576,P0404,2024-03-28,3,1707.17,49,50,standard,True,12,1706.17
ORD003093,C00421,P0171,2024-02-12,4,162.31,0,100,quick,True,23,62.31
ORD003094,C03266,P0220,2024-09-12,1,310.03,0,0,standard,True,11,310.03
ORD003095,C01657,P0384,2024-08-10,9,503.76,149,50,quick,False,4,602.76
ORD003096,C02100,P0094,2024-11-26,7,731.89,0,0,express,True,22,731.89
ORD003097,C03939,P0346,2024-06-18,7,376.91,0,0,express,True,21,376.91
ORD003098,C00684,P0043,2024-10-16,9,578.95,0,50,quick,False,3,528.95
ORD003099,C02226,P0227,2024-02-18,6,254.18,0,100,quick,True,10,154.18
ORD003100,C04388,P0061,2024-09-27,8,696.77,0,50,standard,False,13,646.77
ORD003101,C02422,P0316,2024-01-22,5,465.76,0,100,standard,True,23,365.76
ORD003102,C01077,P0218,2024-04-27,8,1423.54,0,200,standard,False,16,1223.54
ORD003103,C03985,P0334,2024-04-18,1,475.18,49,0,quick,True,3,524.1800000000001
ORD003104,C03840,P0088,2024-12-20,3,509.66,49,0,standard,False,16,558.6600000000001
ORD003105,C03316,P0111,2024-10-17,4,726.84,0,200,quick,False,4,526.84
ORD003106,C02843,P0206,2024-08-31,9,191.01,49,200,quick,False,0,40.00999999999999
ORD003107,C03439,P0487,2024-05-18,8,218.38,0,200,standard,False,18,18.379999999999995
ORD003108,C04111,P0466,2024-01-24,8,1192.25,99,0,standard,False,12,1291.25
ORD003109,C04271,P0366,2024-02-08,2,322.58,0,50,quick,False,15,272.58
ORD003110,C01903,P0305,2024-12-16,7,906.95,49,0,express,True,18,955.95
ORD003111,C04224,P0202,2024-05-23,3,170.75,0,100,standard,True,1,70.75
ORD003112,C03294,P0296,2024-10-05,6,1306.58,0,0,standard,False,9,1306.58
ORD003113,C04979,P0032,2024-10-15,4,3208.43,49,100,standard,False,5,3157.43
ORD003114,C00425,P0488,2024-12-02,6,426.54,149,0,standard,False,4,575.54
ORD003115,C02401,P0214,2024-01-17,4,591.99,149,50,quick,False,21,690.99
ORD003116,C00749,P0011,2024-04-01,3,508.27,49,0,standard,True,14,557.27
ORD003117,C04839,P0001,2024-06-10,2,1671.26,49,200,standard,False,2,1520.26
ORD003118,C04574,P0362,2024-01-09,4,105.99,149,200,standard,False,20,54.99000000000001
ORD003119,C00043,P0148,2024-04-16,2,840.83,0,200,express,False,2,640.83
ORD003120,C01559,P0141,2024-10-27,7,838.63,0,0,standard,False,22,838.63
ORD003121,C04194,P0289,2024-03-14,1,436.32,99,50,standard,True,7,485.31999999999994
ORD003122,C03468,P0206,2024-12-30,1,272.33,149,50,standard,False,6,371.33
ORD003123,C03951,P0340,2024-07-22,5,290.81,149,200,standard,False,21,239.81
ORD003124,C04266,P0191,2024-02-09,7,1227.23,149,0,quick,False,20,1376.23
ORD003125,C00147,P0406,2024-06-02,1,146.87,49,200,standard,False,4,-4.1299999999999955
ORD003126,C02170,P0340,2024-03-24,4,679.8,0,100,standard,False,22,579.8
ORD003127,C00111,P0305,2024-10-15,5,355.55,149,100,express,True,5,404.55
ORD003128,C04163,P0397,2024-05-03,2,314.76,0,0,quick,False,16,314.76
ORD003129,C00827,P0468,2024-10-17,7,592.28,99,100,standard,False,16,591.28
ORD003130,C01752,P0251,2024-07-18,4,1696.0,149,0,standard,False,23,1845.0
ORD003131,C02939,P0203,2024-12-12,8,772.8,0,0,quick,False,19,772.8
ORD003132,C03728,P0361,2024-10-03,1,1186.84,149,0,standard,False,20,1335.84
ORD003133,C03616,P0045,2024-06-18,1,741.6,99,100,quick,True,16,740.6
ORD003134,C03723,P0373,2024-07-15,1,936.47,99,50,standard,False,10,985.47
ORD003135,C02277,P0494,2024-03-12,4,495.45,149,0,standard,False,14,644.45
ORD003136,C00159,P0260,2024-12-18,1,1921.41,0,200,express,False,4,1721.41
ORD003137,C03365,P0065,2024-02-10,5,586.92,0,50,standard,False,10,536.92
ORD003138,C02233,P0149,2024-09-13,6,660.72,0,0,standard,False,9,660.72
ORD003139,C01013,P0069,2024-06-26,7,620.06,149,100,quick,False,11,669.06
ORD003140,C04972,P0363,2024-01-28,8,365.05,49,200,standard,True,19,214.05
ORD003141,C00551,P0001,2024-02-20,8,283.08,99,0,express,False,13,382.08
ORD003142,C01175,P0028,2024-08-11,2,152.69,0,100,standard,True,1,52.69
ORD003143,C01163,P0255,2024-04-28,4,985.53,0,100,standard,True,22,885.53
ORD003144,C01308,P0060,2024-02-08,7,338.03,0,200,standard,False,21,138.02999999999997
ORD003145,C01492,P0099,2024-06-23,9,444.09,49,100,standard,False,12,393.09
ORD003146,C01241,P0383,2024-11-05,9,1866.38,49,100,quick,True,7,1815.38
ORD003147,C04531,P0454,2024-11-10,3,684.02,0,100,quick,False,6,584.02
ORD003148,C04827,P0143,2024-10-31,7,170.48,0,50,standard,True,19,120.47999999999999
ORD003149,C01777,P0191,2024-07-22,4,1224.25,149,0,standard,False,19,1373.25
ORD003150,C00059,P0352,2024-06-16,9,306.12,0,200,quick,False,2,106.12
ORD003151,C01633,P0352,2024-01-16,7,662.18,0,50,standard,True,4,612.18
ORD003152,C02451,P0269,2024-11-20,6,598.32,149,200,quick,False,18,547.32
ORD003153,C00335,P0298,2024-05-19,9,289.34,99,50,quick,True,20,338.34
ORD003154,C00830,P0459,2024-08-18,7,185.13,149,100,standard,False,15,234.13
ORD003155,C01592,P0426,2024-09-08,8,265.12,99,100,standard,False,3,264.12
ORD003156,C04380,P0325,2024-04-26,5,170.68,0,50,quick,True,0,120.68
ORD003157,C00959,P0310,2024-07-01,4,324.72,149,100,express,False,4,373.72
ORD003158,C04166,P0203,2024-10-10,1,4238.51,99,0,quick,True,9,4337.51
ORD003159,C01121,P0244,2024-07-11,8,459.02,49,200,standard,False,17,308.02
ORD003160,C02223,P0030,2024-08-09,6,1495.0,0,100,express,False,2,1395.0
ORD003161,C03816,P0331,2024-04-05,4,656.68,99,0,quick,False,15,755.68
ORD003162,C04979,P0457,2024-12-14,3,867.85,149,50,standard,False,3,966.85
ORD003163,C01098,P0423,2024-10-26,5,218.01,0,50,quick,False,14,168.01
ORD003164,C00142,P0410,2024-12-04,4,323.92,149,100,standard,False,10,372.92
ORD003165,C02978,P0051,2024-07-13,7,598.98,49,50,standard,False,5,597.98
ORD003166,C01046,P0383,2024-02-13,6,1589.89,0,0,standard,True,9,1589.89
ORD003167,C01068,P0242,2024-11-12,3,129.68,99,50,express,True,5,178.68
ORD003168,C04187,P0262,2024-05-31,1,593.96,149,0,standard,True,2,742.96
ORD003169,C03340,P0173,2024-05-06,7,135.65,99,50,quick,False,8,184.65
ORD003170,C04773,P0099,2024-12-31,5,526.22,49,50,express,True,18,525.22
ORD003171,C03435,P0416,2024-02-07,1,792.84,0,0,standard,False,11,792.84
ORD003172,C03779,P0474,2024-02-12,1,1054.78,0,200,standard,False,11,854.78
ORD003173,C04477,P0391,2024-05-17,6,203.38,0,0,standard,True,2,203.38
ORD003174,C00965,P0388,2024-03-19,4,226.55,49,0,standard,False,2,275.55
ORD003175,C01179,P0060,2024-07-13,8,543.5,149,0,express,False,5,692.5
ORD003176,C02434,P0455,2024-12-30,2,4462.1,99,50,standard,True,22,4511.1
ORD003177,C00500,P0359,2024-11-20,4,407.09,149,200,standard,True,14,356.0899999999999
ORD003178,C04554,P0187,2024-03-19,8,489.45,49,0,standard,False,8,538.45
ORD003179,C00049,P0468,2024-07-18,8,495.49,0,200,standard,False,15,295.49
ORD003180,C00969,P0407,2024-06-11,5,157.9,0,0,standard,False,8,157.9
ORD003181,C00987,P0006,2024-07-03,3,1140.59,99,100,standard,False,14,1139.59
ORD003182,C04627,P0188,2024-02-24,4,303.28,0,0,standard,False,20,303.28
ORD003183,C01115,P0082,2024-02-16,3,950.39,0,0,standard,False,4,950.39
ORD003184,C03932,P0350,2024-01-03,2,550.17,0,100,standard,False,3,450.16999999999996
ORD003185,C01479,P0419,2024-06-06,4,761.33,0,50,express,False,18,711.33
ORD003186,C04434,P0282,2024-08-15,9,137.84,99,0,standard,False,15,236.84
ORD003187,C03124,P0123,2024-07-03,6,1643.87,49,0,quick,False,1,1692.87
ORD003188,C03567,P0156,2024-05-18,4,294.67,0,50,standard,False,11,244.67000000000002
ORD003189,C01658,P0086,2024-02-22,1,875.27,0,0,quick,True,9,875.27
ORD003190,C01876,P0147,2024-03-08,7,1218.71,99,50,standard,False,12,1267.71
ORD003191,C02051,P0069,2024-02-14,2,642.63,99,0,express,False,13,741.63
ORD003192,C04376,P0459,2024-04-05,6,387.04,0,200,quick,False,19,187.04000000000002
ORD003193,C02815,P0369,2024-08-08,1,2767.63,0,50,express,True,21,2717.63
ORD003194,C00970,P0075,2024-08-17,7,327.44,0,200,quick,False,4,127.44
ORD003195,C00207,P0113,2024-10-12,4,2177.53,49,50,quick,False,14,2176.53
ORD003196,C00259,P0002,2024-10-11,3,217.91,99,200,quick,True,11,116.90999999999997
ORD003197,C04358,P0233,2024-09-19,7,444.12,149,0,quick,True,16,593.12
ORD003198,C00782,P0166,2024-07-27,3,203.35,0,0,quick,True,19,203.35
ORD003199,C00504,P0098,2024-02-22,8,100.57,0,0,standard,True,10,100.57
ORD003200,C01573,P0123,2024-01-14,4,310.02,0,50,standard,False,11,260.02
ORD003201,C04298,P0466,2024-02-15,3,162.87,0,100,quick,True,2,62.870000000000005
ORD003202,C01759,P0044,2024-06-30,7,3104.58,49,0,standard,False,21,3153.58
ORD003203,C03794,P0381,2024-10-10,7,1102.82,49,200,standard,True,13,951.8199999999999
ORD003204,C03590,P0323,2024-02-17,9,101.6,149,0,standard,False,16,250.6
ORD003205,C04140,P0286,2024-11-01,7,276.2,99,0,quick,True,14,375.2
ORD003206,C01401,P0105,2024-11-02,6,875.33,49,0,standard,True,8,924.33
ORD003207,C00788,P0293,2024-06-15,3,454.89,49,50,quick,False,21,453.89
ORD003208,C03329,P0480,2024-07-16,4,1347.0,149,0,standard,True,1,1496.0
ORD003209,C02844,P0133,2024-01-07,8,591.04,149,50,standard,True,19,690.04
ORD003210,C03985,P0007,2024-05-29,6,841.22,0,100,quick,False,20,741.22
ORD003211,C04012,P0027,2024-07-30,9,735.24,0,0,standard,True,1,735.24
ORD003212,C02092,P0270,2024-07-17,8,810.6,49,100,standard,False,23,759.6
ORD003213,C02967,P0222,2024-02-13,8,282.05,149,50,quick,False,7,381.05
ORD003214,C01069,P0007,2024-10-13,7,426.09,99,0,express,True,22,525.0899999999999
ORD003215,C01675,P0309,2024-05-04,1,135.37,0,100,standard,False,17,35.370000000000005
ORD003216,C02612,P0133,2024-10-19,5,719.1,0,100,standard,True,0,619.1
ORD003217,C04396,P0028,2024-09-23,7,529.37,149,50,quick,False,4,628.37
ORD003218,C00287,P0114,2024-03-27,9,1100.07,49,50,standard,False,3,1099.07
ORD003219,C00785,P0493,2024-12-16,4,260.81,99,0,standard,False,9,359.81
ORD003220,C02316,P0033,2024-07-13,8,500.9,49,0,standard,False,12,549.9
ORD003221,C02838,P0006,2024-03-27,1,238.55,0,50,standard,True,5,188.55
ORD003222,C03637,P0039,2024-03-12,4,765.3,0,100,standard,True,18,665.3
ORD003223,C02628,P0329,2024-05-17,4,1417.85,149,200,standard,False,12,1366.85
ORD003224,C01265,P0396,2024-06-03,2,1114.04,99,0,quick,False,2,1213.04
ORD003225,C02983,P0061,2024-05-17,3,2119.16,0,50,standard,False,7,2069.16
ORD003226,C03015,P0085,2024-09-09,3,2595.06,149,200,standard,True,12,2544.06
ORD003227,C00070,P0212,2024-03-15,9,1133.99,99,200,quick,False,14,1032.99
ORD003228,C04930,P0115,2024-02-02,7,335.6,0,200,express,True,21,135.60000000000002
ORD003229,C02460,P0064,2024-03-26,2,272.26,0,200,standard,False,2,72.25999999999999
ORD003230,C00611,P0296,2024-08-10,9,514.37,0,0,standard,False,11,514.37
ORD003231,C03523,P0378,2024-05-21,8,3666.76,149,0,standard,False,14,3815.76
ORD003232,C03702,P0169,2024-08-03,6,471.52,49,200,quick,False,14,320.52
ORD003233,C02576,P0115,2024-06-02,6,254.39,99,200,standard,True,20,153.39
ORD003234,C00190,P0321,2024-09-04,2,2120.98,0,50,standard,False,17,2070.98
ORD003235,C01747,P0115,2024-02-09,3,440.34,0,50,quick,False,14,390.34
ORD003236,C02125,P0220,2024-07-03,6,920.86,0,0,quick,False,3,920.86
ORD003237,C01628,P0394,2024-05-08,3,1185.32,0,200,quick,True,2,985.3199999999999
ORD003238,C04984,P0356,2024-05-06,7,1395.75,49,0,express,False,5,1444.75
ORD003239,C03372,P0049,2024-11-16,5,1304.36,0,50,quick,False,23,1254.36
ORD003240,C02996,P0326,2024-09-10,4,1365.58,0,0,quick,False,3,1365.58
ORD003241,C00016,P0418,2024-10-31,8,870.1,0,100,standard,False,12,770.1
ORD003242,C04910,P0477,2024-11-11,2,461.06,149,100,standard,True,13,510.05999999999995
ORD003243,C01597,P0335,2024-04-10,3,869.33,0,0,quick,True,6,869.33
ORD003244,C01066,P0078,2024-08-22,4,1367.66,0,50,express,True,12,1317.66
ORD003245,C03139,P0487,2024-02-24,6,401.24,0,100,express,False,10,301.24
ORD003246,C03451,P0019,2024-03-10,5,345.19,99,200,standard,True,2,244.19
ORD003247,C02259,P0411,2024-06-04,5,393.8,0,0,quick,False,10,393.8
ORD003248,C02250,P0378,2024-01-04,7,659.95,149,50,standard,False,10,758.95
ORD003249,C02773,P0036,2024-07-21,8,136.71,99,0,quick,False,19,235.71
ORD003250,C04204,P0258,2024-06-19,6,1155.62,99,50,quick,True,15,1204.62
ORD003251,C00283,P0092,2024-11-13,3,203.64,0,0,standard,False,6,203.64
ORD003252,C02988,P0186,2024-07-13,4,198.77,99,50,quick,False,22,247.76999999999998
ORD003253,C04832,P0356,2024-06-17,1,253.16,0,0,quick,False,23,253.16
ORD003254,C00602,P0200,2024-08-13,5,701.15,49,200,quick,False,15,550.15
ORD003255,C01363,P0410,2024-06-20,8,334.39,149,50,standard,False,3,433.39
ORD003256,C03352,P0287,2024-08-08,3,420.31,0,0,standard,False,8,420.31
ORD003257,C04075,P0047,2024-11-29,4,1977.17,0,200,express,False,14,1777.17
ORD003258,C04586,P0252,2024-10-31,4,1414.05,0,100,express,False,1,1314.05
ORD003259,C00800,P0045,2024-03-10,6,1437.28,0,50,quick,False,17,1387.28
ORD003260,C00759,P0369,2024-06-02,9,702.33,0,200,standard,False,4,502.33000000000004
ORD003261,C01493,P0230,2024-06-13,3,1508.38,49,100,standard,False,15,1457.38
ORD003262,C04800,P0094,2024-11-04,4,1154.34,0,50,standard,True,4,1104.34
ORD003263,C03934,P0302,2024-12-21,6,2242.86,0,50,standard,True,20,2192.86
ORD003264,C00814,P0217,2024-04-12,6,145.57,49,0,standard,False,6,194.57
ORD003265,C04898,P0039,2024-09-02,7,119.4,0,50,quick,False,10,69.4
ORD003266,C00372,P0386,2024-06-09,1,233.69,0,50,quick,True,18,183.69
ORD003267,C02998,P0202,2024-03-31,9,1951.39,49,200,quick,False,1,1800.39
ORD003268,C02891,P0115,2024-07-22,2,750.21,149,0,standard,False,19,899.21
ORD003269,C03791,P0412,2024-06-12,4,487.73,0,0,express,False,12,487.73
ORD003270,C03319,P0090,2024-05-29,3,602.23,0,50,quick,False,1,552.23
ORD003271,C02189,P0057,2024-12-21,3,1337.74,0,200,standard,False,11,1137.74
ORD003272,C02449,P0433,2024-11-20,5,1951.64,49,200,standard,True,13,1800.64
ORD003273,C03967,P0494,2024-09-08,7,1014.75,0,0,standard,True,15,1014.75
ORD003274,C00822,P0009,2024-10-21,7,1097.54,49,100,quick,True,6,1046.54
ORD003275,C00221,P0255,2024-05-04,7,369.35,49,50,express,False,1,368.35
ORD003276,C03937,P0316,2024-06-15,3,539.51,0,100,standard,True,6,439.51
ORD003277,C01387,P0248,2024-07-11,9,1614.26,0,0,standard,True,0,1614.26
ORD003278,C03888,P0482,2024-05-23,6,1178.03,149,200,standard,False,21,1127.03
ORD003279,C02160,P0366,2024-07-20,8,906.01,0,100,quick,False,13,806.01
ORD003280,C03270,P0376,2024-07-05,1,146.23,0,0,standard,False,8,146.23
ORD003281,C01925,P0316,2024-02-28,4,127.22,49,100,express,True,8,76.22
ORD003282,C04693,P0406,2024-10-15,7,196.81,0,200,express,False,20,-3.1899999999999977
ORD003283,C02951,P0005,2024-04-12,9,708.57,0,50,express,False,5,658.57
ORD003284,C04580,P0330,2024-10-30,3,637.09,0,0,standard,False,2,637.09
ORD003285,C03993,P0187,2024-10-06,6,2100.51,0,200,standard,True,4,1900.5100000000002
ORD003286,C02598,P0234,2024-04-02,8,929.66,0,100,standard,True,2,829.66
ORD003287,C01666,P0370,2024-12-15,3,342.67,49,50,standard,False,8,341.67
ORD003288,C03081,P0410,2024-10-08,6,222.3,49,0,express,True,12,271.3
ORD003289,C03885,P0182,2024-01-14,9,1424.81,49,0,express,False,2,1473.81
ORD003290,C04757,P0286,2024-08-24,9,529.84,99,50,standard,False,9,578.84
ORD003291,C02114,P0122,2024-12-28,6,840.85,0,200,express,False,22,640.85
ORD003292,C02752,P0157,2024-04-17,5,681.92,0,100,quick,False,14,581.92
ORD003293,C03168,P0322,2024-08-12,1,178.58,49,0,standard,False,13,227.58
ORD003294,C01554,P0012,2024-05-29,3,140.13,0,50,quick,False,16,90.13
ORD003295,C01080,P0314,2024-12-20,3,430.27,99,0,standard,False,6,529.27
ORD003296,C03934,P0053,2024-02-05,4,413.1,0,0,standard,False,21,413.1
ORD003297,C00087,P0359,2024-07-28,5,883.17,49,50,standard,False,8,882.17
ORD003298,C02700,P0276,2024-12-10,8,799.15,99,100,standard,True,5,798.15
ORD003299,C02703,P0042,2024-09-12,9,2529.31,0,0,quick,False,1,2529.31
ORD003300,C02959,P0266,2024-03-12,7,1465.84,149,50,quick,True,2,1564.84
ORD003301,C02418,P0108,2024-11-20,6,579.43,149,0,standard,False,13,728.43
ORD003302,C02422,P0322,2024-06-04,3,584.24,0,0,quick,True,10,584.24
ORD003303,C04147,P0165,2024-05-03,9,883.88,99,0,express,True,9,982.88
ORD003304,C01747,P0350,2024-05-09,1,183.8,0,100,quick,False,5,83.80000000000001
ORD003305,C00040,P0407,2024-12-03,9,6483.12,0,50,standard,False,6,6433.12
ORD003306,C02138,P0105,2024-03-19,3,611.04,99,50,standard,False,11,660.04
ORD003307,C00038,P0050,2024-08-04,9,1783.82,99,200,express,True,13,1682.82
ORD003308,C03084,P0203,2024-07-12,1,2494.47,0,100,standard,False,15,2394.47
ORD003309,C03679,P0444,2024-02-07,8,708.99,99,50,quick,False,15,757.99
ORD003310,C02151,P0301,2024-08-17,6,175.36,99,0,quick,False,17,274.36
ORD003311,C03937,P0042,2024-11-02,9,695.25,0,100,standard,True,22,595.25
ORD003312,C02090,P0282,2024-09-02,4,736.29,0,200,standard,True,5,536.29
ORD003313,C00208,P0084,2024-10-25,5,1188.77,149,200,quick,False,22,1137.77
ORD003314,C00599,P0216,2024-07-24,6,133.6,0,0,standard,True,13,133.6
ORD003315,C00604,P0157,2024-09-30,9,538.57,0,50,standard,False,11,488.57000000000005
ORD003316,C02523,P0349,2024-09-16,6,1891.68,49,0,standard,True,22,1940.68
ORD003317,C03709,P0126,2024-12-20,9,3420.03,99,200,standard,False,18,3319.03
ORD003318,C02156,P0190,2024-08-02,2,247.7,0,100,standard,False,12,147.7
ORD003319,C00213,P0265,2024-10-05,4,1530.39,0,50,quick,True,0,1480.39
ORD003320,C01576,P0386,2024-01-19,3,209.68,0,0,express,True,17,209.68
ORD003321,C02818,P0460,2024-07-03,4,1386.96,49,50,standard,False,19,1385.96
ORD003322,C02124,P0059,2024-12-25,1,326.31,49,100,quick,True,6,275.31
ORD003323,C00268,P0282,2024-10-01,2,2345.69,0,200,quick,False,2,2145.69
ORD003324,C02408,P0465,2024-10-31,4,931.35,49,0,quick,True,23,980.35
ORD003325,C02577,P0378,2024-11-22,4,455.54,149,200,quick,False,21,404.53999999999996
ORD003326,C04778,P0428,2024-02-13,5,329.9,0,0,standard,False,18,329.9
ORD003327,C04257,P0061,2024-02-25,9,286.73,0,50,standard,True,19,236.73000000000002
ORD003328,C04560,P0407,2024-05-07,1,898.34,0,0,express,True,4,898.34
ORD003329,C00822,P0301,2024-12-02,8,1681.95,49,0,quick,False,10,1730.95
ORD003330,C03635,P0125,2024-12-06,3,1083.38,99,0,standard,False,21,1182.38
ORD003331,C02595,P0461,2024-06-30,9,1359.38,149,200,quick,True,23,1308.38
ORD003332,C03953,P0486,2024-03-26,8,1163.31,0,0,quick,False,23,1163.31
ORD003333,C03831,P0171,2024-11-27,8,2808.2,49,0,standard,False,23,2857.2
ORD003334,C02099,P0062,2024-11-09,9,1091.61,149,0,standard,False,23,1240.61
ORD003335,C04583,P0259,2024-01-23,4,264.21,0,0,standard,False,10,264.21
ORD003336,C03602,P0015,2024-10-15,5,1196.8,0,100,standard,True,0,1096.8
ORD003337,C03467,P0178,2024-11-26,7,371.1,149,50,standard,False,4,470.1
ORD003338,C00650,P0329,2024-12-12,2,3929.85,49,0,standard,False,14,3978.85
ORD003339,C01634,P0367,2024-11-27,7,429.88,0,50,standard,False,4,379.88
ORD003340,C04814,P0100,2024-07-23,3,341.5,99,50,standard,False,15,390.5
ORD003341,C01167,P0474,2024-06-18,6,290.38,0,50,standard,False,10,240.38
ORD003342,C04076,P0175,2024-08-08,6,851.12,49,50,quick,False,3,850.12
ORD003343,C00198,P0192,2024-02-24,6,179.96,0,100,standard,False,21,79.96000000000001
ORD003344,C01355,P0452,2024-01-06,2,2247.71,0,200,standard,False,13,2047.71
ORD003345,C03505,P0460,2024-02-20,9,343.01,99,100,standard,True,8,342.01
ORD003346,C00802,P0300,2024-05-12,8,344.09,149,0,quick,False,16,493.09
ORD003347,C00700,P0386,2024-04-23,7,132.01,99,0,standard,False,23,231.01
ORD003348,C00502,P0272,2024-09-18,9,296.67,0,200,standard,False,0,96.67000000000002
ORD003349,C04564,P0466,2024-09-22,4,479.08,0,0,standard,False,14,479.08
ORD003350,C02413,P0420,2024-10-12,2,421.99,49,0,quick,False,4,470.99
ORD003351,C04719,P0260,2024-10-24,4,322.2,0,100,quick,False,20,222.2
ORD003352,C02967,P0174,2024-12-18,3,128.12,49,50,standard,False,14,127.12
ORD003353,C02870,P0233,2024-10-21,2,349.25,0,0,express,False,20,349.25
ORD003354,C04758,P0299,2024-04-23,2,1153.6,49,50,quick,False,18,1152.6
ORD003355,C04846,P0215,2024-08-16,8,503.36,0,50,standard,False,3,453.36
ORD003356,C03467,P0490,2024-07-10,5,339.51,49,50,standard,True,1,338.51
ORD003357,C01418,P0416,2024-07-19,6,353.48,0,200,standard,True,6,153.48000000000002
ORD003358,C01098,P0246,2024-08-25,8,664.89,0,0,quick,False,23,664.89
ORD003359,C03169,P0020,2024-12-13,7,350.97,99,50,standard,True,6,399.97
ORD003360,C00382,P0450,2024-10-28,7,796.49,0,0,standard,False,13,796.49
ORD003361,C03940,P0323,2024-12-19,7,3285.44,0,200,express,False,22,3085.44
ORD003362,C01393,P0242,2024-09-13,7,128.43,0,0,quick,False,17,128.43
ORD003363,C03327,P0287,2024-03-18,8,228.37,0,0,express,True,5,228.37
ORD003364,C01652,P0279,2024-06-25,1,237.15,99,200,standard,True,19,136.14999999999998
ORD003365,C04271,P0243,2024-01-13,3,513.77,149,200,standard,True,12,462.77
ORD003366,C04323,P0162,2024-09-04,1,128.61,0,0,standard,True,6,128.61
ORD003367,C02394,P0145,2024-02-23,8,553.42,0,50,standard,False,11,503.41999999999996
ORD003368,C02038,P0066,2024-05-31,2,1949.81,0,0,express,False,6,1949.81
ORD003369,C01985,P0102,2024-07-31,7,107.14,0,100,quick,True,6,7.140000000000001
ORD003370,C01262,P0309,2024-02-13,6,416.82,0,50,standard,False,21,366.82
ORD003371,C01711,P0409,2024-02-29,1,1100.59,0,100,standard,False,18,1000.5899999999999
ORD003372,C00349,P0443,2024-03-13,6,216.47,99,0,quick,True,0,315.47
ORD003373,C04026,P0124,2024-06-27,9,155.51,99,100,standard,False,11,154.51
ORD003374,C00440,P0116,2024-06-08,3,796.45,0,100,standard,True,11,696.45
ORD003375,C02808,P0471,2024-06-24,7,106.0,149,0,quick,False,0,255.0
ORD003376,C02562,P0250,2024-08-21,4,1231.83,0,0,express,True,9,1231.83
ORD003377,C03152,P0320,2024-04-15,1,147.43,0,0,standard,False,9,147.43
ORD003378,C01384,P0434,2024-09-23,7,619.16,149,100,quick,False,16,668.16
ORD003379,C00287,P0369,2024-09-04,1,1042.3,0,100,quick,False,3,942.3
ORD003380,C02055,P0225,2024-06-27,4,292.96,149,200,quick,True,22,241.95999999999998
ORD003381,C00997,P0187,2024-08-31,9,175.51,49,200,quick,False,15,24.50999999999999
ORD003382,C02333,P0186,2024-02-19,5,234.19,0,0,quick,False,20,234.19
ORD003383,C01422,P0075,2024-08-12,7,1449.19,49,200,quick,False,14,1298.19
ORD003384,C00073,P0272,2024-12-22,7,955.4,0,50,quick,False,13,905.4
ORD003385,C01462,P0468,2024-08-19,3,253.54,0,200,standard,False,13,53.53999999999999
ORD003386,C03194,P0148,2024-06-12,8,980.44,149,200,standard,True,11,929.44
ORD003387,C02205,P0194,2024-02-04,1,962.18,149,50,quick,True,11,1061.1799999999998
ORD003388,C00429,P0363,2024-06-02,4,4359.07,149,50,quick,True,17,4458.07
ORD003389,C01471,P0283,2024-01-23,4,446.8,149,0,standard,True,13,595.8
ORD003390,C03481,P0472,2024-12-29,2,1499.98,0,100,quick,False,16,1399.98
ORD003391,C03180,P0043,2024-02-28,6,512.97,99,100,standard,True,10,511.97
ORD003392,C04941,P0453,2024-01-12,1,1695.3,0,0,standard,False,3,1695.3
ORD003393,C01730,P0445,2024-06-24,3,166.25,0,0,quick,True,5,166.25
ORD003394,C00035,P0169,2024-11-27,9,233.93,99,0,standard,False,14,332.93
ORD003395,C01020,P0093,2024-02-25,6,1426.77,149,0,standard,True,13,1575.77
ORD003396,C01997,P0223,2024-12-12,2,1296.64,99,0,quick,False,11,1395.64
ORD003397,C02760,P0277,2024-03-25,9,354.13,49,200,quick,True,5,203.13
ORD003398,C03117,P0037,2024-05-04,2,734.82,0,0,express,True,17,734.82
ORD003399,C02535,P0269,2024-09-21,7,436.68,99,0,express,False,19,535.6800000000001
ORD003400,C04714,P0481,2024-03-30,1,106.26,0,100,standard,False,5,6.260000000000005
ORD003401,C04265,P0234,2024-10-09,5,117.52,0,0,standard,True,17,117.52
ORD003402,C00145,P0110,2024-03-22,7,138.05,0,100,standard,False,13,38.05000000000001
ORD003403,C04963,P0377,2024-06-18,3,730.11,99,50,quick,False,12,779.11
ORD003404,C04515,P0409,2024-10-13,4,328.2,49,0,standard,False,9,377.2
ORD003405,C04668,P0167,2024-08-06,5,207.8,0,50,standard,False,21,157.8
ORD003406,C01026,P0053,2024-08-24,3,2081.71,0,0,standard,False,22,2081.71
ORD003407,C03665,P0396,2024-04-28,6,189.53,99,200,standard,True,21,88.52999999999997
ORD003408,C01286,P0126,2024-07-26,3,883.56,99,200,quick,True,13,782.56
ORD003409,C02846,P0477,2024-11-18,8,1671.08,49,0,express,False,20,1720.08
ORD003410,C00320,P0274,2024-04-04,7,224.25,99,0,standard,False,9,323.25
ORD003411,C04095,P0041,2024-04-05,1,268.21,0,0,quick,True,22,268.21
ORD003412,C02293,P0040,2024-11-23,2,696.01,0,0,standard,True,19,696.01
ORD003413,C01612,P0049,2024-12-02,4,596.13,149,0,standard,False,3,745.13
ORD003414,C00476,P0486,2024-08-09,5,614.28,0,0,quick,False,2,614.28
ORD003415,C03164,P0386,2024-07-21,4,665.27,0,0,standard,False,3,665.27
ORD003416,C01826,P0158,2024-01-15,4,2194.65,0,0,standard,False,2,2194.65
ORD003417,C00782,P0331,2024-11-10,9,137.74,99,200,express,True,20,36.74000000000001
ORD003418,C04628,P0398,2024-04-11,4,1099.29,99,0,standard,True,0,1198.29
ORD003419,C01947,P0181,2024-08-18,4,284.24,0,50,quick,False,19,234.24
ORD003420,C03331,P0180,2024-10-30,4,426.52,149,100,quick,False,13,475.52
ORD003421,C04674,P0428,2024-08-07,2,164.47,0,0,quick,True,3,164.47
ORD003422,C01593,P0165,2024-07-18,8,511.94,0,0,quick,False,15,511.94
ORD003423,C01747,P0231,2024-01-03,4,1240.53,0,200,standard,False,23,1040.53
ORD003424,C02033,P0205,2024-12-26,5,171.77,149,200,express,True,19,120.76999999999998
ORD003425,C00256,P0354,2024-04-19,8,324.69,0,100,quick,True,17,224.69
ORD003426,C02991,P0463,2024-04-15,4,425.84,0,200,express,False,3,225.83999999999997
ORD003427,C01417,P0049,2024-05-22,5,175.79,0,0,express,True,20,175.79
ORD003428,C04977,P0407,2024-12-26,5,1104.77,0,0,standard,False,14,1104.77
ORD003429,C04114,P0400,2024-02-02,6,1181.35,49,0,quick,True,16,1230.35
ORD003430,C00109,P0145,2024-10-22,7,1364.07,49,200,quick,False,18,1213.07
ORD003431,C02552,P0297,2024-02-22,3,712.77,0,100,quick,False,1,612.77
ORD003432,C01057,P0144,2024-10-01,3,594.41,0,0,express,False,21,594.41
ORD003433,C04350,P0015,2024-04-05,9,312.19,0,0,express,False,9,312.19
ORD003434,C04733,P0084,2024-07-06,1,844.27,0,0,standard,False,13,844.27
ORD003435,C02042,P0215,2024-06-15,8,510.6,49,100,quick,False,6,459.6
ORD003436,C02181,P0481,2024-04-10,3,2571.95,149,200,standard,False,7,2520.95
ORD003437,C04492,P0051,2024-08-22,5,2512.35,49,50,quick,False,14,2511.35
ORD003438,C03558,P0035,2024-02-28,3,1748.23,0,0,standard,True,17,1748.23
ORD003439,C01621,P0106,2024-05-14,1,411.5,0,0,express,False,12,411.5
ORD003440,C03658,P0218,2024-12-09,5,420.18,99,100,express,False,3,419.18000000000006
ORD003441,C02694,P0422,2024-09-07,8,1439.57,0,0,standard,False,6,1439.57
ORD003442,C03884,P0336,2024-09-27,5,1013.29,99,50,quick,True,15,1062.29
ORD003443,C04780,P0408,2024-11-23,4,952.03,0,200,standard,False,3,752.03
ORD003444,C03284,P0370,2024-06-09,9,328.57,99,0,standard,True,11,427.57
ORD003445,C02166,P0485,2024-11-01,1,1353.3,99,100,standard,False,14,1352.3
ORD003446,C03886,P0297,2024-07-17,5,705.29,0,0,standard,False,13,705.29
ORD003447,C04397,P0253,2024-11-08,1,513.51,149,200,standard,True,20,462.51
ORD003448,C04322,P0404,2024-07-19,6,1502.93,0,100,standard,True,22,1402.93
ORD003449,C04451,P0067,2024-10-27,9,449.86,49,50,quick,False,23,448.86
ORD003450,C04796,P0472,2024-02-28,2,841.77,0,0,quick,True,12,841.77
ORD003451,C03392,P0186,2024-06-27,4,538.03,0,200,standard,False,0,338.03
ORD003452,C02270,P0123,2024-06-29,8,727.81,49,0,standard,True,11,776.81
ORD003453,C03711,P0029,2024-08-22,3,127.97,149,50,standard,True,7,226.97000000000003
ORD003454,C01586,P0184,2024-11-12,7,531.78,99,100,standard,True,16,530.78
ORD003455,C01214,P0288,2024-03-29,7,668.13,149,100,quick,True,9,717.13
ORD003456,C01645,P0358,2024-12-10,2,574.08,149,100,standard,False,8,623.08
ORD003457,C01350,P0473,2024-12-27,4,1415.0,0,0,express,True,21,1415.0
ORD003458,C03198,P0472,2024-06-01,1,359.89,0,200,quick,False,8,159.89
ORD003459,C00364,P0052,2024-11-10,8,1607.38,99,50,standard,True,9,1656.38
ORD003460,C03939,P0399,2024-10-29,9,460.63,0,100,standard,False,13,360.63
ORD003461,C04614,P0176,2024-02-13,1,929.13,0,0,quick,True,21,929.13
ORD003462,C03199,P0471,2024-12-10,7,162.5,49,200,express,False,7,11.5
ORD003463,C01626,P0132,2024-03-09,1,255.34,149,50,quick,True,0,354.34000000000003
ORD003464,C03201,P0361,2024-06-09,1,1101.39,99,50,standard,True,13,1150.39
ORD003465,C01645,P0486,2024-03-01,9,107.68,0,100,quick,True,1,7.680000000000007
ORD003466,C00981,P0076,2024-05-02,6,2520.05,99,0,express,True,0,2619.05
ORD003467,C02395,P0349,2024-06-05,1,247.05,49,100,standard,False,0,196.05
ORD003468,C02036,P0059,2024-02-29,7,1720.0,0,200,quick,True,4,1520.0
ORD003469,C03552,P0454,2024-04-03,3,606.89,99,0,quick,True,11,705.89
ORD003470,C00921,P0366,2024-07-10,4,681.0,49,200,standard,True,16,530.0
ORD003471,C03746,P0464,2024-12-21,4,160.52,99,0,quick,False,23,259.52
ORD003472,C03658,P0310,2024-03-13,8,417.13,0,0,standard,False,19,417.13
ORD003473,C03782,P0090,2024-09-18,1,217.9,99,50,quick,False,10,266.9
ORD003474,C03995,P0418,2024-07-17,8,621.48,149,100,quick,False,10,670.48
ORD003475,C04456,P0452,2024-08-02,9,659.1,49,200,standard,False,5,508.1
ORD003476,C04277,P0297,2024-11-01,7,964.71,0,100,express,False,18,864.71
ORD003477,C01474,P0324,2024-03-11,1,1573.21,49,200,standard,False,13,1422.21
ORD003478,C04658,P0279,2024-10-21,7,541.01,99,100,standard,True,7,540.01
ORD003479,C04409,P0198,2024-07-15,6,285.02,0,0,standard,True,17,285.02
ORD003480,C02068,P0454,2024-08-04,5,383.08,0,100,quick,True,12,283.08
ORD003481,C03767,P0117,2024-04-05,5,1413.53,149,0,quick,True,6,1562.53
ORD003482,C02852,P0182,2024-09-06,1,209.36,49,0,express,False,19,258.36
ORD003483,C00402,P0397,2024-11-21,6,789.8,0,100,standard,True,20,689.8
ORD003484,C01147,P0054,2024-10-02,4,108.22,0,50,standard,True,12,58.22
ORD003485,C00612,P0270,2024-12-21,1,296.35,149,0,standard,True,1,445.35
ORD003486,C01876,P0004,2024-11-26,8,725.53,0,200,standard,False,18,525.53
ORD003487,C01613,P0100,2024-03-29,8,525.69,0,100,quick,False,13,425.69000000000005
ORD003488,C03017,P0387,2024-10-11,4,575.23,49,100,standard,False,4,524.23
ORD003489,C04788,P0285,2024-03-26,7,855.32,0,0,standard,False,20,855.32
ORD003490,C01734,P0467,2024-09-07,3,286.14,49,50,standard,False,12,285.14
ORD003491,C03548,P0052,2024-05-27,8,329.74,0,200,quick,True,23,129.74
ORD003492,C02919,P0217,2024-03-12,7,906.42,49,0,express,True,5,955.42
ORD003493,C04935,P0328,2024-04-05,5,639.97,0,0,quick,True,12,639.97
ORD003494,C02150,P0285,2024-06-10,5,109.29,99,0,quick,True,10,208.29000000000002
ORD003495,C02380,P0491,2024-08-18,9,875.76,49,0,standard,True,16,924.76
ORD003496,C01810,P0239,2024-11-13,6,776.48,0,200,quick,False,5,576.48
ORD003497,C03201,P0213,2024-01-28,6,156.31,0,0,standard,False,13,156.31
ORD003498,C00752,P0103,2024-07-02,2,1062.49,0,50,standard,False,7,1012.49
ORD003499,C02472,P0360,2024-01-05,5,615.85,0,50,quick,False,3,565.85
ORD003500,C01341,P0363,2024-09-05,4,259.37,149,0,standard,True,22,408.37
ORD003501,C00504,P0221,2024-03-10,3,672.66,0,200,quick,True,4,472.65999999999997
ORD003502,C03482,P0339,2024-04-09,9,732.5,0,50,express,True,16,682.5
ORD003503,C01969,P0347,2024-07-15,7,1868.05,0,200,express,False,3,1668.05
ORD003504,C04049,P0188,2024-10-14,4,1047.75,0,200,standard,True,20,847.75
ORD003505,C04147,P0326,2024-09-15,9,350.6,99,0,standard,False,18,449.6
ORD003506,C03637,P0323,2024-11-30,9,187.0,149,0,quick,False,12,336.0
ORD003507,C02422,P0475,2024-09-10,7,1442.0,0,200,quick,False,20,1242.0
ORD003508,C04484,P0310,2024-07-28,5,1408.87,99,200,standard,False,8,1307.87
ORD003509,C00673,P0098,2024-12-16,9,233.92,149,200,express,True,17,182.91999999999996
ORD003510,C00592,P0096,2024-09-08,7,143.9,99,0,quick,False,5,242.9
ORD003511,C02779,P0326,2024-07-31,9,970.03,0,0,standard,True,10,970.03
ORD003512,C03668,P0072,2024-12-29,3,996.56,49,200,standard,False,6,845.56
ORD003513,C02552,P0481,2024-08-15,9,235.48,0,100,quick,False,2,135.48
ORD003514,C04178,P0255,2024-09-07,1,871.28,149,0,standard,False,2,1020.28
ORD003515,C03138,P0230,2024-03-26,5,327.91,149,0,standard,False,0,476.91
ORD003516,C04509,P0169,2024-02-12,2,310.36,0,50,quick,True,13,260.36
ORD003517,C02500,P0481,2024-10-16,1,373.63,149,200,standard,False,0,322.63
ORD003518,C02793,P0332,2024-01-16,3,613.36,0,100,quick,False,20,513.36
ORD003519,C04293,P0156,2024-04-22,7,1241.37,49,50,quick,False,18,1240.37
ORD003520,C01712,P0418,2024-05-29,3,582.31,0,50,quick,False,4,532.31
ORD003521,C02345,P0428,2024-01-17,9,346.72,49,200,express,True,0,195.72000000000003
ORD003522,C00299,P0457,2024-05-20,3,1606.76,0,200,express,True,19,1406.76
ORD003523,C04224,P0221,2024-04-25,6,138.67,49,50,standard,False,22,137.67
ORD003524,C01906,P0363,2024-10-02,2,1215.5,0,100,express,False,17,1115.5
ORD003525,C02485,P0345,2024-05-27,8,1172.97,0,0,quick,False,2,1172.97
ORD003526,C00206,P0098,2024-03-27,5,303.7,49,200,standard,True,18,152.7
ORD003527,C00293,P0219,2024-08-22,2,253.71,99,200,express,False,12,152.71000000000004
ORD003528,C01873,P0412,2024-10-16,7,1552.93,49,0,standard,True,0,1601.93
ORD003529,C03758,P0243,2024-09-10,3,671.89,0,200,quick,False,23,471.89
ORD003530,C02088,P0453,2024-10-08,5,131.97,99,0,quick,False,23,230.97
ORD003531,C01772,P0258,2024-09-18,9,1649.41,149,50,standard,False,4,1748.41
ORD003532,C02863,P0476,2024-02-27,1,399.48,49,100,standard,False,14,348.48
ORD003533,C04721,P0440,2024-10-20,2,392.15,49,0,quick,True,20,441.15
ORD003534,C04373,P0193,2024-02-28,5,820.58,0,0,standard,False,20,820.58
ORD003535,C03426,P0374,2024-05-17,4,856.87,99,0,express,False,11,955.87
ORD003536,C00528,P0149,2024-10-05,1,404.13,99,50,quick,False,5,453.13
ORD003537,C02133,P0493,2024-07-06,7,207.25,49,0,quick,False,7,256.25
ORD003538,C01924,P0366,2024-10-04,9,661.5,149,0,standard,False,20,810.5
ORD003539,C04788,P0497,2024-01-22,1,785.91,0,50,quick,True,7,735.91
ORD003540,C01360,P0154,2024-08-13,8,1476.39,0,200,quick,False,9,1276.39
ORD003541,C00862,P0498,2024-10-06,9,562.75,0,100,standard,False,6,462.75
ORD003542,C03216,P0021,2024-04-21,2,825.32,0,50,quick,False,17,775.32
ORD003543,C02362,P0457,2024-08-05,1,138.16,99,0,quick,False,7,237.16
ORD003544,C04320,P0115,2024-02-22,6,1673.48,99,0,quick,False,23,1772.48
ORD003545,C03494,P0112,2024-11-30,7,376.43,0,100,standard,False,12,276.43
ORD003546,C01967,P0432,2024-05-06,2,799.19,49,0,quick,False,8,848.19
ORD003547,C00067,P0210,2024-06-01,5,1833.29,49,50,quick,True,21,1832.29
ORD003548,C01642,P0023,2024-01-17,5,1263.45,0,200,express,True,1,1063.45
ORD003549,C01020,P0282,2024-08-18,7,809.71,49,0,express,False,8,858.71
ORD003550,C03143,P0291,2024-05-14,1,950.25,0,50,standard,True,2,900.25
ORD003551,C01470,P0362,2024-06-27,8,1874.97,0,0,express,False,4,1874.97
ORD003552,C01382,P0400,2024-02-14,5,1269.27,0,0,quick,True,20,1269.27
ORD003553,C02930,P0055,2024-08-12,3,757.87,0,0,standard,False,0,757.87
ORD003554,C01336,P0265,2024-03-01,9,851.5,149,200,quick,False,20,800.5
ORD003555,C03166,P0053,2024-05-01,3,210.52,0,0,standard,False,18,210.52
ORD003556,C01242,P0336,2024-04-17,7,543.64,0,0,express,False,3,543.64
ORD003557,C01705,P0107,2024-10-28,7,349.67,0,0,standard,False,3,349.67
ORD003558,C03199,P0201,2024-12-18,8,494.91,0,0,quick,False,14,494.91
ORD003559,C02594,P0201,2024-06-28,8,858.81,149,100,standard,False,19,907.81
ORD003560,C03937,P0421,2024-12-29,4,212.06,0,200,express,True,3,12.060000000000002
ORD003561,C01679,P0336,2024-11-08,1,111.27,0,0,quick,True,3,111.27
ORD003562,C01315,P0382,2024-11-19,4,453.0,0,100,quick,True,4,353.0
ORD003563,C04826,P0473,2024-08-07,6,371.22,149,0,standard,True,9,520.22
ORD003564,C00567,P0217,2024-03-25,6,480.83,149,100,standard,True,8,529.8299999999999
ORD003565,C02704,P0242,2024-11-11,6,1972.8,49,0,quick,False,5,2021.8
ORD003566,C02451,P0353,2024-03-12,7,958.51,0,100,standard,False,2,858.51
ORD003567,C01748,P0387,2024-04-15,1,376.68,0,50,quick,True,2,326.68
ORD003568,C04691,P0177,2024-04-15,1,237.3,0,200,standard,False,15,37.30000000000001
ORD003569,C00647,P0474,2024-01-31,7,773.51,0,0,standard,True,11,773.51
ORD003570,C02193,P0060,2024-10-18,4,849.19,49,50,express,True,6,848.19
ORD003571,C02808,P0404,2024-06-28,6,561.64,0,100,standard,False,12,461.64
ORD003572,C00124,P0035,2024-09-29,6,266.46,0,0,express,False,3,266.46
ORD003573,C01537,P0357,2024-05-23,9,119.28,149,100,quick,True,15,168.27999999999997
ORD003574,C04575,P0045,2024-11-01,2,315.15,99,200,standard,True,0,214.14999999999998
ORD003575,C04807,P0094,2024-10-02,4,526.67,99,200,standard,True,13,425.66999999999996
ORD003576,C01970,P0326,2024-03-27,4,1184.6,0,0,standard,True,2,1184.6
ORD003577,C02762,P0043,2024-06-14,7,1444.72,0,50,standard,False,15,1394.72
ORD003578,C01817,P0319,2024-12-26,1,471.83,0,200,quick,False,20,271.83
ORD003579,C00814,P0225,2024-05-29,5,1212.17,99,50,standard,True,2,1261.17
ORD003580,C03101,P0145,2024-05-28,4,3608.49,0,100,standard,False,6,3508.49
ORD003581,C04151,P0471,2024-10-20,2,981.65,149,50,quick,False,21,1080.65
ORD003582,C01654,P0268,2024-05-16,5,1011.91,149,0,quick,False,13,1160.9099999999999
ORD003583,C00131,P0012,2024-09-20,9,1780.97,49,0,standard,True,12,1829.97
ORD003584,C00230,P0024,2024-12-13,8,387.9,99,50,express,False,10,436.9
ORD003585,C00394,P0260,2024-02-18,9,106.89,49,50,standard,False,20,105.88999999999999
ORD003586,C03573,P0127,2024-03-10,7,3137.74,0,200,quick,False,14,2937.74
ORD003587,C00981,P0038,2024-07-29,7,570.98,0,0,standard,False,5,570.98
ORD003588,C00932,P0156,2024-01-31,2,1177.19,99,200,quick,True,5,1076.19
ORD003589,C01409,P0363,2024-05-21,3,1270.75,149,50,quick,False,9,1369.75
ORD003590,C02955,P0184,2024-12-01,8,453.69,0,100,standard,False,0,353.69
ORD003591,C04628,P0173,2024-03-05,2,644.51,99,200,quick,False,5,543.51
ORD003592,C04650,P0416,2024-12-25,7,642.44,49,200,standard,True,21,491.44000000000005
ORD003593,C02741,P0471,2024-03-08,6,273.12,0,0,quick,False,18,273.12
ORD003594,C02938,P0393,2024-05-07,4,186.61,49,200,quick,True,20,35.610000000000014
ORD003595,C03420,P0185,2024-03-15,4,648.03,49,200,quick,False,19,497.03
ORD003596,C02504,P0280,2024-12-30,3,188.6,49,0,standard,True,1,237.6
ORD003597,C03033,P0488,2024-06-13,6,396.35,0,50,standard,True,3,346.35
ORD003598,C03979,P0073,2024-05-06,3,243.13,0,0,express,False,10,243.13
ORD003599,C03823,P0294,2024-12-12,9,958.11,0,200,standard,True,11,758.11
ORD003600,C04480,P0015,2024-07-20,4,1538.06,0,50,quick,False,15,1488.06
ORD003601,C00711,P0187,2024-09-07,4,702.78,49,0,express,False,19,751.78
ORD003602,C02976,P0411,2024-03-13,2,468.53,0,200,quick,False,19,268.53
ORD003603,C01471,P0459,2024-10-22,2,4086.62,149,100,standard,False,17,4135.62
ORD003604,C03699,P0171,2024-11-19,7,114.01,99,0,quick,False,0,213.01
ORD003605,C03186,P0185,2024-05-17,5,353.03,0,0,express,False,5,353.03
ORD003606,C04749,P0031,2024-11-17,3,327.66,49,100,standard,True,16,276.66
ORD003607,C01142,P0062,2024-07-31,6,407.26,99,0,quick,True,23,506.26
ORD003608,C03981,P0498,2024-07-11,6,282.5,149,0,quick,False,8,431.5
ORD003609,C02568,P0348,2024-08-19,1,313.82,99,0,standard,False,3,412.82
ORD003610,C01608,P0300,2024-02-08,3,307.58,149,100,quick,False,6,356.58
ORD003611,C04633,P0308,2024-11-20,5,592.29,49,200,quick,True,19,441.28999999999996
ORD003612,C03822,P0188,2024-02-17,7,446.22,0,50,quick,False,0,396.22
ORD003613,C01897,P0305,2024-07-25,4,812.76,99,100,standard,True,17,811.76
ORD003614,C02192,P0410,2024-09-20,8,604.66,149,0,standard,False,0,753.66
ORD003615,C04072,P0025,2024-05-22,3,240.84,99,100,standard,True,16,239.84000000000003
ORD003616,C01091,P0386,2024-12-21,6,1261.68,99,50,standard,True,16,1310.68
ORD003617,C00699,P0345,2024-07-07,6,546.32,99,100,standard,False,4,545.32
ORD003618,C04092,P0038,2024-08-20,9,215.43,0,50,quick,False,6,165.43
ORD003619,C01901,P0192,2024-09-06,4,226.8,0,0,standard,False,11,226.8
ORD003620,C02178,P0162,2024-06-16,7,1215.08,0,0,standard,False,3,1215.08
ORD003621,C00732,P0052,2024-10-24,1,948.8,0,200,standard,True,6,748.8
ORD003622,C00512,P0474,2024-01-02,1,593.4,149,100,quick,True,0,642.4
ORD003623,C02687,P0173,2024-02-17,2,354.78,49,0,express,False,10,403.78
ORD003624,C04096,P0195,2024-08-22,4,531.01,0,100,standard,False,4,431.01
ORD003625,C03756,P0210,2024-11-21,6,807.35,0,0,standard,False,7,807.35
ORD003626,C00431,P0277,2024-12-06,4,1579.01,0,50,quick,True,2,1529.01
ORD003627,C04494,P0187,2024-12-23,6,667.14,0,0,quick,False,23,667.14
ORD003628,C00807,P0389,2024-07-02,2,325.79,149,50,quick,False,22,424.79
ORD003629,C01279,P0307,2024-02-02,9,129.58,149,0,quick,False,4,278.58000000000004
ORD003630,C02221,P0456,2024-09-30,3,234.05,99,100,standard,False,8,233.05
ORD003631,C00854,P0330,2024-07-22,7,834.23,149,200,express,False,8,783.23
ORD003632,C03212,P0213,2024-04-21,1,221.41,0,0,quick,True,15,221.41
ORD003633,C02586,P0494,2024-08-07,8,558.82,0,200,standard,False,6,358.82000000000005
ORD003634,C04840,P0328,2024-04-18,4,939.35,149,0,quick,False,2,1088.35
ORD003635,C02768,P0028,2024-09-10,5,356.95,0,50,standard,False,11,306.95
ORD003636,C04338,P0170,2024-05-17,7,873.17,99,100,quick,True,22,872.17
ORD003637,C03340,P0121,2024-06-14,3,708.04,99,0,standard,False,17,807.04
ORD003638,C03228,P0457,2024-05-25,9,503.55,0,0,standard,False,20,503.55
ORD003639,C01619,P0417,2024-06-21,9,1691.79,0,100,quick,False,9,1591.79
ORD003640,C00275,P0158,2024-10-07,8,923.49,0,0,express,False,14,923.49
ORD003641,C04103,P0085,2024-10-22,1,412.05,49,0,standard,False,23,461.05
ORD003642,C03863,P0301,2024-03-07,2,1240.69,0,100,express,False,15,1140.69
ORD003643,C00714,P0003,2024-10-16,2,1036.86,0,0,standard,False,13,1036.86
ORD003644,C02080,P0001,2024-09-05,3,1197.09,0,100,quick,True,16,1097.09
ORD003645,C00809,P0132,2024-06-24,2,816.02,149,0,express,False,12,965.02
ORD003646,C03726,P0301,2024-12-15,1,432.91,149,200,standard,False,6,381.9100000000001
ORD003647,C03978,P0078,2024-01-25,5,399.02,149,0,standard,False,8,548.02
ORD003648,C00861,P0146,2024-01-24,6,842.23,0,0,standard,False,5,842.23
ORD003649,C00036,P0165,2024-02-20,7,197.21,0,200,quick,False,6,-2.789999999999992
ORD003650,C03811,P0314,2024-11-16,7,1299.03,0,0,express,True,21,1299.03
ORD003651,C02081,P0462,2024-08-23,2,422.8,0,100,quick,False,22,322.8
ORD003652,C00454,P0237,2024-01-09,7,795.68,0,0,quick,True,8,795.68
ORD003653,C04539,P0327,2024-03-04,2,582.89,49,0,standard,True,12,631.89
ORD003654,C03308,P0275,2024-03-21,2,611.8,0,100,standard,False,3,511.79999999999995
ORD003655,C04307,P0203,2024-08-13,6,1036.6,99,0,quick,False,18,1135.6
ORD003656,C03211,P0451,2024-08-21,6,788.7,49,50,quick,True,18,787.7
ORD003657,C02655,P0052,2024-01-01,8,300.67,99,0,quick,False,9,399.67
ORD003658,C00981,P0485,2024-08-07,5,152.99,99,50,quick,True,5,201.99
ORD003659,C04391,P0106,2024-04-13,5,1382.83,0,100,standard,True,6,1282.83
ORD003660,C00151,P0054,2024-12-18,1,1612.33,49,200,standard,True,23,1461.33
ORD003661,C03294,P0245,2024-03-08,4,224.8,0,200,standard,False,15,24.80000000000001
ORD003662,C00599,P0422,2024-11-28,1,358.21,0,100,quick,False,13,258.21
ORD003663,C01322,P0376,2024-06-03,5,331.23,0,100,quick,True,14,231.23000000000002
ORD003664,C01511,P0163,2024-03-22,8,2039.24,0,0,quick,False,13,2039.24
ORD003665,C02258,P0441,2024-05-20,1,259.39,149,0,express,True,19,408.39
ORD003666,C00231,P0014,2024-02-17,3,226.52,0,50,express,True,23,176.52
ORD003667,C02742,P0000,2024-12-01,1,239.49,0,100,standard,False,8,139.49
ORD003668,C04462,P0350,2024-07-03,6,1015.19,49,200,standard,True,10,864.19
ORD003669,C04576,P0136,2024-05-08,1,1631.6,99,0,standard,False,19,1730.6
ORD003670,C00571,P0150,2024-02-12,3,448.88,99,0,quick,False,3,547.88
ORD003671,C01202,P0179,2024-07-09,5,201.39,49,0,express,False,19,250.39
ORD003672,C01507,P0409,2024-12-06,5,715.85,99,200,standard,True,12,614.85
ORD003673,C01612,P0231,2024-11-28,2,263.95,149,0,quick,False,13,412.95
ORD003674,C03566,P0491,2024-03-25,3,145.41,0,200,quick,False,6,-54.59
ORD003675,C04040,P0486,2024-01-27,9,1620.51,0,50,standard,False,18,1570.51
ORD003676,C01570,P0187,2024-07-21,1,1531.7,0,200,quick,True,11,1331.7
ORD003677,C01039,P0017,2024-11-16,1,2707.18,149,0,quick,True,11,2856.18
ORD003678,C01425,P0224,2024-06-05,2,548.72,0,200,standard,True,20,348.72
ORD003679,C04081,P0104,2024-12-24,8,342.7,0,200,quick,False,2,142.7
ORD003680,C00170,P0486,2024-04-29,6,1127.12,0,200,quick,True,14,927.1199999999999
ORD003681,C00188,P0205,2024-08-07,4,238.34,0,0,quick,False,5,238.34
ORD003682,C04881,P0185,2024-12-01,7,294.14,49,50,standard,False,1,293.14
ORD003683,C04678,P0064,2024-02-16,6,305.7,0,200,quick,False,16,105.69999999999999
ORD003684,C00599,P0332,2024-12-26,9,2219.06,99,50,standard,True,8,2268.06
ORD003685,C04941,P0371,2024-02-18,6,1015.07,99,0,quick,False,18,1114.0700000000002
ORD003686,C04017,P0206,2024-01-01,2,199.46,0,100,standard,False,13,99.46000000000001
ORD003687,C03332,P0228,2024-04-19,3,167.21,0,200,standard,True,9,-32.78999999999999
ORD003688,C03576,P0068,2024-09-01,9,1394.23,0,50,standard,False,19,1344.23
ORD003689,C02389,P0141,2024-02-09,7,1233.61,0,200,quick,False,20,1033.61
ORD003690,C00953,P0205,2024-03-08,6,877.18,0,0,quick,False,16,877.18
ORD003691,C01625,P0173,2024-10-30,5,251.8,0,0,express,False,11,251.8
ORD003692,C01870,P0196,2024-04-25,3,557.13,0,0,standard,True,12,557.13
ORD003693,C04261,P0330,2024-09-22,4,745.19,0,50,quick,False,0,695.19
ORD003694,C02024,P0415,2024-12-14,1,1982.19,0,50,standard,False,3,1932.19
ORD003695,C04329,P0306,2024-08-15,5,228.94,149,200,standard,False,5,177.94
ORD003696,C00640,P0196,2024-01-05,7,606.17,0,0,standard,True,10,606.17
ORD003697,C01827,P0227,2024-01-05,2,219.18,49,200,standard,False,13,68.18
ORD003698,C04702,P0270,2024-12-22,8,509.7,0,200,quick,True,5,309.7
ORD003699,C00539,P0436,2024-06-24,6,255.32,49,0,standard,True,11,304.32
ORD003700,C02365,P0198,2024-03-02,3,1365.32,99,100,standard,True,7,1364.32
ORD003701,C04438,P0324,2024-08-04,2,304.81,0,0,express,False,2,304.81
ORD003702,C03501,P0477,2024-12-21,8,476.82,0,0,standard,False,6,476.82
ORD003703,C03947,P0014,2024-03-08,4,465.72,0,0,express,False,21,465.72
ORD003704,C03026,P0285,2024-09-01,7,1507.48,149,200,standard,True,11,1456.48
ORD003705,C04732,P0333,2024-02-06,7,1091.59,0,200,express,True,11,891.5899999999999
ORD003706,C03537,P0407,2024-04-27,9,140.51,99,200,standard,True,4,39.50999999999999
ORD003707,C04174,P0215,2024-07-15,8,147.61,0,200,express,True,10,-52.389999999999986
ORD003708,C02496,P0034,2024-02-15,8,659.82,99,0,standard,True,3,758.82
ORD003709,C04286,P0068,2024-02-22,7,489.69,0,50,quick,False,0,439.69
ORD003710,C04739,P0395,2024-02-22,5,324.67,0,0,standard,False,10,324.67
ORD003711,C02089,P0211,2024-06-09,9,1200.24,149,50,quick,False,22,1299.24
ORD003712,C03321,P0045,2024-07-07,7,195.39,49,200,standard,True,0,44.389999999999986
ORD003713,C03581,P0381,2024-06-02,3,2655.3,0,0,quick,True,22,2655.3
ORD003714,C02549,P0452,2024-03-11,6,116.08,149,50,standard,False,10,215.07999999999998
ORD003715,C01216,P0247,2024-07-14,3,187.08,149,100,express,True,6,236.08000000000004
ORD003716,C04885,P0419,2024-03-09,6,360.08,0,0,quick,False,14,360.08
ORD003717,C03978,P0084,2024-11-24,8,597.13,0,50,standard,True,18,547.13
ORD003718,C00741,P0047,2024-12-12,9,269.46,0,0,standard,False,10,269.46
ORD003719,C04185,P0230,2024-03-14,2,1031.84,0,0,quick,False,7,1031.84
ORD003720,C01714,P0066,2024-02-05,6,408.72,99,100,standard,True,17,407.72
ORD003721,C04044,P0476,2024-09-28,3,126.51,99,50,standard,True,2,175.51
ORD003722,C00647,P0437,2024-10-15,7,1570.02,0,0,standard,False,12,1570.02
ORD003723,C02797,P0088,2024-01-05,4,2115.01,0,0,standard,False,9,2115.01
ORD003724,C00818,P0218,2024-11-08,5,773.67,0,200,quick,True,19,573.67
ORD003725,C00242,P0419,2024-11-28,6,1248.87,99,200,standard,True,6,1147.87
ORD003726,C04314,P0051,2024-03-25,8,189.37,0,50,express,False,16,139.37
ORD003727,C04104,P0021,2024-08-13,2,318.17,0,100,standard,False,6,218.17000000000002
ORD003728,C04525,P0421,2024-06-28,4,374.37,0,0,standard,False,3,374.37
ORD003729,C03877,P0098,2024-04-19,4,2365.52,0,50,quick,True,17,2315.52
ORD003730,C00012,P0445,2024-11-17,6,601.53,99,50,standard,False,8,650.53
ORD003731,C03017,P0448,2024-03-18,4,104.21,0,0,standard,False,22,104.21
ORD003732,C00689,P0130,2024-07-29,5,433.83,99,0,standard,False,19,532.8299999999999
ORD003733,C03138,P0087,2024-11-11,5,104.45,99,200,standard,False,21,3.4499999999999886
ORD003734,C03740,P0135,2024-12-17,8,289.09,49,0,standard,False,2,338.09
ORD003735,C00676,P0495,2024-08-14,4,523.49,0,100,quick,True,18,423.49
ORD003736,C03574,P0373,2024-04-21,6,372.47,0,0,standard,True,20,372.47
ORD003737,C04303,P0038,2024-02-14,7,122.3,0,0,standard,False,13,122.3
ORD003738,C01323,P0017,2024-02-21,8,185.57,0,50,standard,True,21,135.57
ORD003739,C02865,P0104,2024-03-12,9,659.34,149,50,standard,True,13,758.34
ORD003740,C01002,P0386,2024-03-04,8,931.6,99,100,standard,False,10,930.5999999999999
ORD003741,C02502,P0145,2024-10-28,4,461.91,0,100,standard,False,10,361.91
ORD003742,C01765,P0335,2024-07-15,4,1019.39,0,0,standard,True,6,1019.39
ORD003743,C01553,P0223,2024-06-28,5,223.83,0,0,standard,False,6,223.83
ORD003744,C02291,P0116,2024-08-07,3,190.12,149,50,quick,False,1,289.12
ORD003745,C01985,P0000,2024-06-10,2,1379.42,149,0,standard,False,15,1528.42
ORD003746,C04866,P0116,2024-03-12,2,389.03,99,0,standard,False,15,488.03
ORD003747,C00237,P0383,2024-05-06,9,495.25,149,50,standard,True,1,594.25
ORD003748,C03317,P0025,2024-05-21,8,2162.95,0,0,express,True,8,2162.95
ORD003749,C02392,P0435,2024-11-26,6,485.29,0,200,quick,False,13,285.29
ORD003750,C03555,P0495,2024-02-13,9,101.45,0,100,standard,False,3,1.4500000000000028
ORD003751,C01584,P0011,2024-05-07,5,2045.12,99,0,standard,True,3,2144.12
ORD003752,C01307,P0293,2024-10-10,1,108.95,0,200,express,True,14,-91.05
ORD003753,C02085,P0340,2024-11-03,8,858.89,49,200,express,False,5,707.89
ORD003754,C01819,P0168,2024-11-03,3,371.95,0,50,quick,False,19,321.95
ORD003755,C00031,P0052,2024-11-07,9,543.93,149,200,quick,False,10,492.92999999999995
ORD003756,C00291,P0268,2024-05-25,1,653.75,0,100,standard,False,18,553.75
ORD003757,C03686,P0247,2024-12-19,3,466.52,99,0,standard,False,12,565.52
ORD003758,C04387,P0127,2024-01-14,1,1141.2,49,0,quick,False,7,1190.2
ORD003759,C01642,P0075,2024-12-03,1,1967.58,149,100,quick,False,18,2016.58
ORD003760,C00577,P0268,2024-06-03,6,162.26,149,200,quick,True,0,111.25999999999999
ORD003761,C03909,P0145,2024-04-15,4,1226.49,0,0,standard,True,9,1226.49
ORD003762,C01223,P0402,2024-09-22,4,195.42,0,0,express,True,0,195.42
ORD003763,C04076,P0402,2024-11-06,5,157.58,0,200,standard,False,20,-42.41999999999999
ORD003764,C02652,P0498,2024-09-17,3,2282.82,0,100,express,False,18,2182.82
ORD003765,C00446,P0453,2024-04-06,2,569.38,0,200,standard,True,0,369.38
ORD003766,C03419,P0047,2024-07-19,8,214.91,99,0,standard,True,14,313.90999999999997
ORD003767,C04373,P0198,2024-05-31,7,689.71,0,0,quick,False,9,689.71
ORD003768,C03041,P0070,2024-11-26,4,312.84,0,50,express,False,4,262.84
ORD003769,C02579,P0411,2024-01-28,2,535.94,149,0,standard,True,12,684.94
ORD003770,C01422,P0091,2024-05-02,9,784.95,0,200,quick,False,1,584.95
ORD003771,C02609,P0402,2024-09-10,8,1523.23,149,200,quick,True,17,1472.23
ORD003772,C03081,P0463,2024-07-16,4,101.16,0,50,standard,False,16,51.16
ORD003773,C00058,P0208,2024-02-27,5,267.68,49,50,standard,True,1,266.68
ORD003774,C03159,P0341,2024-05-03,6,169.86,0,0,standard,True,10,169.86
ORD003775,C00458,P0338,2024-09-12,4,170.5,0,200,quick,False,20,-29.5
ORD003776,C00103,P0047,2024-11-22,2,2139.26,0,0,quick,True,0,2139.26
ORD003777,C04926,P0028,2024-10-31,5,2024.12,0,100,standard,False,2,1924.12
ORD003778,C00788,P0175,2024-02-06,1,1067.47,0,200,quick,False,15,867.47
ORD003779,C00741,P0018,2024-09-27,7,820.14,99,0,standard,False,3,919.14
ORD003780,C03406,P0494,2024-01-07,9,1417.58,0,200,standard,False,13,1217.58
ORD003781,C01572,P0354,2024-07-03,3,141.13,49,200,standard,True,23,-9.870000000000005
ORD003782,C02701,P0046,2024-06-11,6,188.07,0,0,quick,True,9,188.07
ORD003783,C04650,P0344,2024-03-08,9,366.0,0,0,standard,True,8,366.0
ORD003784,C04723,P0059,2024-07-17,4,1349.71,0,200,standard,True,10,1149.71
ORD003785,C03412,P0175,2024-10-18,6,546.37,99,50,express,False,11,595.37
ORD003786,C02976,P0254,2024-08-03,3,589.23,0,50,standard,False,12,539.23
ORD003787,C02134,P0403,2024-07-06,9,281.29,0,0,quick,False,2,281.29
ORD003788,C00427,P0228,2024-10-06,7,830.66,0,200,quick,False,17,630.66
ORD003789,C01944,P0146,2024-12-15,7,1630.49,49,0,standard,True,10,1679.49
ORD003790,C01271,P0297,2024-03-29,4,378.83,149,0,standard,False,15,527.8299999999999
ORD003791,C04979,P0332,2024-08-29,6,774.81,0,50,express,False,19,724.81
ORD003792,C04581,P0238,2024-02-07,8,381.37,0,100,express,False,1,281.37
ORD003793,C04699,P0331,2024-01-09,6,1200.58,0,200,express,True,12,1000.5799999999999
ORD003794,C00411,P0432,2024-10-27,6,550.0,99,0,standard,True,9,649.0
ORD003795,C01931,P0398,2024-02-04,4,389.3,49,0,quick,True,22,438.3
ORD003796,C02495,P0187,2024-01-08,8,480.37,0,200,quick,False,14,280.37
ORD003797,C00246,P0323,2024-05-14,8,165.96,149,200,quick,True,15,114.96000000000004
ORD003798,C02817,P0334,2024-04-20,9,1506.55,0,0,express,True,20,1506.55
ORD003799,C02171,P0208,2024-01-21,6,2319.21,49,0,standard,False,3,2368.21
ORD003800,C03331,P0410,2024-01-31,2,553.28,99,0,quick,False,11,652.28
ORD003801,C02924,P0074,2024-07-22,4,274.12,99,0,quick,True,19,373.12
ORD003802,C02060,P0182,2024-09-16,4,863.82,49,50,express,False,3,862.82
ORD003803,C03334,P0086,2024-05-26,8,520.52,0,0,express,False,0,520.52
ORD003804,C04895,P0270,2024-11-17,5,302.53,49,0,standard,False,7,351.53
ORD003805,C00944,P0179,2024-12-30,4,126.43,0,50,standard,False,1,76.43
ORD003806,C02247,P0414,2024-09-13,8,1642.21,0,50,standard,False,0,1592.21
ORD003807,C01262,P0244,2024-07-31,3,1214.27,49,200,quick,True,4,1063.27
ORD003808,C00175,P0345,2024-08-04,2,1335.29,99,0,quick,False,3,1434.29
ORD003809,C01052,P0006,2024-12-25,4,504.67,0,50,standard,True,10,454.67
ORD003810,C02724,P0268,2024-07-24,1,1078.58,0,0,express,True,22,1078.58
ORD003811,C02582,P0437,2024-02-12,1,708.3,49,100,quick,True,23,657.3
ORD003812,C01317,P0012,2024-11-23,5,427.75,0,50,quick,True,13,377.75
ORD003813,C04572,P0499,2024-10-01,1,1393.91,49,100,quick,True,7,1342.91
ORD003814,C03367,P0403,2024-10-02,4,4782.47,0,0,express,False,5,4782.47
ORD003815,C01674,P0225,2024-11-11,8,1705.8,149,0,quick,True,2,1854.8
ORD003816,C00333,P0265,2024-03-19,8,1146.88,49,0,quick,True,6,1195.88
ORD003817,C01264,P0241,2024-05-22,2,1062.46,149,200,quick,True,23,1011.46
ORD003818,C03177,P0379,2024-02-12,3,834.37,149,200,standard,False,11,783.37
ORD003819,C02945,P0179,2024-06-07,3,1444.07,149,0,standard,False,17,1593.07
ORD003820,C04780,P0420,2024-02-10,1,574.58,99,50,express,False,0,623.58
ORD003821,C04656,P0179,2024-09-18,3,239.39,0,0,standard,False,22,239.39
ORD003822,C04218,P0125,2024-04-14,8,1121.86,0,0,express,True,1,1121.86
ORD003823,C02665,P0498,2024-03-20,6,1862.7,0,0,quick,False,8,1862.7
ORD003824,C04935,P0282,2024-10-01,5,391.3,99,50,standard,True,1,440.3
ORD003825,C00415,P0417,2024-06-16,9,1168.45,0,0,quick,False,3,1168.45
ORD003826,C00707,P0355,2024-07-19,7,322.88,0,0,quick,True,1,322.88
ORD003827,C02684,P0189,2024-10-27,6,2099.4,0,0,standard,False,9,2099.4
ORD003828,C03366,P0015,2024-11-20,5,904.22,49,200,quick,False,2,753.22
ORD003829,C03503,P0314,2024-11-28,5,688.6,0,0,express,False,8,688.6
ORD003830,C04442,P0020,2024-12-14,9,1158.48,0,100,express,True,10,1058.48
ORD003831,C02559,P0015,2024-11-25,6,1273.52,0,50,quick,True,22,1223.52
ORD003832,C04944,P0464,2024-02-03,4,1659.34,0,0,standard,True,19,1659.34
ORD003833,C03971,P0462,2024-06-07,4,1718.69,0,50,quick,False,12,1668.69
ORD003834,C04630,P0268,2024-12-23,4,136.89,99,50,standard,False,8,185.89
ORD003835,C02957,P0032,2024-08-11,6,190.8,49,100,express,True,22,139.8
ORD003836,C01729,P0181,2024-05-02,1,1323.33,149,0,quick,False,5,1472.33
ORD003837,C01901,P0068,2024-01-30,9,2142.81,49,50,standard,True,4,2141.81
ORD003838,C04759,P0410,2024-05-05,2,356.39,0,0,quick,True,18,356.39
ORD003839,C01041,P0051,2024-02-14,2,105.05,99,100,standard,False,14,104.05000000000001
ORD003840,C00026,P0064,2024-08-10,5,371.75,0,200,standard,False,3,171.75
ORD003841,C02583,P0299,2024-02-29,4,436.87,0,200,standard,True,4,236.87
ORD003842,C01052,P0413,2024-08-20,3,1101.0,149,200,standard,False,10,1050.0
ORD003843,C01674,P0406,2024-11-09,5,133.13,0,200,quick,True,4,-66.87
ORD003844,C03055,P0334,2024-11-07,7,266.35,0,0,express,True,18,266.35
ORD003845,C01658,P0227,2024-01-29,2,1669.81,0,50,standard,False,13,1619.81
ORD003846,C04735,P0466,2024-06-07,6,216.74,99,0,express,False,20,315.74
ORD003847,C03951,P0221,2024-12-07,4,1095.79,99,0,standard,False,14,1194.79
ORD003848,C03188,P0271,2024-12-02,2,412.84,149,200,standard,True,21,361.8399999999999
ORD003849,C01741,P0438,2024-03-30,1,859.67,149,0,quick,False,3,1008.67
ORD003850,C04087,P0017,2024-03-02,8,152.7,49,100,quick,False,16,101.69999999999999
ORD003851,C04137,P0217,2024-01-07,5,335.36,149,50,standard,True,16,434.36
ORD003852,C03231,P0272,2024-12-28,2,486.11,49,100,quick,True,7,435.11
ORD003853,C01714,P0458,2024-03-11,8,1461.48,0,50,quick,True,18,1411.48
ORD003854,C03196,P0307,2024-12-25,3,679.27,149,100,quick,False,15,728.27
ORD003855,C03331,P0172,2024-01-06,7,131.4,49,100,standard,True,21,80.4
ORD003856,C03347,P0055,2024-03-24,2,1232.17,0,50,standard,True,15,1182.17
ORD003857,C01986,P0348,2024-09-11,7,138.24,99,0,standard,False,8,237.24
ORD003858,C03544,P0437,2024-06-26,4,2005.57,99,100,standard,False,10,2004.5699999999997
ORD003859,C00701,P0008,2024-09-24,1,265.53,0,50,quick,False,23,215.52999999999997
ORD003860,C01454,P0496,2024-09-21,5,567.5,0,50,standard,True,15,517.5
ORD003861,C03786,P0400,2024-05-12,4,151.52,149,100,quick,True,7,200.51999999999998
ORD003862,C02471,P0282,2024-03-26,8,676.42,149,0,express,True,2,825.42
ORD003863,C04260,P0292,2024-07-09,1,580.33,0,200,quick,True,8,380.33000000000004
ORD003864,C03044,P0021,2024-03-05,2,468.64,0,0,standard,True,9,468.64
ORD003865,C03883,P0071,2024-05-17,5,124.35,0,200,express,False,22,-75.65
ORD003866,C02940,P0450,2024-03-01,2,1577.01,49,100,express,False,2,1526.01
ORD003867,C01820,P0421,2024-01-16,1,1234.9,49,100,quick,False,11,1183.9
ORD003868,C02802,P0354,2024-06-20,6,800.73,0,50,quick,False,17,750.73
ORD003869,C03795,P0479,2024-08-07,4,693.42,49,0,quick,False,7,742.42
ORD003870,C02463,P0327,2024-05-19,5,930.09,99,0,quick,True,21,1029.0900000000001
ORD003871,C03371,P0171,2024-09-25,3,207.83,49,100,quick,True,20,156.83000000000004
ORD003872,C00335,P0122,2024-02-02,6,1987.44,0,0,standard,False,23,1987.44
ORD003873,C01924,P0090,2024-05-14,4,333.51,99,0,express,False,6,432.51
ORD003874,C04976,P0223,2024-12-30,6,846.98,0,0,standard,False,22,846.98
ORD003875,C03860,P0291,2024-10-22,5,752.33,0,0,quick,False,2,752.33
ORD003876,C02788,P0353,2024-11-17,2,807.6,0,50,quick,True,2,757.6
ORD003877,C04125,P0251,2024-02-09,4,1577.1,0,100,quick,False,15,1477.1
ORD003878,C03606,P0408,2024-09-11,2,344.6,99,0,quick,False,1,443.6
ORD003879,C01540,P0478,2024-08-21,5,1066.47,49,100,standard,True,6,1015.47
ORD003880,C00574,P0297,2024-09-18,3,737.59,149,0,standard,False,0,886.59
ORD003881,C00220,P0366,2024-07-03,6,154.38,149,0,standard,False,21,303.38
ORD003882,C04922,P0255,2024-01-29,5,473.29,0,0,express,False,6,473.29
ORD003883,C02013,P0012,2024-09-12,2,1372.9,49,50,quick,True,14,1371.9
ORD003884,C02641,P0439,2024-10-17,8,364.19,99,0,standard,False,12,463.19
ORD003885,C00753,P0334,2024-03-26,6,559.8,0,200,standard,True,6,359.79999999999995
ORD003886,C01020,P0117,2024-07-07,9,568.48,0,0,standard,False,15,568.48
ORD003887,C01488,P0434,2024-03-21,3,772.65,0,0,standard,True,3,772.65
ORD003888,C01961,P0177,2024-05-10,4,1607.02,0,200,quick,True,10,1407.02
ORD003889,C03483,P0460,2024-02-22,8,232.42,0,100,quick,True,6,132.42
ORD003890,C00437,P0307,2024-10-20,7,590.7,49,50,standard,False,18,589.7
ORD003891,C00478,P0499,2024-12-11,8,485.48,0,100,quick,False,16,385.48
ORD003892,C00782,P0160,2024-02-29,9,344.6,149,50,standard,False,16,443.6
ORD003893,C04167,P0094,2024-04-26,8,1863.59,49,100,quick,True,10,1812.59
ORD003894,C04677,P0408,2024-09-17,8,104.74,0,100,quick,True,9,4.739999999999995
ORD003895,C00219,P0367,2024-01-02,6,190.16,0,0,express,False,22,190.16
ORD003896,C01027,P0313,2024-01-23,2,1024.26,49,0,quick,True,14,1073.26
ORD003897,C00289,P0167,2024-01-07,7,313.04,149,0,standard,False,20,462.04
ORD003898,C00379,P0086,2024-05-05,4,998.07,0,100,quick,False,4,898.07
ORD003899,C03973,P0421,2024-01-24,3,1348.71,49,50,standard,True,16,1347.71
ORD003900,C02851,P0002,2024-08-29,4,304.7,0,0,quick,False,3,304.7
ORD003901,C01378,P0371,2024-07-05,4,248.19,99,50,standard,False,4,297.19
ORD003902,C01958,P0015,2024-07-15,3,208.9,0,50,standard,True,7,158.9
ORD003903,C02127,P0129,2024-03-17,9,255.28,0,0,standard,False,11,255.28
ORD003904,C00065,P0022,2024-04-01,3,316.6,149,200,standard,False,12,265.6
ORD003905,C02183,P0097,2024-01-19,2,1520.45,49,100,quick,True,14,1469.45
ORD003906,C04494,P0157,2024-10-10,1,1127.79,149,200,standard,False,19,1076.79
ORD003907,C03774,P0238,2024-12-31,1,100.29,0,100,standard,False,16,0.29000000000000625
ORD003908,C04442,P0009,2024-12-01,5,1549.69,0,50,express,False,6,1499.69
ORD003909,C03919,P0320,2024-08-02,5,156.46,149,200,express,False,12,105.46000000000004
ORD003910,C00777,P0021,2024-04-24,9,844.49,49,0,quick,False,6,893.49
ORD003911,C02566,P0307,2024-06-13,4,213.98,49,200,standard,True,2,62.98000000000002
ORD003912,C01903,P0366,2024-05-07,5,144.01,0,200,express,False,8,-55.99000000000001
ORD003913,C02761,P0183,2024-08-01,6,1097.31,149,0,quick,False,13,1246.31
ORD003914,C03851,P0416,2024-06-12,7,539.73,149,0,quick,True,5,688.73
ORD003915,C00078,P0216,2024-05-18,9,738.76,0,0,express,True,21,738.76
ORD003916,C01581,P0213,2024-02-09,6,486.8,99,100,standard,True,9,485.79999999999995
ORD003917,C02162,P0335,2024-10-19,1,147.67,0,50,standard,False,18,97.66999999999999
ORD003918,C00985,P0157,2024-07-09,8,1040.92,149,200,express,False,20,989.9200000000001
ORD003919,C01485,P0209,2024-03-02,2,1300.73,0,200,express,True,3,1100.73
ORD003920,C02620,P0407,2024-09-14,9,128.61,49,50,express,True,4,127.61000000000001
ORD003921,C00964,P0132,2024-12-10,7,428.81,0,0,express,True,14,428.81
ORD003922,C02547,P0052,2024-01-27,7,669.43,0,0,standard,True,3,669.43
ORD003923,C00828,P0228,2024-04-01,5,749.53,99,200,express,False,23,648.53
ORD003924,C03173,P0182,2024-04-24,8,703.18,49,200,express,True,3,552.18
ORD003925,C02673,P0022,2024-09-21,1,925.5,99,50,quick,False,7,974.5
ORD003926,C01718,P0105,2024-01-24,3,2482.99,99,50,quick,False,0,2531.99
ORD003927,C02432,P0090,2024-07-24,9,445.68,149,100,quick,False,14,494.68000000000006
ORD003928,C01228,P0118,2024-02-05,1,668.34,0,0,standard,False,5,668.34
ORD003929,C02410,P0459,2024-08-26,8,939.63,0,0,quick,False,8,939.63
ORD003930,C03778,P0137,2024-05-24,6,727.27,149,0,standard,True,0,876.27
ORD003931,C01840,P0481,2024-06-08,5,441.29,0,50,standard,False,15,391.29
ORD003932,C00497,P0119,2024-06-16,6,783.86,0,100,standard,True,21,683.86
ORD003933,C00536,P0160,2024-02-14,5,834.1,0,200,standard,True,16,634.1
ORD003934,C03305,P0207,2024-10-10,9,714.58,0,50,standard,False,14,664.58
ORD003935,C01164,P0348,2024-08-21,2,259.69,149,50,quick,True,11,358.69
ORD003936,C01971,P0317,2024-01-05,6,592.63,49,50,standard,False,8,591.63
ORD003937,C03527,P0337,2024-07-07,4,1609.07,49,0,quick,True,3,1658.07
ORD003938,C00299,P0154,2024-04-12,3,1519.67,0,50,express,False,17,1469.67
ORD003939,C02386,P0262,2024-05-29,5,1071.62,0,100,standard,False,2,971.6199999999999
ORD003940,C04398,P0355,2024-10-15,2,935.27,149,0,standard,True,11,1084.27
ORD003941,C03963,P0154,2024-06-04,3,215.47,0,100,standard,False,13,115.47
ORD003942,C04687,P0329,2024-11-14,7,529.64,149,0,standard,False,6,678.64
ORD003943,C04171,P0393,2024-05-04,1,181.32,99,100,standard,False,4,180.32
ORD003944,C03859,P0458,2024-08-25,2,1288.88,0,0,quick,True,12,1288.88
ORD003945,C00913,P0312,2024-07-07,3,339.77,0,0,quick,False,16,339.77
ORD003946,C04875,P0285,2024-10-29,7,1118.3,49,0,standard,False,13,1167.3
ORD003947,C03695,P0258,2024-09-09,4,1278.59,99,0,standard,False,16,1377.59
ORD003948,C00920,P0156,2024-04-10,8,1660.16,0,200,standard,False,10,1460.16
ORD003949,C01523,P0013,2024-10-06,8,1080.21,0,100,standard,True,1,980.21
ORD003950,C01749,P0076,2024-05-05,1,681.25,99,0,standard,False,14,780.25
ORD003951,C03617,P0338,2024-03-18,5,737.23,99,0,express,False,8,836.23
ORD003952,C02700,P0408,2024-01-04,1,369.56,0,0,quick,False,11,369.56
ORD003953,C01005,P0393,2024-07-28,7,235.36,99,200,quick,True,3,134.36
ORD003954,C01701,P0334,2024-01-13,4,197.0,0,0,standard,False,1,197.0
ORD003955,C03302,P0219,2024-04-29,8,239.65,99,0,standard,False,20,338.65
ORD003956,C00803,P0231,2024-10-04,8,2001.16,0,50,express,False,12,1951.16
ORD003957,C03366,P0432,2024-06-26,9,224.75,0,50,quick,False,23,174.75
ORD003958,C02892,P0293,2024-11-21,6,999.48,0,50,quick,False,13,949.48
ORD003959,C03498,P0454,2024-12-21,7,241.88,0,50,quick,False,6,191.88
ORD003960,C04967,P0141,2024-01-05,7,2689.38,49,100,quick,False,9,2638.38
ORD003961,C03162,P0250,2024-06-20,5,418.64,99,200,express,False,6,317.64
ORD003962,C00114,P0413,2024-01-01,7,470.88,0,0,express,True,12,470.88
ORD003963,C03329,P0295,2024-12-02,9,461.86,49,200,quick,True,5,310.86
ORD003964,C04468,P0139,2024-07-11,4,1285.72,0,0,quick,False,19,1285.72
ORD003965,C04945,P0475,2024-06-06,2,271.39,149,50,standard,True,8,370.39
ORD003966,C02137,P0497,2024-02-23,8,1343.6,149,100,standard,False,16,1392.6
ORD003967,C04852,P0141,2024-04-15,7,848.14,0,0,standard,False,19,848.14
ORD003968,C00030,P0128,2024-09-28,6,273.17,99,0,standard,True,15,372.17
ORD003969,C01805,P0323,2024-05-01,7,146.35,49,0,quick,False,16,195.35
ORD003970,C03569,P0304,2024-08-02,3,1143.14,0,100,standard,True,13,1043.14
ORD003971,C01436,P0017,2024-09-08,6,271.99,149,100,standard,False,3,320.99
ORD003972,C04785,P0242,2024-01-31,7,1638.18,0,100,express,False,21,1538.18
ORD003973,C03428,P0163,2024-03-13,7,196.31,0,200,standard,False,1,-3.6899999999999977
ORD003974,C00456,P0319,2024-12-30,5,769.64,49,50,quick,False,20,768.64
ORD003975,C00448,P0095,2024-05-23,3,923.74,49,0,standard,False,7,972.74
ORD003976,C00067,P0027,2024-02-17,2,849.45,0,200,standard,False,3,649.45
ORD003977,C04089,P0475,2024-01-23,7,364.89,0,50,quick,False,7,314.89
ORD003978,C01862,P0229,2024-04-28,4,1557.55,0,0,standard,True,3,1557.55
ORD003979,C01802,P0415,2024-09-23,2,1127.18,0,0,standard,True,1,1127.18
ORD003980,C04969,P0455,2024-07-30,8,598.64,0,200,standard,False,1,398.64
ORD003981,C04562,P0024,2024-12-24,2,746.19,0,0,quick,False,18,746.19
ORD003982,C03431,P0174,2024-07-09,6,683.9,0,50,quick,False,8,633.9
ORD003983,C00127,P0403,2024-08-22,4,2151.25,0,200,standard,True,7,1951.25
ORD003984,C04828,P0160,2024-02-13,9,1686.14,49,200,quick,False,2,1535.14
ORD003985,C03825,P0029,2024-10-24,5,286.97,0,0,standard,True,17,286.97
ORD003986,C01267,P0164,2024-02-18,4,312.39,0,0,quick,False,3,312.39
ORD003987,C04010,P0207,2024-09-15,8,2889.65,149,0,quick,False,8,3038.65
ORD003988,C01042,P0436,2024-03-09,3,287.95,149,0,express,False,7,436.95
ORD003989,C03738,P0472,2024-11-22,9,2246.5,0,50,quick,False,19,2196.5
ORD003990,C00367,P0101,2024-07-20,8,833.38,0,0,quick,True,22,833.38
ORD003991,C02604,P0372,2024-02-08,8,134.99,149,50,standard,False,22,233.99
ORD003992,C02640,P0105,2024-10-30,5,385.34,0,50,quick,False,12,335.34
ORD003993,C04907,P0329,2024-10-17,1,551.59,149,0,quick,True,12,700.59
ORD003994,C00058,P0068,2024-02-01,9,1352.22,0,0,standard,False,12,1352.22
ORD003995,C04256,P0007,2024-08-10,2,377.86,99,0,standard,False,3,476.86
ORD003996,C00102,P0122,2024-12-05,1,359.33,149,0,quick,True,7,508.33
ORD003997,C04941,P0352,2024-03-07,6,1869.32,49,0,standard,False,23,1918.32
ORD003998,C04507,P0100,2024-05-01,1,156.63,0,0,standard,True,22,156.63
ORD003999,C00785,P0000,2024-05-29,7,660.33,49,50,standard,True,8,659.33
ORD004000,C04278,P0350,2024-05-13,7,590.16,0,0,express,True,15,590.16
ORD004001,C03945,P0006,2024-06-10,1,140.33,99,200,standard,False,6,39.33000000000001
ORD004002,C02446,P0317,2024-07-20,5,163.3,49,50,standard,True,5,162.3
ORD004003,C00956,P0110,2024-12-24,3,435.85,149,50,quick,True,6,534.85
ORD004004,C02702,P0342,2024-06-16,2,199.84,0,100,quick,False,11,99.84
ORD004005,C00436,P0185,2024-06-11,5,554.16,149,0,quick,True,20,703.16
ORD004006,C02365,P0215,2024-08-19,5,756.13,149,200,express,False,9,705.13
ORD004007,C04701,P0461,2024-05-19,2,921.99,0,0,express,False,22,921.99
ORD004008,C00496,P0342,2024-04-29,6,652.49,99,50,express,False,19,701.49
ORD004009,C01366,P0122,2024-02-08,7,433.24,0,0,quick,False,9,433.24
ORD004010,C02865,P0200,2024-04-13,1,196.29,0,50,quick,False,23,146.29
ORD004011,C01851,P0007,2024-03-10,3,298.03,149,200,standard,False,0,247.02999999999997
ORD004012,C01022,P0063,2024-10-26,4,479.61,99,50,quick,True,3,528.61
ORD004013,C03130,P0135,2024-02-25,2,1903.97,0,0,standard,False,5,1903.97
ORD004014,C02844,P0386,2024-03-20,5,257.48,99,50,standard,False,16,306.48
ORD004015,C01489,P0382,2024-02-24,4,472.32,99,0,standard,False,22,571.3199999999999
ORD004016,C02334,P0185,2024-03-25,2,1021.54,99,200,standard,True,19,920.54
ORD004017,C04432,P0126,2024-08-18,1,954.03,49,200,standard,False,15,803.03
ORD004018,C03389,P0415,2024-08-26,8,2457.64,0,50,standard,False,23,2407.64
ORD004019,C00202,P0371,2024-06-09,2,247.28,0,0,quick,False,9,247.28
ORD004020,C00230,P0451,2024-07-27,4,110.66,0,50,standard,True,22,60.66
ORD004021,C03634,P0048,2024-03-02,5,371.36,149,200,quick,True,7,320.36
ORD004022,C03128,P0165,2024-10-01,2,212.51,49,0,standard,False,5,261.51
ORD004023,C02691,P0385,2024-07-02,9,655.58,0,100,express,False,10,555.58
ORD004024,C03491,P0126,2024-04-16,2,1702.31,99,100,standard,False,21,1701.31
ORD004025,C02962,P0392,2024-08-19,6,914.84,149,200,standard,True,2,863.8400000000001
ORD004026,C02327,P0301,2024-06-06,7,201.16,149,0,quick,False,5,350.15999999999997
ORD004027,C04904,P0320,2024-08-25,6,185.38,49,50,quick,False,5,184.38
ORD004028,C04561,P0176,2024-05-15,4,1795.93,49,200,standard,False,10,1644.93
ORD004029,C02784,P0202,2024-03-02,1,567.07,0,200,standard,True,14,367.07000000000005
ORD004030,C00803,P0156,2024-02-16,2,1899.91,0,0,quick,True,4,1899.91
ORD004031,C04361,P0345,2024-03-21,6,1031.84,0,50,standard,False,0,981.8399999999999
ORD004032,C03723,P0218,2024-12-17,8,3608.03,149,50,standard,False,21,3707.03
ORD004033,C02901,P0485,2024-06-04,3,1533.8,149,100,quick,True,15,1582.8
ORD004034,C00175,P0284,2024-12-26,7,473.36,0,0,express,False,13,473.36
ORD004035,C01444,P0288,2024-12-22,9,1092.83,0,50,standard,False,10,1042.83
ORD004036,C04003,P0027,2024-11-04,4,545.04,99,50,quick,True,0,594.04
ORD004037,C03532,P0350,2024-01-21,7,284.75,99,100,express,False,5,283.75
ORD004038,C04349,P0082,2024-04-20,7,292.05,49,0,standard,False,8,341.05
ORD004039,C01543,P0111,2024-06-16,9,453.46,149,0,standard,True,2,602.46
ORD004040,C04998,P0153,2024-03-16,3,181.73,0,0,quick,True,5,181.73
ORD004041,C02154,P0369,2024-02-16,1,236.01,0,200,standard,False,21,36.00999999999999
ORD004042,C02105,P0028,2024-12-30,8,585.06,149,0,express,False,0,734.06
ORD004043,C03413,P0394,2024-05-07,4,2253.2,0,0,quick,True,19,2253.2
ORD004044,C03361,P0488,2024-07-01,2,702.4,0,100,standard,True,11,602.4
ORD004045,C04179,P0479,2024-07-21,5,466.56,0,0,quick,False,15,466.56
ORD004046,C01140,P0212,2024-09-19,4,293.6,0,100,standard,False,18,193.60000000000002
ORD004047,C04807,P0101,2024-01-26,1,251.62,0,0,quick,True,0,251.62
ORD004048,C01761,P0417,2024-12-12,7,850.89,99,100,standard,False,15,849.89
ORD004049,C01940,P0359,2024-06-02,4,1419.21,0,0,quick,True,7,1419.21
ORD004050,C01806,P0213,2024-05-13,8,455.24,49,0,standard,False,15,504.24
ORD004051,C04996,P0303,2024-03-30,9,658.98,99,0,standard,True,3,757.98
ORD004052,C03173,P0154,2024-01-16,8,957.66,49,0,express,False,1,1006.66
ORD004053,C00656,P0379,2024-07-26,1,141.04,49,200,standard,True,0,-9.960000000000008
ORD004054,C02503,P0199,2024-08-19,8,401.51,0,0,standard,False,18,401.51
ORD004055,C00658,P0167,2024-10-11,5,1014.89,49,0,quick,True,21,1063.8899999999999
ORD004056,C02838,P0237,2024-10-08,1,906.78,149,50,standard,False,9,1005.78
ORD004057,C04946,P0158,2024-05-07,9,137.38,0,0,quick,True,7,137.38
ORD004058,C04236,P0192,2024-02-18,9,289.1,0,50,quick,False,16,239.10000000000002
ORD004059,C02453,P0166,2024-08-24,7,896.51,0,50,quick,False,16,846.51
ORD004060,C01054,P0225,2024-02-22,7,320.66,0,50,standard,False,5,270.66
ORD004061,C03041,P0366,2024-03-12,1,1277.95,99,100,standard,False,4,1276.95
ORD004062,C04003,P0250,2024-03-03,9,119.96,0,0,quick,False,3,119.96
ORD004063,C02338,P0279,2024-01-07,1,246.8,0,50,standard,True,3,196.8
ORD004064,C00110,P0475,2024-02-01,7,330.23,0,100,express,False,9,230.23000000000002
ORD004065,C01718,P0497,2024-04-23,9,1914.9,0,100,standard,False,23,1814.9
ORD004066,C04291,P0451,2024-03-07,9,1212.84,0,0,standard,False,10,1212.84
ORD004067,C00125,P0465,2024-04-11,5,1607.79,149,0,express,True,14,1756.79
ORD004068,C00261,P0220,2024-07-24,6,505.47,0,200,standard,False,15,305.47
ORD004069,C02934,P0022,2024-07-09,2,1309.39,0,0,standard,False,23,1309.39
ORD004070,C02202,P0484,2024-12-17,2,1443.48,0,100,standard,True,11,1343.48
ORD004071,C01604,P0188,2024-11-18,9,456.53,149,0,quick,True,17,605.53
ORD004072,C04203,P0410,2024-11-26,1,3736.27,49,0,standard,False,8,3785.27
ORD004073,C02082,P0271,2024-02-13,5,1432.79,0,0,express,True,21,1432.79
ORD004074,C03942,P0428,2024-10-25,7,2656.38,0,100,standard,False,15,2556.38
ORD004075,C00654,P0026,2024-10-27,6,1508.54,49,100,standard,True,8,1457.54
ORD004076,C02463,P0456,2024-05-12,6,1146.91,0,50,standard,False,11,1096.91
ORD004077,C00284,P0388,2024-02-08,6,2114.73,0,100,standard,False,14,2014.73
ORD004078,C02565,P0442,2024-01-12,8,480.09,0,0,standard,True,0,480.09
ORD004079,C03801,P0455,2024-02-03,7,1169.58,0,100,standard,True,11,1069.58
ORD004080,C00026,P0209,2024-04-11,5,266.57,99,0,express,False,9,365.57
ORD004081,C02274,P0034,2024-11-26,2,1022.81,99,200,express,True,22,921.81
ORD004082,C03867,P0197,2024-08-15,6,1176.13,99,100,express,True,10,1175.13
ORD004083,C03972,P0490,2024-03-06,5,981.44,0,0,quick,False,16,981.44
ORD004084,C01591,P0470,2024-02-17,4,1426.11,0,0,standard,False,21,1426.11
ORD004085,C03381,P0173,2024-06-18,5,472.31,49,0,standard,False,19,521.31
ORD004086,C04943,P0217,2024-03-03,9,649.86,0,0,quick,True,15,649.86
ORD004087,C01128,P0055,2024-01-22,2,106.51,149,0,quick,False,3,255.51
ORD004088,C04113,P0382,2024-08-24,6,209.52,0,50,standard,True,8,159.52
ORD004089,C02136,P0498,2024-01-26,9,822.36,149,200,express,True,21,771.36
ORD004090,C00156,P0486,2024-03-27,5,677.38,149,50,standard,False,16,776.38
ORD004091,C01289,P0151,2024-10-20,6,252.87,0,50,quick,False,23,202.87
ORD004092,C02181,P0393,2024-08-09,4,294.3,149,50,standard,True,20,393.3
ORD004093,C02511,P0462,2024-07-21,5,394.2,0,0,standard,False,0,394.2
ORD004094,C01771,P0037,2024-09-11,8,981.17,49,200,standard,True,4,830.1700000000001
ORD004095,C01155,P0467,2024-01-16,1,757.62,0,100,standard,False,13,657.62
ORD004096,C02788,P0476,2024-07-14,1,149.48,49,100,express,False,7,98.47999999999999
ORD004097,C02976,P0197,2024-12-15,4,1097.8,99,200,quick,False,21,996.8
ORD004098,C03499,P0431,2024-08-06,3,312.29,99,200,standard,False,4,211.29000000000002
ORD004099,C02913,P0008,2024-03-29,5,878.81,0,0,express,True,11,878.81
ORD004100,C00203,P0498,2024-06-30,8,191.16,0,50,standard,False,15,141.16
ORD004101,C01822,P0177,2024-04-19,1,4422.2,99,0,quick,True,0,4521.2
ORD004102,C01359,P0324,2024-04-05,5,157.62,49,0,standard,True,7,206.62
ORD004103,C02544,P0175,2024-05-20,5,1046.64,49,0,standard,False,18,1095.64
ORD004104,C00441,P0422,2024-05-23,2,644.6,0,200,standard,True,23,444.6
ORD004105,C01315,P0466,2024-08-16,5,161.9,149,0,standard,False,22,310.9
ORD004106,C04037,P0260,2024-03-17,8,118.02,99,200,standard,True,13,17.019999999999982
ORD004107,C01148,P0083,2024-01-18,7,414.32,0,100,standard,True,11,314.32
ORD004108,C04966,P0138,2024-11-10,2,1233.43,99,50,standard,False,6,1282.43
ORD004109,C01198,P0241,2024-11-13,6,128.42,0,0,quick,False,23,128.42
ORD004110,C02916,P0315,2024-11-11,1,952.12,99,0,standard,False,2,1051.12
ORD004111,C03885,P0154,2024-05-05,3,844.71,0,0,standard,True,6,844.71
ORD004112,C04175,P0220,2024-11-27,6,315.03,0,50,quick,False,12,265.03
ORD004113,C02859,P0134,2024-05-31,9,155.46,0,0,standard,True,20,155.46
ORD004114,C02962,P0187,2024-09-12,1,1827.23,49,200,standard,False,3,1676.23
ORD004115,C01367,P0177,2024-07-29,6,349.02,99,0,quick,False,8,448.02
ORD004116,C04665,P0066,2024-10-08,2,181.66,149,100,express,False,20,230.65999999999997
ORD004117,C02909,P0068,2024-09-02,9,899.93,49,100,standard,False,21,848.93
ORD004118,C02216,P0438,2024-02-01,2,269.95,0,0,quick,True,17,269.95
ORD004119,C03405,P0076,2024-02-14,3,550.89,49,0,quick,False,14,599.89
ORD004120,C03059,P0399,2024-05-23,2,135.2,149,0,express,True,16,284.2
ORD004121,C02283,P0373,2024-07-15,4,3570.69,149,200,express,True,5,3519.69
ORD004122,C04494,P0011,2024-03-11,4,514.46,149,200,express,False,8,463.46000000000004
ORD004123,C00820,P0486,2024-08-02,1,5015.99,149,200,quick,True,21,4964.99
ORD004124,C03060,P0282,2024-04-12,8,440.06,0,0,standard,False,11,440.06
ORD004125,C02524,P0245,2024-11-25,5,398.24,149,100,quick,False,10,447.24
ORD004126,C04940,P0236,2024-09-26,8,1821.06,0,200,quick,True,12,1621.06
ORD004127,C02632,P0251,2024-05-07,6,378.78,0,200,standard,True,18,178.77999999999997
ORD004128,C02662,P0416,2024-11-18,2,494.95,99,0,standard,True,13,593.95
ORD004129,C02825,P0206,2024-10-05,7,155.93,0,100,quick,False,8,55.93000000000001
ORD004130,C04453,P0340,2024-01-10,9,2276.99,0,200,quick,False,9,2076.99
ORD004131,C03129,P0107,2024-07-14,7,161.3,99,200,quick,False,6,60.30000000000001
ORD004132,C04014,P0208,2024-12-31,5,1131.39,0,0,standard,False,1,1131.39
ORD004133,C04616,P0310,2024-07-02,4,640.47,0,0,express,False,18,640.47
ORD004134,C04488,P0307,2024-09-02,8,143.36,99,50,standard,False,16,192.36
ORD004135,C01666,P0292,2024-10-05,6,100.19,0,0,standard,True,22,100.19
ORD004136,C03400,P0112,2024-09-05,5,2018.35,0,0,standard,False,10,2018.35
ORD004137,C03582,P0375,2024-06-25,7,1047.83,0,50,quick,False,19,997.8299999999999
ORD004138,C02200,P0014,2024-10-16,3,910.83,0,200,standard,False,3,710.83
ORD004139,C00892,P0339,2024-09-14,9,503.07,0,0,standard,True,13,503.07
ORD004140,C03950,P0082,2024-06-13,4,289.83,0,0,express,True,14,289.83
ORD004141,C00983,P0064,2024-07-17,4,896.3,149,50,standard,True,18,995.3
ORD004142,C00582,P0451,2024-05-18,8,755.08,49,50,standard,False,11,754.08
ORD004143,C04115,P0002,2024-04-02,6,1006.11,149,200,standard,True,9,955.1100000000001
ORD004144,C02640,P0455,2024-01-14,1,417.77,0,0,express,False,3,417.77
ORD004145,C01973,P0360,2024-06-12,2,3134.87,99,0,express,False,0,3233.87
ORD004146,C03417,P0235,2024-11-01,9,147.55,99,200,standard,True,15,46.55000000000001
ORD004147,C04114,P0388,2024-04-22,6,157.14,49,0,standard,False,21,206.14
ORD004148,C02415,P0392,2024-01-16,7,1840.19,0,200,express,False,4,1640.19
ORD004149,C00888,P0128,2024-05-23,9,829.3,99,50,standard,True,14,878.3
ORD004150,C01883,P0246,2024-01-30,3,375.51,0,50,standard,True,21,325.51
ORD004151,C04821,P0234,2024-08-29,5,1103.7,0,0,standard,False,4,1103.7
ORD004152,C03822,P0029,2024-09-28,5,521.02,49,200,express,True,16,370.02
ORD004153,C00146,P0070,2024-07-02,7,113.94,99,0,quick,True,9,212.94
ORD004154,C01716,P0469,2024-10-26,2,836.09,149,100,standard,False,19,885.09
ORD004155,C02477,P0147,2024-04-29,4,293.98,0,0,quick,False,17,293.98
ORD004156,C04943,P0092,2024-03-22,4,184.78,149,100,express,True,21,233.77999999999997
ORD004157,C01463,P0282,2024-02-21,8,277.67,149,50,quick,True,5,376.67
ORD004158,C02245,P0216,2024-05-06,3,551.6,149,0,quick,True,9,700.6
ORD004159,C01310,P0237,2024-12-02,2,134.8,0,50,express,False,15,84.80000000000001
ORD004160,C04660,P0226,2024-05-03,9,1601.82,0,0,standard,False,9,1601.82
ORD004161,C00368,P0218,2024-05-16,4,673.56,99,200,quick,True,2,572.56
ORD004162,C01263,P0318,2024-09-30,9,341.7,99,0,standard,False,9,440.7
ORD004163,C02849,P0458,2024-01-29,6,912.1,149,200,quick,False,0,861.0999999999999
ORD004164,C02747,P0336,2024-04-22,1,1240.59,49,100,standard,False,14,1189.59
ORD004165,C02565,P0030,2024-10-21,3,765.21,0,200,quick,True,1,565.21
ORD004166,C01818,P0465,2024-07-17,7,257.39,149,0,standard,False,6,406.39
ORD004167,C01887,P0402,2024-06-30,9,180.8,149,0,standard,False,9,329.8
ORD004168,C03783,P0113,2024-03-29,8,1474.78,0,0,quick,False,18,1474.78
ORD004169,C00059,P0101,2024-03-31,5,286.23,0,50,standard,False,3,236.23000000000002
ORD004170,C00544,P0092,2024-05-01,8,113.2,0,0,quick,True,1,113.2
ORD004171,C03064,P0206,2024-10-30,2,819.82,49,200,standard,False,15,668.82
ORD004172,C01230,P0445,2024-06-11,3,215.14,0,200,quick,False,9,15.139999999999986
ORD004173,C00558,P0390,2024-12-23,8,3394.03,149,200,quick,False,0,3343.03
ORD004174,C01512,P0228,2024-07-02,9,1525.71,99,0,standard,True,13,1624.71
ORD004175,C00669,P0420,2024-10-29,8,755.34,149,100,standard,False,11,804.34
ORD004176,C00257,P0070,2024-01-15,4,1355.47,0,100,standard,False,21,1255.47
ORD004177,C01070,P0341,2024-12-26,6,544.12,0,50,quick,True,0,494.12
ORD004178,C01050,P0459,2024-12-24,5,1186.43,149,200,standard,False,1,1135.43
ORD004179,C04038,P0135,2024-06-29,4,826.98,99,200,standard,False,8,725.98
ORD004180,C04022,P0440,2024-10-17,9,119.34,49,50,quick,False,4,118.34
ORD004181,C00144,P0465,2024-10-15,3,2178.83,49,200,standard,True,11,2027.83
ORD004182,C02634,P0283,2024-03-13,1,1479.89,0,0,quick,False,9,1479.89
ORD004183,C02569,P0337,2024-10-15,7,2245.42,99,50,express,False,16,2294.42
ORD004184,C00800,P0350,2024-04-06,8,1019.08,0,200,quick,True,21,819.08
ORD004185,C01485,P0016,2024-09-09,3,470.79,49,50,quick,False,17,469.78999999999996
ORD004186,C03748,P0214,2024-10-04,3,261.34,0,0,quick,True,4,261.34
ORD004187,C02429,P0394,2024-06-07,6,237.91,0,0,quick,False,2,237.91
ORD004188,C02823,P0398,2024-03-30,2,208.59,49,0,quick,False,22,257.59000000000003
ORD004189,C00672,P0413,2024-09-08,6,273.47,0,200,quick,False,8,73.47000000000003
ORD004190,C03974,P0243,2024-01-20,5,658.95,0,0,quick,False,4,658.95
ORD004191,C03489,P0094,2024-02-16,7,904.84,0,0,standard,True,23,904.84
ORD004192,C04422,P0120,2024-01-29,9,362.87,99,0,express,False,6,461.87
ORD004193,C01414,P0005,2024-04-29,9,656.01,99,0,quick,False,13,755.01
ORD004194,C03368,P0267,2024-11-04,1,391.19,149,200,express,False,18,340.19000000000005
ORD004195,C04725,P0086,2024-04-22,7,933.68,49,50,standard,False,2,932.68
ORD004196,C03894,P0188,2024-01-11,3,3223.95,0,0,quick,True,9,3223.95
ORD004197,C03846,P0102,2024-09-26,4,916.61,99,200,standard,False,7,815.61
ORD004198,C02028,P0103,2024-09-01,2,141.59,0,0,standard,False,1,141.59
ORD004199,C01194,P0419,2024-01-01,1,553.04,0,0,standard,True,15,553.04
ORD004200,C02024,P0290,2024-06-18,3,1128.95,0,100,express,False,11,1028.95
ORD004201,C01357,P0066,2024-11-10,9,645.99,0,100,quick,False,7,545.99
ORD004202,C02810,P0105,2024-04-13,1,2211.06,0,0,standard,False,21,2211.06
ORD004203,C00568,P0247,2024-03-07,3,138.43,0,200,standard,True,20,-61.56999999999999
ORD004204,C01945,P0347,2024-06-23,5,339.88,99,200,standard,False,12,238.88
ORD004205,C00346,P0206,2024-03-31,3,273.57,0,0,standard,False,13,273.57
ORD004206,C00407,P0204,2024-06-14,4,1120.57,49,100,standard,False,12,1069.57
ORD004207,C04228,P0318,2024-01-31,4,618.33,49,200,standard,True,3,467.33000000000004
ORD004208,C03753,P0082,2024-01-12,1,203.23,0,0,standard,True,8,203.23
ORD004209,C00613,P0423,2024-03-16,6,334.41,0,0,express,False,9,334.41
ORD004210,C00105,P0081,2024-10-27,7,616.67,149,100,quick,False,19,665.67
ORD004211,C02218,P0286,2024-12-26,7,3986.97,0,0,express,False,9,3986.97
ORD004212,C03799,P0036,2024-03-13,6,416.11,0,0,standard,False,5,416.11
ORD004213,C04357,P0212,2024-02-26,7,218.41,0,0,quick,True,18,218.41
ORD004214,C03913,P0486,2024-09-26,3,580.11,149,100,quick,False,13,629.11
ORD004215,C00493,P0132,2024-07-05,5,358.93,0,0,standard,False,21,358.93
ORD004216,C03868,P0114,2024-02-07,7,683.24,99,50,quick,False,10,732.24
ORD004217,C04385,P0376,2024-07-10,5,539.08,49,100,standard,False,18,488.08000000000004
ORD004218,C03334,P0464,2024-12-26,2,917.68,49,100,standard,False,4,866.68
ORD004219,C03920,P0210,2024-12-05,6,1818.76,99,50,express,True,21,1867.76
ORD004220,C01868,P0131,2024-07-21,7,255.65,49,100,quick,False,6,204.64999999999998
ORD004221,C01438,P0373,2024-10-27,2,1303.96,0,50,quick,True,8,1253.96
ORD004222,C01352,P0153,2024-02-21,8,2185.81,99,50,standard,False,4,2234.81
ORD004223,C00044,P0407,2024-06-21,5,426.45,0,100,standard,False,13,326.45
ORD004224,C04910,P0422,2024-06-03,8,183.46,149,50,quick,True,17,282.46000000000004
ORD004225,C02380,P0439,2024-06-14,3,1306.83,49,50,standard,False,6,1305.83
ORD004226,C04560,P0437,2024-03-10,2,944.34,99,100,express,False,9,943.3400000000001
ORD004227,C00199,P0293,2024-03-21,7,266.41,99,50,quick,False,9,315.41
ORD004228,C04424,P0365,2024-08-11,5,511.43,149,0,standard,False,2,660.4300000000001
ORD004229,C02287,P0181,2024-11-23,5,702.91,149,100,standard,True,9,751.91
ORD004230,C04893,P0146,2024-09-06,8,229.31,149,100,standard,False,18,278.31
ORD004231,C04797,P0221,2024-11-28,9,977.47,99,0,standard,False,20,1076.47
ORD004232,C02630,P0281,2024-06-11,8,918.56,49,200,standard,True,14,767.56
ORD004233,C02768,P0126,2024-03-30,2,1626.04,49,0,standard,False,17,1675.04
ORD004234,C02407,P0307,2024-12-28,7,685.35,49,50,quick,True,5,684.35
ORD004235,C03791,P0202,2024-10-14,5,696.84,0,50,express,False,12,646.84
ORD004236,C03293,P0117,2024-12-21,7,775.18,0,0,standard,False,13,775.18
ORD004237,C02846,P0060,2024-11-10,3,322.93,0,50,standard,False,3,272.93
ORD004238,C03311,P0230,2024-07-01,4,1093.93,99,50,express,True,4,1142.93
ORD004239,C02551,P0450,2024-04-24,7,859.33,49,0,standard,False,16,908.33
ORD004240,C01437,P0499,2024-12-06,2,1378.08,99,0,standard,True,14,1477.08
ORD004241,C00126,P0149,2024-10-28,2,1123.48,149,0,standard,True,22,1272.48
ORD004242,C01620,P0144,2024-03-30,1,811.39,0,0,standard,False,10,811.39
ORD004243,C03319,P0394,2024-07-12,1,221.79,0,100,quick,True,16,121.78999999999999
ORD004244,C00481,P0110,2024-06-06,1,1859.59,49,50,standard,False,21,1858.59
ORD004245,C04378,P0166,2024-12-18,6,419.33,0,0,standard,False,22,419.33
ORD004246,C02121,P0188,2024-05-30,5,2431.8,0,50,standard,False,11,2381.8
ORD004247,C03135,P0494,2024-03-06,8,458.76,0,100,quick,True,14,358.76
ORD004248,C02820,P0474,2024-03-31,5,209.43,99,100,quick,False,11,208.43
ORD004249,C02371,P0048,2024-01-01,1,1612.0,0,50,standard,True,13,1562.0
ORD004250,C00238,P0106,2024-12-25,8,1208.52,49,50,standard,False,14,1207.52
ORD004251,C01420,P0092,2024-10-20,6,1179.21,149,0,express,False,13,1328.21
ORD004252,C00340,P0123,2024-07-19,8,164.56,149,100,standard,False,13,213.56
ORD004253,C03350,P0316,2024-10-17,2,1579.0,0,50,standard,True,14,1529.0
ORD004254,C02993,P0139,2024-01-17,8,734.13,0,0,express,False,0,734.13
ORD004255,C04987,P0396,2024-04-03,6,543.88,49,0,quick,True,17,592.88
ORD004256,C01486,P0313,2024-11-04,1,1809.68,49,0,standard,True,0,1858.68
ORD004257,C04557,P0010,2024-06-11,1,866.72,49,0,quick,False,13,915.72
ORD004258,C04075,P0447,2024-11-09,5,198.93,0,50,standard,True,2,148.93
ORD004259,C04893,P0414,2024-04-23,7,612.1,0,0,quick,True,4,612.1
ORD004260,C00732,P0394,2024-11-23,4,807.61,0,100,express,True,19,707.61
ORD004261,C03478,P0377,2024-10-16,5,1700.74,99,200,quick,False,9,1599.74
ORD004262,C00161,P0360,2024-02-23,3,328.85,149,0,standard,False,7,477.85
ORD004263,C02495,P0170,2024-09-11,2,1205.71,0,100,quick,True,18,1105.71
ORD004264,C00131,P0035,2024-03-13,2,1224.95,0,0,standard,True,16,1224.95
ORD004265,C01857,P0129,2024-06-18,5,194.92,149,50,quick,False,11,293.91999999999996
ORD004266,C01242,P0342,2024-02-09,4,111.17,0,200,standard,False,4,-88.83
ORD004267,C03488,P0060,2024-05-01,2,708.6,149,200,express,False,19,657.6
ORD004268,C00671,P0419,2024-06-26,5,1189.72,99,50,quick,True,17,1238.72
ORD004269,C00504,P0333,2024-06-12,9,664.88,99,50,standard,True,18,713.88
ORD004270,C02156,P0484,2024-03-26,8,1273.95,99,0,quick,True,9,1372.95
ORD004271,C01261,P0048,2024-11-21,9,780.56,0,100,standard,False,1,680.56
ORD004272,C00292,P0410,2024-02-15,9,840.49,49,100,standard,False,12,789.49
ORD004273,C03650,P0395,2024-12-28,8,118.99,149,0,standard,False,4,267.99
ORD004274,C04923,P0185,2024-12-09,9,163.94,99,100,standard,False,12,162.94
ORD004275,C04282,P0220,2024-11-23,4,1002.76,0,200,standard,False,21,802.76
ORD004276,C01059,P0005,2024-06-20,8,1106.32,149,0,standard,False,0,1255.32
ORD004277,C02303,P0299,2024-08-16,2,645.89,0,200,quick,True,14,445.89
ORD004278,C02795,P0174,2024-01-06,9,723.4,149,0,standard,False,16,872.4
ORD004279,C01201,P0278,2024-05-15,9,766.01,149,100,standard,False,14,815.01
ORD004280,C03313,P0370,2024-04-17,3,176.65,0,100,quick,True,1,76.65
ORD004281,C02088,P0457,2024-05-07,6,870.64,49,0,standard,False,2,919.64
ORD004282,C03428,P0353,2024-12-20,7,554.69,99,0,quick,True,1,653.69
ORD004283,C02160,P0363,2024-02-04,3,744.83,49,0,express,False,8,793.83
ORD004284,C04949,P0203,2024-06-28,5,678.7,99,200,standard,True,20,577.7
ORD004285,C00718,P0095,2024-05-11,1,1106.79,0,0,quick,False,3,1106.79
ORD004286,C01846,P0281,2024-02-25,3,367.49,49,0,quick,False,10,416.49
ORD004287,C00877,P0134,2024-01-01,8,426.35,49,0,quick,True,19,475.35
ORD004288,C03267,P0415,2024-01-25,3,446.85,99,200,standard,False,3,345.85
ORD004289,C04497,P0032,2024-07-16,8,1105.18,99,50,quick,False,9,1154.18
ORD004290,C00063,P0081,2024-08-12,9,493.85,49,100,quick,False,18,442.85
ORD004291,C02699,P0482,2024-08-02,6,235.42,149,200,express,False,15,184.41999999999996
ORD004292,C02933,P0147,2024-03-26,7,2952.87,99,0,standard,True,22,3051.87
ORD004293,C00372,P0094,2024-07-30,6,575.0,49,200,quick,False,10,424.0
ORD004294,C04027,P0452,2024-09-09,8,179.98,0,200,quick,False,1,-20.02000000000001
ORD004295,C00305,P0479,2024-07-12,7,875.65,49,50,quick,False,3,874.65
ORD004296,C02514,P0435,2024-06-28,1,1039.7,0,0,standard,True,23,1039.7
ORD004297,C00931,P0494,2024-10-06,3,584.52,49,0,standard,False,18,633.52
ORD004298,C01990,P0169,2024-07-11,3,826.83,149,200,standard,False,21,775.83
ORD004299,C03656,P0210,2024-02-21,3,231.69,0,0,quick,False,16,231.69
ORD004300,C01415,P0384,2024-09-02,4,420.12,0,100,quick,True,23,320.12
ORD004301,C00361,P0190,2024-10-22,1,222.57,149,100,standard,True,22,271.57
ORD004302,C02768,P0006,2024-11-29,2,441.84,0,100,quick,True,1,341.84
ORD004303,C00715,P0379,2024-12-17,5,678.16,149,200,standard,True,22,627.16
ORD004304,C01645,P0313,2024-04-25,6,508.05,0,200,standard,True,6,308.05
ORD004305,C00542,P0341,2024-03-24,9,728.63,0,50,standard,True,16,678.63
ORD004306,C01547,P0433,2024-08-19,2,586.67,99,0,standard,False,4,685.67
ORD004307,C02241,P0033,2024-02-07,9,366.72,99,0,quick,False,17,465.72
ORD004308,C00651,P0050,2024-01-18,7,207.36,0,100,quick,True,23,107.36000000000001
ORD004309,C01050,P0119,2024-05-30,9,302.88,0,0,express,True,15,302.88
ORD004310,C04742,P0137,2024-01-11,4,255.82,0,50,standard,True,4,205.82
ORD004311,C01852,P0366,2024-06-12,7,959.32,0,100,standard,True,7,859.32
ORD004312,C03001,P0105,2024-05-13,1,1299.23,49,0,standard,False,21,1348.23
ORD004313,C03084,P0281,2024-02-23,8,991.05,49,0,standard,True,20,1040.05
ORD004314,C02096,P0031,2024-02-07,7,821.45,0,0,standard,True,4,821.45
ORD004315,C00802,P0123,2024-06-24,7,356.57,49,50,standard,False,9,355.57
ORD004316,C02654,P0169,2024-03-28,2,967.9,0,0,standard,False,20,967.9
ORD004317,C01680,P0474,2024-07-11,9,749.36,0,50,quick,False,9,699.36
ORD004318,C01607,P0445,2024-03-23,8,132.62,49,50,standard,False,23,131.62
ORD004319,C03522,P0011,2024-02-08,1,1766.23,0,50,quick,False,0,1716.23
ORD004320,C02057,P0167,2024-10-07,1,157.33,99,200,quick,False,15,56.33000000000004
ORD004321,C02721,P0342,2024-02-17,5,588.0,0,0,standard,False,19,588.0
ORD004322,C04821,P0077,2024-06-22,2,602.74,149,200,standard,False,22,551.74
ORD004323,C02563,P0033,2024-10-31,1,1368.83,49,200,standard,False,6,1217.83
ORD004324,C03612,P0208,2024-11-10,8,1808.84,0,0,standard,False,3,1808.84
ORD004325,C00202,P0325,2024-09-04,4,2064.62,149,50,quick,True,2,2163.62
ORD004326,C00941,P0410,2024-12-26,2,689.25,0,0,standard,True,0,689.25
ORD004327,C00588,P0007,2024-01-16,5,894.51,0,50,standard,False,4,844.51
ORD004328,C00570,P0224,2024-08-08,6,163.88,99,50,standard,False,19,212.88
ORD004329,C03004,P0226,2024-11-30,8,567.49,0,200,standard,True,3,367.49
ORD004330,C00195,P0174,2024-03-25,7,1695.97,99,0,quick,False,16,1794.97
ORD004331,C01345,P0080,2024-11-06,7,524.77,99,0,quick,False,3,623.77
ORD004332,C00417,P0281,2024-08-10,1,149.49,149,100,standard,False,7,198.49
ORD004333,C01642,P0056,2024-03-21,3,255.76,0,0,quick,False,6,255.76
ORD004334,C01365,P0134,2024-01-28,3,491.88,0,0,quick,True,3,491.88
ORD004335,C00008,P0237,2024-02-21,7,288.83,0,0,quick,False,15,288.83
ORD004336,C00531,P0471,2024-06-18,2,447.64,0,200,express,True,0,247.64
ORD004337,C04244,P0216,2024-04-15,7,382.44,49,0,standard,False,16,431.44
ORD004338,C01552,P0226,2024-04-07,9,367.86,0,100,express,False,14,267.86
ORD004339,C01035,P0025,2024-07-28,1,165.91,0,100,quick,False,12,65.91
ORD004340,C04571,P0186,2024-12-22,2,1599.2,0,0,quick,False,1,1599.2
ORD004341,C01617,P0369,2024-10-10,6,924.97,149,0,quick,False,3,1073.97
ORD004342,C03716,P0117,2024-10-03,2,782.57,0,100,standard,False,9,682.57
ORD004343,C01076,P0196,2024-05-15,2,751.82,0,0,quick,True,12,751.82
ORD004344,C04301,P0115,2024-12-04,5,452.51,0,0,standard,False,15,452.51
ORD004345,C04015,P0302,2024-05-24,7,1312.37,149,0,standard,True,5,1461.37
ORD004346,C02962,P0101,2024-06-01,4,1960.88,99,50,standard,True,7,2009.88
ORD004347,C04840,P0379,2024-05-01,6,102.94,149,0,quick,False,17,251.94
ORD004348,C00912,P0162,2024-02-19,3,156.76,0,0,standard,False,8,156.76
ORD004349,C04149,P0413,2024-01-26,4,885.7,49,0,express,False,19,934.7
ORD004350,C04070,P0177,2024-07-20,4,287.49,99,50,standard,False,21,336.49
ORD004351,C03561,P0472,2024-10-19,4,1797.95,0,200,standard,True,14,1597.95
ORD004352,C00343,P0279,2024-10-08,1,869.6,149,50,standard,False,21,968.6
ORD004353,C01192,P0285,2024-09-08,4,420.53,0,0,quick,True,19,420.53
ORD004354,C01932,P0211,2024-03-19,4,474.64,99,0,quick,False,3,573.64
ORD004355,C00702,P0053,2024-01-28,6,920.82,99,50,standard,True,13,969.82
ORD004356,C01898,P0066,2024-07-03,9,205.36,0,0,express,False,4,205.36
ORD004357,C03593,P0031,2024-01-02,6,1603.38,99,0,standard,False,20,1702.38
ORD004358,C00198,P0250,2024-08-06,6,102.35,149,50,standard,False,0,201.35
ORD004359,C03232,P0007,2024-02-14,7,2801.5,0,100,quick,False,5,2701.5
ORD004360,C02822,P0498,2024-05-30,7,227.45,0,0,standard,False,4,227.45
ORD004361,C04484,P0433,2024-12-04,1,1047.66,149,0,quick,True,23,1196.66
ORD004362,C00473,P0430,2024-11-16,8,127.52,99,0,standard,True,21,226.51999999999998
ORD004363,C04860,P0214,2024-11-03,1,494.24,0,0,quick,False,7,494.24
ORD004364,C01654,P0045,2024-09-02,9,795.57,0,0,quick,False,5,795.57
ORD004365,C00591,P0079,2024-04-12,4,149.97,0,100,quick,False,16,49.97
ORD004366,C01848,P0034,2024-02-19,9,509.0,49,0,standard,False,23,558.0
ORD004367,C03041,P0188,2024-01-14,8,351.82,99,0,standard,True,22,450.82
ORD004368,C00167,P0088,2024-04-15,9,581.75,99,0,standard,False,17,680.75
ORD004369,C04379,P0334,2024-03-28,6,590.64,0,200,quick,False,6,390.64
ORD004370,C03270,P0434,2024-11-22,9,1175.74,0,100,standard,False,15,1075.74
ORD004371,C04007,P0446,2024-05-29,4,191.28,0,200,quick,True,15,-8.719999999999999
ORD004372,C04010,P0135,2024-02-11,3,159.44,0,0,standard,True,9,159.44
ORD004373,C04986,P0033,2024-08-30,3,458.79,0,100,standard,False,9,358.79
ORD004374,C03848,P0280,2024-02-29,8,1628.49,99,0,standard,True,21,1727.49
ORD004375,C02181,P0112,2024-06-06,2,1452.02,49,200,standard,False,3,1301.02
ORD004376,C01654,P0171,2024-07-22,6,673.68,0,100,express,False,18,573.68
ORD004377,C04217,P0338,2024-08-29,9,1636.33,149,100,quick,False,15,1685.33
ORD004378,C00832,P0042,2024-09-07,9,1244.56,49,0,quick,True,11,1293.56
ORD004379,C01021,P0381,2024-12-04,8,326.95,49,200,quick,True,21,175.95
ORD004380,C01993,P0433,2024-05-15,8,229.52,99,0,express,False,8,328.52
ORD004381,C03492,P0012,2024-02-16,1,349.83,99,50,standard,False,12,398.83
ORD004382,C00894,P0173,2024-11-24,7,279.34,149,0,quick,False,12,428.34
ORD004383,C01515,P0124,2024-10-05,1,781.34,49,100,express,False,22,730.34
ORD004384,C03670,P0331,2024-07-17,9,714.46,0,200,quick,False,3,514.46
ORD004385,C00288,P0206,2024-04-04,3,737.67,149,50,standard,False,14,836.67
ORD004386,C01076,P0342,2024-07-08,1,245.9,49,100,standard,False,13,194.89999999999998
ORD004387,C01371,P0436,2024-07-14,8,1197.69,0,200,quick,False,13,997.69
ORD004388,C01074,P0446,2024-07-08,7,496.95,149,200,standard,False,4,445.95000000000005
ORD004389,C04934,P0103,2024-04-05,2,546.66,0,50,quick,False,0,496.65999999999997
ORD004390,C02959,P0129,2024-08-16,7,4156.55,0,100,standard,True,9,4056.55
ORD004391,C00039,P0039,2024-01-23,5,331.17,0,50,quick,False,14,281.17
ORD004392,C04274,P0022,2024-05-14,7,449.77,0,0,quick,False,3,449.77
ORD004393,C03622,P0251,2024-08-13,7,888.91,0,0,standard,True,18,888.91
ORD004394,C00182,P0442,2024-08-26,2,1585.6,0,0,standard,False,12,1585.6
ORD004395,C01759,P0324,2024-05-14,2,193.9,0,0,quick,False,0,193.9
ORD004396,C01769,P0289,2024-04-25,7,1028.74,0,100,standard,True,18,928.74
ORD004397,C04800,P0201,2024-05-17,3,1852.12,0,50,standard,False,9,1802.12
ORD004398,C00496,P0154,2024-10-15,4,483.85,0,0,quick,True,1,483.85
ORD004399,C00596,P0054,2024-02-01,7,335.52,49,0,standard,False,20,384.52
ORD004400,C02508,P0105,2024-03-18,2,891.67,149,200,express,True,20,840.6700000000001
ORD004401,C03826,P0259,2024-12-22,2,296.72,0,0,express,False,21,296.72
ORD004402,C04569,P0451,2024-12-07,9,438.49,149,0,standard,True,19,587.49
ORD004403,C00684,P0199,2024-02-19,1,1689.53,149,0,quick,False,14,1838.53
ORD004404,C00318,P0325,2024-02-13,3,723.69,0,50,standard,True,1,673.69
ORD004405,C03626,P0216,2024-12-08,4,168.86,99,0,standard,False,11,267.86
ORD004406,C01435,P0410,2024-06-25,5,379.02,149,50,quick,False,4,478.02
ORD004407,C02403,P0046,2024-10-04,3,789.82,0,0,standard,True,14,789.82
ORD004408,C02664,P0369,2024-07-30,9,558.77,149,200,quick,True,23,507.77
ORD004409,C04324,P0116,2024-10-28,5,854.87,0,0,standard,True,14,854.87
ORD004410,C00728,P0373,2024-04-26,7,1102.2,99,50,standard,True,8,1151.2
ORD004411,C01287,P0423,2024-10-10,7,557.58,149,50,standard,True,0,656.58
ORD004412,C04001,P0211,2024-02-01,9,3136.37,99,100,quick,True,5,3135.37
ORD004413,C00560,P0154,2024-07-17,2,1821.89,99,50,standard,False,11,1870.89
ORD004414,C01375,P0262,2024-09-24,3,142.24,0,50,standard,False,16,92.24000000000001
ORD004415,C01465,P0150,2024-08-02,4,315.88,49,0,standard,False,16,364.88
ORD004416,C02506,P0211,2024-10-01,8,349.22,149,50,express,False,6,448.22
ORD004417,C03886,P0191,2024-12-17,1,241.59,149,100,standard,False,11,290.59000000000003
ORD004418,C00024,P0368,2024-08-31,9,360.79,49,200,quick,True,22,209.79000000000002
ORD004419,C01154,P0242,2024-10-20,5,486.15,0,100,standard,True,16,386.15
ORD004420,C04465,P0097,2024-04-30,4,136.05,0,200,quick,True,12,-63.94999999999999
ORD004421,C01459,P0028,2024-08-31,8,194.31,149,0,quick,False,16,343.31
ORD004422,C04706,P0188,2024-06-02,9,169.84,149,200,quick,False,2,118.84000000000003
ORD004423,C01220,P0171,2024-02-10,3,132.2,49,200,standard,True,5,-18.80000000000001
ORD004424,C02156,P0370,2024-07-21,4,558.77,99,100,standard,False,20,557.77
ORD004425,C03291,P0196,2024-12-31,1,383.32,0,0,express,True,4,383.32
ORD004426,C00719,P0154,2024-01-18,3,2017.19,149,0,standard,True,11,2166.19
ORD004427,C01105,P0139,2024-09-14,5,174.9,0,200,quick,True,20,-25.099999999999994
ORD004428,C03769,P0400,2024-10-19,8,1921.92,0,100,standard,False,23,1821.92
ORD004429,C02479,P0292,2024-09-21,1,162.37,49,0,standard,False,18,211.37
ORD004430,C01920,P0289,2024-10-19,1,774.87,0,0,standard,True,10,774.87
ORD004431,C03079,P0255,2024-12-12,3,298.26,0,100,quick,False,14,198.26
ORD004432,C04731,P0477,2024-11-13,9,1326.34,149,200,standard,False,22,1275.34
ORD004433,C03169,P0163,2024-03-16,9,143.41,149,0,quick,False,4,292.40999999999997
ORD004434,C03172,P0133,2024-03-02,1,2232.04,99,100,quick,False,8,2231.04
ORD004435,C03330,P0351,2024-08-17,4,132.89,0,100,quick,True,21,32.889999999999986
ORD004436,C04451,P0415,2024-03-29,8,292.13,49,100,standard,True,9,241.13
ORD004437,C02058,P0328,2024-03-26,2,535.78,0,200,standard,False,12,335.78
ORD004438,C03321,P0377,2024-04-18,4,1086.58,149,200,quick,False,2,1035.58
ORD004439,C01870,P0405,2024-04-08,7,2211.77,0,100,quick,False,20,2111.77
ORD004440,C03621,P0265,2024-03-05,7,490.08,0,0,standard,False,15,490.08
ORD004441,C01145,P0028,2024-01-22,5,1090.18,49,0,standard,False,12,1139.18
ORD004442,C03991,P0138,2024-08-04,7,1008.22,0,50,express,False,15,958.22
ORD004443,C03373,P0347,2024-02-10,6,691.68,49,100,standard,False,19,640.68
ORD004444,C00124,P0449,2024-12-15,2,920.91,49,100,quick,True,21,869.91
ORD004445,C00311,P0311,2024-08-10,9,126.17,149,200,express,False,5,75.17000000000002
ORD004446,C00774,P0084,2024-04-13,5,506.85,0,200,quick,False,18,306.85
ORD004447,C02920,P0248,2024-11-17,2,1177.79,149,50,standard,False,22,1276.79
ORD004448,C01831,P0350,2024-03-16,6,549.01,0,200,standard,False,16,349.01
ORD004449,C00693,P0313,2024-10-31,5,1546.28,0,200,express,False,21,1346.28
ORD004450,C01376,P0232,2024-05-12,2,1354.51,99,0,standard,False,16,1453.51
ORD004451,C00989,P0307,2024-06-12,7,1492.72,49,0,quick,False,8,1541.72
ORD004452,C02846,P0060,2024-02-04,2,196.48,49,0,quick,False,4,245.48
ORD004453,C01752,P0272,2024-02-14,7,294.93,49,100,quick,False,22,243.93
ORD004454,C02959,P0218,2024-07-17,6,120.03,49,0,express,False,10,169.03
ORD004455,C02453,P0285,2024-10-11,4,2943.02,0,50,express,False,18,2893.02
ORD004456,C03043,P0488,2024-07-22,4,287.56,49,0,standard,False,18,336.56
ORD004457,C01716,P0248,2024-10-09,6,419.2,0,200,quick,False,11,219.2
ORD004458,C01626,P0071,2024-06-15,9,324.04,0,50,quick,True,18,274.04
ORD004459,C03088,P0292,2024-05-21,6,127.42,0,50,express,False,19,77.42
ORD004460,C03331,P0388,2024-09-23,6,310.96,0,100,standard,True,12,210.95999999999998
ORD004461,C04028,P0409,2024-08-22,1,171.35,0,100,quick,False,2,71.35
ORD004462,C00889,P0197,2024-01-07,5,449.94,49,200,quick,False,1,298.94
ORD004463,C01378,P0079,2024-12-24,1,2483.15,0,0,quick,True,0,2483.15
ORD004464,C04584,P0384,2024-11-15,9,937.74,0,50,standard,False,23,887.74
ORD004465,C04275,P0136,2024-10-27,4,958.07,99,200,quick,False,5,857.0700000000002
ORD004466,C01707,P0212,2024-09-24,2,521.54,99,100,standard,False,7,520.54
ORD004467,C02364,P0326,2024-08-02,9,1266.33,0,100,quick,True,3,1166.33
ORD004468,C00231,P0106,2024-02-27,6,1771.34,0,0,quick,False,21,1771.34
ORD004469,C01812,P0447,2024-07-31,3,2379.88,0,50,quick,True,3,2329.88
ORD004470,C01612,P0206,2024-03-17,2,171.97,0,50,quick,False,15,121.97
ORD004471,C04426,P0151,2024-03-16,6,1581.11,149,200,standard,True,21,1530.11
ORD004472,C04656,P0132,2024-10-17,6,277.5,149,0,standard,False,15,426.5
ORD004473,C02996,P0434,2024-10-28,9,453.4,149,0,standard,False,10,602.4
ORD004474,C00247,P0165,2024-10-25,5,395.69,0,200,standard,False,7,195.69
ORD004475,C04378,P0412,2024-02-21,9,886.03,0,50,standard,True,23,836.03
ORD004476,C02079,P0429,2024-02-24,5,736.78,49,200,standard,True,7,585.78
ORD004477,C03741,P0179,2024-10-15,2,179.87,0,200,standard,False,3,-20.129999999999995
ORD004478,C04625,P0120,2024-02-21,1,1167.93,0,200,standard,True,5,967.9300000000001
ORD004479,C04476,P0173,2024-05-26,9,504.43,0,200,standard,True,23,304.43
ORD004480,C00062,P0330,2024-10-01,7,100.56,99,50,quick,True,12,149.56
ORD004481,C04223,P0067,2024-06-25,3,473.71,49,0,quick,True,13,522.71
ORD004482,C01551,P0186,2024-07-29,6,607.45,99,0,standard,False,2,706.45
ORD004483,C03005,P0137,2024-05-15,4,148.95,149,100,quick,True,1,197.95
ORD004484,C03322,P0353,2024-07-15,9,213.7,99,100,express,False,19,212.7
ORD004485,C00294,P0387,2024-12-01,2,3631.98,49,0,standard,False,8,3680.98
ORD004486,C04274,P0307,2024-09-05,4,1533.62,0,0,quick,True,3,1533.62
ORD004487,C04324,P0329,2024-10-19,1,199.17,99,200,quick,False,1,98.16999999999996
ORD004488,C00882,P0480,2024-11-07,7,706.77,0,100,quick,True,23,606.77
ORD004489,C00393,P0237,2024-08-30,4,432.77,99,200,quick,True,2,331.77
ORD004490,C02739,P0017,2024-01-20,5,648.29,0,0,quick,False,14,648.29
ORD004491,C03467,P0075,2024-03-29,1,544.12,149,0,quick,False,11,693.12
ORD004492,C04167,P0434,2024-05-21,2,133.54,49,50,standard,False,19,132.54
ORD004493,C04413,P0150,2024-07-25,4,364.27,0,0,quick,True,20,364.27
ORD004494,C03970,P0107,2024-03-14,2,192.89,49,50,standard,True,0,191.89
ORD004495,C04690,P0152,2024-11-12,1,568.93,99,0,quick,False,5,667.93
ORD004496,C04474,P0315,2024-11-07,1,1764.0,99,50,express,False,10,1813.0
ORD004497,C04231,P0036,2024-12-14,6,3886.69,149,0,quick,True,3,4035.69
ORD004498,C02777,P0451,2024-12-21,2,2119.85,0,200,standard,False,22,1919.85
ORD004499,C03692,P0332,2024-07-24,3,3072.11,0,0,standard,True,14,3072.11
ORD004500,C01401,P0145,2024-01-20,5,109.75,49,200,express,False,12,-41.25
ORD004501,C00905,P0125,2024-07-21,3,1014.1,0,0,quick,False,4,1014.1
ORD004502,C00529,P0284,2024-06-18,6,322.13,149,0,quick,False,20,471.13
ORD004503,C04618,P0107,2024-12-19,7,1503.95,49,200,express,True,18,1352.95
ORD004504,C03721,P0285,2024-05-01,6,1275.4,0,200,quick,False,17,1075.4
ORD004505,C00386,P0239,2024-01-26,2,484.76,0,200,express,True,6,284.76
ORD004506,C02621,P0374,2024-08-31,9,547.73,99,0,quick,False,6,646.73
ORD004507,C00572,P0101,2024-05-17,2,314.61,0,0,standard,False,8,314.61
ORD004508,C00643,P0219,2024-07-09,6,337.57,49,0,standard,False,15,386.57
ORD004509,C04071,P0006,2024-01-11,9,2879.78,0,100,standard,True,14,2779.78
ORD004510,C01292,P0215,2024-06-21,9,1636.83,0,200,standard,False,21,1436.83
ORD004511,C03595,P0168,2024-06-04,2,248.12,0,50,quick,True,9,198.12
ORD004512,C04642,P0073,2024-06-08,9,324.62,0,50,standard,False,7,274.62
ORD004513,C02485,P0292,2024-05-23,8,179.51,0,50,express,False,6,129.51
ORD004514,C00554,P0026,2024-09-08,7,3247.73,149,200,standard,False,23,3196.73
ORD004515,C02158,P0276,2024-12-22,8,1763.19,0,100,standard,False,5,1663.19
ORD004516,C03393,P0483,2024-12-16,8,661.23,0,100,express,True,13,561.23
ORD004517,C02574,P0042,2024-02-20,1,925.39,0,0,standard,False,16,925.39
ORD004518,C02224,P0306,2024-04-26,9,1063.68,49,100,standard,False,6,1012.6800000000001
ORD004519,C03609,P0092,2024-03-09,6,258.54,0,50,standard,True,2,208.54000000000002
ORD004520,C04719,P0070,2024-06-02,1,2008.77,149,50,standard,False,18,2107.77
ORD004521,C01988,P0268,2024-08-14,1,622.68,0,200,standard,False,0,422.67999999999995
ORD004522,C00943,P0108,2024-06-13,7,166.91,149,0,quick,False,20,315.90999999999997
ORD004523,C04568,P0180,2024-05-17,2,453.18,49,0,standard,False,21,502.18
ORD004524,C00993,P0214,2024-08-01,6,743.29,0,0,quick,False,3,743.29
ORD004525,C03459,P0446,2024-11-05,5,403.6,99,0,standard,False,6,502.6
ORD004526,C01121,P0113,2024-11-26,5,939.93,49,0,standard,False,1,988.93
ORD004527,C03446,P0184,2024-02-15,6,1595.25,99,100,quick,True,4,1594.25
ORD004528,C04265,P0408,2024-04-06,8,1133.56,0,0,quick,False,0,1133.56
ORD004529,C00055,P0124,2024-08-14,5,819.34,149,200,standard,False,11,768.34
ORD004530,C01756,P0104,2024-04-18,8,601.43,0,0,standard,False,13,601.43
ORD004531,C00657,P0236,2024-07-27,5,304.56,0,100,standard,True,18,204.56
ORD004532,C00259,P0140,2024-09-05,6,523.81,0,100,quick,False,17,423.80999999999995
ORD004533,C04736,P0292,2024-09-21,8,341.66,0,0,standard,False,2,341.66
ORD004534,C02609,P0157,2024-07-10,2,2001.92,149,100,standard,False,10,2050.92
ORD004535,C03909,P0473,2024-01-29,7,1763.96,149,50,express,False,5,1862.96
ORD004536,C00403,P0395,2024-09-20,3,217.58,149,50,express,False,21,316.58000000000004
ORD004537,C00794,P0448,2024-03-22,9,1309.62,99,50,standard,False,23,1358.62
ORD004538,C01561,P0273,2024-02-03,7,948.62,149,0,standard,False,23,1097.62
ORD004539,C01183,P0377,2024-06-08,3,2687.17,49,0,quick,True,20,2736.17
ORD004540,C02641,P0340,2024-12-29,8,534.63,0,0,standard,False,16,534.63
ORD004541,C02664,P0116,2024-09-16,2,995.53,0,200,standard,False,15,795.53
ORD004542,C04809,P0373,2024-07-25,8,609.7,99,100,standard,False,6,608.7
ORD004543,C03607,P0061,2024-03-10,7,149.35,99,50,standard,False,6,198.35
ORD004544,C01957,P0023,2024-09-25,5,132.53,0,0,standard,True,18,132.53
ORD004545,C02093,P0059,2024-10-18,4,190.16,0,0,quick,True,15,190.16
ORD004546,C01752,P0400,2024-01-15,1,344.87,0,100,standard,False,16,244.87
ORD004547,C04999,P0361,2024-03-29,4,308.94,149,0,express,True,11,457.94
ORD004548,C03562,P0315,2024-04-08,6,1011.21,149,50,quick,False,11,1110.21
ORD004549,C01694,P0264,2024-04-12,6,979.96,99,100,standard,True,19,978.96
ORD004550,C00855,P0179,2024-01-30,2,2586.91,0,0,standard,False,17,2586.91
ORD004551,C01295,P0231,2024-05-07,9,359.14,149,50,quick,True,4,458.14
ORD004552,C04755,P0475,2024-01-17,1,2050.56,0,200,standard,True,2,1850.56
ORD004553,C03621,P0142,2024-08-21,4,763.26,0,200,quick,True,14,563.26
ORD004554,C04206,P0332,2024-01-26,4,577.67,99,100,standard,False,13,576.67
ORD004555,C01038,P0411,2024-07-03,2,870.5,0,50,quick,True,20,820.5
ORD004556,C04596,P0244,2024-12-26,8,948.24,0,50,express,False,12,898.24
ORD004557,C04513,P0080,2024-04-11,2,231.06,49,50,standard,False,2,230.06
ORD004558,C04370,P0125,2024-05-20,2,1074.23,0,200,standard,False,18,874.23
ORD004559,C03447,P0136,2024-07-07,2,1003.13,0,100,standard,False,2,903.13
ORD004560,C03432,P0055,2024-08-25,1,4302.12,49,200,standard,False,4,4151.12
ORD004561,C03748,P0212,2024-09-15,5,1799.88,49,0,quick,False,16,1848.88
ORD004562,C02241,P0093,2024-07-22,4,906.87,0,0,standard,False,9,906.87
ORD004563,C03530,P0382,2024-11-21,2,971.24,149,200,standard,False,3,920.24
ORD004564,C04894,P0458,2024-03-04,1,2141.95,0,100,standard,False,3,2041.9499999999998
ORD004565,C01963,P0477,2024-12-14,1,2490.67,99,200,standard,False,15,2389.67
ORD004566,C03015,P0291,2024-01-16,2,1326.98,0,0,express,False,7,1326.98
ORD004567,C03567,P0127,2024-05-03,1,1119.89,0,0,quick,True,1,1119.89
ORD004568,C03870,P0439,2024-07-09,9,181.65,149,0,standard,True,19,330.65
ORD004569,C04864,P0216,2024-09-07,2,1340.7,99,0,express,True,17,1439.7
ORD004570,C01484,P0198,2024-10-31,3,303.37,99,0,quick,False,10,402.37
ORD004571,C04234,P0019,2024-08-16,9,679.73,49,50,quick,False,0,678.73
ORD004572,C04956,P0054,2024-03-31,5,462.87,0,0,standard,False,7,462.87
ORD004573,C02339,P0245,2024-08-30,8,395.83,49,0,standard,False,9,444.83
ORD004574,C00334,P0250,2024-10-27,7,359.0,49,200,standard,False,8,208.0
ORD004575,C01858,P0059,2024-10-09,6,1452.78,0,0,quick,True,12,1452.78
ORD004576,C01207,P0162,2024-06-28,2,1125.15,0,200,quick,False,22,925.1500000000001
ORD004577,C00924,P0201,2024-06-25,4,617.83,0,200,standard,False,11,417.83000000000004
ORD004578,C02945,P0226,2024-03-24,9,863.45,49,100,quick,False,2,812.45
ORD004579,C04439,P0128,2024-05-12,7,3017.1,149,0,standard,False,5,3166.1
ORD004580,C04752,P0461,2024-12-18,3,453.71,0,0,standard,False,9,453.71
ORD004581,C03585,P0044,2024-02-16,6,659.67,0,0,standard,True,2,659.67
ORD004582,C04356,P0196,2024-05-25,8,632.78,99,0,standard,False,17,731.78
ORD004583,C04027,P0423,2024-01-15,8,2022.91,49,0,quick,True,18,2071.91
ORD004584,C04264,P0491,2024-07-16,8,402.23,0,0,quick,True,7,402.23
ORD004585,C04755,P0165,2024-01-26,8,3099.94,49,200,standard,False,16,2948.94
ORD004586,C04295,P0246,2024-03-24,6,353.39,0,200,standard,False,19,153.39
ORD004587,C04677,P0225,2024-10-19,3,179.71,0,0,quick,False,16,179.71
ORD004588,C04661,P0279,2024-04-19,9,247.69,99,200,quick,False,9,146.69
ORD004589,C03842,P0259,2024-04-23,3,487.86,99,0,standard,False,12,586.86
ORD004590,C02398,P0346,2024-11-27,4,833.39,49,50,express,False,19,832.39
ORD004591,C00027,P0196,2024-04-25,1,608.16,0,200,standard,False,1,408.15999999999997
ORD004592,C03950,P0106,2024-12-12,2,429.44,49,0,quick,True,17,478.44
ORD004593,C01898,P0268,2024-04-15,6,676.93,149,100,quick,True,22,725.93
ORD004594,C04727,P0231,2024-05-17,1,1376.6,0,0,express,False,3,1376.6
ORD004595,C02427,P0404,2024-11-29,9,1377.15,99,0,standard,False,18,1476.15
ORD004596,C01625,P0100,2024-07-28,8,1005.82,99,100,quick,False,15,1004.8200000000002
ORD004597,C02575,P0159,2024-09-19,2,2231.16,0,0,quick,False,8,2231.16
ORD004598,C02036,P0421,2024-01-11,2,723.47,49,200,express,False,20,572.47
ORD004599,C01310,P0094,2024-12-15,8,104.38,99,0,quick,False,0,203.38
ORD004600,C03355,P0415,2024-01-05,8,339.66,0,200,standard,True,1,139.66000000000003
ORD004601,C03720,P0206,2024-08-30,1,377.48,49,100,express,False,10,326.48
ORD004602,C04902,P0312,2024-03-08,5,653.81,0,100,quick,True,13,553.81
ORD004603,C02274,P0431,2024-11-27,2,1745.9,149,200,standard,True,8,1694.9
ORD004604,C02074,P0413,2024-03-29,1,1373.61,149,200,standard,True,6,1322.61
ORD004605,C00088,P0234,2024-11-03,3,283.93,149,100,express,True,10,332.93
ORD004606,C03804,P0326,2024-01-05,3,611.89,0,0,quick,False,1,611.89
ORD004607,C00121,P0421,2024-04-24,9,852.42,0,200,standard,False,4,652.42
ORD004608,C04961,P0478,2024-05-09,1,3167.07,149,50,standard,True,6,3266.07
ORD004609,C00032,P0427,2024-11-07,2,121.26,99,50,standard,False,17,170.26
ORD004610,C04698,P0153,2024-06-05,9,535.37,0,200,standard,False,23,335.37
ORD004611,C00695,P0099,2024-12-30,5,3201.36,0,0,express,False,10,3201.36
ORD004612,C03841,P0237,2024-12-29,9,2745.87,0,100,standard,False,21,2645.87
ORD004613,C00524,P0106,2024-11-25,6,380.09,99,0,quick,False,1,479.09
ORD004614,C00246,P0345,2024-05-20,3,99.01,0,50,standard,False,7,49.010000000000005
ORD004615,C03926,P0363,2024-08-04,8,717.57,0,50,quick,True,15,667.57
ORD004616,C03101,P0129,2024-07-11,9,1510.86,0,0,standard,False,2,1510.86
ORD004617,C02096,P0298,2024-06-27,2,373.4,149,200,standard,False,18,322.4
ORD004618,C01962,P0492,2024-08-23,9,2004.54,0,0,quick,True,19,2004.54
ORD004619,C02959,P0042,2024-05-09,4,382.16,149,0,quick,False,22,531.1600000000001
ORD004620,C02227,P0062,2024-04-21,8,758.49,99,200,standard,True,1,657.49
ORD004621,C01393,P0072,2024-08-26,5,995.21,49,50,quick,False,11,994.21
ORD004622,C01907,P0185,2024-06-03,6,395.63,49,50,standard,True,2,394.63
ORD004623,C02023,P0116,2024-12-12,4,402.93,0,100,standard,False,13,302.93
ORD004624,C04833,P0303,2024-09-23,5,543.41,149,0,standard,False,19,692.41
ORD004625,C02478,P0004,2024-11-15,1,1361.22,0,50,quick,True,23,1311.22
ORD004626,C04459,P0474,2024-07-22,3,173.41,49,0,standard,False,19,222.41
ORD004627,C00981,P0075,2024-10-26,4,797.78,0,50,express,False,2,747.78
ORD004628,C03223,P0290,2024-02-22,1,890.83,0,0,quick,False,17,890.83
ORD004629,C00226,P0348,2024-01-04,3,670.31,149,0,standard,True,15,819.31
ORD004630,C01266,P0399,2024-09-18,4,2021.45,0,200,quick,True,4,1821.45
ORD004631,C02057,P0082,2024-12-05,9,743.9,49,200,standard,False,8,592.9
ORD004632,C02251,P0432,2024-07-10,3,803.69,0,50,standard,True,23,753.69
ORD004633,C02941,P0059,2024-10-14,3,739.98,49,50,standard,True,1,738.98
ORD004634,C00156,P0106,2024-11-27,4,995.14,0,0,standard,False,3,995.14
ORD004635,C02073,P0116,2024-10-31,9,200.85,149,200,standard,False,1,149.85000000000002
ORD004636,C04063,P0306,2024-11-07,9,1671.85,0,50,standard,False,15,1621.85
ORD004637,C00760,P0382,2024-05-24,1,129.4,0,200,quick,True,16,-70.6
ORD004638,C00773,P0346,2024-06-01,8,815.6,0,0,standard,False,7,815.6
ORD004639,C01552,P0081,2024-12-16,1,768.03,0,0,quick,False,20,768.03
ORD004640,C00957,P0314,2024-02-25,2,262.34,0,200,express,False,11,62.339999999999975
ORD004641,C00253,P0319,2024-09-03,5,128.09,99,50,quick,True,13,177.09
ORD004642,C01569,P0360,2024-02-02,6,203.63,149,0,quick,False,15,352.63
ORD004643,C03218,P0140,2024-06-21,2,320.9,0,100,express,False,9,220.89999999999998
ORD004644,C04213,P0221,2024-05-21,5,1595.58,149,0,standard,False,7,1744.58
ORD004645,C03236,P0409,2024-11-23,3,1454.27,0,0,standard,True,0,1454.27
ORD004646,C04645,P0069,2024-06-15,7,145.19,149,0,quick,False,1,294.19
ORD004647,C04965,P0386,2024-05-21,1,338.02,49,200,standard,True,0,187.01999999999998
ORD004648,C00807,P0470,2024-05-13,5,1639.75,0,200,standard,False,6,1439.75
ORD004649,C04916,P0011,2024-12-01,3,288.04,99,50,standard,True,17,337.04
ORD004650,C01781,P0296,2024-12-30,2,3957.98,99,50,express,False,19,4006.98
ORD004651,C01221,P0104,2024-11-29,3,306.79,0,0,standard,False,12,306.79
ORD004652,C03663,P0206,2024-06-01,4,1039.57,0,0,quick,False,21,1039.57
ORD004653,C03200,P0064,2024-04-06,2,476.77,149,0,standard,False,21,625.77
ORD004654,C00879,P0062,2024-03-17,2,201.53,149,200,express,False,23,150.52999999999997
ORD004655,C00000,P0177,2024-09-21,3,305.21,49,200,standard,False,0,154.20999999999998
ORD004656,C00166,P0430,2024-05-03,2,886.01,149,100,express,False,17,935.01
ORD004657,C02063,P0007,2024-01-30,6,386.75,0,100,standard,False,15,286.75
ORD004658,C02704,P0158,2024-11-03,2,747.67,99,100,standard,True,1,746.67
ORD004659,C00111,P0010,2024-07-25,1,260.06,49,50,quick,True,12,259.06
ORD004660,C03439,P0272,2024-12-04,8,515.68,0,200,standard,False,12,315.67999999999995
ORD004661,C01125,P0410,2024-06-12,4,601.56,49,0,quick,False,22,650.56
ORD004662,C02641,P0379,2024-12-14,2,471.65,49,0,standard,False,4,520.65
ORD004663,C01429,P0094,2024-03-12,4,253.38,149,100,standard,False,13,302.38
ORD004664,C02043,P0154,2024-01-14,2,532.35,149,50,express,False,22,631.35
ORD004665,C04602,P0205,2024-12-01,5,925.41,0,50,express,False,13,875.41
ORD004666,C01634,P0114,2024-09-11,7,2443.8,0,100,express,False,17,2343.8
ORD004667,C00670,P0378,2024-05-31,6,1189.86,149,0,quick,True,4,1338.86
ORD004668,C03111,P0086,2024-05-12,2,222.27,0,50,express,True,3,172.27
ORD004669,C01690,P0311,2024-08-02,4,321.89,149,0,express,False,14,470.89
ORD004670,C03957,P0196,2024-07-26,8,156.47,99,100,standard,False,3,155.47
ORD004671,C00964,P0349,2024-07-17,7,201.04,49,0,standard,False,19,250.04
ORD004672,C00280,P0097,2024-01-19,7,301.02,99,0,standard,False,11,400.02
ORD004673,C04446,P0430,2024-10-25,4,254.79,49,200,standard,True,11,103.78999999999996
ORD004674,C01966,P0018,2024-12-28,1,267.25,0,0,quick,True,6,267.25
ORD004675,C02808,P0312,2024-10-19,7,282.66,0,0,express,True,10,282.66
ORD004676,C01964,P0414,2024-04-07,6,349.35,0,200,standard,True,13,149.35000000000002
ORD004677,C04823,P0015,2024-06-24,8,192.94,49,50,standard,True,1,191.94
ORD004678,C03390,P0044,2024-12-31,5,326.85,0,0,standard,False,7,326.85
ORD004679,C00822,P0154,2024-04-23,8,915.25,0,0,quick,False,7,915.25
ORD004680,C01437,P0444,2024-12-17,8,287.8,0,50,express,True,2,237.8
ORD004681,C02061,P0409,2024-09-30,9,230.98,99,0,standard,False,18,329.98
ORD004682,C03865,P0230,2024-11-22,1,148.07,0,100,standard,False,0,48.06999999999999
ORD004683,C04294,P0156,2024-08-31,3,584.16,49,0,quick,True,7,633.16
ORD004684,C04773,P0112,2024-12-09,6,1390.54,99,200,standard,True,13,1289.54
ORD004685,C04036,P0498,2024-07-02,4,141.58,49,200,quick,False,23,-9.419999999999987
ORD004686,C01464,P0376,2024-09-16,8,646.12,149,0,standard,False,17,795.12
ORD004687,C00077,P0358,2024-06-02,1,835.11,149,100,express,False,18,884.11
ORD004688,C02159,P0382,2024-03-28,5,727.33,99,0,express,True,1,826.33
ORD004689,C04630,P0043,2024-12-02,4,1569.46,0,50,quick,False,0,1519.46
ORD004690,C03187,P0364,2024-10-12,1,1508.01,99,50,quick,False,23,1557.01
ORD004691,C01165,P0412,2024-04-02,6,140.31,0,0,standard,False,7,140.31
ORD004692,C00789,P0364,2024-05-30,3,412.43,49,200,standard,False,1,261.43
ORD004693,C01563,P0109,2024-02-19,5,876.83,0,0,express,False,2,876.83
ORD004694,C01322,P0110,2024-08-29,6,2231.1,49,0,standard,True,1,2280.1
ORD004695,C01502,P0222,2024-03-06,4,1242.2,0,200,standard,False,4,1042.2
ORD004696,C01491,P0385,2024-05-12,6,235.01,149,0,quick,True,14,384.01
ORD004697,C01659,P0389,2024-10-13,7,328.18,0,200,standard,True,5,128.18
ORD004698,C01315,P0264,2024-04-03,2,1108.54,0,100,express,False,9,1008.54
ORD004699,C03062,P0270,2024-12-14,7,545.37,49,0,standard,False,1,594.37
ORD004700,C00124,P0211,2024-06-20,7,653.77,49,200,quick,False,10,502.77
ORD004701,C03062,P0495,2024-12-01,2,756.3,49,100,standard,False,11,705.3
ORD004702,C00518,P0313,2024-02-15,3,175.32,99,200,quick,False,19,74.32
ORD004703,C02070,P0257,2024-04-23,3,1455.37,49,100,quick,False,20,1404.37
ORD004704,C04257,P0386,2024-06-30,1,1491.13,99,100,quick,False,7,1490.13
ORD004705,C02676,P0246,2024-04-24,1,541.09,0,100,standard,True,9,441.09000000000003
ORD004706,C02553,P0435,2024-06-06,6,789.03,0,0,express,False,4,789.03
ORD004707,C04977,P0054,2024-08-03,9,853.97,0,200,quick,False,19,653.97
ORD004708,C03935,P0308,2024-06-18,9,246.27,0,200,standard,False,12,46.27000000000001
ORD004709,C01044,P0349,2024-07-09,1,182.61,99,200,quick,False,15,81.61000000000001
ORD004710,C01787,P0071,2024-05-13,7,113.62,99,100,express,False,21,112.62
ORD004711,C03535,P0295,2024-10-26,6,1807.34,0,0,standard,False,3,1807.34
ORD004712,C04578,P0212,2024-05-30,4,395.95,0,0,quick,True,21,395.95
ORD004713,C01966,P0294,2024-08-25,3,161.82,149,200,quick,False,2,110.82
ORD004714,C02356,P0170,2024-03-01,9,537.89,0,0,quick,True,2,537.89
ORD004715,C04969,P0245,2024-08-28,5,154.05,49,0,quick,True,8,203.05
ORD004716,C02250,P0140,2024-01-28,8,161.37,49,0,standard,False,17,210.37
ORD004717,C03487,P0103,2024-11-20,4,568.81,0,100,standard,False,6,468.80999999999995
ORD004718,C00141,P0104,2024-10-25,4,596.68,99,200,express,True,15,495.67999999999995
ORD004719,C01003,P0239,2024-10-24,6,706.49,0,200,standard,True,22,506.49
ORD004720,C02154,P0420,2024-11-13,6,846.61,0,50,quick,True,23,796.61
ORD004721,C02014,P0310,2024-02-06,3,871.4,149,50,express,False,11,970.4
ORD004722,C04624,P0415,2024-08-29,2,496.17,0,0,standard,False,7,496.17
ORD004723,C03608,P0397,2024-04-09,9,821.06,0,200,quick,False,14,621.06
ORD004724,C00968,P0320,2024-09-13,2,353.43,0,0,standard,False,22,353.43
ORD004725,C03925,P0410,2024-03-02,9,506.51,0,100,standard,False,9,406.51
ORD004726,C03958,P0279,2024-12-14,8,448.84,0,200,quick,False,11,248.83999999999997
ORD004727,C02735,P0370,2024-07-14,7,378.41,49,100,quick,False,17,327.41
ORD004728,C00804,P0368,2024-09-28,5,289.79,0,100,standard,True,9,189.79000000000002
ORD004729,C01334,P0021,2024-06-01,3,156.2,149,200,standard,True,20,105.19999999999999
ORD004730,C03984,P0077,2024-07-30,2,592.53,0,0,quick,False,7,592.53
ORD004731,C00667,P0300,2024-01-28,8,638.46,149,50,standard,True,16,737.46
ORD004732,C00384,P0391,2024-03-18,2,385.79,0,0,standard,True,8,385.79
ORD004733,C03124,P0474,2024-03-11,8,2705.25,0,50,quick,False,10,2655.25
ORD004734,C01608,P0194,2024-04-12,5,668.87,0,0,quick,False,22,668.87
ORD004735,C03254,P0319,2024-06-24,9,1637.82,0,50,express,False,17,1587.82
ORD004736,C03440,P0352,2024-07-28,4,689.92,0,200,standard,True,16,489.91999999999996
ORD004737,C02748,P0370,2024-10-18,8,246.43,0,50,standard,True,3,196.43
ORD004738,C00012,P0430,2024-08-22,7,2670.73,99,0,quick,False,1,2769.73
ORD004739,C03007,P0020,2024-03-14,8,1615.02,0,50,express,False,11,1565.02
ORD004740,C02207,P0159,2024-06-10,5,545.1,149,0,quick,False,13,694.1
ORD004741,C04167,P0231,2024-04-02,2,293.93,99,50,standard,False,22,342.93
ORD004742,C02145,P0360,2024-02-11,7,275.32,0,200,express,True,19,75.32
ORD004743,C01865,P0300,2024-09-06,3,1247.0,0,200,quick,True,15,1047.0
ORD004744,C00100,P0043,2024-06-19,2,149.14,0,100,standard,True,8,49.139999999999986
ORD004745,C04079,P0296,2024-11-19,3,810.39,149,0,express,False,2,959.39
ORD004746,C04376,P0351,2024-03-31,4,814.42,49,0,standard,True,6,863.42
ORD004747,C04978,P0179,2024-06-09,7,240.01,0,50,express,False,4,190.01
ORD004748,C01312,P0471,2024-11-20,1,953.34,0,50,quick,False,16,903.34
ORD004749,C02796,P0394,2024-01-30,6,954.51,99,200,quick,False,7,853.51
ORD004750,C04704,P0100,2024-01-03,6,400.58,0,100,standard,False,9,300.58
ORD004751,C00449,P0114,2024-08-19,8,561.31,0,0,standard,False,23,561.31
ORD004752,C03439,P0212,2024-05-20,2,1350.84,0,50,standard,False,17,1300.84
ORD004753,C03501,P0017,2024-04-17,2,617.39,99,0,standard,True,6,716.39
ORD004754,C03167,P0394,2024-03-27,1,772.92,0,50,standard,False,3,722.92
ORD004755,C00120,P0026,2024-10-22,3,471.64,149,100,standard,False,11,520.64
ORD004756,C03437,P0426,2024-03-22,7,212.43,99,0,quick,True,23,311.43
ORD004757,C03856,P0357,2024-09-07,8,4472.94,149,100,standard,False,4,4521.94
ORD004758,C01075,P0448,2024-02-15,7,629.81,149,0,standard,False,1,778.81
ORD004759,C04413,P0437,2024-03-07,9,386.1,99,50,standard,False,7,435.1
ORD004760,C02722,P0284,2024-11-10,8,974.71,99,100,standard,False,22,973.71
ORD004761,C00701,P0148,2024-08-10,8,777.82,49,200,express,False,14,626.82
ORD004762,C03348,P0284,2024-11-20,2,284.6,149,0,standard,False,20,433.6
ORD004763,C03668,P0136,2024-08-07,1,1565.48,0,100,quick,True,14,1465.48
ORD004764,C03265,P0188,2024-07-25,6,150.48,49,100,standard,False,3,99.47999999999999
ORD004765,C00020,P0189,2024-08-07,7,750.45,149,0,standard,False,0,899.45
ORD004766,C02446,P0198,2024-09-01,6,553.91,0,0,express,False,15,553.91
ORD004767,C02249,P0101,2024-07-15,7,367.11,0,50,express,False,1,317.11
ORD004768,C02513,P0478,2024-01-03,8,1324.62,0,200,quick,False,8,1124.62
ORD004769,C03222,P0090,2024-01-20,2,846.54,149,200,quick,False,8,795.54
ORD004770,C04991,P0489,2024-09-30,1,1096.52,0,100,quick,False,18,996.52
ORD004771,C01182,P0223,2024-04-12,8,473.89,0,100,quick,False,12,373.89
ORD004772,C02357,P0004,2024-07-10,8,2096.94,99,100,express,False,9,2095.94
ORD004773,C02551,P0352,2024-01-08,8,394.89,149,0,standard,True,2,543.89
ORD004774,C02073,P0014,2024-06-13,7,629.07,149,50,quick,False,1,728.07
ORD004775,C00065,P0440,2024-09-28,2,1997.97,0,50,quick,True,8,1947.97
ORD004776,C04358,P0004,2024-04-07,4,159.8,0,0,standard,False,19,159.8
ORD004777,C00471,P0403,2024-01-10,9,179.64,149,100,quick,True,12,228.64
ORD004778,C02214,P0229,2024-12-12,8,3702.45,99,100,standard,False,15,3701.45
ORD004779,C03225,P0356,2024-01-03,4,2586.83,0,0,quick,False,0,2586.83
ORD004780,C00342,P0336,2024-11-16,8,1132.97,0,100,standard,False,12,1032.97
ORD004781,C00717,P0113,2024-05-07,6,562.41,0,100,quick,True,12,462.40999999999997
ORD004782,C02460,P0003,2024-04-25,9,592.74,0,50,standard,False,14,542.74
ORD004783,C03736,P0183,2024-12-21,1,307.14,0,100,standard,False,1,207.14
ORD004784,C03255,P0212,2024-06-25,6,495.85,49,0,standard,True,7,544.85
ORD004785,C03265,P0246,2024-06-08,4,494.14,99,0,quick,False,6,593.14
ORD004786,C04089,P0033,2024-03-07,3,124.73,0,200,quick,True,12,-75.27
ORD004787,C02530,P0295,2024-02-22,5,521.52,49,200,standard,False,5,370.52
ORD004788,C03632,P0452,2024-07-15,8,556.47,0,0,standard,True,21,556.47
ORD004789,C01055,P0195,2024-09-14,6,866.18,0,0,standard,True,13,866.18
ORD004790,C00014,P0405,2024-10-28,1,607.62,49,0,express,False,17,656.62
ORD004791,C03389,P0126,2024-06-05,6,1483.74,49,50,standard,True,1,1482.74
ORD004792,C03314,P0141,2024-03-26,7,419.72,0,200,standard,False,21,219.72000000000003
ORD004793,C00016,P0451,2024-02-03,6,468.01,0,0,standard,False,9,468.01
ORD004794,C02581,P0135,2024-01-24,3,692.2,0,50,quick,False,1,642.2
ORD004795,C01779,P0127,2024-06-01,9,257.59,99,50,express,True,17,306.59
ORD004796,C01949,P0322,2024-05-28,4,449.03,0,200,standard,False,11,249.02999999999997
ORD004797,C00080,P0173,2024-08-21,5,910.23,0,50,standard,False,0,860.23
ORD004798,C03079,P0412,2024-09-23,5,470.49,49,200,standard,False,19,319.49
ORD004799,C01018,P0217,2024-11-01,3,1758.73,0,0,express,True,10,1758.73
ORD004800,C00779,P0113,2024-09-25,2,767.7,0,0,standard,False,8,767.7
ORD004801,C01824,P0374,2024-06-21,8,215.87,0,200,quick,False,18,15.870000000000005
ORD004802,C03864,P0349,2024-08-10,7,566.84,49,100,express,False,6,515.84
ORD004803,C02469,P0011,2024-12-17,5,1112.06,149,100,quick,False,0,1161.06
ORD004804,C02513,P0462,2024-03-09,1,820.69,0,0,standard,False,10,820.69
ORD004805,C02130,P0243,2024-06-24,1,1614.58,0,100,standard,False,23,1514.58
ORD004806,C00324,P0051,2024-09-07,8,1069.36,0,0,standard,False,19,1069.36
ORD004807,C03490,P0185,2024-07-02,4,143.52,99,200,quick,False,13,42.52000000000001
ORD004808,C00676,P0232,2024-04-06,4,182.55,0,200,quick,False,13,-17.44999999999999
ORD004809,C02011,P0001,2024-03-25,9,833.37,149,200,quick,False,23,782.37
ORD004810,C04888,P0000,2024-07-25,2,289.64,49,0,standard,True,23,338.64
ORD004811,C03616,P0238,2024-01-10,5,719.43,49,50,standard,False,1,718.43
ORD004812,C03133,P0054,2024-04-26,6,1198.88,99,0,express,False,3,1297.88
ORD004813,C02704,P0494,2024-04-24,6,701.15,0,50,quick,False,17,651.15
ORD004814,C01194,P0219,2024-03-08,3,474.89,149,0,quick,False,12,623.89
ORD004815,C03075,P0103,2024-04-18,6,826.46,49,0,standard,True,23,875.46
ORD004816,C00904,P0354,2024-01-12,5,207.53,49,50,standard,False,21,206.52999999999997
ORD004817,C04597,P0417,2024-10-28,8,998.14,49,50,standard,False,9,997.1399999999999
ORD004818,C04894,P0447,2024-09-15,4,934.87,49,100,quick,False,17,883.87
ORD004819,C02904,P0323,2024-03-27,3,604.66,0,50,standard,False,14,554.66
ORD004820,C03300,P0337,2024-03-04,6,327.8,0,50,standard,True,13,277.8
ORD004821,C01123,P0395,2024-07-06,9,1217.13,0,200,express,False,18,1017.1300000000001
ORD004822,C04316,P0305,2024-12-30,8,599.13,49,0,quick,False,23,648.13
ORD004823,C03057,P0276,2024-11-29,8,141.7,149,50,express,True,18,240.7
ORD004824,C02270,P0009,2024-01-20,3,1854.97,0,200,standard,False,16,1654.97
ORD004825,C02724,P0340,2024-07-11,1,1120.86,0,50,quick,False,8,1070.86
ORD004826,C02258,P0103,2024-11-23,3,714.31,99,100,quick,False,5,713.31
ORD004827,C03862,P0344,2024-05-10,3,500.92,0,50,standard,False,12,450.92
ORD004828,C00930,P0369,2024-09-30,6,2350.46,0,50,quick,False,14,2300.46
ORD004829,C03646,P0464,2024-11-15,3,1143.22,0,200,standard,False,23,943.22
ORD004830,C04981,P0370,2024-01-25,2,634.99,0,50,quick,True,7,584.99
ORD004831,C04357,P0197,2024-10-31,9,840.21,149,200,standard,False,4,789.21
ORD004832,C01271,P0013,2024-01-25,6,329.68,0,0,quick,False,0,329.68
ORD004833,C03812,P0484,2024-12-04,5,251.46,99,200,quick,True,8,150.46000000000004
ORD004834,C00797,P0167,2024-02-25,3,322.49,49,0,standard,True,21,371.49
ORD004835,C03134,P0359,2024-11-30,7,341.84,99,50,standard,False,8,390.84
ORD004836,C03463,P0337,2024-01-11,7,1041.25,49,0,standard,False,2,1090.25
ORD004837,C02587,P0029,2024-01-25,4,204.63,0,0,standard,False,7,204.63
ORD004838,C00416,P0456,2024-12-19,2,1151.25,0,0,standard,True,17,1151.25
ORD004839,C04133,P0013,2024-02-29,2,617.75,0,200,express,False,9,417.75
ORD004840,C02355,P0237,2024-08-01,8,438.81,99,100,express,True,10,437.80999999999995
ORD004841,C04941,P0435,2024-08-15,4,349.07,0,50,standard,False,18,299.07
ORD004842,C00897,P0365,2024-07-13,7,602.93,0,0,quick,False,12,602.93
ORD004843,C00052,P0400,2024-03-04,3,366.41,149,100,quick,False,1,415.4100000000001
ORD004844,C00605,P0061,2024-10-07,9,491.81,49,200,express,True,19,340.80999999999995
ORD004845,C03677,P0481,2024-05-09,9,1039.31,0,0,standard,True,8,1039.31
ORD004846,C04547,P0109,2024-08-30,7,787.45,149,50,standard,False,11,886.45
ORD004847,C00460,P0405,2024-12-25,7,1063.78,99,0,standard,False,8,1162.78
ORD004848,C00774,P0308,2024-03-19,1,972.73,149,50,standard,True,21,1071.73
ORD004849,C04030,P0159,2024-04-15,8,1280.45,0,0,quick,False,8,1280.45
ORD004850,C03327,P0331,2024-12-21,2,256.68,49,100,express,False,20,205.68
ORD004851,C03322,P0054,2024-12-17,8,3825.26,49,200,quick,False,19,3674.26
ORD004852,C02694,P0248,2024-11-18,2,551.08,149,50,standard,True,0,650.08
ORD004853,C03518,P0463,2024-01-05,1,985.67,49,0,standard,False,3,1034.67
ORD004854,C00484,P0255,2024-06-03,8,891.7,49,200,standard,False,9,740.7
ORD004855,C04187,P0021,2024-08-03,4,683.54,0,50,standard,True,18,633.54
ORD004856,C01187,P0421,2024-12-04,6,3932.58,0,0,quick,False,21,3932.58
ORD004857,C03727,P0433,2024-02-21,1,270.52,149,200,quick,False,10,219.51999999999998
ORD004858,C03996,P0102,2024-12-05,9,482.4,99,0,quick,True,8,581.4
ORD004859,C02992,P0449,2024-09-23,7,194.66,149,100,standard,True,5,243.65999999999997
ORD004860,C01709,P0300,2024-05-18,5,239.48,149,100,express,False,14,288.48
ORD004861,C01989,P0374,2024-11-14,6,972.7,0,0,quick,False,14,972.7
ORD004862,C04273,P0263,2024-11-06,3,102.4,149,100,quick,False,0,151.4
ORD004863,C04345,P0235,2024-12-24,9,1642.95,149,100,quick,False,14,1691.95
ORD004864,C04860,P0320,2024-03-11,2,801.03,0,50,standard,True,0,751.03
ORD004865,C03638,P0232,2024-08-02,1,506.01,0,0,standard,False,14,506.01
ORD004866,C02714,P0167,2024-02-23,1,380.76,99,0,quick,False,1,479.76
ORD004867,C04186,P0232,2024-09-18,2,193.49,0,0,quick,False,11,193.49
ORD004868,C00338,P0004,2024-11-12,6,1880.82,149,100,standard,True,15,1929.82
ORD004869,C01661,P0044,2024-03-01,6,971.14,149,0,quick,False,20,1120.1399999999999
ORD004870,C04264,P0045,2024-05-24,9,386.05,149,200,standard,False,17,335.04999999999995
ORD004871,C03694,P0163,2024-02-28,4,150.5,49,0,standard,False,6,199.5
ORD004872,C04875,P0400,2024-02-24,8,374.84,149,0,standard,True,13,523.8399999999999
ORD004873,C00169,P0168,2024-09-11,4,241.88,0,0,express,False,1,241.88
ORD004874,C04233,P0413,2024-04-11,3,1179.14,49,50,quick,True,18,1178.14
ORD004875,C03099,P0435,2024-11-07,4,989.07,0,0,standard,True,2,989.07
ORD004876,C04614,P0334,2024-04-12,1,581.63,149,0,standard,False,8,730.63
ORD004877,C03012,P0403,2024-05-14,9,1618.11,0,50,quick,False,19,1568.11
ORD004878,C02610,P0163,2024-09-24,5,238.5,149,0,standard,False,17,387.5
ORD004879,C02473,P0255,2024-04-13,7,519.99,0,50,quick,True,10,469.99
ORD004880,C03761,P0065,2024-07-02,3,967.01,149,50,quick,False,2,1066.01
ORD004881,C02688,P0428,2024-12-26,5,148.15,0,100,standard,False,14,48.150000000000006
ORD004882,C04804,P0259,2024-07-28,4,425.41,0,0,standard,False,5,425.41
ORD004883,C01290,P0433,2024-05-31,7,692.49,0,200,quick,True,8,492.49
ORD004884,C02035,P0087,2024-03-23,5,418.88,49,100,standard,True,8,367.88
ORD004885,C00106,P0239,2024-01-21,2,557.02,99,0,standard,False,8,656.02
ORD004886,C02607,P0310,2024-10-07,3,754.76,99,0,express,False,15,853.76
ORD004887,C02185,P0058,2024-09-11,8,420.64,0,0,quick,True,4,420.64
ORD004888,C01688,P0169,2024-04-16,3,177.45,99,0,standard,False,7,276.45
ORD004889,C00005,P0257,2024-12-18,7,204.12,149,0,standard,True,20,353.12
ORD004890,C00522,P0045,2024-09-03,5,623.07,49,0,standard,False,5,672.07
ORD004891,C03343,P0001,2024-06-18,7,233.44,0,200,standard,False,4,33.44
ORD004892,C03895,P0433,2024-04-30,9,1643.03,0,0,standard,True,19,1643.03
ORD004893,C00065,P0128,2024-01-02,7,1356.82,0,50,standard,False,20,1306.82
ORD004894,C03410,P0268,2024-01-07,6,399.51,99,0,quick,False,1,498.51
ORD004895,C02981,P0325,2024-12-09,1,1343.45,149,0,standard,True,7,1492.45
ORD004896,C04593,P0277,2024-02-15,4,632.28,49,0,quick,False,3,681.28
ORD004897,C02815,P0016,2024-02-26,8,220.26,99,0,express,True,20,319.26
ORD004898,C02017,P0186,2024-10-20,1,765.73,49,100,standard,False,1,714.73
ORD004899,C01742,P0496,2024-12-08,6,895.4,0,0,quick,False,5,895.4
ORD004900,C03509,P0341,2024-09-09,2,160.33,149,200,standard,False,21,109.33000000000004
ORD004901,C04081,P0490,2024-03-17,9,363.28,99,200,quick,False,16,262.28
ORD004902,C03534,P0325,2024-02-16,8,102.78,0,50,standard,True,14,52.78
ORD004903,C02782,P0115,2024-09-18,9,365.3,0,50,quick,True,18,315.3
ORD004904,C00362,P0258,2024-02-08,9,385.05,149,200,quick,True,10,334.04999999999995
ORD004905,C03281,P0365,2024-02-21,2,795.37,99,100,express,False,1,794.37
ORD004906,C01634,P0248,2024-05-11,2,254.36,0,100,standard,False,17,154.36
ORD004907,C00524,P0197,2024-11-25,9,120.39,0,200,express,True,22,-79.61
ORD004908,C04926,P0336,2024-04-28,2,364.48,49,0,quick,False,7,413.48
ORD004909,C01722,P0226,2024-08-21,4,1321.56,0,0,standard,False,1,1321.56
ORD004910,C00419,P0176,2024-05-31,2,455.58,0,0,standard,False,22,455.58
ORD004911,C04228,P0242,2024-05-15,1,474.41,99,0,quick,False,8,573.4100000000001
ORD004912,C03864,P0433,2024-08-25,7,542.13,99,100,standard,True,8,541.13
ORD004913,C01067,P0356,2024-01-26,5,1074.43,49,0,express,True,0,1123.43
ORD004914,C01400,P0494,2024-02-21,3,556.78,0,0,standard,False,21,556.78
ORD004915,C01419,P0034,2024-03-30,8,166.0,49,50,quick,True,11,165.0
ORD004916,C03133,P0406,2024-01-21,5,260.82,0,100,standard,False,17,160.82
ORD004917,C03636,P0455,2024-05-28,1,244.69,49,200,standard,True,22,93.69
ORD004918,C04002,P0134,2024-07-03,9,595.3,99,200,quick,False,1,494.29999999999995
ORD004919,C00629,P0305,2024-12-12,5,120.27,149,0,express,True,19,269.27
ORD004920,C04416,P0009,2024-06-09,3,332.48,149,0,standard,True,7,481.48
ORD004921,C01834,P0473,2024-08-06,6,753.11,49,200,express,True,11,602.11
ORD004922,C04131,P0182,2024-02-29,8,405.57,99,0,standard,False,3,504.57
ORD004923,C02353,P0201,2024-02-18,2,960.01,0,50,standard,False,2,910.01
ORD004924,C03055,P0018,2024-01-24,3,446.41,0,100,standard,False,16,346.41
ORD004925,C02940,P0022,2024-01-05,7,2811.9,0,0,standard,True,14,2811.9
ORD004926,C00011,P0094,2024-03-11,2,2452.85,99,0,standard,True,3,2551.85
ORD004927,C02130,P0063,2024-12-05,5,1225.05,149,0,quick,False,16,1374.05
ORD004928,C03103,P0416,2024-11-27,9,2260.35,0,0,standard,False,2,2260.35
ORD004929,C01431,P0449,2024-03-28,7,259.39,0,100,standard,True,7,159.39
ORD004930,C03157,P0219,2024-06-17,3,1072.0,49,200,standard,True,6,921.0
ORD004931,C01434,P0095,2024-07-02,2,370.67,0,0,quick,True,10,370.67
ORD004932,C00956,P0352,2024-08-12,9,1003.44,0,100,express,False,18,903.44
ORD004933,C03858,P0264,2024-11-14,9,426.76,0,0,standard,False,11,426.76
ORD004934,C04808,P0380,2024-05-17,9,338.17,0,200,standard,False,21,138.17000000000002
ORD004935,C03634,P0156,2024-02-17,3,2331.44,0,100,quick,False,13,2231.44
ORD004936,C03903,P0206,2024-07-09,1,263.9,0,200,express,True,2,63.89999999999998
ORD004937,C00240,P0273,2024-06-24,9,1093.82,149,200,quick,True,20,1042.82
ORD004938,C01955,P0337,2024-04-03,7,885.05,0,0,standard,False,13,885.05
ORD004939,C02012,P0245,2024-02-28,2,352.16,149,0,standard,False,9,501.16
ORD004940,C04991,P0198,2024-07-24,6,528.19,0,50,standard,False,4,478.19000000000005
ORD004941,C04065,P0461,2024-07-23,9,206.98,99,50,standard,False,0,255.98000000000002
ORD004942,C02803,P0284,2024-08-21,8,1877.67,0,50,standard,True,10,1827.67
ORD004943,C03903,P0497,2024-05-19,6,2511.04,0,100,standard,False,19,2411.04
ORD004944,C01024,P0371,2024-07-16,6,1021.95,0,50,standard,False,11,971.95
ORD004945,C00600,P0082,2024-12-19,8,1424.28,0,0,standard,False,10,1424.28
ORD004946,C02329,P0316,2024-09-01,9,159.36,49,50,standard,False,13,158.36
ORD004947,C02698,P0132,2024-08-03,8,438.12,0,200,express,False,20,238.12
ORD004948,C04694,P0104,2024-11-28,1,380.18,99,200,express,False,11,279.18
ORD004949,C03026,P0369,2024-03-26,2,681.61,99,200,standard,False,15,580.61
ORD004950,C01142,P0236,2024-02-27,6,240.79,149,50,standard,False,9,339.78999999999996
ORD004951,C01011,P0068,2024-03-08,8,679.09,0,0,quick,True,19,679.09
ORD004952,C01103,P0183,2024-12-22,4,842.66,0,0,standard,True,0,842.66
ORD004953,C01646,P0117,2024-01-31,4,198.38,49,50,express,False,5,197.38
ORD004954,C01700,P0179,2024-03-22,2,197.87,0,0,express,True,11,197.87
ORD004955,C00218,P0270,2024-02-23,1,124.25,49,50,standard,False,1,123.25
ORD004956,C03588,P0089,2024-08-01,9,1100.59,0,0,quick,False,9,1100.59
ORD004957,C00726,P0087,2024-10-29,7,380.39,149,0,quick,False,4,529.39
ORD004958,C04613,P0082,2024-09-04,9,277.8,149,0,standard,False,18,426.8
ORD004959,C00811,P0019,2024-10-18,2,1152.85,99,0,standard,True,0,1251.85
ORD004960,C04909,P0106,2024-12-13,5,207.23,0,200,standard,True,3,7.22999999999999
ORD004961,C04709,P0328,2024-08-12,2,489.03,0,0,express,True,19,489.03
ORD004962,C04521,P0347,2024-04-02,7,1054.96,99,100,express,True,6,1053.96
ORD004963,C01583,P0271,2024-11-08,9,696.05,99,50,standard,False,10,745.05
ORD004964,C04037,P0330,2024-07-13,3,664.21,149,100,quick,False,16,713.21
ORD004965,C00882,P0097,2024-07-02,1,218.94,149,0,standard,False,22,367.94
ORD004966,C00431,P0408,2024-11-09,4,238.71,149,0,quick,True,23,387.71000000000004
ORD004967,C04034,P0231,2024-01-15,4,710.53,0,200,quick,False,16,510.53
ORD004968,C00947,P0374,2024-12-16,6,115.69,0,0,standard,True,18,115.69
ORD004969,C03907,P0056,2024-03-07,5,1522.42,0,0,standard,False,22,1522.42
ORD004970,C01667,P0148,2024-09-04,5,401.06,99,100,standard,False,11,400.06
ORD004971,C02982,P0388,2024-09-06,9,476.24,0,0,express,False,6,476.24
ORD004972,C02539,P0458,2024-02-27,1,308.29,0,0,standard,False,12,308.29
ORD004973,C02113,P0234,2024-07-29,8,1564.03,99,200,standard,True,18,1463.03
ORD004974,C00390,P0136,2024-08-13,8,819.04,0,50,quick,False,1,769.04
ORD004975,C00082,P0266,2024-01-24,8,517.37,99,100,standard,True,21,516.37
ORD004976,C01002,P0228,2024-02-02,3,715.15,0,100,quick,False,23,615.15
ORD004977,C00480,P0360,2024-05-13,8,434.04,0,50,standard,True,4,384.04
ORD004978,C00776,P0320,2024-12-01,2,537.6,99,0,quick,False,12,636.6
ORD004979,C04089,P0446,2024-06-09,8,408.82,49,100,quick,True,20,357.82
ORD004980,C01754,P0281,2024-01-07,8,469.14,99,0,standard,False,2,568.14
ORD004981,C01248,P0201,2024-12-26,3,363.81,0,0,express,False,2,363.81
ORD004982,C01136,P0231,2024-12-13,4,155.57,99,0,standard,False,7,254.57
ORD004983,C02699,P0018,2024-09-25,9,125.64,0,200,quick,False,18,-74.36
ORD004984,C03256,P0015,2024-10-22,9,232.9,0,50,quick,False,16,182.9
ORD004985,C01535,P0492,2024-10-16,9,301.91,0,0,express,True,18,301.91
ORD004986,C03244,P0055,2024-04-24,6,1647.1,0,0,standard,True,20,1647.1
ORD004987,C00522,P0356,2024-12-08,1,760.37,49,0,quick,True,17,809.37
ORD004988,C01694,P0113,2024-06-22,8,2323.03,0,200,standard,False,23,2123.03
ORD004989,C02252,P0488,2024-09-22,9,389.49,99,0,standard,True,13,488.49
ORD004990,C04837,P0067,2024-09-24,8,458.61,99,200,quick,False,17,357.61
ORD004991,C03609,P0077,2024-12-18,1,989.46,0,50,quick,False,23,939.46
ORD004992,C00277,P0029,2024-12-24,6,702.76,49,100,standard,False,3,651.76
ORD004993,C00147,P0006,2024-11-12,9,624.37,0,0,quick,False,16,624.37
ORD004994,C04873,P0395,2024-02-18,9,698.9,49,0,quick,False,1,747.9
ORD004995,C04514,P0151,2024-08-09,7,713.18,149,50,standard,True,19,812.18
ORD004996,C02585,P0486,2024-12-04,7,1114.93,0,100,express,False,15,1014.9300000000001
ORD004997,C03654,P0362,2024-05-07,4,871.01,0,200,express,False,21,671.01
ORD004998,C03620,P0021,2024-09-03,7,2306.72,0,100,quick,False,16,2206.72
ORD004999,C02439,P0430,2024-06-26,5,2168.06,0,0,quick,True,16,2168.06
ORD005000,C00939,P0029,2024-12-05,5,482.63,0,50,express,True,14,432.63
ORD005001,C03709,P0443,2024-12-12,1,124.46,0,0,quick,False,10,124.46
ORD005002,C04337,P0166,2024-11-24,2,106.8,99,50,quick,True,8,155.8
ORD005003,C01223,P0147,2024-07-16,9,191.03,0,200,express,False,6,-8.969999999999999
ORD005004,C03363,P0409,2024-03-17,2,153.5,99,200,standard,True,18,52.5
ORD005005,C03023,P0048,2024-10-12,2,426.17,49,0,standard,False,9,475.17
ORD005006,C01817,P0324,2024-11-09,9,137.03,0,50,express,False,7,87.03
ORD005007,C03372,P0487,2024-01-28,3,785.42,0,0,standard,False,10,785.42
ORD005008,C00683,P0297,2024-01-06,2,246.66,99,50,standard,True,7,295.65999999999997
ORD005009,C01232,P0261,2024-11-25,7,604.03,0,200,quick,False,11,404.03
ORD005010,C03385,P0180,2024-03-21,9,175.15,0,50,standard,False,7,125.15
ORD005011,C00616,P0289,2024-09-15,6,1330.08,0,0,express,True,14,1330.08
ORD005012,C02073,P0121,2024-08-28,7,1158.76,0,200,standard,False,10,958.76
ORD005013,C02910,P0123,2024-09-10,3,440.99,149,50,standard,False,23,539.99
ORD005014,C02017,P0452,2024-03-25,3,1789.19,0,50,express,False,3,1739.19
ORD005015,C04223,P0265,2024-02-08,8,242.8,149,0,quick,False,22,391.8
ORD005016,C04508,P0027,2024-09-08,7,1276.17,49,0,quick,False,7,1325.17
ORD005017,C02184,P0258,2024-06-13,5,651.54,0,50,express,False,14,601.54
ORD005018,C01357,P0076,2024-05-03,6,378.9,99,0,standard,False,23,477.9
ORD005019,C04666,P0431,2024-06-18,9,160.69,0,200,standard,False,13,-39.31
ORD005020,C03063,P0366,2024-05-22,3,230.54,0,50,quick,False,11,180.54
ORD005021,C02468,P0193,2024-01-26,3,1489.74,99,0,standard,False,2,1588.74
ORD005022,C03920,P0381,2024-09-16,6,752.56,0,200,standard,False,11,552.56
ORD005023,C04236,P0034,2024-04-24,8,288.44,49,0,standard,False,17,337.44
ORD005024,C01939,P0435,2024-10-08,5,578.42,149,200,quick,False,16,527.42
ORD005025,C03856,P0113,2024-11-25,1,178.87,0,50,standard,False,2,128.87
ORD005026,C00050,P0061,2024-07-12,3,171.85,0,100,quick,False,11,71.85
ORD005027,C02976,P0051,2024-07-25,8,1767.39,0,100,standard,False,20,1667.39
ORD005028,C01360,P0115,2024-04-30,4,527.56,49,200,standard,False,15,376.55999999999995
ORD005029,C03736,P0046,2024-02-10,9,413.12,49,0,express,False,19,462.12
ORD005030,C03802,P0437,2024-08-23,6,2183.14,0,0,quick,True,7,2183.14
ORD005031,C03802,P0411,2024-08-15,4,455.41,0,0,quick,False,14,455.41
ORD005032,C00365,P0100,2024-10-20,4,385.89,0,50,standard,True,13,335.89
ORD005033,C02955,P0278,2024-08-17,5,322.17,0,200,quick,False,7,122.17000000000002
ORD005034,C03045,P0106,2024-02-15,7,681.79,49,50,standard,False,18,680.79
ORD005035,C02003,P0470,2024-09-12,7,671.16,0,100,standard,False,4,571.16
ORD005036,C02901,P0034,2024-08-16,7,110.43,0,100,standard,True,17,10.430000000000007
ORD005037,C00257,P0488,2024-06-10,5,842.05,99,0,standard,False,7,941.05
ORD005038,C03459,P0358,2024-03-01,9,1185.83,49,0,standard,False,13,1234.83
ORD005039,C00044,P0374,2024-09-11,2,768.91,49,200,quick,True,21,617.91
ORD005040,C00268,P0287,2024-11-30,8,1526.55,0,100,standard,True,18,1426.55
ORD005041,C01334,P0001,2024-01-10,8,325.48,149,200,quick,True,21,274.48
ORD005042,C00671,P0238,2024-02-22,3,248.22,49,100,standard,False,4,197.22000000000003
ORD005043,C03638,P0491,2024-07-25,5,935.46,149,0,express,True,19,1084.46
ORD005044,C00234,P0367,2024-07-30,8,245.26,149,200,quick,False,8,194.26
ORD005045,C03207,P0377,2024-01-19,9,165.87,0,0,quick,False,9,165.87
ORD005046,C02400,P0271,2024-10-12,7,170.12,99,50,quick,False,10,219.12
ORD005047,C01417,P0143,2024-10-08,4,1122.9,0,100,standard,False,10,1022.9000000000001
ORD005048,C04370,P0434,2024-01-01,4,119.41,0,0,standard,False,3,119.41
ORD005049,C03254,P0450,2024-02-16,3,338.21,0,50,standard,True,2,288.21
ORD005050,C00439,P0091,2024-11-05,8,195.83,149,200,quick,True,13,144.83000000000004
ORD005051,C04967,P0220,2024-11-12,6,1083.29,0,0,standard,True,13,1083.29
ORD005052,C00650,P0053,2024-11-22,6,589.11,149,0,standard,False,16,738.11
ORD005053,C00033,P0403,2024-06-04,9,260.02,0,50,express,False,4,210.01999999999998
ORD005054,C02752,P0227,2024-09-17,3,1070.56,0,0,quick,True,18,1070.56
ORD005055,C04962,P0032,2024-10-14,4,1070.43,0,50,express,True,15,1020.4300000000001
ORD005056,C03032,P0213,2024-04-15,3,617.2,0,100,quick,False,20,517.2
ORD005057,C04927,P0135,2024-12-01,3,324.93,49,100,express,True,6,273.93
ORD005058,C01110,P0247,2024-12-09,1,716.79,99,100,standard,False,5,715.79
ORD005059,C03281,P0494,2024-08-21,6,1996.7,0,0,quick,False,14,1996.7
ORD005060,C00461,P0407,2024-06-23,9,136.11,0,0,standard,False,0,136.11
ORD005061,C00321,P0052,2024-07-05,5,316.38,0,0,standard,False,5,316.38
ORD005062,C04510,P0063,2024-01-28,2,333.8,0,0,express,False,3,333.8
ORD005063,C01874,P0313,2024-04-24,4,798.41,49,50,standard,False,13,797.41
ORD005064,C03039,P0373,2024-08-20,6,836.21,0,0,standard,False,8,836.21
ORD005065,C02237,P0036,2024-06-18,7,260.75,49,50,standard,False,17,259.75
ORD005066,C04021,P0211,2024-10-13,7,269.43,149,200,standard,True,22,218.43
ORD005067,C01256,P0011,2024-11-13,4,1942.83,0,0,standard,False,15,1942.83
ORD005068,C02439,P0467,2024-11-03,5,1087.27,0,200,quick,True,23,887.27
ORD005069,C04009,P0083,2024-08-30,4,2004.54,0,0,quick,True,3,2004.54
ORD005070,C03240,P0387,2024-12-02,6,1337.98,149,100,quick,False,4,1386.98
ORD005071,C04263,P0093,2024-07-05,7,459.05,0,50,standard,False,1,409.05
ORD005072,C03302,P0414,2024-08-19,2,190.0,0,0,quick,True,13,190.0
ORD005073,C02711,P0341,2024-02-28,3,794.13,0,100,standard,False,0,694.13
ORD005074,C01409,P0206,2024-02-19,8,402.7,0,0,quick,False,22,402.7
ORD005075,C02428,P0037,2024-12-03,7,486.87,0,0,standard,False,5,486.87
ORD005076,C01832,P0420,2024-04-23,1,487.44,0,200,express,False,2,287.44
ORD005077,C02024,P0347,2024-01-02,4,2028.92,0,200,standard,True,4,1828.92
ORD005078,C03346,P0202,2024-06-23,5,148.94,0,100,standard,False,16,48.94
ORD005079,C04993,P0269,2024-06-30,3,249.19,0,0,quick,False,16,249.19
ORD005080,C03931,P0074,2024-11-20,4,754.44,0,50,express,False,12,704.44
ORD005081,C02911,P0127,2024-05-29,7,1605.46,0,50,standard,False,13,1555.46
ORD005082,C04957,P0328,2024-10-07,8,1849.24,49,50,standard,False,11,1848.24
ORD005083,C04245,P0151,2024-09-24,9,671.61,149,0,standard,False,4,820.61
ORD005084,C03213,P0009,2024-07-10,2,123.62,0,200,standard,False,12,-76.38
ORD005085,C02163,P0037,2024-12-25,4,414.56,149,200,standard,True,22,363.55999999999995
ORD005086,C04919,P0426,2024-02-24,1,1856.88,0,100,standard,False,17,1756.88
ORD005087,C01452,P0104,2024-01-24,3,584.12,99,0,standard,True,7,683.12
ORD005088,C02753,P0164,2024-03-25,8,1006.81,99,0,standard,True,22,1105.81
ORD005089,C02901,P0425,2024-09-09,7,318.52,0,0,express,False,9,318.52
ORD005090,C03071,P0031,2024-03-12,8,116.73,49,50,quick,False,3,115.73000000000002
ORD005091,C04046,P0211,2024-07-28,6,703.52,49,200,standard,False,10,552.52
ORD005092,C00305,P0013,2024-02-24,5,1360.19,0,200,quick,False,10,1160.19
ORD005093,C01384,P0229,2024-05-10,9,3341.69,99,0,standard,False,18,3440.69
ORD005094,C03367,P0131,2024-11-08,5,1411.42,0,0,quick,True,19,1411.42
ORD005095,C01574,P0151,2024-04-10,9,664.2,99,100,quick,True,19,663.2
ORD005096,C00872,P0095,2024-04-06,4,755.85,0,0,quick,False,3,755.85
ORD005097,C00168,P0009,2024-03-02,5,1315.74,149,100,standard,False,23,1364.74
ORD005098,C01603,P0373,2024-07-20,1,113.01,0,50,standard,True,1,63.010000000000005
ORD005099,C01030,P0362,2024-04-20,6,2219.42,0,50,quick,False,2,2169.42
ORD005100,C01734,P0015,2024-08-22,3,629.34,149,200,standard,False,23,578.34
ORD005101,C04442,P0166,2024-04-07,2,2225.35,99,200,express,True,11,2124.35
ORD005102,C03667,P0095,2024-06-22,6,1111.29,0,200,standard,True,14,911.29
ORD005103,C04830,P0017,2024-02-25,1,214.67,0,0,quick,True,13,214.67
ORD005104,C01276,P0408,2024-07-31,9,225.44,0,100,standard,True,20,125.44
ORD005105,C00542,P0006,2024-01-24,5,404.49,49,50,quick,False,14,403.49
ORD005106,C00354,P0183,2024-11-20,7,313.56,99,100,standard,False,23,312.56
ORD005107,C04808,P0381,2024-12-10,9,504.0,0,0,quick,False,13,504.0
ORD005108,C04036,P0244,2024-10-28,9,747.27,99,0,quick,False,9,846.27
ORD005109,C03439,P0430,2024-03-04,7,500.61,0,50,standard,True,15,450.61
ORD005110,C00583,P0370,2024-08-18,4,139.65,149,50,quick,False,22,238.64999999999998
ORD005111,C00510,P0465,2024-08-22,4,2699.13,99,200,express,False,4,2598.13
ORD005112,C00946,P0366,2024-12-03,7,486.52,149,0,standard,True,23,635.52
ORD005113,C03473,P0081,2024-10-28,8,1432.02,0,200,standard,True,5,1232.02
ORD005114,C01198,P0130,2024-09-15,7,152.78,49,50,quick,True,23,151.78
ORD005115,C02871,P0128,2024-03-09,4,1261.75,149,0,quick,False,18,1410.75
ORD005116,C03995,P0288,2024-09-12,4,232.31,0,0,standard,False,16,232.31
ORD005117,C03921,P0454,2024-01-03,8,895.3,99,0,quick,True,2,994.3
ORD005118,C04173,P0073,2024-09-28,9,857.9,0,0,quick,True,4,857.9
ORD005119,C04535,P0363,2024-01-25,7,1783.06,0,200,standard,True,0,1583.06
ORD005120,C03303,P0058,2024-10-10,3,369.66,149,0,quick,False,18,518.6600000000001
ORD005121,C02447,P0071,2024-08-09,1,179.76,0,0,standard,True,18,179.76
ORD005122,C03284,P0159,2024-10-26,5,1498.49,0,0,standard,False,11,1498.49
ORD005123,C01216,P0086,2024-09-04,6,380.98,149,0,standard,True,21,529.98
ORD005124,C01290,P0400,2024-09-17,9,284.26,0,100,standard,False,20,184.26
ORD005125,C04221,P0461,2024-03-31,5,565.16,149,200,express,True,14,514.16
ORD005126,C00501,P0016,2024-12-20,1,209.59,0,200,standard,False,12,9.590000000000003
ORD005127,C02871,P0088,2024-10-23,4,345.64,0,0,express,False,10,345.64
ORD005128,C00386,P0148,2024-03-29,2,439.61,49,100,standard,False,14,388.61
ORD005129,C00411,P0310,2024-03-06,4,326.29,0,0,express,False,5,326.29
ORD005130,C02006,P0005,2024-02-23,7,517.82,0,0,standard,False,16,517.82
ORD005131,C02147,P0083,2024-07-17,9,438.9,0,50,quick,False,23,388.9
ORD005132,C03868,P0432,2024-12-02,3,1141.89,0,0,quick,False,18,1141.89
ORD005133,C01338,P0083,2024-11-03,3,1853.22,0,0,express,True,8,1853.22
ORD005134,C00352,P0249,2024-11-06,4,173.47,0,50,quick,False,3,123.47
ORD005135,C04964,P0153,2024-06-13,7,1312.32,0,50,standard,False,7,1262.32
ORD005136,C03188,P0415,2024-09-15,6,1978.42,49,0,quick,False,9,2027.42
ORD005137,C01302,P0071,2024-07-15,5,911.22,49,50,standard,False,15,910.22
ORD005138,C00846,P0108,2024-08-02,4,4041.61,99,200,standard,False,10,3940.6100000000006
ORD005139,C00525,P0111,2024-11-07,8,384.62,0,50,quick,False,1,334.62
ORD005140,C02524,P0171,2024-12-20,4,1340.65,0,50,standard,False,18,1290.65
ORD005141,C01878,P0186,2024-05-07,3,882.96,0,0,quick,False,16,882.96
ORD005142,C04105,P0284,2024-05-20,7,372.5,99,200,quick,True,16,271.5
ORD005143,C03630,P0272,2024-07-22,2,952.78,149,50,express,True,18,1051.78
ORD005144,C03809,P0017,2024-06-24,4,597.8,49,0,quick,False,16,646.8
ORD005145,C02819,P0167,2024-05-30,8,245.62,49,200,standard,False,13,94.62
ORD005146,C02907,P0318,2024-08-19,4,232.71,0,50,quick,False,9,182.71
ORD005147,C03077,P0081,2024-03-09,7,973.76,0,0,quick,True,10,973.76
ORD005148,C03830,P0074,2024-03-11,2,970.19,0,50,quick,True,12,920.19
ORD005149,C01058,P0428,2024-07-30,5,628.67,0,200,standard,True,10,428.66999999999996
ORD005150,C02489,P0459,2024-11-04,4,586.19,0,50,quick,False,5,536.19
ORD005151,C03648,P0334,2024-12-24,9,237.95,0,200,express,False,4,37.94999999999999
ORD005152,C03264,P0345,2024-09-19,7,491.61,49,0,standard,False,1,540.61
ORD005153,C03601,P0248,2024-06-02,9,1534.72,49,50,quick,True,23,1533.72
ORD005154,C02293,P0130,2024-12-25,7,1449.4,0,200,express,True,23,1249.4
ORD005155,C00674,P0386,2024-10-07,2,856.06,49,0,quick,False,6,905.06
ORD005156,C01878,P0421,2024-06-09,2,4254.0,0,50,standard,False,13,4204.0
ORD005157,C01011,P0354,2024-12-30,2,1664.62,0,0,standard,True,16,1664.62
ORD005158,C00793,P0200,2024-10-10,5,208.85,49,0,quick,False,8,257.85
ORD005159,C00232,P0362,2024-11-19,1,455.57,0,50,standard,True,18,405.57
ORD005160,C03027,P0295,2024-04-21,7,198.04,149,200,express,False,19,147.03999999999996
ORD005161,C03609,P0067,2024-04-12,2,538.27,0,100,standard,True,10,438.27
ORD005162,C02173,P0437,2024-04-17,4,1147.47,0,0,quick,True,3,1147.47
ORD005163,C03384,P0019,2024-11-15,9,217.55,0,200,express,False,11,17.55000000000001
ORD005164,C04606,P0270,2024-12-31,8,1585.65,99,0,standard,True,9,1684.65
ORD005165,C02328,P0092,2024-05-28,2,688.25,0,50,quick,True,5,638.25
ORD005166,C00797,P0132,2024-12-17,4,1066.46,0,0,express,True,3,1066.46
ORD005167,C03684,P0294,2024-06-25,4,131.34,99,0,express,False,9,230.34
ORD005168,C04487,P0295,2024-12-10,2,167.98,0,0,express,False,8,167.98
ORD005169,C04477,P0134,2024-03-08,2,777.9,99,100,standard,True,15,776.9
ORD005170,C02589,P0455,2024-12-29,5,1373.94,99,50,standard,False,14,1422.94
ORD005171,C04701,P0351,2024-11-28,4,1548.28,0,200,standard,False,7,1348.28
ORD005172,C04211,P0355,2024-04-01,8,915.16,0,50,standard,False,5,865.16
ORD005173,C00508,P0032,2024-09-14,4,256.02,49,100,quick,False,9,205.01999999999998
ORD005174,C01463,P0373,2024-10-04,8,250.86,99,200,quick,True,8,149.86
ORD005175,C03362,P0292,2024-12-21,5,1591.18,0,100,standard,True,19,1491.18
ORD005176,C03110,P0031,2024-11-22,1,183.12,49,50,express,True,3,182.12
ORD005177,C01047,P0042,2024-06-14,9,910.01,0,50,quick,False,7,860.01
ORD005178,C04871,P0446,2024-12-29,8,632.76,99,0,quick,False,21,731.76
ORD005179,C04435,P0291,2024-02-29,1,482.03,49,100,express,True,8,431.03
ORD005180,C00168,P0353,2024-06-29,3,505.29,0,0,standard,False,4,505.29
ORD005181,C01561,P0304,2024-10-14,3,2131.94,49,100,standard,False,3,2080.94
ORD005182,C03172,P0280,2024-09-02,5,1482.53,0,100,standard,False,6,1382.53
ORD005183,C00574,P0107,2024-10-25,7,1500.65,49,200,quick,False,17,1349.65
ORD005184,C01742,P0095,2024-10-19,1,464.34,0,200,standard,False,16,264.34
ORD005185,C04570,P0065,2024-12-07,1,178.2,99,0,quick,False,5,277.2
ORD005186,C04016,P0008,2024-12-29,6,4395.17,0,0,express,False,0,4395.17
ORD005187,C02358,P0229,2024-08-01,5,208.94,149,50,express,False,19,307.94
ORD005188,C04024,P0220,2024-12-11,3,606.37,0,0,quick,False,1,606.37
ORD005189,C00530,P0357,2024-09-30,3,314.16,99,0,quick,True,17,413.16
ORD005190,C00990,P0401,2024-05-26,4,599.41,99,0,quick,False,17,698.41
ORD005191,C02120,P0277,2024-08-04,2,353.62,0,0,standard,False,6,353.62
ORD005192,C04964,P0098,2024-01-07,9,1689.35,0,0,standard,True,0,1689.35
ORD005193,C02441,P0270,2024-09-24,4,2515.93,0,0,express,False,15,2515.93
ORD005194,C02528,P0262,2024-02-24,3,468.42,149,50,standard,False,0,567.4200000000001
ORD005195,C02520,P0396,2024-01-13,7,149.94,49,50,standard,False,11,148.94
ORD005196,C04408,P0361,2024-07-14,9,861.07,149,50,standard,True,6,960.07
ORD005197,C01461,P0163,2024-03-15,2,429.83,99,0,quick,False,9,528.8299999999999
ORD005198,C00951,P0015,2024-01-28,6,3085.52,0,200,standard,False,18,2885.52
ORD005199,C00964,P0168,2024-12-09,5,164.54,0,50,quick,False,13,114.53999999999999
ORD005200,C02134,P0020,2024-01-29,1,187.79,0,200,express,True,23,-12.210000000000008
ORD005201,C04454,P0027,2024-04-12,7,940.44,49,0,standard,True,14,989.44
ORD005202,C00694,P0329,2024-05-16,1,1094.05,0,50,standard,False,16,1044.05
ORD005203,C02244,P0082,2024-03-23,9,544.86,149,0,standard,True,4,693.86
ORD005204,C02803,P0272,2024-05-26,4,326.3,0,0,standard,False,14,326.3
ORD005205,C03911,P0320,2024-12-15,8,358.55,0,100,standard,False,9,258.55
ORD005206,C03024,P0396,2024-05-08,1,387.71,49,0,quick,True,3,436.71
ORD005207,C01408,P0035,2024-03-15,5,277.68,49,0,quick,True,22,326.68
ORD005208,C04593,P0494,2024-02-01,3,1429.99,0,0,quick,False,22,1429.99
ORD005209,C02978,P0313,2024-12-19,4,146.1,99,0,quick,False,3,245.1
ORD005210,C00461,P0489,2024-05-31,4,465.12,0,50,standard,False,14,415.12
ORD005211,C01617,P0275,2024-04-14,8,1062.73,49,0,standard,False,13,1111.73
ORD005212,C00416,P0232,2024-10-04,3,101.68,99,100,quick,False,15,100.68
ORD005213,C01388,P0103,2024-01-17,1,1571.8,0,100,standard,False,8,1471.8
ORD005214,C04367,P0435,2024-07-02,5,956.62,149,0,standard,True,2,1105.62
ORD005215,C04487,P0005,2024-08-19,2,152.34,0,200,quick,True,4,-47.66
ORD005216,C02594,P0022,2024-02-22,6,1676.63,149,100,standard,False,8,1725.63
ORD005217,C04820,P0169,2024-11-11,4,566.65,0,100,standard,True,23,466.65
ORD005218,C01746,P0151,2024-12-11,9,838.37,0,100,standard,False,21,738.37
ORD005219,C03501,P0243,2024-10-14,7,1595.15,0,50,quick,False,3,1545.15
ORD005220,C02859,P0240,2024-04-24,2,1590.0,149,200,standard,True,11,1539.0
ORD005221,C03978,P0260,2024-11-27,7,466.85,0,0,standard,False,2,466.85
ORD005222,C04490,P0415,2024-10-14,8,288.98,149,0,express,False,23,437.98
ORD005223,C04757,P0045,2024-07-18,3,307.34,49,0,standard,False,7,356.34
ORD005224,C00852,P0272,2024-05-01,3,1115.53,49,50,standard,True,23,1114.53
ORD005225,C03290,P0074,2024-09-18,2,1954.81,99,200,quick,True,2,1853.81
ORD005226,C01711,P0282,2024-12-22,1,151.48,0,0,standard,True,10,151.48
ORD005227,C02525,P0195,2024-05-27,3,109.59,0,200,quick,True,5,-90.41
ORD005228,C03646,P0022,2024-12-20,7,1310.87,0,100,quick,False,16,1210.87
ORD005229,C02030,P0086,2024-12-06,9,441.12,49,200,standard,False,10,290.12
ORD005230,C00236,P0368,2024-01-25,9,325.51,49,0,quick,False,8,374.51
ORD005231,C01056,P0120,2024-07-14,6,245.1,49,50,quick,False,14,244.10000000000002
ORD005232,C02260,P0417,2024-07-17,6,396.77,0,50,quick,True,20,346.77
ORD005233,C02426,P0148,2024-08-01,5,2588.71,0,100,standard,False,23,2488.71
ORD005234,C01025,P0149,2024-12-16,2,2742.01,0,0,standard,False,16,2742.01
ORD005235,C00908,P0064,2024-06-09,7,380.92,0,0,express,False,21,380.92
ORD005236,C00449,P0159,2024-10-09,1,2419.97,0,0,quick,True,2,2419.97
ORD005237,C00568,P0445,2024-01-28,6,348.54,149,100,standard,True,22,397.54
ORD005238,C03498,P0283,2024-01-07,4,1448.21,149,200,quick,False,22,1397.21
ORD005239,C02860,P0081,2024-05-08,3,265.78,99,200,standard,False,10,164.77999999999997
ORD005240,C02326,P0006,2024-04-13,1,1325.05,99,100,quick,True,1,1324.05
ORD005241,C04309,P0181,2024-11-13,6,404.58,0,50,quick,False,13,354.58
ORD005242,C01308,P0357,2024-08-14,7,251.47,99,0,express,False,3,350.47
ORD005243,C00717,P0453,2024-04-25,1,2009.99,49,100,standard,False,22,1958.9899999999998
ORD005244,C00969,P0013,2024-11-20,1,267.72,0,100,quick,False,16,167.72000000000003
ORD005245,C03345,P0477,2024-12-26,7,3464.55,149,0,quick,False,10,3613.55
ORD005246,C02485,P0182,2024-12-29,6,179.45,49,50,standard,False,6,178.45
ORD005247,C03655,P0313,2024-11-27,7,106.05,99,50,quick,False,17,155.05
ORD005248,C02718,P0043,2024-07-07,8,1531.44,99,0,standard,False,21,1630.44
ORD005249,C00903,P0173,2024-10-28,8,717.35,0,0,standard,True,20,717.35
ORD005250,C01450,P0013,2024-10-06,9,482.27,149,200,standard,True,1,431.27
ORD005251,C01455,P0299,2024-11-04,9,158.86,49,0,standard,False,20,207.86
ORD005252,C04230,P0424,2024-04-10,7,697.79,0,50,standard,False,20,647.79
ORD005253,C00531,P0072,2024-04-09,9,449.3,149,0,standard,True,0,598.3
ORD005254,C02267,P0222,2024-05-30,6,561.64,99,100,quick,False,7,560.64
ORD005255,C00332,P0001,2024-08-17,9,795.72,149,100,standard,False,4,844.72
ORD005256,C01321,P0209,2024-03-31,2,814.03,0,100,express,False,18,714.03
ORD005257,C04052,P0260,2024-12-15,2,2362.78,0,200,standard,False,12,2162.78
ORD005258,C01708,P0089,2024-02-08,6,844.06,99,50,quick,False,7,893.06
ORD005259,C03526,P0342,2024-04-05,3,389.23,0,0,standard,True,21,389.23
ORD005260,C00400,P0395,2024-03-29,2,378.95,49,50,quick,True,6,377.95
ORD005261,C03630,P0333,2024-09-20,8,552.94,99,200,standard,True,8,451.94000000000005
ORD005262,C03037,P0251,2024-03-02,7,309.14,0,200,quick,False,15,109.13999999999999
ORD005263,C03991,P0382,2024-07-12,8,429.62,0,0,standard,False,4,429.62
ORD005264,C01478,P0332,2024-01-21,6,1391.11,49,50,standard,False,15,1390.11
ORD005265,C01914,P0354,2024-08-07,9,1474.09,49,100,standard,False,5,1423.09
ORD005266,C01057,P0046,2024-05-22,9,790.81,49,0,standard,False,23,839.81
ORD005267,C02993,P0334,2024-10-11,2,711.0,149,50,standard,False,15,810.0
ORD005268,C00041,P0162,2024-05-15,5,488.93,0,0,standard,True,9,488.93
ORD005269,C04896,P0115,2024-03-07,9,806.23,99,0,quick,True,4,905.23
ORD005270,C02170,P0402,2024-03-23,3,1247.12,0,0,standard,False,6,1247.12
ORD005271,C00026,P0078,2024-10-26,5,1036.18,0,0,quick,False,20,1036.18
ORD005272,C03533,P0446,2024-05-10,8,124.27,99,200,quick,False,2,23.269999999999982
ORD005273,C02618,P0370,2024-01-03,2,1018.47,149,100,quick,True,16,1067.47
ORD005274,C01170,P0007,2024-06-18,6,989.95,49,0,quick,False,23,1038.95
ORD005275,C03698,P0022,2024-08-26,4,171.97,49,0,quick,False,23,220.97
ORD005276,C00710,P0268,2024-12-29,6,212.97,149,0,quick,False,6,361.97
ORD005277,C03199,P0278,2024-03-20,3,1184.52,49,100,express,True,0,1133.52
ORD005278,C02423,P0030,2024-01-21,6,672.08,49,100,quick,False,13,621.08
ORD005279,C02018,P0413,2024-03-19,7,1305.72,0,0,standard,False,2,1305.72
ORD005280,C04760,P0169,2024-06-14,3,241.98,0,50,standard,True,15,191.98
ORD005281,C04878,P0129,2024-11-01,5,120.77,149,100,standard,True,17,169.76999999999998
ORD005282,C02898,P0394,2024-01-27,8,222.67,99,200,express,False,19,121.66999999999996
ORD005283,C02047,P0408,2024-11-16,2,520.76,0,200,express,True,6,320.76
ORD005284,C01558,P0156,2024-11-11,7,617.6,149,0,standard,False,22,766.6
ORD005285,C03594,P0021,2024-12-04,1,1463.88,99,50,express,True,5,1512.88
ORD005286,C01722,P0125,2024-06-03,7,980.64,149,50,standard,False,1,1079.6399999999999
ORD005287,C04052,P0402,2024-09-08,1,3350.51,49,0,standard,True,13,3399.51
ORD005288,C01651,P0456,2024-10-20,4,156.39,149,100,quick,False,22,205.39
ORD005289,C01778,P0168,2024-10-08,4,196.66,0,0,quick,True,8,196.66
ORD005290,C00683,P0165,2024-07-02,5,160.69,0,50,quick,False,19,110.69
ORD005291,C01279,P0156,2024-02-07,2,640.23,99,50,express,False,12,689.23
ORD005292,C02294,P0329,2024-12-28,6,316.29,49,100,standard,False,20,265.29
ORD005293,C02010,P0021,2024-06-11,6,904.6,0,0,standard,True,18,904.6
ORD005294,C01215,P0471,2024-09-26,8,198.65,49,200,standard,True,7,47.650000000000006
ORD005295,C02582,P0263,2024-04-22,1,175.24,0,50,express,True,20,125.24000000000001
ORD005296,C01893,P0302,2024-04-04,4,530.54,0,100,standard,False,11,430.53999999999996
ORD005297,C00313,P0389,2024-09-23,2,429.01,149,50,quick,False,15,528.01
ORD005298,C03994,P0262,2024-02-04,8,1335.94,99,200,quick,True,16,1234.94
ORD005299,C00443,P0211,2024-09-15,4,1371.19,149,0,standard,False,21,1520.19
ORD005300,C01671,P0464,2024-03-22,8,186.44,99,100,quick,True,5,185.44
ORD005301,C02916,P0163,2024-07-31,2,1270.12,149,0,standard,False,9,1419.12
ORD005302,C03266,P0135,2024-10-05,4,680.34,99,0,quick,False,7,779.34
ORD005303,C04677,P0251,2024-10-01,9,589.2,99,0,standard,False,9,688.2
ORD005304,C04643,P0204,2024-07-25,5,168.69,0,200,quick,False,21,-31.310000000000002
ORD005305,C03095,P0343,2024-02-17,6,1040.96,0,0,standard,False,15,1040.96
ORD005306,C04560,P0301,2024-06-27,9,142.04,0,50,standard,False,15,92.03999999999999
ORD005307,C01864,P0241,2024-04-23,9,326.71,99,200,express,False,20,225.70999999999998
ORD005308,C00715,P0319,2024-04-19,7,169.21,0,0,express,False,12,169.21
ORD005309,C00891,P0414,2024-12-05,2,628.66,0,50,express,False,19,578.66
ORD005310,C03807,P0278,2024-06-18,7,824.4,0,50,quick,True,11,774.4
ORD005311,C00500,P0060,2024-06-18,9,1649.56,149,200,quick,True,17,1598.56
ORD005312,C02782,P0464,2024-07-03,2,1025.64,0,0,standard,False,15,1025.64
ORD005313,C02640,P0305,2024-05-30,7,2371.81,99,0,express,False,9,2470.81
ORD005314,C04502,P0301,2024-04-21,7,1100.76,149,0,express,True,3,1249.76
ORD005315,C01353,P0471,2024-11-12,3,346.75,0,200,express,False,7,146.75
ORD005316,C00702,P0298,2024-09-28,6,654.21,0,0,quick,False,3,654.21
ORD005317,C02333,P0393,2024-08-31,8,527.66,49,100,express,True,9,476.65999999999997
ORD005318,C02194,P0094,2024-10-14,8,683.25,49,200,express,True,13,532.25
ORD005319,C02009,P0492,2024-11-28,3,693.19,149,100,standard,True,14,742.19
ORD005320,C00383,P0147,2024-01-05,6,946.7,149,0,standard,False,10,1095.7
ORD005321,C02058,P0399,2024-02-28,2,159.69,0,100,standard,False,7,59.69
ORD005322,C02323,P0461,2024-12-08,2,1060.35,0,100,quick,True,21,960.3499999999999
ORD005323,C00885,P0258,2024-06-26,8,207.63,99,50,standard,True,13,256.63
ORD005324,C01591,P0029,2024-08-16,5,117.59,0,50,quick,False,3,67.59
ORD005325,C04398,P0017,2024-05-03,5,611.18,0,0,standard,True,5,611.18
ORD005326,C02251,P0186,2024-11-24,4,708.72,0,0,standard,False,14,708.72
ORD005327,C04440,P0453,2024-11-10,4,123.83,49,0,standard,True,10,172.82999999999998
ORD005328,C01783,P0211,2024-11-14,8,606.06,0,100,standard,False,21,506.05999999999995
ORD005329,C04921,P0034,2024-05-04,3,634.36,99,0,standard,False,3,733.36
ORD005330,C04117,P0146,2024-01-21,3,136.75,49,0,standard,False,11,185.75
ORD005331,C02583,P0281,2024-12-15,8,969.35,49,200,express,True,22,818.35
ORD005332,C01729,P0034,2024-06-13,3,264.26,99,0,standard,True,12,363.26
ORD005333,C00262,P0075,2024-07-14,2,1206.48,99,0,standard,False,22,1305.48
ORD005334,C02631,P0071,2024-02-28,5,359.58,149,100,standard,False,4,408.58
ORD005335,C03826,P0248,2024-07-16,3,553.92,0,0,quick,True,15,553.92
ORD005336,C02430,P0056,2024-05-11,6,1655.97,99,100,standard,True,15,1654.97
ORD005337,C00391,P0356,2024-10-03,7,1247.58,99,100,standard,False,19,1246.58
ORD005338,C02936,P0304,2024-05-24,3,1164.84,49,0,standard,False,13,1213.84
ORD005339,C03672,P0009,2024-01-13,9,221.41,49,100,quick,False,21,170.40999999999997
ORD005340,C00539,P0212,2024-09-21,1,133.54,0,0,quick,False,7,133.54
ORD005341,C01115,P0496,2024-07-10,7,750.55,149,0,quick,True,0,899.55
ORD005342,C00883,P0360,2024-09-20,4,469.16,0,100,standard,False,9,369.16
ORD005343,C04323,P0236,2024-09-17,7,1777.42,0,0,quick,True,8,1777.42
ORD005344,C02419,P0233,2024-08-16,9,400.11,99,200,standard,False,16,299.11
ORD005345,C01399,P0412,2024-09-06,9,468.99,0,50,standard,False,6,418.99
ORD005346,C01576,P0222,2024-01-23,1,621.58,49,0,standard,True,13,670.58
ORD005347,C02084,P0103,2024-05-31,4,1213.12,0,0,quick,True,1,1213.12
ORD005348,C04786,P0326,2024-11-29,7,317.67,0,0,express,False,17,317.67
ORD005349,C01535,P0097,2024-04-08,6,2089.96,149,200,standard,False,10,2038.96
ORD005350,C04753,P0225,2024-06-13,9,642.45,0,200,standard,False,8,442.45000000000005
ORD005351,C00089,P0221,2024-09-20,7,1386.1,149,200,standard,False,21,1335.1
ORD005352,C04190,P0323,2024-02-12,3,621.02,99,0,standard,False,10,720.02
ORD005353,C01654,P0488,2024-02-19,7,1133.87,149,50,standard,False,13,1232.87
ORD005354,C01901,P0477,2024-03-26,5,135.95,0,0,quick,False,12,135.95
ORD005355,C02679,P0472,2024-10-02,2,1222.86,149,50,standard,False,14,1321.86
ORD005356,C02170,P0333,2024-09-30,3,618.58,149,0,quick,True,13,767.58
ORD005357,C00365,P0279,2024-01-04,6,516.74,0,50,quick,False,12,466.74
ORD005358,C03960,P0042,2024-11-16,6,181.84,149,100,standard,False,8,230.84000000000003
ORD005359,C02372,P0350,2024-02-03,7,1046.17,49,0,standard,False,1,1095.17
ORD005360,C00518,P0381,2024-04-17,6,197.42,0,100,quick,False,8,97.41999999999999
ORD005361,C04991,P0422,2024-12-09,9,248.51,0,100,express,True,15,148.51
ORD005362,C03710,P0347,2024-11-18,5,193.61,49,50,quick,False,23,192.61
ORD005363,C00829,P0152,2024-04-19,5,103.62,149,100,standard,False,7,152.62
ORD005364,C02633,P0338,2024-12-16,8,858.12,0,0,quick,False,10,858.12
ORD005365,C00270,P0451,2024-08-05,8,320.11,0,100,quick,True,20,220.11
ORD005366,C02986,P0289,2024-02-23,1,212.33,99,0,standard,False,1,311.33000000000004
ORD005367,C03538,P0223,2024-04-15,3,368.94,0,0,quick,False,9,368.94
ORD005368,C04564,P0472,2024-10-02,6,582.92,99,0,standard,True,14,681.92
ORD005369,C04814,P0118,2024-12-25,6,589.0,149,0,standard,False,13,738.0
ORD005370,C01007,P0213,2024-08-10,1,419.32,149,200,standard,False,7,368.31999999999994
ORD005371,C02317,P0052,2024-11-27,2,577.14,0,200,quick,False,18,377.14
ORD005372,C00604,P0219,2024-02-06,7,489.23,0,0,quick,False,5,489.23
ORD005373,C04473,P0438,2024-12-17,1,1309.8,149,100,standard,False,17,1358.8
ORD005374,C00176,P0242,2024-03-19,5,120.04,0,0,quick,True,6,120.04
ORD005375,C02321,P0052,2024-01-13,1,1516.63,0,0,standard,True,20,1516.63
ORD005376,C01714,P0401,2024-08-23,6,294.72,99,200,quick,False,3,193.72000000000003
ORD005377,C00636,P0116,2024-06-18,7,994.55,49,50,standard,False,19,993.55
ORD005378,C02623,P0390,2024-01-20,8,462.48,49,50,quick,False,19,461.48
ORD005379,C04155,P0446,2024-02-14,3,343.03,99,50,standard,False,10,392.03
ORD005380,C02778,P0330,2024-02-07,3,767.79,0,0,standard,True,4,767.79
ORD005381,C03752,P0041,2024-01-28,1,1124.39,0,0,standard,False,19,1124.39
ORD005382,C00660,P0394,2024-04-01,3,517.41,99,100,standard,True,17,516.41
ORD005383,C04365,P0246,2024-05-08,5,538.88,49,200,express,True,0,387.88
ORD005384,C03187,P0392,2024-10-12,6,141.46,0,0,standard,False,23,141.46
ORD005385,C04340,P0290,2024-02-06,3,1902.88,49,0,standard,False,0,1951.88
ORD005386,C04755,P0247,2024-10-21,4,1412.65,0,0,quick,False,12,1412.65
ORD005387,C00084,P0100,2024-04-26,5,454.24,49,200,express,False,2,303.24
ORD005388,C03670,P0086,2024-05-12,5,1112.57,149,0,quick,False,22,1261.57
ORD005389,C00906,P0352,2024-07-27,9,362.08,0,0,express,True,10,362.08
ORD005390,C03521,P0448,2024-07-17,8,1016.63,0,200,standard,False,11,816.63
ORD005391,C01875,P0083,2024-08-18,1,607.97,0,0,standard,False,17,607.97
ORD005392,C03958,P0260,2024-11-18,2,531.32,0,0,standard,False,2,531.32
ORD005393,C02136,P0220,2024-07-26,5,139.73,0,100,quick,False,20,39.72999999999999
ORD005394,C02596,P0153,2024-08-09,3,2454.17,0,0,quick,False,1,2454.17
ORD005395,C00853,P0050,2024-06-10,7,1370.56,49,0,standard,False,16,1419.56
ORD005396,C00506,P0037,2024-01-09,6,1202.84,0,0,quick,False,6,1202.84
ORD005397,C00407,P0258,2024-07-18,2,353.61,149,100,quick,True,11,402.61
ORD005398,C00523,P0468,2024-12-10,8,338.34,49,200,quick,True,17,187.33999999999997
ORD005399,C03050,P0186,2024-03-01,5,695.0,0,0,quick,False,6,695.0
ORD005400,C02397,P0012,2024-09-30,6,1409.58,0,0,standard,False,5,1409.58
ORD005401,C02899,P0222,2024-01-04,8,2008.37,149,0,quick,False,17,2157.37
ORD005402,C00327,P0464,2024-11-24,6,318.27,49,0,standard,True,12,367.27
ORD005403,C01835,P0418,2024-11-12,3,753.5,99,0,standard,False,22,852.5
ORD005404,C01309,P0086,2024-02-02,7,999.9,0,50,quick,False,7,949.9
ORD005405,C04718,P0258,2024-10-26,4,278.68,0,0,quick,False,9,278.68
ORD005406,C02535,P0180,2024-01-24,6,465.35,0,0,express,False,5,465.35
ORD005407,C02041,P0310,2024-12-24,6,244.33,99,50,express,False,11,293.33000000000004
ORD005408,C02534,P0172,2024-02-07,5,939.23,49,50,express,False,10,938.23
ORD005409,C02192,P0321,2024-07-02,1,1494.47,49,0,standard,True,13,1543.47
ORD005410,C00755,P0194,2024-09-14,8,1568.95,0,0,standard,False,6,1568.95
ORD005411,C00145,P0339,2024-02-24,2,875.25,149,0,express,False,17,1024.25
ORD005412,C03822,P0495,2024-05-28,4,397.49,49,0,standard,False,23,446.49
ORD005413,C03574,P0244,2024-12-17,3,856.31,99,200,standard,False,7,755.31
ORD005414,C01627,P0427,2024-06-03,6,1496.94,49,100,quick,False,0,1445.94
ORD005415,C04923,P0328,2024-11-06,1,787.18,49,200,standard,True,1,636.18
ORD005416,C01858,P0367,2024-02-14,9,471.78,99,50,standard,False,0,520.78
ORD005417,C04722,P0195,2024-05-24,5,1865.29,0,0,quick,False,16,1865.29
ORD005418,C03598,P0061,2024-08-12,5,1361.19,0,0,express,True,3,1361.19
ORD005419,C00629,P0024,2024-07-14,4,1597.54,49,100,quick,True,16,1546.54
ORD005420,C03166,P0051,2024-07-21,4,1733.52,0,200,standard,True,12,1533.52
ORD005421,C03518,P0049,2024-12-04,1,449.4,0,50,standard,False,15,399.4
ORD005422,C04352,P0377,2024-01-16,9,1473.48,0,100,standard,True,1,1373.48
ORD005423,C03914,P0384,2024-08-30,9,690.35,0,0,quick,True,5,690.35
ORD005424,C00904,P0294,2024-03-21,4,126.23,0,100,quick,False,9,26.230000000000004
ORD005425,C02617,P0051,2024-09-30,4,806.11,0,0,standard,True,9,806.11
ORD005426,C02789,P0331,2024-04-22,7,544.23,99,200,express,False,0,443.23
ORD005427,C00107,P0039,2024-03-10,4,324.26,99,50,quick,True,7,373.26
ORD005428,C01042,P0231,2024-07-19,1,2562.59,99,0,standard,False,20,2661.59
ORD005429,C01388,P0059,2024-10-06,9,138.65,149,200,standard,True,22,87.64999999999998
ORD005430,C01676,P0215,2024-05-31,2,2140.55,149,0,express,False,7,2289.55
ORD005431,C04255,P0456,2024-11-20,5,220.44,99,100,standard,False,1,219.44
ORD005432,C04195,P0365,2024-03-14,4,430.23,99,50,standard,False,8,479.23
ORD005433,C00264,P0339,2024-06-01,8,476.98,0,100,quick,True,23,376.98
ORD005434,C03821,P0196,2024-12-12,6,1018.18,0,100,standard,False,3,918.18
ORD005435,C02797,P0275,2024-11-27,7,268.99,0,200,quick,False,12,68.99000000000001
ORD005436,C03120,P0340,2024-07-10,2,3092.2,0,50,quick,True,20,3042.2
ORD005437,C00676,P0001,2024-01-06,4,1066.64,0,50,standard,False,12,1016.6400000000001
ORD005438,C04894,P0468,2024-10-10,4,1191.3,149,100,quick,True,4,1240.3
ORD005439,C03486,P0105,2024-10-11,2,177.77,49,50,standard,False,23,176.77
ORD005440,C02706,P0215,2024-03-13,4,551.8,0,0,standard,False,8,551.8
ORD005441,C03969,P0264,2024-03-04,9,2137.09,149,50,quick,True,2,2236.09
ORD005442,C00607,P0166,2024-01-22,8,319.36,149,100,standard,False,2,368.36
ORD005443,C03425,P0246,2024-01-03,1,208.97,99,0,express,True,2,307.97
ORD005444,C02394,P0413,2024-10-20,8,564.05,149,0,quick,False,16,713.05
ORD005445,C02859,P0437,2024-11-01,9,1964.42,149,200,standard,True,23,1913.42
ORD005446,C04896,P0209,2024-07-20,8,565.95,0,100,standard,False,22,465.95000000000005
ORD005447,C01160,P0057,2024-10-02,1,462.24,49,50,quick,True,23,461.24
ORD005448,C01847,P0427,2024-10-07,8,834.42,0,0,standard,False,13,834.42
ORD005449,C04057,P0042,2024-02-13,5,2032.95,99,100,standard,False,0,2031.9499999999998
ORD005450,C01491,P0137,2024-06-05,9,134.21,149,200,quick,False,0,83.21000000000004
ORD005451,C02021,P0108,2024-04-17,9,215.57,149,0,standard,True,23,364.57
ORD005452,C04598,P0488,2024-06-25,6,198.7,0,0,standard,False,17,198.7
ORD005453,C03015,P0047,2024-04-18,3,161.44,0,50,standard,False,19,111.44
ORD005454,C04566,P0125,2024-07-30,7,350.78,0,0,standard,False,4,350.78
ORD005455,C02737,P0468,2024-11-26,3,281.33,0,0,standard,False,3,281.33
ORD005456,C02048,P0213,2024-09-19,7,655.92,49,0,express,True,23,704.92
ORD005457,C04205,P0400,2024-03-13,8,376.51,0,100,quick,True,18,276.51
ORD005458,C03954,P0127,2024-03-23,5,462.68,99,50,standard,False,12,511.68000000000006
ORD005459,C00893,P0388,2024-04-04,5,2090.49,99,100,quick,False,6,2089.49
ORD005460,C01087,P0197,2024-04-23,4,217.44,0,100,standard,False,19,117.44
ORD005461,C04851,P0201,2024-11-11,3,443.24,0,50,quick,True,9,393.24
ORD005462,C04148,P0191,2024-05-09,8,307.02,149,100,standard,False,10,356.02
ORD005463,C02309,P0106,2024-04-09,6,656.66,99,0,quick,False,13,755.66
ORD005464,C03600,P0193,2024-02-28,6,1032.16,49,200,standard,False,16,881.1600000000001
ORD005465,C02933,P0326,2024-04-02,2,1287.74,0,100,standard,False,23,1187.74
ORD005466,C02281,P0237,2024-12-09,4,605.95,99,0,express,True,0,704.95
ORD005467,C00072,P0131,2024-10-17,5,1450.31,49,0,standard,False,9,1499.31
ORD005468,C01380,P0356,2024-01-28,5,1175.23,149,0,standard,True,8,1324.23
ORD005469,C00483,P0082,2024-10-08,3,218.56,0,100,standard,False,14,118.56
ORD005470,C01029,P0283,2024-08-24,5,296.12,149,100,quick,False,6,345.12
ORD005471,C03781,P0467,2024-11-26,5,878.72,49,50,standard,True,3,877.72
ORD005472,C04972,P0221,2024-10-08,2,2675.47,149,100,quick,False,8,2724.47
ORD005473,C03779,P0105,2024-02-07,5,429.27,0,100,standard,True,20,329.27
ORD005474,C01831,P0293,2024-05-28,3,281.78,99,0,standard,False,18,380.78
ORD005475,C04954,P0065,2024-12-09,3,1522.48,0,50,standard,True,15,1472.48
ORD005476,C02020,P0194,2024-02-04,5,254.86,0,100,quick,False,12,154.86
ORD005477,C00778,P0187,2024-05-08,9,935.76,49,0,standard,False,9,984.76
ORD005478,C03475,P0046,2024-02-20,2,123.39,49,100,express,False,13,72.38999999999999
ORD005479,C04723,P0361,2024-04-11,9,112.41,49,50,standard,False,2,111.41
ORD005480,C03277,P0496,2024-10-24,3,519.48,99,0,quick,True,7,618.48
ORD005481,C00409,P0358,2024-09-06,7,847.08,0,0,standard,False,13,847.08
ORD005482,C01059,P0024,2024-06-18,1,206.56,0,0,quick,False,17,206.56
ORD005483,C02309,P0065,2024-07-01,1,1109.4,0,0,standard,True,8,1109.4
ORD005484,C01600,P0486,2024-03-06,8,195.47,0,0,standard,True,15,195.47
ORD005485,C04987,P0334,2024-12-09,9,633.06,0,0,express,True,9,633.06
ORD005486,C04543,P0066,2024-12-01,3,357.02,99,0,quick,True,22,456.02
ORD005487,C02233,P0196,2024-04-30,6,1075.74,49,0,standard,True,17,1124.74
ORD005488,C01652,P0245,2024-02-21,3,1240.17,0,0,quick,True,16,1240.17
ORD005489,C01297,P0295,2024-05-25,6,146.86,0,200,standard,True,7,-53.139999999999986
ORD005490,C00351,P0099,2024-11-13,7,248.76,0,0,quick,False,12,248.76
ORD005491,C03222,P0177,2024-02-05,5,1661.12,0,200,standard,True,0,1461.12
ORD005492,C02431,P0114,2024-04-09,3,475.03,99,0,quick,False,15,574.03
ORD005493,C00464,P0167,2024-06-11,8,552.37,99,0,standard,False,23,651.37
ORD005494,C02513,P0118,2024-09-05,5,227.77,149,200,quick,False,12,176.76999999999998
ORD005495,C03166,P0485,2024-08-18,1,3793.25,49,50,standard,False,11,3792.25
ORD005496,C02209,P0164,2024-06-17,9,1894.2,99,0,standard,True,17,1993.2
ORD005497,C00555,P0218,2024-11-11,3,100.42,149,0,standard,True,22,249.42000000000002
ORD005498,C00299,P0196,2024-12-03,2,659.1,49,100,standard,False,3,608.1
ORD005499,C03866,P0400,2024-06-05,3,1539.47,99,100,standard,False,14,1538.47
ORD005500,C00355,P0317,2024-12-21,7,493.14,0,100,quick,False,7,393.14
ORD005501,C00563,P0485,2024-10-26,8,500.9,149,200,quick,True,18,449.9
ORD005502,C04009,P0236,2024-03-19,2,432.89,0,0,quick,False,0,432.89
ORD005503,C04888,P0168,2024-10-16,7,119.48,99,50,standard,False,12,168.48000000000002
ORD005504,C01022,P0075,2024-10-17,5,1192.4,99,0,express,False,7,1291.4
ORD005505,C01190,P0425,2024-07-05,9,526.18,0,100,quick,True,14,426.17999999999995
ORD005506,C03210,P0286,2024-06-10,7,629.1,0,100,standard,False,11,529.1
ORD005507,C01904,P0032,2024-08-07,1,305.7,49,0,quick,False,15,354.7
ORD005508,C02036,P0298,2024-03-27,1,1172.12,0,100,standard,False,18,1072.12
ORD005509,C01026,P0348,2024-01-03,6,1204.06,0,200,quick,True,3,1004.06
ORD005510,C00255,P0229,2024-06-09,9,662.51,0,0,standard,True,20,662.51
ORD005511,C02418,P0194,2024-05-06,1,1743.98,0,0,standard,False,9,1743.98
ORD005512,C02563,P0293,2024-04-23,3,185.22,49,50,standard,True,10,184.22
ORD005513,C02951,P0296,2024-12-30,5,1180.3,0,200,quick,False,4,980.3
ORD005514,C00269,P0373,2024-11-24,4,671.44,0,50,quick,False,20,621.44
ORD005515,C00927,P0446,2024-08-11,1,282.88,49,100,standard,True,2,231.88
ORD005516,C00063,P0423,2024-05-21,4,198.34,149,0,standard,False,3,347.34000000000003
ORD005517,C04555,P0413,2024-07-03,4,349.68,0,50,quick,False,17,299.68
ORD005518,C01042,P0430,2024-03-09,4,1457.1,0,50,quick,False,5,1407.1
ORD005519,C04188,P0277,2024-12-13,3,1183.56,0,200,quick,False,6,983.56
ORD005520,C04868,P0229,2024-06-18,7,824.21,0,100,quick,True,15,724.21
ORD005521,C00809,P0095,2024-09-02,1,165.27,99,0,standard,False,18,264.27
ORD005522,C02041,P0382,2024-08-24,2,2267.14,149,200,standard,False,7,2216.14
ORD005523,C03088,P0438,2024-08-16,1,354.13,99,200,standard,True,2,253.13
ORD005524,C01646,P0170,2024-07-02,4,752.76,149,100,standard,False,4,801.76
ORD005525,C04935,P0316,2024-06-05,5,1236.55,0,0,express,False,12,1236.55
ORD005526,C00487,P0329,2024-09-06,5,198.79,0,200,standard,True,19,-1.210000000000008
ORD005527,C03081,P0031,2024-10-09,2,838.28,49,50,express,False,15,837.28
ORD005528,C01747,P0490,2024-02-25,3,121.98,149,50,express,False,16,220.98000000000002
ORD005529,C00748,P0387,2024-03-30,4,174.15,0,50,quick,True,23,124.15
ORD005530,C03837,P0476,2024-11-26,6,997.98,0,50,express,True,18,947.98
ORD005531,C00527,P0044,2024-11-06,6,216.96,149,0,quick,False,7,365.96000000000004
ORD005532,C01167,P0071,2024-02-11,2,509.27,0,100,standard,False,1,409.27
ORD005533,C04649,P0019,2024-05-23,2,298.82,0,100,quick,True,15,198.82
ORD005534,C04610,P0238,2024-03-12,9,481.79,49,0,express,False,8,530.79
ORD005535,C03541,P0198,2024-10-02,2,155.26,0,100,express,True,13,55.25999999999999
ORD005536,C04472,P0064,2024-04-10,2,1083.26,0,50,quick,False,9,1033.26
ORD005537,C03739,P0187,2024-05-14,3,156.64,49,0,standard,True,23,205.64
ORD005538,C00483,P0088,2024-11-16,9,1372.74,0,50,quick,False,10,1322.74
ORD005539,C00451,P0409,2024-02-09,6,859.56,149,100,standard,False,4,908.56
ORD005540,C04069,P0200,2024-02-08,6,476.2,99,200,standard,False,1,375.20000000000005
ORD005541,C04397,P0022,2024-01-10,5,1508.49,99,0,standard,True,10,1607.49
ORD005542,C03133,P0295,2024-09-16,7,243.17,49,0,standard,False,22,292.16999999999996
ORD005543,C01773,P0129,2024-11-19,4,314.1,99,0,quick,False,18,413.1
ORD005544,C00998,P0153,2024-01-16,3,202.24,149,50,express,True,19,301.24
ORD005545,C02065,P0077,2024-10-24,7,435.4,0,100,standard,True,13,335.4
ORD005546,C00397,P0189,2024-10-23,1,3124.74,0,50,quick,True,0,3074.74
ORD005547,C01803,P0299,2024-07-26,6,221.9,149,0,quick,False,8,370.9
ORD005548,C02151,P0414,2024-10-29,2,1343.4,0,0,express,True,22,1343.4
ORD005549,C01946,P0153,2024-04-18,2,837.65,49,50,quick,False,6,836.65
ORD005550,C03717,P0112,2024-01-19,8,110.16,149,100,quick,False,17,159.15999999999997
ORD005551,C03415,P0338,2024-10-09,3,2127.9,149,0,express,True,15,2276.9
ORD005552,C01394,P0485,2024-05-13,9,2579.53,99,0,quick,True,17,2678.53
ORD005553,C04128,P0116,2024-10-05,4,1911.26,0,50,standard,False,15,1861.26
ORD005554,C02421,P0004,2024-10-03,6,586.64,0,0,standard,True,10,586.64
ORD005555,C03919,P0376,2024-08-29,1,273.26,0,200,express,False,20,73.25999999999999
ORD005556,C03083,P0325,2024-11-30,3,446.46,0,0,quick,False,7,446.46
ORD005557,C02788,P0034,2024-03-17,4,765.69,99,50,quick,False,10,814.69
ORD005558,C01844,P0271,2024-07-06,5,432.31,0,0,quick,False,14,432.31
ORD005559,C01804,P0158,2024-07-19,1,961.11,0,50,standard,False,22,911.11
ORD005560,C00889,P0209,2024-04-24,4,1210.29,0,100,quick,False,15,1110.29
ORD005561,C02503,P0013,2024-10-28,5,263.47,99,100,standard,True,16,262.47
ORD005562,C01893,P0024,2024-05-28,4,462.37,0,50,quick,False,17,412.37
ORD005563,C01666,P0334,2024-03-09,7,2313.81,149,0,standard,False,23,2462.81
ORD005564,C04344,P0217,2024-08-25,8,300.2,149,50,standard,True,23,399.2
ORD005565,C03065,P0253,2024-09-13,8,396.73,0,50,standard,False,2,346.73
ORD005566,C03641,P0483,2024-09-18,3,124.42,49,50,quick,False,3,123.42000000000002
ORD005567,C03075,P0202,2024-02-16,5,381.81,49,50,standard,False,13,380.81
ORD005568,C01259,P0100,2024-07-22,8,423.46,0,0,standard,True,22,423.46
ORD005569,C02220,P0360,2024-07-05,7,172.62,149,200,standard,True,2,121.62
ORD005570,C02418,P0228,2024-09-14,9,100.01,0,200,standard,False,12,-99.99
ORD005571,C02838,P0198,2024-01-06,7,698.63,0,0,express,True,4,698.63
ORD005572,C02796,P0401,2024-12-05,2,350.2,0,0,quick,False,0,350.2
ORD005573,C00786,P0177,2024-05-02,4,111.59,149,0,quick,False,5,260.59000000000003
ORD005574,C03367,P0275,2024-11-10,8,1475.0,149,0,standard,False,16,1624.0
ORD005575,C04935,P0311,2024-12-16,9,713.64,0,100,standard,False,23,613.64
ORD005576,C02447,P0129,2024-03-25,7,230.42,0,0,standard,False,3,230.42
ORD005577,C03129,P0409,2024-09-20,5,1502.02,0,100,standard,False,5,1402.02
ORD005578,C01898,P0278,2024-03-12,1,303.73,0,200,standard,True,6,103.73000000000002
ORD005579,C04503,P0287,2024-08-16,9,279.64,0,200,standard,False,14,79.63999999999999
ORD005580,C03584,P0140,2024-03-22,6,1674.22,0,100,standard,False,3,1574.22
ORD005581,C04159,P0012,2024-04-01,2,237.45,0,50,standard,True,1,187.45
ORD005582,C03949,P0400,2024-10-16,2,1577.29,49,200,standard,True,13,1426.29
ORD005583,C02467,P0216,2024-10-16,1,1236.09,149,50,standard,True,15,1335.09
ORD005584,C02193,P0185,2024-12-03,4,358.52,49,0,quick,False,5,407.52
ORD005585,C00016,P0469,2024-03-15,2,123.5,99,100,standard,False,20,122.5
ORD005586,C03022,P0026,2024-09-04,9,159.33,49,0,quick,True,16,208.33
ORD005587,C04993,P0400,2024-07-02,2,180.2,0,100,quick,False,15,80.19999999999999
ORD005588,C01266,P0217,2024-01-21,9,1649.19,0,0,standard,True,4,1649.19
ORD005589,C00478,P0421,2024-04-22,1,461.3,0,0,quick,True,23,461.3
ORD005590,C04296,P0013,2024-09-06,7,122.15,0,0,standard,False,17,122.15
ORD005591,C03977,P0141,2024-04-28,6,668.22,149,200,quick,True,13,617.22
ORD005592,C03544,P0395,2024-02-02,6,262.23,99,100,standard,False,12,261.23
ORD005593,C04274,P0324,2024-05-15,2,286.63,99,200,quick,False,0,185.63
ORD005594,C04548,P0484,2024-07-08,1,221.75,99,0,standard,True,9,320.75
ORD005595,C00485,P0323,2024-04-29,8,1103.9,0,200,express,False,3,903.9000000000001
ORD005596,C04088,P0054,2024-01-22,8,99.43,99,100,standard,False,13,98.43
ORD005597,C04673,P0190,2024-12-08,2,503.6,149,0,quick,False,9,652.6
ORD005598,C00337,P0284,2024-04-15,4,162.61,99,50,quick,True,23,211.61
ORD005599,C00860,P0088,2024-09-22,4,661.66,99,0,quick,False,21,760.66
ORD005600,C02003,P0044,2024-07-03,2,396.25,149,100,quick,False,8,445.25
ORD005601,C01471,P0131,2024-07-17,9,119.13,149,0,standard,False,16,268.13
ORD005602,C02042,P0497,2024-08-28,4,531.59,0,200,standard,True,10,331.59000000000003
ORD005603,C03428,P0399,2024-08-20,4,690.73,99,0,quick,True,19,789.73
ORD005604,C03120,P0497,2024-01-24,4,298.19,0,50,standard,True,11,248.19
ORD005605,C01519,P0065,2024-01-21,5,1114.25,0,0,standard,True,18,1114.25
ORD005606,C00701,P0278,2024-11-28,8,423.59,99,200,quick,False,20,322.5899999999999
ORD005607,C04388,P0323,2024-06-14,4,1067.58,99,0,standard,False,5,1166.58
ORD005608,C04035,P0147,2024-02-22,3,704.61,0,0,quick,False,4,704.61
ORD005609,C03744,P0144,2024-12-26,1,1523.14,99,100,standard,False,9,1522.14
ORD005610,C01173,P0435,2024-09-23,2,653.19,149,0,quick,True,16,802.19
ORD005611,C01605,P0005,2024-11-20,4,242.74,99,100,standard,False,21,241.74
ORD005612,C01879,P0081,2024-05-20,9,1309.51,0,100,quick,True,6,1209.51
ORD005613,C03393,P0467,2024-05-14,1,1168.61,149,100,express,True,19,1217.61
ORD005614,C02124,P0122,2024-10-23,6,2610.84,49,0,quick,False,22,2659.84
ORD005615,C04991,P0166,2024-10-05,6,167.78,0,100,standard,False,11,67.78
ORD005616,C04642,P0236,2024-10-18,3,725.22,0,0,standard,True,16,725.22
ORD005617,C01446,P0104,2024-03-30,9,572.64,0,100,quick,False,19,472.64
ORD005618,C03306,P0289,2024-07-11,3,876.92,0,0,quick,True,8,876.92
ORD005619,C03401,P0487,2024-11-30,1,2843.74,0,100,standard,True,15,2743.74
ORD005620,C03783,P0237,2024-07-12,2,630.91,0,0,standard,False,14,630.91
ORD005621,C02372,P0309,2024-07-06,4,909.27,0,0,standard,True,6,909.27
ORD005622,C00150,P0471,2024-10-27,4,397.55,0,50,quick,True,10,347.55
ORD005623,C01659,P0081,2024-11-30,2,347.64,0,50,standard,False,23,297.64
ORD005624,C00878,P0093,2024-02-09,6,384.89,49,0,express,True,23,433.89
ORD005625,C02319,P0320,2024-09-21,6,126.56,0,200,quick,False,4,-73.44
ORD005626,C02883,P0342,2024-05-08,3,333.58,99,100,standard,False,5,332.58
ORD005627,C03995,P0284,2024-07-11,1,231.92,49,200,standard,False,16,80.91999999999996
ORD005628,C02415,P0296,2024-04-24,9,527.0,49,0,standard,False,22,576.0
ORD005629,C01515,P0360,2024-09-21,4,531.4,99,100,standard,False,15,530.4
ORD005630,C03387,P0318,2024-07-26,9,1113.4,0,200,standard,False,0,913.4000000000001
ORD005631,C00589,P0415,2024-06-29,5,587.42,0,0,quick,False,10,587.42
ORD005632,C00587,P0065,2024-06-25,7,534.34,0,0,express,True,13,534.34
ORD005633,C02619,P0111,2024-09-06,3,283.44,0,100,quick,False,5,183.44
ORD005634,C01195,P0355,2024-09-03,3,1438.65,0,50,quick,False,4,1388.65
ORD005635,C04353,P0428,2024-11-05,8,165.79,0,100,standard,True,15,65.78999999999999
ORD005636,C02326,P0400,2024-01-04,1,2922.77,0,0,standard,False,2,2922.77
ORD005637,C02605,P0170,2024-09-13,8,551.48,0,50,quick,True,0,501.48
ORD005638,C02538,P0246,2024-03-12,8,243.05,99,0,quick,False,9,342.05
ORD005639,C00565,P0065,2024-08-13,3,405.22,0,100,quick,True,22,305.22
ORD005640,C01756,P0067,2024-03-25,1,109.84,149,200,quick,False,6,58.84000000000003
ORD005641,C04075,P0491,2024-04-27,9,226.5,149,200,quick,False,6,175.5
ORD005642,C01360,P0033,2024-02-09,4,384.94,0,0,standard,False,22,384.94
ORD005643,C02568,P0000,2024-09-20,7,664.86,0,0,quick,False,3,664.86
ORD005644,C02373,P0150,2024-11-25,9,196.07,149,0,quick,False,17,345.07
ORD005645,C01195,P0389,2024-05-23,3,887.83,49,0,standard,False,14,936.83
ORD005646,C02131,P0271,2024-04-18,5,1400.77,99,50,standard,False,10,1449.77
ORD005647,C02888,P0257,2024-03-17,3,693.6,49,0,standard,True,3,742.6
ORD005648,C01567,P0237,2024-04-05,5,345.58,149,50,quick,False,1,444.58
ORD005649,C03410,P0115,2024-03-21,2,189.59,0,100,standard,False,19,89.59
ORD005650,C02367,P0075,2024-07-04,4,109.96,0,100,standard,False,14,9.959999999999994
ORD005651,C03343,P0282,2024-11-04,2,1020.22,0,0,standard,True,19,1020.22
ORD005652,C03097,P0018,2024-03-01,3,792.11,0,0,standard,False,5,792.11
ORD005653,C01260,P0283,2024-12-04,5,551.76,0,100,quick,True,2,451.76
ORD005654,C01333,P0034,2024-04-27,9,174.31,49,200,express,False,11,23.310000000000002
ORD005655,C04328,P0370,2024-07-31,3,261.37,0,50,express,True,20,211.37
ORD005656,C04644,P0490,2024-06-18,6,1280.83,0,100,standard,False,17,1180.83
ORD005657,C03336,P0323,2024-02-28,4,556.55,49,200,quick,True,7,405.54999999999995
ORD005658,C03084,P0304,2024-09-03,4,2403.63,149,0,standard,True,11,2552.63
ORD005659,C03387,P0240,2024-12-11,5,7441.01,0,100,express,False,20,7341.01
ORD005660,C04713,P0006,2024-09-02,7,1228.09,99,200,express,True,0,1127.09
ORD005661,C02431,P0036,2024-09-02,4,308.06,0,100,express,False,6,208.06
ORD005662,C01016,P0370,2024-04-17,8,282.97,0,0,standard,True,8,282.97
ORD005663,C00641,P0152,2024-10-29,9,303.78,49,0,standard,False,9,352.78
ORD005664,C04062,P0244,2024-03-23,9,3127.49,149,50,quick,False,13,3226.49
ORD005665,C00315,P0249,2024-11-27,9,384.94,99,0,standard,True,18,483.94
ORD005666,C02303,P0114,2024-07-29,2,956.99,0,0,express,True,23,956.99
ORD005667,C00440,P0040,2024-01-12,3,2335.23,0,50,quick,False,9,2285.23
ORD005668,C01138,P0336,2024-05-04,5,1297.79,99,100,standard,True,11,1296.79
ORD005669,C00914,P0061,2024-01-23,1,736.22,0,100,quick,False,19,636.22
ORD005670,C02303,P0168,2024-03-06,4,228.56,99,50,standard,True,12,277.56
ORD005671,C04142,P0141,2024-10-20,5,233.61,149,100,quick,False,8,282.61
ORD005672,C03421,P0484,2024-10-30,9,573.67,0,100,standard,False,17,473.66999999999996
ORD005673,C02078,P0437,2024-03-23,8,2223.78,0,200,quick,False,17,2023.7800000000002
ORD005674,C04150,P0257,2024-03-09,1,1742.99,99,50,quick,True,20,1791.99
ORD005675,C02200,P0087,2024-11-18,3,226.23,0,50,standard,True,21,176.23
ORD005676,C04551,P0462,2024-09-19,3,336.5,99,0,standard,True,6,435.5
ORD005677,C00035,P0047,2024-01-21,6,721.09,49,200,quick,False,2,570.09
ORD005678,C00817,P0434,2024-10-20,4,553.3,0,100,quick,False,18,453.29999999999995
ORD005679,C01946,P0480,2024-03-16,4,187.98,149,0,standard,True,4,336.98
ORD005680,C03956,P0310,2024-01-29,1,421.66,0,200,standard,True,3,221.66000000000003
ORD005681,C04351,P0011,2024-03-26,4,2265.34,0,100,standard,False,23,2165.34
ORD005682,C02225,P0210,2024-05-12,1,2216.5,0,200,standard,True,6,2016.5
ORD005683,C03325,P0243,2024-04-02,5,672.77,0,0,standard,False,8,672.77
ORD005684,C00507,P0238,2024-09-21,3,805.0,0,100,express,False,5,705.0
ORD005685,C03745,P0196,2024-07-26,5,274.64,49,200,standard,False,8,123.63999999999999
ORD005686,C04116,P0256,2024-11-02,3,1047.23,49,200,quick,False,18,896.23
ORD005687,C03877,P0234,2024-10-15,5,136.75,0,0,standard,False,3,136.75
ORD005688,C04814,P0186,2024-11-22,4,273.54,149,200,quick,False,4,222.54000000000002
ORD005689,C00459,P0200,2024-01-10,9,103.13,49,0,quick,False,16,152.13
ORD005690,C01405,P0102,2024-12-04,6,440.09,149,0,quick,False,18,589.0899999999999
ORD005691,C04095,P0289,2024-05-25,2,1428.2,0,200,quick,True,20,1228.2
ORD005692,C02036,P0220,2024-02-13,1,2931.15,149,100,standard,False,12,2980.15
ORD005693,C02677,P0496,2024-04-20,1,870.32,99,0,standard,False,10,969.32
ORD005694,C01744,P0495,2024-08-17,1,1055.18,149,100,quick,False,18,1104.18
ORD005695,C02983,P0367,2024-11-06,9,312.38,0,200,standard,False,18,112.38
ORD005696,C02358,P0301,2024-08-29,5,613.26,99,0,standard,True,19,712.26
ORD005697,C01231,P0186,2024-09-03,4,1032.8,0,50,standard,True,8,982.8
ORD005698,C01177,P0449,2024-03-28,5,580.4,99,0,standard,False,23,679.4
ORD005699,C00761,P0402,2024-04-22,9,163.9,0,100,standard,False,19,63.900000000000006
ORD005700,C04778,P0411,2024-07-29,3,1044.28,0,0,standard,False,21,1044.28
ORD005701,C02354,P0098,2024-11-03,3,272.53,0,100,standard,False,15,172.52999999999997
ORD005702,C04714,P0423,2024-03-14,2,170.96,149,200,standard,False,6,119.96000000000004
ORD005703,C03726,P0244,2024-10-25,8,554.14,149,100,quick,False,5,603.14
ORD005704,C01543,P0312,2024-04-03,7,153.28,49,0,standard,False,0,202.28
ORD005705,C03677,P0306,2024-11-15,2,793.92,99,50,standard,False,7,842.92
ORD005706,C01933,P0495,2024-12-03,4,815.08,49,50,quick,False,6,814.08
ORD005707,C03168,P0021,2024-09-18,7,306.66,49,200,standard,False,2,155.66000000000003
ORD005708,C03561,P0067,2024-05-15,1,2436.43,99,0,standard,False,19,2535.43
ORD005709,C04102,P0391,2024-03-26,1,1316.89,99,50,standard,False,4,1365.89
ORD005710,C03857,P0315,2024-12-17,8,180.25,0,0,quick,False,4,180.25
ORD005711,C04017,P0064,2024-06-24,6,1065.25,99,100,standard,True,5,1064.25
ORD005712,C04444,P0291,2024-08-20,2,403.87,99,200,quick,False,15,302.87
ORD005713,C02964,P0454,2024-11-01,1,1070.21,149,0,express,True,0,1219.21
ORD005714,C01030,P0216,2024-10-29,3,1228.39,49,200,standard,False,10,1077.39
ORD005715,C02547,P0028,2024-02-05,4,213.9,0,0,standard,False,2,213.9
ORD005716,C02522,P0192,2024-04-27,5,857.97,0,200,quick,False,1,657.97
ORD005717,C04619,P0055,2024-07-12,3,1489.06,0,50,quick,True,4,1439.06
ORD005718,C01875,P0337,2024-07-16,5,372.45,99,0,express,False,16,471.45
ORD005719,C00589,P0387,2024-03-08,7,157.62,0,200,express,True,14,-42.379999999999995
ORD005720,C02280,P0211,2024-02-25,9,118.35,99,0,standard,False,13,217.35
ORD005721,C03101,P0237,2024-01-09,5,180.57,149,0,standard,False,21,329.57
ORD005722,C02414,P0199,2024-04-13,4,101.95,0,0,express,False,15,101.95
ORD005723,C03897,P0474,2024-09-24,9,376.15,99,200,express,False,10,275.15
ORD005724,C03678,P0177,2024-09-15,8,348.0,0,200,standard,True,9,148.0
ORD005725,C01843,P0422,2024-12-16,5,180.84,149,0,standard,True,16,329.84000000000003
ORD005726,C04151,P0418,2024-08-02,9,836.11,0,100,quick,False,3,736.11
ORD005727,C01938,P0152,2024-03-17,9,3470.67,149,100,standard,True,7,3519.67
ORD005728,C02194,P0461,2024-11-06,1,1717.32,0,50,express,True,17,1667.32
ORD005729,C04459,P0043,2024-02-19,6,303.04,0,0,quick,False,12,303.04
ORD005730,C00252,P0430,2024-03-31,5,1127.72,49,100,express,True,12,1076.72
ORD005731,C01466,P0167,2024-08-31,6,2032.72,0,0,standard,False,12,2032.72
ORD005732,C00735,P0286,2024-11-10,3,1756.84,49,0,express,True,22,1805.84
ORD005733,C00339,P0196,2024-11-03,3,1610.24,149,100,quick,True,15,1659.24
ORD005734,C03587,P0336,2024-01-20,5,1179.72,49,200,standard,False,11,1028.72
ORD005735,C01376,P0073,2024-09-29,7,341.7,99,0,standard,True,9,440.7
ORD005736,C04719,P0170,2024-09-14,4,160.08,0,50,standard,False,16,110.08000000000001
ORD005737,C00704,P0379,2024-03-01,6,567.35,0,100,quick,False,10,467.35
ORD005738,C03724,P0182,2024-02-17,5,138.44,0,200,standard,True,16,-61.56
ORD005739,C04418,P0015,2024-09-03,2,4638.43,149,0,standard,False,2,4787.43
ORD005740,C02908,P0495,2024-12-03,1,409.55,49,0,express,False,19,458.55
ORD005741,C01974,P0067,2024-03-07,6,2323.75,149,50,quick,False,6,2422.75
ORD005742,C01468,P0374,2024-11-04,5,1137.34,99,200,quick,False,5,1036.34
ORD005743,C02142,P0324,2024-10-03,9,469.88,0,100,quick,False,20,369.88
ORD005744,C00552,P0041,2024-01-01,7,187.14,149,0,quick,False,8,336.14
ORD005745,C03491,P0109,2024-12-13,1,288.53,99,0,express,False,22,387.53
ORD005746,C00789,P0040,2024-11-28,6,881.55,0,100,quick,True,4,781.55
ORD005747,C01173,P0305,2024-08-08,7,1339.1,99,0,standard,True,13,1438.1
ORD005748,C00552,P0467,2024-09-24,3,2818.1,99,100,standard,True,17,2817.1
ORD005749,C03422,P0005,2024-08-03,9,198.23,0,100,quick,False,14,98.22999999999999
ORD005750,C04211,P0330,2024-07-08,2,217.68,49,0,standard,True,15,266.68
ORD005751,C00631,P0180,2024-01-23,1,129.36,0,0,standard,False,22,129.36
ORD005752,C00269,P0272,2024-12-23,9,310.12,0,100,express,True,8,210.12
ORD005753,C00860,P0360,2024-09-28,7,1303.52,0,100,quick,False,21,1203.52
ORD005754,C00290,P0184,2024-08-07,1,253.68,0,50,standard,True,3,203.68
ORD005755,C01457,P0322,2024-04-27,4,654.64,149,0,standard,True,17,803.64
ORD005756,C00629,P0143,2024-09-03,3,512.93,149,200,standard,False,13,461.92999999999995
ORD005757,C00474,P0435,2024-07-14,7,374.99,0,200,standard,False,20,174.99
ORD005758,C04632,P0099,2024-06-28,5,773.27,0,50,standard,True,11,723.27
ORD005759,C04080,P0089,2024-10-28,9,587.47,0,100,quick,False,5,487.47
ORD005760,C04780,P0471,2024-12-22,3,384.33,49,100,standard,True,0,333.33
ORD005761,C01760,P0245,2024-10-21,6,916.24,0,50,quick,False,11,866.24
ORD005762,C03082,P0238,2024-02-20,2,328.92,0,200,standard,False,14,128.92000000000002
ORD005763,C04708,P0417,2024-08-05,3,820.37,0,0,express,True,21,820.37
ORD005764,C03974,P0211,2024-03-09,4,2305.6,0,0,standard,True,11,2305.6
ORD005765,C03398,P0080,2024-05-10,6,1012.82,0,100,quick,True,23,912.82
ORD005766,C02323,P0114,2024-09-01,1,478.38,0,0,standard,True,13,478.38
ORD005767,C03561,P0275,2024-04-29,6,1062.61,99,200,express,True,6,961.6099999999999
ORD005768,C02392,P0079,2024-02-12,4,1258.72,0,0,quick,False,19,1258.72
ORD005769,C03844,P0055,2024-05-25,8,375.0,0,100,quick,False,17,275.0
ORD005770,C02415,P0178,2024-11-02,9,953.86,149,200,quick,True,6,902.8600000000001
ORD005771,C03804,P0308,2024-10-05,8,497.9,0,0,express,True,12,497.9
ORD005772,C04826,P0048,2024-07-28,8,1293.64,0,0,quick,True,11,1293.64
ORD005773,C01624,P0259,2024-05-11,2,344.07,0,0,quick,True,5,344.07
ORD005774,C01508,P0273,2024-04-06,2,2042.73,0,200,standard,False,23,1842.73
ORD005775,C04110,P0291,2024-01-03,6,697.62,0,100,quick,False,0,597.62
ORD005776,C04853,P0372,2024-12-29,5,404.11,0,50,quick,False,6,354.11
ORD005777,C00003,P0290,2024-01-04,6,479.55,149,50,standard,False,14,578.55
ORD005778,C03447,P0029,2024-10-22,9,398.18,49,50,quick,True,11,397.18
ORD005779,C02580,P0373,2024-09-24,7,209.68,149,100,quick,True,16,258.68
ORD005780,C03791,P0251,2024-03-01,5,148.67,49,50,standard,False,6,147.67
ORD005781,C01160,P0062,2024-09-23,7,370.8,99,0,standard,True,0,469.8
ORD005782,C00833,P0081,2024-01-04,8,528.63,49,0,quick,True,18,577.63
ORD005783,C01998,P0404,2024-07-11,1,413.39,0,50,standard,False,9,363.39
ORD005784,C01202,P0435,2024-12-01,7,108.81,0,0,quick,True,10,108.81
ORD005785,C02175,P0479,2024-04-15,4,704.6,49,0,standard,True,3,753.6
ORD005786,C01381,P0324,2024-12-18,5,208.51,0,200,quick,False,11,8.509999999999991
ORD005787,C04173,P0380,2024-06-10,2,264.9,49,200,standard,False,8,113.89999999999998
ORD005788,C02788,P0168,2024-07-28,5,189.08,0,100,standard,True,16,89.08000000000001
ORD005789,C02821,P0309,2024-07-04,9,613.41,49,0,quick,False,0,662.41
ORD005790,C04177,P0342,2024-02-24,1,169.0,0,100,quick,True,19,69.0
ORD005791,C00341,P0157,2024-03-20,3,306.34,99,50,quick,False,8,355.34
ORD005792,C01361,P0474,2024-08-06,4,519.66,0,100,standard,False,1,419.65999999999997
ORD005793,C04191,P0055,2024-11-29,9,227.5,149,0,express,False,20,376.5
ORD005794,C04616,P0334,2024-10-26,2,512.72,0,100,standard,False,8,412.72
ORD005795,C00995,P0424,2024-05-09,7,392.77,99,50,standard,False,20,441.77
ORD005796,C00356,P0141,2024-05-13,9,1478.27,0,50,quick,True,15,1428.27
ORD005797,C00185,P0148,2024-10-01,4,1207.99,99,0,express,False,12,1306.99
ORD005798,C01693,P0375,2024-08-04,5,3557.9,0,0,quick,False,1,3557.9
ORD005799,C02590,P0225,2024-10-16,4,625.9,0,200,standard,False,22,425.9
ORD005800,C01342,P0473,2024-07-06,7,698.62,49,0,standard,False,22,747.62
ORD005801,C01691,P0024,2024-11-09,8,2150.56,0,200,quick,True,8,1950.56
ORD005802,C01082,P0177,2024-05-21,8,456.1,0,0,express,False,8,456.1
ORD005803,C02057,P0364,2024-12-14,3,666.85,0,0,standard,False,20,666.85
ORD005804,C02904,P0094,2024-07-22,2,432.59,49,100,standard,True,1,381.59
ORD005805,C03195,P0052,2024-04-14,6,651.55,0,100,standard,False,18,551.55
ORD005806,C04451,P0303,2024-07-30,1,157.95,99,100,quick,True,0,156.95
ORD005807,C03417,P0069,2024-10-09,9,1171.07,0,0,standard,False,22,1171.07
ORD005808,C02380,P0175,2024-10-12,7,3051.98,0,100,standard,True,15,2951.98
ORD005809,C00016,P0131,2024-09-04,8,146.6,0,0,quick,True,19,146.6
ORD005810,C00323,P0407,2024-04-01,7,1229.26,49,100,standard,True,20,1178.26
ORD005811,C02070,P0489,2024-07-08,5,292.71,0,200,express,False,14,92.70999999999998
ORD005812,C00930,P0414,2024-10-13,5,253.06,0,0,quick,False,15,253.06
ORD005813,C04554,P0338,2024-10-11,7,926.48,0,100,standard,True,5,826.48
ORD005814,C04652,P0458,2024-09-04,7,130.59,149,50,quick,False,15,229.59000000000003
ORD005815,C01444,P0412,2024-05-09,2,534.54,0,0,express,False,23,534.54
ORD005816,C04036,P0388,2024-06-06,2,100.01,99,50,standard,False,20,149.01
ORD005817,C00402,P0337,2024-10-22,7,664.82,149,0,quick,True,17,813.82
ORD005818,C03402,P0450,2024-06-25,5,533.03,0,100,standard,False,3,433.03
ORD005819,C04552,P0359,2024-12-27,2,1828.56,0,200,standard,False,1,1628.56
ORD005820,C01506,P0330,2024-07-22,1,990.76,0,100,quick,True,11,890.76
ORD005821,C01521,P0212,2024-03-11,9,193.28,0,0,quick,False,0,193.28
ORD005822,C03098,P0477,2024-12-03,8,405.45,49,50,quick,False,19,404.45
ORD005823,C02444,P0210,2024-03-01,2,1976.46,149,0,express,True,22,2125.46
ORD005824,C02187,P0436,2024-04-27,2,1003.54,0,200,quick,False,4,803.54
ORD005825,C02568,P0344,2024-08-16,3,730.46,0,50,express,False,22,680.46
ORD005826,C02793,P0063,2024-12-24,4,672.21,49,200,quick,False,23,521.21
ORD005827,C00091,P0034,2024-03-23,9,454.36,0,50,standard,True,5,404.36
ORD005828,C04947,P0011,2024-02-21,6,714.97,49,100,quick,False,4,663.97
ORD005829,C04940,P0430,2024-04-19,3,1132.86,0,0,standard,True,2,1132.86
ORD005830,C04762,P0345,2024-09-17,8,194.51,0,50,standard,True,13,144.51
ORD005831,C01753,P0310,2024-07-24,6,2549.65,149,200,standard,False,3,2498.65
ORD005832,C04892,P0247,2024-06-22,8,290.52,0,100,quick,False,1,190.51999999999998
ORD005833,C00087,P0111,2024-10-08,2,514.62,0,0,quick,False,14,514.62
ORD005834,C01641,P0324,2024-11-10,8,115.08,0,0,express,True,20,115.08
ORD005835,C02962,P0466,2024-12-22,5,658.49,0,100,express,False,22,558.49
ORD005836,C02142,P0090,2024-12-16,4,435.74,0,0,quick,False,1,435.74
ORD005837,C00550,P0293,2024-12-27,3,300.15,0,200,standard,False,10,100.14999999999998
ORD005838,C02446,P0028,2024-01-27,9,3063.7,0,0,standard,True,3,3063.7
ORD005839,C01951,P0011,2024-03-23,7,490.2,49,100,standard,True,17,439.20000000000005
ORD005840,C02290,P0146,2024-07-18,7,473.46,99,0,standard,True,8,572.46
ORD005841,C03837,P0136,2024-11-21,6,534.36,0,0,quick,False,6,534.36
ORD005842,C00623,P0337,2024-01-03,9,185.43,0,100,quick,True,20,85.43
ORD005843,C03757,P0156,2024-02-16,3,448.57,49,50,standard,False,19,447.57
ORD005844,C04796,P0258,2024-03-15,1,386.06,0,200,quick,False,23,186.06
ORD005845,C03292,P0086,2024-08-29,7,537.0,0,100,quick,True,0,437.0
ORD005846,C03832,P0157,2024-11-03,9,1458.59,0,200,standard,False,10,1258.59
ORD005847,C02611,P0493,2024-08-10,6,248.92,99,0,express,False,21,347.91999999999996
ORD005848,C00161,P0185,2024-02-15,2,754.08,0,0,standard,False,10,754.08
ORD005849,C01992,P0343,2024-02-02,8,125.85,149,50,standard,True,22,224.85000000000002
ORD005850,C02082,P0308,2024-05-14,9,365.67,49,0,quick,False,5,414.67
ORD005851,C03013,P0356,2024-04-23,8,546.93,49,100,standard,False,18,495.92999999999995
ORD005852,C00036,P0228,2024-07-08,9,153.03,49,200,express,False,23,2.030000000000001
ORD005853,C00845,P0003,2024-02-10,1,648.63,0,50,quick,False,11,598.63
ORD005854,C02876,P0056,2024-11-07,3,359.07,49,100,quick,False,16,308.07
ORD005855,C03346,P0437,2024-01-20,3,3553.55,49,200,quick,False,0,3402.55
ORD005856,C04054,P0027,2024-07-15,9,796.81,99,200,quick,False,21,695.81
ORD005857,C04200,P0015,2024-07-24,3,294.96,0,0,standard,False,12,294.96
ORD005858,C00335,P0012,2024-11-10,1,174.83,149,0,quick,True,13,323.83000000000004
ORD005859,C03097,P0199,2024-12-01,3,128.1,0,100,quick,False,21,28.099999999999994
ORD005860,C02343,P0183,2024-09-23,2,165.61,0,50,standard,False,21,115.61000000000001
ORD005861,C01560,P0308,2024-05-26,9,896.73,49,200,standard,False,1,745.73
ORD005862,C04981,P0303,2024-12-30,1,1450.68,0,200,standard,False,2,1250.68
ORD005863,C04164,P0280,2024-11-01,2,218.33,49,100,express,True,6,167.33000000000004
ORD005864,C04246,P0321,2024-01-30,1,459.07,0,50,quick,False,16,409.07
ORD005865,C00661,P0157,2024-03-30,9,405.12,99,0,express,False,4,504.12
ORD005866,C04852,P0359,2024-11-23,7,823.0,49,50,quick,False,23,822.0
ORD005867,C03739,P0258,2024-09-10,1,240.21,49,0,quick,False,8,289.21000000000004
ORD005868,C03183,P0406,2024-08-12,6,2244.1,49,200,standard,False,2,2093.1
ORD005869,C01485,P0156,2024-01-06,5,1011.8,0,0,express,True,5,1011.8
ORD005870,C02409,P0424,2024-04-13,5,2270.88,99,0,quick,False,14,2369.88
ORD005871,C04298,P0093,2024-12-02,4,326.4,99,100,quick,False,1,325.4
ORD005872,C02534,P0266,2024-09-22,3,719.23,99,50,quick,False,8,768.23
ORD005873,C00003,P0020,2024-05-26,8,1021.44,99,50,standard,False,19,1070.44
ORD005874,C03097,P0126,2024-04-09,7,967.82,0,0,standard,False,6,967.82
ORD005875,C02848,P0346,2024-01-18,5,114.1,49,100,quick,False,22,63.099999999999994
ORD005876,C00026,P0407,2024-11-02,9,4558.54,149,50,express,True,16,4657.54
ORD005877,C00964,P0499,2024-09-18,7,1941.35,99,100,standard,False,13,1940.35
ORD005878,C03096,P0350,2024-09-21,2,188.29,0,0,express,False,5,188.29
ORD005879,C00071,P0349,2024-12-23,7,648.02,0,200,standard,False,20,448.02
ORD005880,C02947,P0448,2024-04-28,7,363.38,149,100,quick,False,23,412.38
ORD005881,C02315,P0384,2024-11-10,4,1576.76,0,0,standard,True,0,1576.76
ORD005882,C03897,P0437,2024-03-27,8,936.02,0,200,express,False,9,736.02
ORD005883,C04490,P0455,2024-12-11,4,276.09,0,50,standard,False,8,226.08999999999997
ORD005884,C04964,P0111,2024-01-19,7,123.11,0,0,standard,False,17,123.11
ORD005885,C02411,P0233,2024-07-03,4,340.46,0,0,quick,True,11,340.46
ORD005886,C00116,P0033,2024-05-02,8,126.22,49,0,quick,True,3,175.22
ORD005887,C02211,P0079,2024-12-01,3,205.64,0,100,standard,True,10,105.63999999999999
ORD005888,C02924,P0474,2024-01-01,2,806.69,0,0,quick,False,14,806.69
ORD005889,C02837,P0451,2024-03-21,6,1055.78,0,100,quick,True,18,955.78
ORD005890,C00576,P0082,2024-02-14,7,540.8,0,0,standard,False,22,540.8
ORD005891,C00771,P0028,2024-05-21,7,740.91,0,0,quick,True,2,740.91
ORD005892,C00199,P0488,2024-07-23,6,217.63,49,0,standard,False,18,266.63
ORD005893,C01755,P0130,2024-06-29,8,365.67,149,100,quick,False,14,414.6700000000001
ORD005894,C00179,P0010,2024-12-08,6,972.51,0,0,quick,False,2,972.51
ORD005895,C02405,P0391,2024-07-21,6,416.77,0,50,standard,True,3,366.77
ORD005896,C03323,P0061,2024-07-26,3,399.27,0,0,standard,False,2,399.27
ORD005897,C04748,P0358,2024-10-27,2,249.96,49,0,quick,True,5,298.96000000000004
ORD005898,C04773,P0032,2024-04-12,7,731.41,0,0,standard,False,23,731.41
ORD005899,C02301,P0135,2024-09-22,6,1259.81,0,0,standard,False,2,1259.81
ORD005900,C02988,P0408,2024-01-08,1,542.68,49,0,standard,True,5,591.68
ORD005901,C01602,P0087,2024-12-26,2,184.94,49,0,quick,False,10,233.94
ORD005902,C01119,P0409,2024-02-05,2,1374.7,0,0,standard,False,18,1374.7
ORD005903,C02214,P0409,2024-02-16,1,150.85,0,0,standard,True,20,150.85
ORD005904,C01911,P0016,2024-10-08,3,545.7,149,0,express,False,0,694.7
ORD005905,C02901,P0090,2024-05-25,5,310.79,0,100,standard,False,5,210.79000000000002
ORD005906,C01085,P0412,2024-10-13,4,2026.7,49,50,standard,False,0,2025.6999999999998
ORD005907,C00173,P0298,2024-10-25,2,1035.37,0,100,quick,False,6,935.3699999999999
ORD005908,C03532,P0486,2024-06-27,8,683.96,0,200,quick,True,20,483.96000000000004
ORD005909,C04719,P0252,2024-06-26,9,870.32,49,100,quick,True,11,819.32
ORD005910,C01238,P0072,2024-05-21,8,631.59,149,50,standard,True,14,730.59
ORD005911,C03310,P0205,2024-04-25,7,210.79,49,50,standard,True,2,209.78999999999996
ORD005912,C04834,P0260,2024-11-06,2,963.34,0,100,standard,False,23,863.34
ORD005913,C03813,P0177,2024-04-09,6,574.02,0,100,standard,False,7,474.02
ORD005914,C03816,P0477,2024-08-20,4,803.18,0,200,quick,False,9,603.18
ORD005915,C04770,P0311,2024-07-25,5,131.38,149,0,standard,False,21,280.38
ORD005916,C01973,P0446,2024-10-21,9,206.23,49,50,express,True,20,205.23
ORD005917,C03782,P0312,2024-01-03,9,722.04,99,0,standard,False,6,821.04
ORD005918,C02244,P0219,2024-05-13,4,529.59,0,200,standard,True,23,329.59000000000003
ORD005919,C01657,P0172,2024-03-30,8,279.12,0,0,quick,False,23,279.12
ORD005920,C00412,P0164,2024-07-27,5,291.81,0,0,standard,True,4,291.81
ORD005921,C03410,P0327,2024-09-16,9,798.12,149,0,standard,True,9,947.12
ORD005922,C04092,P0334,2024-02-24,2,141.54,49,100,standard,False,1,90.53999999999999
ORD005923,C01382,P0219,2024-10-13,4,497.73,99,50,express,False,12,546.73
ORD005924,C01123,P0291,2024-02-07,3,617.32,149,0,standard,True,22,766.32
ORD005925,C04329,P0160,2024-09-14,7,356.86,49,100,express,False,9,305.86
ORD005926,C04012,P0389,2024-05-30,2,1301.5,0,200,standard,False,5,1101.5
ORD005927,C02243,P0247,2024-06-23,3,139.91,149,100,express,False,8,188.90999999999997
ORD005928,C02589,P0370,2024-02-29,9,1504.81,0,200,standard,False,4,1304.81
ORD005929,C01778,P0459,2024-09-19,8,998.28,0,0,quick,False,18,998.28
ORD005930,C01129,P0070,2024-05-11,2,512.73,49,0,quick,False,10,561.73
ORD005931,C00644,P0428,2024-10-02,6,1907.23,99,50,quick,True,13,1956.23
ORD005932,C03522,P0091,2024-10-21,3,947.02,0,0,quick,False,7,947.02
ORD005933,C01557,P0390,2024-05-08,6,1971.01,99,0,quick,False,6,2070.01
ORD005934,C04501,P0360,2024-12-21,5,546.84,0,200,standard,False,8,346.84000000000003
ORD005935,C02773,P0320,2024-08-14,4,521.28,99,50,quick,False,6,570.28
ORD005936,C02785,P0244,2024-07-12,7,628.62,99,100,quick,True,5,627.62
ORD005937,C01706,P0023,2024-10-15,7,146.37,0,0,standard,False,9,146.37
ORD005938,C02601,P0044,2024-09-04,4,1772.95,99,100,quick,False,8,1771.95
ORD005939,C03643,P0188,2024-05-04,3,870.24,0,50,standard,False,22,820.24
ORD005940,C00374,P0402,2024-06-22,4,771.88,0,0,quick,False,14,771.88
ORD005941,C01612,P0372,2024-08-22,2,1925.98,49,0,standard,False,8,1974.98
ORD005942,C00454,P0415,2024-12-14,4,3639.1,0,100,standard,False,2,3539.1
ORD005943,C04297,P0285,2024-08-23,4,223.88,149,100,quick,False,15,272.88
ORD005944,C01475,P0320,2024-10-27,5,1066.6,149,0,express,False,11,1215.6
ORD005945,C00853,P0415,2024-01-15,1,706.16,49,100,standard,True,18,655.16
ORD005946,C00723,P0440,2024-09-03,2,531.62,0,200,standard,False,11,331.62
ORD005947,C01391,P0403,2024-02-29,8,2758.48,99,0,standard,False,11,2857.48
ORD005948,C02387,P0340,2024-05-12,8,1428.21,49,100,standard,True,20,1377.21
ORD005949,C00261,P0082,2024-02-04,8,934.24,99,0,express,False,16,1033.24
ORD005950,C00542,P0221,2024-07-14,5,436.65,0,100,standard,True,14,336.65
ORD005951,C00550,P0369,2024-11-20,8,866.72,99,50,express,False,20,915.72
ORD005952,C03797,P0475,2024-04-22,9,630.04,0,0,express,False,21,630.04
ORD005953,C00637,P0351,2024-12-12,4,299.79,149,0,quick,False,5,448.79
ORD005954,C00164,P0413,2024-12-25,4,517.97,49,100,standard,False,1,466.97
ORD005955,C02805,P0342,2024-04-27,7,265.97,99,50,quick,True,18,314.97
ORD005956,C00620,P0218,2024-06-10,5,584.79,49,0,quick,False,12,633.79
ORD005957,C01223,P0484,2024-07-30,1,990.67,49,0,standard,False,4,1039.67
ORD005958,C03342,P0442,2024-06-29,8,125.13,0,0,express,False,17,125.13
ORD005959,C00050,P0217,2024-09-21,4,1113.85,0,0,standard,True,18,1113.85
ORD005960,C00488,P0189,2024-10-01,8,113.14,99,100,standard,False,6,112.13999999999999
ORD005961,C00664,P0066,2024-01-05,2,608.82,0,0,express,True,22,608.82
ORD005962,C01246,P0030,2024-12-24,4,695.46,49,200,quick,False,13,544.46
ORD005963,C02710,P0321,2024-05-14,2,1101.62,0,100,quick,False,11,1001.6199999999999
ORD005964,C04361,P0249,2024-05-07,5,1100.99,0,200,standard,True,20,900.99
ORD005965,C04168,P0053,2024-05-27,8,477.24,49,100,express,False,21,426.24
ORD005966,C03952,P0009,2024-02-17,7,147.07,0,0,standard,True,9,147.07
ORD005967,C02591,P0165,2024-07-23,5,926.78,99,0,quick,True,6,1025.78
ORD005968,C00880,P0338,2024-12-10,7,599.75,99,200,quick,True,10,498.75
ORD005969,C00434,P0414,2024-06-24,5,382.54,149,0,standard,False,22,531.54
ORD005970,C01984,P0284,2024-02-08,7,286.4,49,0,quick,False,16,335.4
ORD005971,C04452,P0152,2024-10-10,4,188.29,49,200,standard,False,17,37.28999999999999
ORD005972,C04113,P0031,2024-04-01,4,343.83,149,100,standard,True,23,392.83
ORD005973,C03870,P0016,2024-08-31,4,528.38,99,200,standard,False,8,427.38
ORD005974,C02622,P0370,2024-06-09,8,553.54,0,0,standard,True,2,553.54
ORD005975,C01792,P0300,2024-06-30,1,710.83,0,50,quick,True,16,660.83
ORD005976,C02798,P0304,2024-04-21,5,414.11,49,100,quick,False,6,363.11
ORD005977,C03512,P0342,2024-10-20,2,1866.12,49,0,standard,False,8,1915.12
ORD005978,C01493,P0145,2024-05-17,4,578.44,0,200,quick,False,6,378.44000000000005
ORD005979,C02679,P0074,2024-04-03,5,484.82,0,50,standard,False,14,434.82
ORD005980,C01625,P0378,2024-12-15,8,133.56,149,200,quick,False,8,82.56
ORD005981,C02419,P0123,2024-04-07,2,738.68,99,50,quick,True,1,787.68
ORD005982,C03017,P0051,2024-09-12,2,745.44,149,100,express,False,3,794.44
ORD005983,C01847,P0403,2024-04-12,2,711.75,49,200,quick,False,16,560.75
ORD005984,C03246,P0189,2024-04-30,8,1628.96,49,200,standard,True,21,1477.96
ORD005985,C01538,P0140,2024-05-03,3,1106.49,99,50,quick,True,20,1155.49
ORD005986,C01316,P0087,2024-05-15,5,1513.32,0,0,standard,True,5,1513.32
ORD005987,C01719,P0426,2024-04-15,2,141.88,0,0,quick,False,15,141.88
ORD005988,C01950,P0083,2024-04-27,6,367.04,99,50,express,True,4,416.04
ORD005989,C00223,P0242,2024-04-13,6,367.64,0,200,standard,False,14,167.64
ORD005990,C02026,P0105,2024-05-07,2,848.11,49,50,standard,False,18,847.11
ORD005991,C01547,P0091,2024-11-12,4,515.73,0,50,standard,False,10,465.73
ORD005992,C03778,P0354,2024-07-01,2,1150.89,0,200,standard,False,11,950.8900000000001
ORD005993,C03723,P0020,2024-03-20,4,438.65,99,200,quick,True,18,337.65
ORD005994,C01523,P0005,2024-02-24,7,274.37,149,0,quick,False,12,423.37
ORD005995,C02703,P0454,2024-03-02,5,339.68,49,0,express,True,21,388.68
ORD005996,C01972,P0220,2024-02-10,4,240.03,0,0,quick,True,18,240.03
ORD005997,C04528,P0308,2024-12-12,3,253.36,0,200,standard,False,1,53.360000000000014
ORD005998,C04604,P0086,2024-12-05,6,270.09,0,100,express,False,10,170.08999999999997
ORD005999,C04603,P0179,2024-09-09,2,110.36,49,0,quick,False,22,159.36
ORD006000,C00616,P0452,2024-11-10,4,980.36,0,0,standard,False,3,980.36
ORD006001,C04515,P0341,2024-01-04,8,456.11,0,100,quick,False,20,356.11
ORD006002,C04169,P0392,2024-10-04,2,115.05,0,0,quick,True,11,115.05
ORD006003,C02621,P0351,2024-01-22,9,422.43,0,0,quick,False,0,422.43
ORD006004,C04241,P0245,2024-09-03,2,1749.43,149,200,express,False,5,1698.43
ORD006005,C02093,P0457,2024-07-09,8,600.12,0,0,quick,False,13,600.12
ORD006006,C01764,P0173,2024-11-13,8,3125.74,0,0,standard,False,15,3125.74
ORD006007,C03176,P0490,2024-06-10,7,642.51,149,50,standard,False,10,741.51
ORD006008,C01132,P0112,2024-09-09,6,2402.99,0,50,standard,False,10,2352.99
ORD006009,C04216,P0475,2024-10-21,1,256.78,0,0,standard,True,20,256.78
ORD006010,C03570,P0458,2024-05-20,2,338.68,0,200,standard,True,3,138.68
ORD006011,C01066,P0070,2024-09-08,7,941.71,49,100,standard,True,5,890.71
ORD006012,C02146,P0157,2024-04-03,4,3129.42,99,50,standard,False,11,3178.42
ORD006013,C00705,P0298,2024-09-18,9,1320.27,149,100,standard,False,9,1369.27
ORD006014,C02358,P0236,2024-05-23,3,663.74,0,200,quick,True,5,463.74
ORD006015,C03534,P0186,2024-07-22,4,161.3,149,50,quick,True,14,260.3
ORD006016,C03812,P0242,2024-04-23,3,416.21,0,200,standard,False,17,216.20999999999998
ORD006017,C02470,P0165,2024-10-22,7,162.27,0,0,standard,False,5,162.27
ORD006018,C04067,P0033,2024-03-06,2,360.05,0,100,express,False,0,260.05
ORD006019,C03460,P0254,2024-01-28,2,308.63,99,0,standard,False,14,407.63
ORD006020,C03768,P0301,2024-09-26,2,443.35,0,200,standard,False,19,243.35000000000002
ORD006021,C01934,P0219,2024-08-04,4,1369.99,149,200,quick,True,14,1318.99
ORD006022,C02319,P0031,2024-09-01,8,213.07,0,0,quick,False,18,213.07
ORD006023,C02872,P0399,2024-10-03,8,354.76,0,0,standard,True,18,354.76
ORD006024,C00209,P0422,2024-01-17,8,310.83,49,50,standard,False,22,309.83
ORD006025,C04834,P0256,2024-09-14,8,344.82,99,0,standard,False,13,443.82
ORD006026,C02807,P0481,2024-06-26,7,412.08,149,0,quick,True,23,561.0799999999999
ORD006027,C04254,P0232,2024-07-20,6,295.09,49,200,quick,False,12,144.08999999999997
ORD006028,C03962,P0440,2024-12-17,7,2099.17,0,0,standard,False,15,2099.17
ORD006029,C04836,P0214,2024-03-30,5,480.43,0,100,standard,False,7,380.43
ORD006030,C01953,P0241,2024-08-22,8,183.82,0,200,quick,False,8,-16.180000000000007
ORD006031,C02390,P0244,2024-03-02,2,540.33,0,0,standard,False,23,540.33
ORD006032,C03525,P0019,2024-12-23,5,241.71,99,0,express,False,11,340.71000000000004
ORD006033,C04794,P0209,2024-09-22,7,269.46,0,200,standard,False,19,69.45999999999998
ORD006034,C03214,P0209,2024-08-23,9,333.87,99,200,standard,False,10,232.87
ORD006035,C02444,P0425,2024-06-10,1,192.28,99,200,standard,False,15,91.27999999999997
ORD006036,C02583,P0487,2024-12-18,9,992.88,0,0,quick,False,21,992.88
ORD006037,C00140,P0468,2024-01-05,3,1197.97,0,100,quick,True,12,1097.97
ORD006038,C04335,P0071,2024-01-07,1,449.94,49,0,express,False,9,498.94
ORD006039,C00291,P0161,2024-12-11,7,916.56,0,200,standard,False,1,716.56
ORD006040,C02864,P0177,2024-04-17,3,443.81,0,0,quick,False,7,443.81
ORD006041,C04177,P0010,2024-07-13,8,224.45,0,100,standard,False,16,124.44999999999999
ORD006042,C02607,P0362,2024-10-24,2,453.28,0,50,quick,True,3,403.28
ORD006043,C03936,P0498,2024-02-21,4,668.91,99,0,standard,False,13,767.91
ORD006044,C02917,P0298,2024-06-15,2,128.3,0,100,standard,False,13,28.30000000000001
ORD006045,C02218,P0265,2024-07-04,4,842.9,149,100,express,True,8,891.9
ORD006046,C01797,P0007,2024-11-09,1,1049.01,49,200,quick,True,18,898.01
ORD006047,C00976,P0494,2024-05-12,5,1475.13,0,100,express,True,12,1375.13
ORD006048,C00579,P0455,2024-04-05,3,174.91,0,0,standard,True,18,174.91
ORD006049,C02573,P0274,2024-10-07,9,99.07,49,0,standard,False,0,148.07
ORD006050,C02589,P0192,2024-05-14,4,152.26,49,100,express,False,5,101.25999999999999
ORD006051,C03283,P0310,2024-05-01,6,1903.99,0,0,standard,False,16,1903.99
ORD006052,C01799,P0435,2024-05-17,9,1114.38,49,200,standard,False,5,963.3800000000001
ORD006053,C01461,P0258,2024-08-29,2,1362.12,149,100,standard,False,9,1411.12
ORD006054,C04417,P0052,2024-11-09,7,608.44,0,50,standard,False,19,558.44
ORD006055,C04068,P0299,2024-06-24,3,622.65,99,50,express,True,22,671.65
ORD006056,C02947,P0095,2024-07-06,1,347.18,0,0,standard,False,16,347.18
ORD006057,C00713,P0303,2024-04-04,9,1393.96,0,200,express,False,6,1193.96
ORD006058,C02423,P0309,2024-09-12,9,1338.42,49,0,express,True,18,1387.42
ORD006059,C01890,P0399,2024-08-05,4,447.5,0,100,standard,True,4,347.5
ORD006060,C03567,P0413,2024-04-17,9,378.57,99,0,express,False,4,477.57
ORD006061,C01678,P0496,2024-08-02,7,1037.59,0,50,quick,False,21,987.5899999999999
ORD006062,C02147,P0091,2024-12-24,4,117.56,49,200,express,False,10,-33.44
ORD006063,C00917,P0411,2024-07-09,2,1475.02,0,0,express,False,1,1475.02
ORD006064,C02266,P0143,2024-07-05,5,512.73,0,100,standard,True,2,412.73
ORD006065,C02524,P0488,2024-07-24,8,506.56,49,200,express,True,9,355.55999999999995
ORD006066,C01806,P0306,2024-05-23,6,873.11,49,100,standard,False,4,822.11
ORD006067,C04051,P0416,2024-08-18,5,825.43,99,100,quick,True,11,824.43
ORD006068,C00559,P0408,2024-04-02,4,315.45,0,200,standard,False,14,115.44999999999999
ORD006069,C00628,P0017,2024-10-19,6,2107.72,49,200,quick,False,12,1956.7199999999998
ORD006070,C03066,P0125,2024-03-08,3,3103.79,0,100,standard,False,5,3003.79
ORD006071,C01911,P0153,2024-10-21,2,621.57,0,50,standard,False,14,571.57
ORD006072,C03762,P0005,2024-12-17,1,675.89,49,100,quick,False,0,624.89
ORD006073,C03551,P0421,2024-04-27,9,664.7,0,200,standard,False,21,464.70000000000005
ORD006074,C01808,P0427,2024-02-21,1,564.58,99,0,quick,True,4,663.58
ORD006075,C02386,P0450,2024-05-18,4,2131.68,149,0,quick,False,6,2280.68
ORD006076,C01895,P0426,2024-04-30,6,295.5,49,100,standard,False,5,244.5
ORD006077,C03930,P0389,2024-10-11,9,178.97,49,0,quick,False,9,227.97
ORD006078,C01006,P0333,2024-08-09,4,1955.97,0,100,quick,False,9,1855.97
ORD006079,C00048,P0447,2024-07-14,7,266.7,49,100,quick,False,2,215.7
ORD006080,C01850,P0337,2024-04-10,7,1067.05,0,0,quick,True,5,1067.05
ORD006081,C01929,P0335,2024-03-15,6,258.6,149,200,standard,True,7,207.60000000000002
ORD006082,C02132,P0087,2024-03-17,9,2355.48,0,50,standard,False,6,2305.48
ORD006083,C01525,P0268,2024-08-30,7,1195.2,49,200,express,False,13,1044.2
ORD006084,C00328,P0064,2024-01-05,3,1855.88,0,0,quick,False,2,1855.88
ORD006085,C02657,P0165,2024-03-31,6,2209.94,99,0,standard,False,23,2308.94
ORD006086,C04529,P0063,2024-08-03,7,160.74,0,100,express,True,7,60.74000000000001
ORD006087,C00587,P0269,2024-09-12,7,496.66,0,200,standard,True,4,296.66
ORD006088,C03205,P0144,2024-03-09,6,830.09,0,0,standard,False,21,830.09
ORD006089,C01598,P0376,2024-11-18,3,1234.26,0,50,express,True,17,1184.26
ORD006090,C03851,P0332,2024-09-21,6,292.46,49,200,quick,False,11,141.45999999999998
ORD006091,C02472,P0268,2024-09-30,2,1821.33,99,100,quick,False,0,1820.33
ORD006092,C02817,P0328,2024-06-10,1,273.8,0,0,standard,False,15,273.8
ORD006093,C04607,P0389,2024-09-06,8,1506.86,0,200,standard,False,5,1306.86
ORD006094,C01408,P0005,2024-06-02,3,602.23,0,0,standard,False,11,602.23
ORD006095,C01011,P0120,2024-05-08,8,606.13,0,100,quick,False,3,506.13
ORD006096,C04659,P0349,2024-10-14,3,426.89,99,0,standard,True,15,525.89
ORD006097,C04398,P0420,2024-10-17,2,175.48,99,100,standard,True,17,174.48000000000002
ORD006098,C04044,P0312,2024-01-25,8,397.42,99,50,express,True,21,446.42
ORD006099,C01329,P0308,2024-07-22,3,488.49,149,0,express,False,12,637.49
ORD006100,C02604,P0301,2024-02-20,8,555.43,0,0,standard,False,22,555.43
ORD006101,C02023,P0333,2024-12-19,2,1039.52,0,200,standard,True,6,839.52
ORD006102,C04507,P0131,2024-03-24,4,402.78,49,50,express,False,15,401.78
ORD006103,C03185,P0289,2024-01-31,9,464.31,0,0,standard,False,21,464.31
ORD006104,C04603,P0449,2024-04-20,1,1754.86,149,200,quick,True,12,1703.86
ORD006105,C04151,P0446,2024-05-10,2,1076.63,0,200,quick,False,14,876.6300000000001
ORD006106,C02593,P0188,2024-08-31,2,115.18,149,100,standard,True,22,164.18
ORD006107,C03341,P0208,2024-11-18,9,1269.25,49,0,standard,False,7,1318.25
ORD006108,C00195,P0041,2024-02-19,5,3318.7,0,200,quick,True,3,3118.7
ORD006109,C01790,P0077,2024-08-18,4,2065.68,0,200,quick,False,12,1865.6799999999998
ORD006110,C01106,P0319,2024-06-20,4,1364.33,149,200,standard,False,4,1313.33
ORD006111,C02789,P0498,2024-05-13,7,793.42,99,50,express,False,10,842.42
ORD006112,C02184,P0144,2024-07-03,3,327.2,0,0,express,False,4,327.2
ORD006113,C00538,P0444,2024-07-03,9,842.79,0,100,standard,False,12,742.79
ORD006114,C04784,P0373,2024-10-13,5,931.57,0,50,standard,True,10,881.57
ORD006115,C00718,P0285,2024-10-12,9,330.47,0,50,standard,False,9,280.47
ORD006116,C03995,P0170,2024-05-11,1,305.37,149,50,express,False,21,404.37
ORD006117,C00305,P0092,2024-06-25,8,453.0,49,100,standard,False,23,402.0
ORD006118,C00387,P0262,2024-01-11,2,816.39,0,100,standard,True,13,716.39
ORD006119,C00724,P0456,2024-07-29,8,341.77,0,50,standard,True,19,291.77
ORD006120,C02596,P0429,2024-03-03,4,666.83,0,50,standard,False,12,616.83
ORD006121,C02435,P0022,2024-06-28,2,1705.49,0,0,express,False,17,1705.49
ORD006122,C02340,P0291,2024-12-13,2,343.79,99,100,express,False,2,342.79
ORD006123,C00178,P0141,2024-11-06,6,2465.44,99,200,quick,False,11,2364.44
ORD006124,C01903,P0147,2024-04-11,3,547.85,49,0,quick,False,15,596.85
ORD006125,C01704,P0439,2024-10-22,3,173.46,0,0,standard,False,21,173.46
ORD006126,C03383,P0115,2024-10-21,9,138.63,0,0,quick,False,23,138.63
ORD006127,C04175,P0080,2024-11-28,5,388.46,99,50,express,False,18,437.46
ORD006128,C04542,P0415,2024-11-28,7,308.6,49,100,standard,False,0,257.6
ORD006129,C04861,P0024,2024-10-02,5,1398.24,0,0,quick,False,7,1398.24
ORD006130,C04665,P0114,2024-03-30,2,1035.62,0,0,quick,False,19,1035.62
ORD006131,C00095,P0093,2024-05-25,8,1610.22,149,0,quick,False,5,1759.22
ORD006132,C01283,P0304,2024-06-30,9,721.85,0,200,standard,False,7,521.85
ORD006133,C00247,P0184,2024-06-15,2,499.22,99,200,express,True,11,398.22
ORD006134,C00981,P0282,2024-12-10,2,319.84,149,200,quick,False,11,268.84
ORD006135,C04363,P0154,2024-09-18,4,711.45,149,200,standard,False,10,660.45
ORD006136,C01565,P0173,2024-09-06,8,772.68,149,0,quick,False,16,921.68
ORD006137,C02141,P0350,2024-08-16,5,448.4,0,0,quick,False,0,448.4
ORD006138,C00735,P0172,2024-02-10,5,2029.75,49,100,quick,False,19,1978.75
ORD006139,C03387,P0153,2024-07-14,7,814.07,49,0,standard,True,19,863.07
ORD006140,C02659,P0013,2024-11-10,4,1370.87,99,100,quick,False,12,1369.87
ORD006141,C00448,P0377,2024-05-26,9,777.03,149,100,standard,False,2,826.03
ORD006142,C01835,P0303,2024-08-25,4,365.41,0,50,standard,False,20,315.41
ORD006143,C04715,P0127,2024-11-19,8,1032.91,49,0,quick,False,7,1081.91
ORD006144,C00613,P0340,2024-03-15,3,282.19,0,200,standard,False,4,82.19
ORD006145,C01433,P0091,2024-03-26,6,734.49,49,0,standard,True,15,783.49
ORD006146,C00876,P0270,2024-11-23,1,459.34,0,100,quick,False,6,359.34
ORD006147,C02575,P0221,2024-06-21,7,212.67,149,0,quick,True,1,361.66999999999996
ORD006148,C01133,P0472,2024-08-03,7,472.2,49,200,standard,True,6,321.20000000000005
ORD006149,C04870,P0306,2024-11-19,2,359.03,149,100,standard,True,9,408.03
ORD006150,C00671,P0309,2024-11-09,5,182.32,0,100,quick,True,13,82.32
ORD006151,C01630,P0394,2024-10-19,4,1314.41,0,0,standard,False,2,1314.41
ORD006152,C03318,P0107,2024-07-26,9,582.22,0,50,quick,False,10,532.22
ORD006153,C00360,P0330,2024-02-06,2,396.63,0,0,standard,True,12,396.63
ORD006154,C02392,P0027,2024-02-10,3,591.19,99,200,express,False,20,490.19000000000005
ORD006155,C03901,P0438,2024-03-23,1,1082.36,149,50,quick,False,5,1181.36
ORD006156,C00797,P0196,2024-06-24,5,111.93,149,50,standard,False,13,210.93
ORD006157,C01783,P0475,2024-04-26,3,652.92,149,0,standard,False,4,801.92
ORD006158,C00066,P0199,2024-06-09,4,555.61,149,100,standard,False,9,604.61
ORD006159,C03034,P0153,2024-06-11,4,1663.91,0,200,quick,False,9,1463.91
ORD006160,C02090,P0383,2024-11-30,6,667.31,0,50,standard,False,12,617.31
ORD006161,C02276,P0069,2024-05-29,7,202.4,99,50,standard,True,21,251.39999999999998
ORD006162,C03515,P0159,2024-12-29,7,443.5,99,0,standard,False,15,542.5
ORD006163,C00233,P0431,2024-05-16,8,778.28,0,200,standard,True,1,578.28
ORD006164,C01222,P0351,2024-11-05,3,131.92,0,200,standard,False,8,-68.08000000000001
ORD006165,C02544,P0395,2024-11-26,5,1610.84,0,50,express,False,13,1560.84
ORD006166,C01055,P0453,2024-07-21,6,148.13,0,100,quick,True,5,48.129999999999995
ORD006167,C04554,P0460,2024-05-18,6,120.75,99,200,express,False,5,19.75
ORD006168,C03347,P0102,2024-08-15,8,100.41,0,200,standard,True,12,-99.59
ORD006169,C01169,P0487,2024-07-04,5,904.84,149,0,standard,False,21,1053.8400000000001
ORD006170,C04101,P0235,2024-10-27,5,525.06,99,0,express,False,16,624.06
ORD006171,C00493,P0188,2024-09-23,1,174.95,49,0,standard,False,3,223.95
ORD006172,C03179,P0417,2024-08-18,1,1456.57,49,100,quick,True,14,1405.57
ORD006173,C03843,P0342,2024-07-30,6,257.58,99,100,quick,False,2,256.58
ORD006174,C01363,P0360,2024-03-26,5,375.5,0,200,quick,False,11,175.5
ORD006175,C03398,P0108,2024-04-04,6,235.97,49,100,quick,False,21,184.97000000000003
ORD006176,C01056,P0336,2024-01-12,9,1928.77,149,0,quick,False,23,2077.77
ORD006177,C00142,P0300,2024-03-05,8,1092.37,149,100,standard,True,3,1141.37
ORD006178,C03315,P0367,2024-04-30,7,1000.03,0,200,quick,False,20,800.03
ORD006179,C04831,P0254,2024-12-04,7,130.5,0,50,standard,False,12,80.5
ORD006180,C02773,P0315,2024-05-08,6,616.73,0,0,standard,False,0,616.73
ORD006181,C01884,P0192,2024-12-24,6,698.71,149,100,quick,True,5,747.71
ORD006182,C02264,P0070,2024-02-10,1,436.48,0,50,quick,False,10,386.48
ORD006183,C01924,P0268,2024-04-17,7,370.77,149,200,express,False,4,319.77
ORD006184,C04045,P0333,2024-03-26,5,1436.11,0,50,standard,False,18,1386.11
ORD006185,C02481,P0208,2024-07-22,7,115.3,149,50,express,False,16,214.3
ORD006186,C01890,P0477,2024-02-22,6,786.24,99,50,quick,True,12,835.24
ORD006187,C03125,P0175,2024-02-18,8,449.9,99,0,standard,True,21,548.9
ORD006188,C00941,P0238,2024-02-02,3,866.53,0,100,quick,False,14,766.53
ORD006189,C01615,P0380,2024-08-30,8,253.38,0,50,express,False,0,203.38
ORD006190,C01968,P0432,2024-10-07,7,289.87,0,200,quick,True,15,89.87
ORD006191,C03222,P0097,2024-01-28,1,717.77,149,0,standard,True,20,866.77
ORD006192,C04150,P0346,2024-01-14,3,2835.27,0,0,standard,False,21,2835.27
ORD006193,C01471,P0441,2024-07-22,4,2672.41,49,0,standard,False,12,2721.41
ORD006194,C01058,P0088,2024-09-25,9,299.43,49,0,express,False,13,348.43
ORD006195,C01006,P0251,2024-02-12,6,174.58,0,100,quick,False,1,74.58000000000001
ORD006196,C03190,P0491,2024-02-23,7,723.7,0,0,quick,False,9,723.7
ORD006197,C01220,P0098,2024-05-14,5,480.29,149,0,quick,False,13,629.29
ORD006198,C04661,P0328,2024-11-12,3,1102.92,99,200,quick,True,8,1001.9200000000001
ORD006199,C04866,P0325,2024-03-20,5,624.52,49,200,standard,False,23,473.52
ORD006200,C01797,P0444,2024-02-13,7,599.18,0,0,quick,True,20,599.18
ORD006201,C04973,P0153,2024-12-01,9,826.83,0,100,express,True,3,726.83
ORD006202,C02871,P0485,2024-07-18,9,193.61,0,200,quick,False,19,-6.389999999999986
ORD006203,C00513,P0294,2024-06-07,8,890.42,99,100,express,False,14,889.42
ORD006204,C01617,P0441,2024-04-27,5,568.31,99,0,standard,True,16,667.31
ORD006205,C04517,P0282,2024-05-06,7,1299.93,49,200,standard,True,11,1148.93
ORD006206,C04612,P0295,2024-05-25,4,203.52,0,200,quick,False,15,3.5200000000000102
ORD006207,C03757,P0378,2024-08-14,5,349.42,99,50,standard,True,22,398.42
ORD006208,C02032,P0030,2024-11-16,4,2199.47,0,200,standard,True,10,1999.4699999999998
ORD006209,C03210,P0130,2024-03-05,3,662.75,0,0,quick,False,17,662.75
ORD006210,C00704,P0215,2024-03-08,1,1953.53,0,50,express,False,11,1903.53
ORD006211,C01673,P0014,2024-09-26,5,916.65,0,0,express,False,3,916.65
ORD006212,C03699,P0437,2024-03-28,2,1925.68,0,0,standard,True,5,1925.68
ORD006213,C02091,P0325,2024-01-15,6,366.73,0,0,standard,False,13,366.73
ORD006214,C04953,P0266,2024-01-18,5,165.43,0,100,standard,False,17,65.43
ORD006215,C02848,P0285,2024-12-05,2,1233.5,99,50,quick,True,12,1282.5
ORD006216,C04314,P0290,2024-07-01,8,1241.42,0,100,quick,False,21,1141.42
ORD006217,C04663,P0367,2024-06-15,5,774.15,0,50,standard,False,2,724.15
ORD006218,C01777,P0485,2024-08-31,2,705.53,0,50,standard,False,4,655.53
ORD006219,C04353,P0042,2024-08-27,1,1823.82,0,0,standard,False,0,1823.82
ORD006220,C00892,P0444,2024-10-03,2,234.93,99,200,standard,True,10,133.93
ORD006221,C00971,P0167,2024-05-19,1,769.96,49,100,standard,False,22,718.96
ORD006222,C00102,P0348,2024-10-07,3,134.74,0,100,standard,False,18,34.74000000000001
ORD006223,C01107,P0470,2024-08-15,3,205.28,0,0,quick,False,8,205.28
ORD006224,C03246,P0425,2024-03-10,1,501.47,0,200,standard,False,6,301.47
ORD006225,C03712,P0254,2024-12-23,7,1304.07,0,50,standard,False,16,1254.07
ORD006226,C03417,P0169,2024-10-03,7,1023.7,49,50,quick,False,19,1022.7
ORD006227,C04151,P0374,2024-03-31,9,2655.5,149,200,standard,False,23,2604.5
ORD006228,C03659,P0258,2024-10-29,5,131.12,49,50,standard,False,14,130.12
ORD006229,C04926,P0345,2024-11-01,4,435.15,49,100,standard,False,13,384.15
ORD006230,C00919,P0077,2024-08-21,5,220.04,49,100,quick,False,1,169.03999999999996
ORD006231,C04552,P0338,2024-11-19,8,125.36,0,100,quick,False,14,25.36
ORD006232,C04227,P0084,2024-11-21,8,313.95,0,0,standard,True,9,313.95
ORD006233,C04588,P0379,2024-10-15,4,295.24,0,50,standard,False,1,245.24
ORD006234,C02157,P0148,2024-08-10,8,480.34,0,0,quick,False,3,480.34
ORD006235,C00581,P0200,2024-09-25,4,204.64,0,50,standard,True,15,154.64
ORD006236,C00795,P0076,2024-11-23,4,568.38,149,100,standard,False,14,617.38
ORD006237,C03197,P0360,2024-11-23,8,1867.87,0,100,standard,True,11,1767.87
ORD006238,C01883,P0249,2024-09-30,2,1064.35,49,200,standard,False,1,913.3499999999999
ORD006239,C03367,P0052,2024-06-07,4,1391.4,0,50,standard,False,19,1341.4
ORD006240,C00809,P0299,2024-06-26,1,1242.36,0,0,standard,True,21,1242.36
ORD006241,C02933,P0301,2024-09-03,1,444.58,149,0,quick,True,11,593.5799999999999
ORD006242,C03268,P0292,2024-10-03,8,963.01,0,100,standard,True,8,863.01
ORD006243,C04868,P0293,2024-04-26,4,1081.43,49,200,standard,False,13,930.4300000000001
ORD006244,C02984,P0108,2024-02-15,6,260.16,149,200,quick,False,10,209.16000000000003
ORD006245,C00572,P0364,2024-08-14,5,1476.59,149,100,quick,True,21,1525.59
ORD006246,C01206,P0087,2024-06-06,6,527.42,0,50,standard,False,9,477.41999999999996
ORD006247,C04904,P0165,2024-07-06,4,110.55,49,200,standard,True,0,-40.44999999999999
ORD006248,C04974,P0493,2024-07-30,4,820.77,0,50,standard,False,17,770.77
ORD006249,C03080,P0266,2024-05-13,7,889.56,0,200,standard,True,8,689.56
ORD006250,C02460,P0092,2024-03-20,1,660.7,99,0,express,False,5,759.7
ORD006251,C01741,P0172,2024-06-04,9,266.15,0,50,standard,False,9,216.14999999999998
ORD006252,C04005,P0063,2024-01-06,3,559.82,99,200,express,False,11,458.82000000000005
ORD006253,C04925,P0427,2024-01-01,4,456.73,49,100,standard,True,13,405.73
ORD006254,C02613,P0125,2024-09-24,9,2672.48,0,0,quick,False,0,2672.48
ORD006255,C01715,P0367,2024-03-10,5,1317.79,49,100,standard,False,14,1266.79
ORD006256,C01569,P0229,2024-06-25,4,1103.54,49,50,quick,True,10,1102.54
ORD006257,C00676,P0104,2024-05-26,6,238.83,0,100,quick,True,9,138.83
ORD006258,C01833,P0208,2024-08-28,1,380.42,49,100,standard,False,20,329.42
ORD006259,C02513,P0061,2024-09-30,1,433.3,0,0,standard,True,1,433.3
ORD006260,C00800,P0499,2024-01-05,5,573.96,0,100,express,True,19,473.96000000000004
ORD006261,C01141,P0239,2024-12-18,5,120.48,99,200,express,False,3,19.480000000000018
ORD006262,C03052,P0473,2024-09-08,9,728.28,49,0,standard,True,11,777.28
ORD006263,C02031,P0060,2024-09-01,1,409.06,99,0,standard,False,23,508.06
ORD006264,C01508,P0345,2024-06-02,3,676.36,0,50,quick,False,1,626.36
ORD006265,C01110,P0011,2024-01-05,3,105.31,0,200,express,True,17,-94.69
ORD006266,C04329,P0465,2024-08-08,4,370.44,0,50,quick,False,23,320.44
ORD006267,C00912,P0136,2024-05-29,7,1123.73,99,0,quick,True,12,1222.73
ORD006268,C01055,P0194,2024-11-01,7,585.72,99,0,standard,False,7,684.72
ORD006269,C04189,P0073,2024-04-28,5,1187.75,0,100,standard,False,5,1087.75
ORD006270,C01750,P0362,2024-01-04,9,939.36,0,0,standard,False,2,939.36
ORD006271,C03171,P0385,2024-10-07,7,1450.33,149,50,standard,False,17,1549.33
ORD006272,C04153,P0135,2024-07-10,2,104.23,49,0,express,True,3,153.23000000000002
ORD006273,C03012,P0371,2024-04-06,3,311.03,0,0,standard,False,4,311.03
ORD006274,C03428,P0042,2024-07-29,7,656.09,0,100,quick,False,23,556.09
ORD006275,C03562,P0401,2024-10-14,5,2080.37,49,0,quick,True,4,2129.37
ORD006276,C00356,P0435,2024-08-11,7,896.15,0,0,quick,False,20,896.15
ORD006277,C04391,P0038,2024-07-21,9,525.92,0,50,standard,False,15,475.91999999999996
ORD006278,C04620,P0030,2024-05-07,9,196.6,0,50,standard,False,13,146.6
ORD006279,C01617,P0141,2024-03-24,3,574.77,49,0,quick,True,8,623.77
ORD006280,C01623,P0319,2024-11-26,8,506.23,49,0,quick,True,11,555.23
ORD006281,C01665,P0358,2024-07-18,6,1153.95,0,0,express,False,14,1153.95
ORD006282,C03199,P0352,2024-07-12,4,472.33,99,100,express,False,22,471.3299999999999
ORD006283,C04496,P0476,2024-04-22,4,367.77,0,100,standard,False,19,267.77
ORD006284,C01595,P0043,2024-05-14,4,164.8,49,200,standard,False,7,13.800000000000011
ORD006285,C01989,P0187,2024-02-10,7,132.33,99,0,standard,True,23,231.33
ORD006286,C02786,P0352,2024-08-04,6,503.79,0,50,standard,True,16,453.79
ORD006287,C00528,P0482,2024-11-16,2,397.18,49,200,standard,True,18,246.18
ORD006288,C02604,P0001,2024-05-02,5,666.29,49,0,standard,False,14,715.29
ORD006289,C03195,P0482,2024-09-21,5,970.18,0,0,quick,True,1,970.18
ORD006290,C02407,P0415,2024-11-09,6,127.58,0,200,standard,False,2,-72.42
ORD006291,C00063,P0291,2024-12-21,7,578.93,149,100,standard,False,10,627.93
ORD006292,C03960,P0493,2024-12-16,8,1485.21,149,0,quick,False,11,1634.21
ORD006293,C02812,P0310,2024-05-19,8,524.09,49,200,quick,True,1,373.09000000000003
ORD006294,C02821,P0369,2024-05-25,5,614.59,0,0,standard,False,4,614.59
ORD006295,C04027,P0342,2024-11-28,2,565.95,0,0,standard,False,19,565.95
ORD006296,C00101,P0446,2024-09-29,8,444.77,99,50,quick,False,23,493.77
ORD006297,C03348,P0324,2024-05-17,6,180.67,0,100,standard,False,20,80.66999999999999
ORD006298,C03298,P0366,2024-07-30,3,193.56,49,200,express,True,3,42.56
ORD006299,C03094,P0335,2024-04-06,4,237.14,49,100,standard,False,12,186.14
ORD006300,C02891,P0295,2024-02-05,1,1200.05,0,100,express,False,16,1100.05
ORD006301,C03135,P0023,2024-04-03,3,324.43,99,200,express,True,23,223.43
ORD006302,C01180,P0372,2024-03-10,4,2170.23,0,0,standard,True,2,2170.23
ORD006303,C02886,P0441,2024-05-28,2,1262.14,0,0,standard,False,10,1262.14
ORD006304,C02728,P0103,2024-02-26,6,906.61,0,50,standard,False,20,856.61
ORD006305,C02692,P0411,2024-11-22,8,991.06,49,0,standard,True,23,1040.06
ORD006306,C00398,P0061,2024-08-21,6,133.16,0,100,standard,True,9,33.16
ORD006307,C00404,P0152,2024-11-12,3,687.16,0,100,quick,False,13,587.16
ORD006308,C02873,P0262,2024-08-19,9,2080.83,49,200,standard,False,12,1929.83
ORD006309,C03268,P0293,2024-05-19,4,126.93,0,0,express,False,0,126.93
ORD006310,C02694,P0454,2024-12-24,6,339.75,0,0,quick,True,5,339.75
ORD006311,C02082,P0374,2024-11-14,4,136.02,0,50,standard,True,23,86.02000000000001
ORD006312,C02467,P0242,2024-09-08,4,689.36,149,0,quick,False,8,838.36
ORD006313,C04472,P0341,2024-04-06,2,185.47,0,50,express,True,23,135.47
ORD006314,C04315,P0341,2024-06-13,2,555.74,149,100,standard,False,20,604.74
ORD006315,C01921,P0346,2024-01-10,2,989.95,0,100,standard,True,23,889.95
ORD006316,C03959,P0120,2024-03-18,2,224.76,0,0,standard,False,2,224.76
ORD006317,C01540,P0352,2024-01-26,8,1084.59,0,100,standard,False,13,984.5899999999999
ORD006318,C02389,P0172,2024-09-30,4,142.47,149,0,standard,False,3,291.47
ORD006319,C04848,P0415,2024-01-12,4,212.45,0,0,quick,True,6,212.45
ORD006320,C02463,P0102,2024-04-05,3,329.06,149,50,quick,False,18,428.06
ORD006321,C03368,P0159,2024-02-22,5,1212.08,0,0,quick,False,8,1212.08
ORD006322,C02985,P0256,2024-05-24,4,1427.62,0,100,standard,False,9,1327.62
ORD006323,C00679,P0201,2024-05-17,7,273.26,0,200,quick,True,19,73.25999999999999
ORD006324,C00747,P0044,2024-03-05,7,169.48,0,0,standard,True,16,169.48
ORD006325,C02853,P0063,2024-08-12,6,1417.5,49,0,quick,False,17,1466.5
ORD006326,C01321,P0195,2024-01-05,7,832.61,0,0,standard,True,7,832.61
ORD006327,C03748,P0476,2024-04-29,7,219.26,0,200,quick,True,22,19.25999999999999
ORD006328,C04150,P0390,2024-02-16,8,670.06,0,100,standard,True,1,570.06
ORD006329,C04789,P0421,2024-03-18,1,1540.04,99,0,express,True,11,1639.04
ORD006330,C00533,P0069,2024-01-08,3,149.43,0,100,standard,True,18,49.43000000000001
ORD006331,C01818,P0180,2024-09-09,3,160.2,0,50,standard,False,15,110.19999999999999
ORD006332,C04200,P0330,2024-04-21,5,322.77,0,100,quick,False,6,222.76999999999998
ORD006333,C02341,P0246,2024-06-24,7,838.41,49,100,quick,True,13,787.41
ORD006334,C02422,P0328,2024-08-03,6,236.22,0,0,standard,True,8,236.22
ORD006335,C04545,P0157,2024-06-08,4,1285.37,0,100,quick,False,23,1185.37
ORD006336,C01468,P0405,2024-09-12,6,1070.61,49,200,standard,True,22,919.6099999999999
ORD006337,C04907,P0185,2024-07-09,7,675.29,149,0,standard,False,5,824.29
ORD006338,C04485,P0230,2024-08-25,4,185.36,49,50,standard,False,8,184.36
ORD006339,C01235,P0072,2024-12-22,8,3207.94,149,200,express,False,16,3156.94
ORD006340,C02714,P0054,2024-01-17,5,570.39,149,200,standard,False,21,519.39
ORD006341,C01708,P0485,2024-06-18,3,520.13,0,50,quick,False,1,470.13
ORD006342,C01145,P0242,2024-02-11,2,3892.4,149,0,standard,True,19,4041.4
ORD006343,C01475,P0301,2024-03-15,1,1494.89,49,100,standard,True,12,1443.89
ORD006344,C03923,P0352,2024-01-29,4,525.64,49,100,quick,True,5,474.64
ORD006345,C02921,P0409,2024-05-16,2,478.87,0,0,standard,False,21,478.87
ORD006346,C01855,P0447,2024-07-19,3,169.58,0,50,express,True,9,119.58000000000001
ORD006347,C03224,P0463,2024-02-06,1,1926.44,149,0,quick,False,8,2075.44
ORD006348,C03964,P0392,2024-10-05,6,1398.52,99,0,express,False,0,1497.52
ORD006349,C03379,P0214,2024-08-28,4,358.75,99,0,standard,False,13,457.75
ORD006350,C04938,P0014,2024-04-02,5,1078.77,0,0,express,False,6,1078.77
ORD006351,C01604,P0146,2024-04-08,8,1105.99,49,0,quick,True,0,1154.99
ORD006352,C03279,P0489,2024-05-08,4,280.06,0,200,standard,False,13,80.06
ORD006353,C00551,P0143,2024-07-14,6,764.72,49,0,quick,False,21,813.72
ORD006354,C02004,P0024,2024-01-07,3,305.09,0,0,quick,False,4,305.09
ORD006355,C01836,P0098,2024-03-03,8,1191.07,49,0,quick,False,8,1240.07
ORD006356,C01124,P0178,2024-12-31,3,215.91,99,0,standard,True,8,314.90999999999997
ORD006357,C01382,P0332,2024-05-07,7,872.75,0,100,quick,True,14,772.75
ORD006358,C01770,P0173,2024-07-16,7,375.18,49,0,standard,True,19,424.18
ORD006359,C03863,P0262,2024-08-14,3,124.8,149,100,standard,False,20,173.8
ORD006360,C03400,P0289,2024-05-06,3,191.44,99,50,express,True,10,240.44
ORD006361,C00034,P0057,2024-01-18,8,843.74,99,0,standard,False,3,942.74
ORD006362,C02204,P0333,2024-04-11,3,291.03,0,0,express,True,7,291.03
ORD006363,C04999,P0278,2024-08-23,2,796.94,0,100,quick,False,7,696.94
ORD006364,C03344,P0406,2024-02-18,5,474.09,0,0,standard,False,0,474.09
ORD006365,C03014,P0144,2024-09-23,7,924.98,0,200,quick,False,22,724.98
ORD006366,C04491,P0396,2024-12-06,8,574.4,149,200,quick,False,10,523.4
ORD006367,C04302,P0121,2024-04-16,1,357.27,0,50,standard,False,7,307.27
ORD006368,C01780,P0026,2024-08-30,2,209.33,0,0,standard,False,2,209.33
ORD006369,C01628,P0065,2024-07-18,7,391.03,0,0,standard,False,19,391.03
ORD006370,C01329,P0100,2024-12-14,9,804.3,99,100,standard,False,9,803.3
ORD006371,C01559,P0413,2024-06-08,3,1043.23,0,0,quick,False,23,1043.23
ORD006372,C00804,P0387,2024-06-14,8,221.33,0,0,standard,False,22,221.33
ORD006373,C02509,P0093,2024-03-22,3,863.02,0,0,quick,False,19,863.02
ORD006374,C04347,P0066,2024-11-18,4,237.3,0,200,quick,True,14,37.30000000000001
ORD006375,C01290,P0249,2024-01-22,2,274.56,0,50,express,False,18,224.56
ORD006376,C04304,P0141,2024-10-08,9,629.48,0,100,standard,False,13,529.48
ORD006377,C02586,P0266,2024-09-23,5,337.96,0,0,standard,False,20,337.96
ORD006378,C04930,P0039,2024-03-03,5,857.46,0,50,quick,False,19,807.46
ORD006379,C02550,P0214,2024-05-09,4,2281.95,99,0,express,False,10,2380.95
ORD006380,C00955,P0488,2024-09-03,5,211.85,49,50,standard,False,17,210.85000000000002
ORD006381,C04609,P0495,2024-11-22,1,690.61,0,50,express,False,12,640.61
ORD006382,C00579,P0479,2024-06-01,6,1896.49,149,0,standard,True,15,2045.49
ORD006383,C01937,P0130,2024-04-11,4,234.96,0,100,standard,False,17,134.96
ORD006384,C01997,P0489,2024-07-03,4,418.93,0,100,standard,False,0,318.93
ORD006385,C01665,P0000,2024-01-27,5,191.37,149,0,standard,False,10,340.37
ORD006386,C02130,P0008,2024-12-07,1,818.13,149,200,quick,False,10,767.13
ORD006387,C03740,P0367,2024-04-21,4,873.25,149,100,standard,True,10,922.25
ORD006388,C02500,P0328,2024-02-27,3,862.83,0,0,quick,False,11,862.83
ORD006389,C01642,P0379,2024-04-30,5,645.81,0,50,standard,False,14,595.81
ORD006390,C04712,P0331,2024-11-20,5,1059.01,0,50,quick,True,4,1009.01
ORD006391,C01497,P0384,2024-08-10,8,124.58,99,100,quick,False,14,123.57999999999998
ORD006392,C04602,P0143,2024-06-15,1,2310.0,49,50,quick,False,23,2309.0
ORD006393,C03204,P0349,2024-01-08,3,274.81,49,100,quick,False,15,223.81
ORD006394,C00621,P0327,2024-03-26,5,189.73,99,0,quick,False,6,288.73
ORD006395,C03144,P0493,2024-05-21,3,2081.77,0,0,standard,False,17,2081.77
ORD006396,C01951,P0301,2024-10-26,6,1341.17,49,200,standard,False,22,1190.17
ORD006397,C01459,P0137,2024-03-02,3,1112.33,0,100,quick,True,5,1012.3299999999999
ORD006398,C00292,P0416,2024-07-21,6,176.45,49,200,standard,False,21,25.44999999999999
ORD006399,C00654,P0357,2024-05-04,8,1252.47,149,0,standard,True,12,1401.47
ORD006400,C02984,P0296,2024-01-05,4,756.38,99,0,standard,False,8,855.38
ORD006401,C03843,P0178,2024-01-22,8,1020.5,49,0,quick,True,12,1069.5
ORD006402,C02804,P0277,2024-10-24,7,2772.94,99,0,standard,False,1,2871.94
ORD006403,C02714,P0143,2024-12-19,4,250.35,0,50,express,False,21,200.35
ORD006404,C01621,P0338,2024-08-31,3,590.36,49,200,standard,False,18,439.36
ORD006405,C04014,P0458,2024-12-18,5,1078.85,99,0,standard,False,2,1177.85
ORD006406,C03253,P0189,2024-11-01,5,496.99,0,0,standard,False,20,496.99
ORD006407,C02846,P0436,2024-03-20,7,138.34,0,200,quick,True,15,-61.66
ORD006408,C04880,P0330,2024-07-09,1,181.71,0,200,quick,True,17,-18.289999999999992
ORD006409,C04862,P0269,2024-02-15,9,744.07,49,0,quick,False,11,793.07
ORD006410,C03505,P0486,2024-05-07,2,333.83,0,0,standard,True,2,333.83
ORD006411,C00518,P0186,2024-03-21,9,202.82,149,50,quick,False,6,301.82
ORD006412,C02685,P0153,2024-09-12,9,389.75,0,50,express,False,23,339.75
ORD006413,C00027,P0171,2024-02-16,3,256.06,49,0,standard,False,16,305.06
ORD006414,C00265,P0403,2024-12-17,7,115.96,0,0,quick,False,11,115.96
ORD006415,C01306,P0467,2024-11-12,3,214.26,0,200,standard,False,9,14.259999999999991
ORD006416,C04053,P0246,2024-06-22,8,1601.37,0,50,standard,False,9,1551.37
ORD006417,C03454,P0388,2024-11-16,8,107.48,49,0,standard,True,10,156.48000000000002
ORD006418,C00810,P0448,2024-01-31,3,1139.59,149,0,quick,False,14,1288.59
ORD006419,C04676,P0010,2024-01-31,5,1079.16,0,0,express,False,21,1079.16
ORD006420,C03390,P0046,2024-07-01,7,680.46,0,200,quick,False,14,480.46000000000004
ORD006421,C00610,P0265,2024-11-26,1,262.63,0,0,standard,False,0,262.63
ORD006422,C04288,P0316,2024-03-19,3,1571.95,0,0,quick,False,4,1571.95
ORD006423,C02274,P0110,2024-12-25,1,550.15,49,0,standard,True,19,599.15
ORD006424,C04546,P0475,2024-10-01,2,232.14,149,50,standard,False,18,331.14
ORD006425,C00202,P0300,2024-02-24,7,491.28,149,200,quick,True,5,440.28
ORD006426,C00401,P0302,2024-03-05,7,250.77,99,200,quick,False,19,149.76999999999998
ORD006427,C02027,P0417,2024-09-06,3,429.13,99,200,express,True,11,328.13
ORD006428,C03850,P0373,2024-04-29,6,579.58,0,0,standard,False,18,579.58
ORD006429,C00889,P0396,2024-06-11,6,411.29,99,0,quick,False,13,510.29
ORD006430,C00178,P0491,2024-10-12,2,848.11,149,50,standard,False,13,947.11
ORD006431,C01979,P0472,2024-11-26,9,2022.31,49,0,standard,True,0,2071.31
ORD006432,C02510,P0278,2024-06-26,8,398.56,0,50,standard,True,9,348.56
ORD006433,C02882,P0291,2024-08-12,2,406.76,0,200,standard,False,17,206.76
ORD006434,C03984,P0446,2024-04-08,4,1037.4,0,50,quick,False,23,987.4000000000001
ORD006435,C02044,P0251,2024-01-11,9,628.4,49,0,standard,False,15,677.4
ORD006436,C02983,P0075,2024-12-18,4,491.06,0,100,express,False,7,391.06
ORD006437,C00350,P0174,2024-07-12,7,1275.68,49,0,standard,False,12,1324.68
ORD006438,C04282,P0108,2024-07-02,5,1650.72,0,200,standard,False,17,1450.72
ORD006439,C03418,P0449,2024-03-09,6,724.12,0,100,quick,False,4,624.12
ORD006440,C03830,P0339,2024-05-08,1,242.29,149,100,standard,True,12,291.28999999999996
ORD006441,C01967,P0335,2024-01-21,4,538.53,99,200,express,True,19,437.53
ORD006442,C04404,P0013,2024-09-05,5,590.35,0,100,quick,False,3,490.35
ORD006443,C02224,P0180,2024-12-27,6,495.2,99,50,standard,False,3,544.2
ORD006444,C04522,P0321,2024-08-12,6,312.08,0,200,quick,False,12,112.07999999999998
ORD006445,C02787,P0432,2024-10-13,5,546.49,0,200,express,True,6,346.49
ORD006446,C04626,P0271,2024-05-30,3,513.1,0,50,standard,True,6,463.1
ORD006447,C04343,P0451,2024-10-04,2,263.56,0,0,quick,False,3,263.56
ORD006448,C04311,P0042,2024-12-22,7,1735.25,0,0,express,True,18,1735.25
ORD006449,C04808,P0460,2024-09-07,1,1615.05,0,100,standard,True,9,1515.05
ORD006450,C00437,P0101,2024-04-07,5,1096.86,0,200,standard,False,5,896.8599999999999
ORD006451,C02358,P0112,2024-10-17,4,457.68,49,50,quick,True,5,456.68
ORD006452,C03854,P0192,2024-04-05,7,422.8,0,200,express,False,23,222.8
ORD006453,C00382,P0008,2024-10-05,2,981.29,0,50,quick,True,12,931.29
ORD006454,C04216,P0148,2024-06-27,8,754.76,49,0,quick,True,17,803.76
ORD006455,C00406,P0337,2024-06-14,9,741.45,49,0,standard,False,13,790.45
ORD006456,C04340,P0490,2024-08-27,1,191.76,0,100,express,True,11,91.75999999999999
ORD006457,C00065,P0223,2024-05-20,5,773.15,0,50,standard,True,6,723.15
ORD006458,C02989,P0109,2024-11-02,4,1723.97,0,0,standard,False,13,1723.97
ORD006459,C00227,P0353,2024-10-10,5,161.81,49,0,standard,False,19,210.81
ORD006460,C04977,P0083,2024-03-23,9,388.98,0,0,quick,False,8,388.98
ORD006461,C02184,P0042,2024-02-05,3,596.94,149,200,standard,False,10,545.94
ORD006462,C02241,P0065,2024-09-28,1,909.87,99,50,standard,False,11,958.87
ORD006463,C04801,P0387,2024-03-20,3,164.74,99,0,standard,True,20,263.74
ORD006464,C04753,P0378,2024-08-18,4,1542.43,0,0,standard,True,3,1542.43
ORD006465,C01512,P0108,2024-05-31,2,127.97,0,0,express,True,21,127.97
ORD006466,C00929,P0101,2024-05-14,1,1463.82,0,50,standard,False,21,1413.82
ORD006467,C04036,P0134,2024-10-04,1,118.63,99,0,express,False,20,217.63
ORD006468,C02603,P0085,2024-07-06,8,215.67,99,50,quick,False,20,264.66999999999996
ORD006469,C01180,P0083,2024-08-20,4,1226.74,49,0,quick,True,10,1275.74
ORD006470,C01039,P0441,2024-01-01,2,1476.1,0,100,quick,False,16,1376.1
ORD006471,C01101,P0226,2024-11-22,3,2921.58,49,50,standard,True,17,2920.58
ORD006472,C02099,P0259,2024-09-16,8,185.08,49,0,quick,False,17,234.08
ORD006473,C00513,P0379,2024-07-13,6,622.25,0,50,express,True,12,572.25
ORD006474,C04839,P0019,2024-04-04,8,155.21,149,0,quick,False,7,304.21000000000004
ORD006475,C03132,P0034,2024-01-10,5,218.06,49,50,standard,True,12,217.06
ORD006476,C01832,P0352,2024-11-13,3,233.23,49,0,standard,False,15,282.23
ORD006477,C04638,P0242,2024-07-05,6,144.84,49,0,standard,False,14,193.84
ORD006478,C02457,P0442,2024-11-13,8,1663.32,49,200,standard,False,9,1512.32
ORD006479,C02202,P0468,2024-05-02,5,193.56,0,200,express,True,14,-6.439999999999998
ORD006480,C02680,P0428,2024-06-13,5,793.73,0,50,standard,True,5,743.73
ORD006481,C02098,P0269,2024-02-02,3,786.98,99,0,standard,True,5,885.98
ORD006482,C03166,P0222,2024-12-03,3,254.02,149,200,quick,False,12,203.01999999999998
ORD006483,C01927,P0405,2024-10-02,8,4610.37,0,200,standard,False,9,4410.37
ORD006484,C04450,P0303,2024-07-17,1,397.72,99,50,standard,True,0,446.72
ORD006485,C03116,P0157,2024-04-07,4,1747.41,0,50,standard,False,17,1697.41
ORD006486,C02887,P0284,2024-09-25,9,2172.4,49,50,standard,True,10,2171.4
ORD006487,C04343,P0035,2024-12-15,6,2182.0,99,100,quick,False,14,2181.0
ORD006488,C04628,P0496,2024-09-11,6,1077.4,49,0,quick,False,20,1126.4
ORD006489,C03530,P0297,2024-10-09,7,303.94,149,0,express,False,5,452.94
ORD006490,C00789,P0028,2024-03-19,7,189.0,0,0,quick,False,21,189.0
ORD006491,C01300,P0390,2024-11-09,6,689.59,0,0,quick,True,3,689.59
ORD006492,C01947,P0415,2024-05-24,9,411.44,149,0,standard,False,12,560.44
ORD006493,C02242,P0396,2024-06-14,8,1343.66,149,0,standard,False,18,1492.66
ORD006494,C01094,P0254,2024-07-28,8,1055.52,0,50,standard,True,20,1005.52
ORD006495,C01358,P0396,2024-11-24,2,325.53,149,100,express,False,13,374.53
ORD006496,C03656,P0437,2024-06-13,7,111.01,99,0,standard,True,13,210.01
ORD006497,C00307,P0141,2024-02-26,1,288.64,0,50,standard,False,13,238.64
ORD006498,C01450,P0133,2024-02-19,8,685.1,149,200,express,True,6,634.1
ORD006499,C02123,P0143,2024-09-24,3,156.6,0,100,standard,False,20,56.599999999999994
ORD006500,C04882,P0296,2024-12-03,9,850.62,0,0,standard,False,0,850.62
ORD006501,C02842,P0435,2024-02-04,5,878.67,0,200,quick,False,19,678.67
ORD006502,C01664,P0367,2024-01-23,7,228.92,99,200,quick,False,7,127.91999999999996
ORD006503,C03948,P0340,2024-03-07,7,733.99,149,200,express,True,4,682.99
ORD006504,C01394,P0244,2024-04-01,9,752.71,99,50,quick,False,19,801.71
ORD006505,C04072,P0253,2024-01-17,2,554.03,0,0,standard,True,19,554.03
ORD006506,C03634,P0363,2024-04-13,4,2243.0,0,200,quick,False,16,2043.0
ORD006507,C00214,P0399,2024-02-24,8,179.13,149,0,standard,False,2,328.13
ORD006508,C03072,P0004,2024-09-05,5,464.35,149,200,standard,False,19,413.35
ORD006509,C04054,P0407,2024-04-08,5,1600.43,99,50,standard,False,18,1649.43
ORD006510,C04472,P0426,2024-02-20,3,440.79,99,0,standard,False,23,539.79
ORD006511,C02459,P0448,2024-01-17,5,485.93,0,0,standard,False,13,485.93
ORD006512,C03706,P0265,2024-10-19,7,871.41,99,100,standard,False,0,870.41
ORD006513,C03271,P0490,2024-11-24,4,865.72,99,200,quick,False,10,764.72
ORD006514,C01206,P0238,2024-07-17,8,115.22,149,200,standard,True,19,64.22000000000003
ORD006515,C00409,P0249,2024-12-02,6,524.77,0,50,standard,False,7,474.77
ORD006516,C03469,P0442,2024-09-07,6,383.01,0,100,express,False,5,283.01
ORD006517,C00215,P0290,2024-09-26,6,790.63,0,0,quick,True,18,790.63
ORD006518,C04847,P0030,2024-11-15,4,666.88,149,200,quick,True,20,615.88
ORD006519,C00348,P0119,2024-12-25,3,835.6,0,0,standard,True,15,835.6
ORD006520,C03651,P0078,2024-10-29,6,841.45,0,0,standard,False,21,841.45
ORD006521,C02878,P0394,2024-05-11,6,304.94,0,50,standard,True,2,254.94
ORD006522,C03665,P0008,2024-01-26,2,297.09,99,200,standard,False,11,196.08999999999997
ORD006523,C04749,P0449,2024-07-06,9,422.74,0,50,quick,False,0,372.74
ORD006524,C03069,P0043,2024-04-23,4,292.91,49,100,standard,False,23,241.91000000000003
ORD006525,C03994,P0371,2024-11-06,4,902.77,0,0,standard,False,19,902.77
ORD006526,C03112,P0221,2024-02-06,8,745.44,99,0,standard,True,20,844.44
ORD006527,C00002,P0143,2024-01-07,3,269.69,99,50,standard,True,12,318.69
ORD006528,C01117,P0119,2024-04-16,7,1607.55,49,100,standard,False,17,1556.55
ORD006529,C01082,P0431,2024-12-01,7,531.19,99,0,quick,False,16,630.19
ORD006530,C04502,P0052,2024-09-08,2,194.12,0,100,express,True,6,94.12
ORD006531,C01517,P0064,2024-02-10,3,266.64,0,50,standard,True,5,216.64
ORD006532,C04846,P0175,2024-08-27,4,642.34,0,50,quick,False,14,592.34
ORD006533,C01895,P0069,2024-11-23,2,388.19,0,100,standard,False,11,288.19
ORD006534,C03579,P0301,2024-02-01,9,1432.71,0,50,quick,True,23,1382.71
ORD006535,C02633,P0120,2024-07-03,6,576.87,0,0,quick,False,7,576.87
ORD006536,C04983,P0376,2024-10-12,1,1827.0,0,50,standard,True,5,1777.0
ORD006537,C02379,P0202,2024-07-31,1,174.17,0,0,standard,False,15,174.17
ORD006538,C01012,P0288,2024-07-07,8,872.09,149,0,standard,False,22,1021.09
ORD006539,C04264,P0179,2024-12-28,6,1617.77,0,200,standard,False,6,1417.77
ORD006540,C02823,P0080,2024-01-30,7,341.64,0,0,quick,False,10,341.64
ORD006541,C00848,P0054,2024-11-11,6,201.07,0,0,standard,False,4,201.07
ORD006542,C01704,P0178,2024-05-16,2,525.99,0,0,quick,False,9,525.99
ORD006543,C04093,P0097,2024-09-27,3,2375.96,0,100,quick,True,2,2275.96
ORD006544,C00205,P0109,2024-01-21,8,801.56,49,200,standard,True,0,650.56
ORD006545,C01892,P0423,2024-02-06,4,821.93,0,0,express,True,6,821.93
ORD006546,C00520,P0152,2024-06-04,8,878.26,0,0,standard,False,18,878.26
ORD006547,C03576,P0446,2024-02-09,3,127.4,0,100,express,True,14,27.400000000000006
ORD006548,C02351,P0405,2024-04-20,2,511.97,49,50,standard,False,14,510.97
ORD006549,C02134,P0473,2024-09-22,7,155.52,99,200,standard,True,7,54.52000000000001
ORD006550,C04838,P0124,2024-02-19,1,364.71,99,0,quick,True,21,463.71
ORD006551,C02475,P0090,2024-02-21,3,1305.61,0,200,express,True,19,1105.61
ORD006552,C04545,P0293,2024-04-28,2,846.53,0,0,standard,False,14,846.53
ORD006553,C00785,P0392,2024-09-29,5,3892.98,49,0,quick,True,7,3941.98
ORD006554,C04097,P0036,2024-07-16,2,231.25,0,50,standard,False,5,181.25
ORD006555,C02790,P0004,2024-04-07,5,453.15,49,0,quick,True,14,502.15
ORD006556,C02157,P0337,2024-04-08,3,1260.19,149,50,quick,False,16,1359.19
ORD006557,C00678,P0149,2024-09-26,9,269.07,149,0,quick,True,20,418.07
ORD006558,C03528,P0365,2024-12-02,9,215.84,149,200,standard,True,3,164.84000000000003
ORD006559,C03559,P0395,2024-05-07,8,489.56,49,0,express,False,19,538.56
ORD006560,C00370,P0315,2024-10-18,5,437.85,99,50,standard,True,10,486.85
ORD006561,C02937,P0171,2024-11-16,7,2844.66,149,0,standard,False,5,2993.66
ORD006562,C00721,P0405,2024-04-01,2,525.49,0,200,express,False,7,325.49
ORD006563,C04400,P0261,2024-10-12,3,1480.03,0,0,standard,False,14,1480.03
ORD006564,C00923,P0483,2024-10-12,2,1631.26,0,100,quick,False,23,1531.26
ORD006565,C00835,P0026,2024-07-31,1,219.28,49,200,quick,False,2,68.27999999999997
ORD006566,C02493,P0494,2024-02-24,3,978.44,149,50,standard,True,0,1077.44
ORD006567,C02979,P0054,2024-11-22,4,326.63,49,0,standard,False,23,375.63
ORD006568,C02325,P0398,2024-10-22,9,168.67,0,50,standard,False,1,118.66999999999999
ORD006569,C03924,P0319,2024-07-02,2,1552.96,0,50,quick,True,21,1502.96
ORD006570,C02424,P0248,2024-12-11,9,341.15,49,50,standard,False,21,340.15
ORD006571,C04521,P0272,2024-08-22,1,395.57,0,200,standard,False,13,195.57
ORD006572,C03126,P0258,2024-12-25,9,373.08,149,200,quick,True,16,322.0799999999999
ORD006573,C02376,P0265,2024-12-06,6,255.46,99,100,standard,True,15,254.46000000000004
ORD006574,C00453,P0190,2024-08-06,8,498.04,149,0,standard,False,12,647.04
ORD006575,C03459,P0062,2024-02-23,3,490.39,99,50,quick,True,2,539.39
ORD006576,C04859,P0344,2024-03-26,8,466.86,0,100,standard,False,13,366.86
ORD006577,C03501,P0445,2024-04-02,9,1835.34,149,100,standard,False,8,1884.34
ORD006578,C03547,P0340,2024-10-08,7,389.6,0,200,quick,False,22,189.60000000000002
ORD006579,C01148,P0103,2024-07-24,4,120.59,0,0,standard,False,17,120.59
ORD006580,C00522,P0392,2024-09-15,6,236.58,0,100,express,False,3,136.58
ORD006581,C04577,P0407,2024-06-21,6,993.83,49,0,quick,False,22,1042.83
ORD006582,C00121,P0287,2024-12-02,2,724.59,49,100,standard,True,19,673.59
ORD006583,C03618,P0258,2024-03-21,2,2220.73,49,200,standard,False,20,2069.73
ORD006584,C04676,P0160,2024-09-30,5,928.92,49,50,standard,False,17,927.92
ORD006585,C03722,P0170,2024-11-03,1,250.18,0,200,express,False,22,50.18000000000001
ORD006586,C03083,P0108,2024-08-14,5,189.0,0,200,quick,False,0,-11.0
ORD006587,C02172,P0139,2024-06-29,3,613.89,0,0,standard,True,14,613.89
ORD006588,C02706,P0092,2024-06-10,3,865.09,0,0,quick,True,15,865.09
ORD006589,C04813,P0468,2024-10-08,8,225.76,0,0,express,False,23,225.76
ORD006590,C03307,P0102,2024-06-15,3,743.37,0,0,quick,True,1,743.37
ORD006591,C03642,P0225,2024-07-09,3,1500.89,49,0,quick,True,9,1549.89
ORD006592,C02817,P0352,2024-07-30,1,1009.26,149,100,standard,True,12,1058.26
ORD006593,C04501,P0159,2024-11-20,8,862.85,0,0,express,False,23,862.85
ORD006594,C01484,P0403,2024-08-08,6,1189.23,0,200,express,True,1,989.23
ORD006595,C00276,P0194,2024-06-14,8,175.94,0,100,standard,False,11,75.94
ORD006596,C01248,P0323,2024-11-07,3,258.56,49,0,standard,True,12,307.56
ORD006597,C01124,P0144,2024-05-03,6,126.19,49,50,standard,False,22,125.19
ORD006598,C02901,P0241,2024-10-15,2,208.64,0,200,quick,False,16,8.639999999999986
ORD006599,C01657,P0464,2024-10-06,3,1809.76,0,200,standard,False,20,1609.76
ORD006600,C01753,P0402,2024-04-19,4,274.85,149,100,express,False,20,323.85
ORD006601,C04602,P0131,2024-07-11,9,858.5,0,0,express,False,14,858.5
ORD006602,C03658,P0092,2024-10-08,4,922.38,0,0,standard,False,13,922.38
ORD006603,C03402,P0272,2024-05-10,7,824.59,149,50,quick,True,3,923.59
ORD006604,C04332,P0191,2024-07-03,8,664.08,149,200,standard,False,3,613.08
ORD006605,C00751,P0021,2024-08-19,5,565.05,0,0,quick,False,4,565.05
ORD006606,C00164,P0193,2024-08-17,2,480.21,0,0,standard,False,8,480.21
ORD006607,C01692,P0169,2024-07-22,8,1840.39,0,0,quick,True,18,1840.39
ORD006608,C01956,P0459,2024-01-01,5,105.69,99,0,standard,False,3,204.69
ORD006609,C03860,P0428,2024-01-18,5,137.48,0,100,standard,False,23,37.47999999999999
ORD006610,C02775,P0010,2024-05-25,7,573.8,0,200,standard,False,5,373.79999999999995
ORD006611,C03289,P0180,2024-11-01,6,379.87,0,0,quick,False,11,379.87
ORD006612,C01768,P0231,2024-01-09,3,466.25,149,0,standard,False,13,615.25
ORD006613,C02423,P0443,2024-09-22,7,4398.12,0,0,quick,False,21,4398.12
ORD006614,C04526,P0028,2024-03-10,1,1143.58,0,200,standard,True,10,943.5799999999999
ORD006615,C03696,P0019,2024-06-03,4,1568.23,49,50,standard,False,4,1567.23
ORD006616,C00782,P0004,2024-01-04,4,420.84,0,0,quick,False,7,420.84
ORD006617,C03778,P0408,2024-06-02,6,290.7,0,100,standard,False,15,190.7
ORD006618,C00954,P0033,2024-04-23,6,1121.68,0,0,standard,False,6,1121.68
ORD006619,C01992,P0139,2024-04-19,8,1252.64,0,0,express,False,8,1252.64
ORD006620,C01659,P0027,2024-06-10,1,657.8,0,0,standard,False,3,657.8
ORD006621,C00140,P0097,2024-01-12,7,1682.96,0,200,quick,False,10,1482.96
ORD006622,C00719,P0261,2024-12-19,4,2493.81,0,200,quick,False,20,2293.81
ORD006623,C01650,P0245,2024-05-21,6,544.76,0,0,express,False,22,544.76
ORD006624,C03573,P0018,2024-10-10,9,275.32,99,100,standard,True,2,274.32
ORD006625,C03474,P0011,2024-09-18,3,608.58,149,50,standard,False,14,707.58
ORD006626,C01015,P0024,2024-10-11,8,3290.68,149,0,standard,False,22,3439.68
ORD006627,C04383,P0012,2024-10-19,3,341.63,0,50,quick,False,15,291.63
ORD006628,C00342,P0464,2024-10-19,6,771.9,49,100,quick,True,7,720.9
ORD006629,C03183,P0075,2024-03-20,2,927.88,0,100,standard,True,8,827.88
ORD006630,C02701,P0258,2024-02-18,9,267.5,0,50,express,False,10,217.5
ORD006631,C00975,P0023,2024-01-20,2,720.49,49,50,express,False,9,719.49
ORD006632,C02583,P0007,2024-08-23,5,363.33,149,0,standard,False,22,512.3299999999999
ORD006633,C03120,P0367,2024-07-01,6,1446.91,0,50,standard,True,14,1396.91
ORD006634,C01823,P0227,2024-03-20,4,977.08,0,50,standard,True,10,927.08
ORD006635,C04426,P0375,2024-03-11,7,1324.16,0,0,express,True,14,1324.16
ORD006636,C04460,P0122,2024-05-15,7,254.92,149,100,quick,True,22,303.91999999999996
ORD006637,C00010,P0089,2024-07-06,7,123.63,149,200,express,False,8,72.63
ORD006638,C04604,P0300,2024-10-25,7,1429.44,0,0,standard,False,18,1429.44
ORD006639,C02627,P0455,2024-05-07,9,441.29,0,50,express,False,8,391.29
ORD006640,C01468,P0223,2024-04-29,2,237.68,149,0,quick,False,19,386.68
ORD006641,C01113,P0223,2024-05-11,5,166.48,0,50,standard,False,1,116.47999999999999
ORD006642,C00621,P0256,2024-06-02,9,607.69,0,0,quick,False,4,607.69
ORD006643,C00900,P0002,2024-02-17,2,212.87,0,0,quick,False,4,212.87
ORD006644,C03747,P0320,2024-10-19,3,684.41,0,200,standard,False,16,484.40999999999997
ORD006645,C04064,P0270,2024-07-23,7,1008.58,49,200,quick,True,9,857.5799999999999
ORD006646,C01471,P0305,2024-10-18,9,635.09,49,0,quick,False,0,684.09
ORD006647,C03103,P0147,2024-04-21,3,1737.2,0,100,standard,False,7,1637.2
ORD006648,C00326,P0386,2024-02-09,8,217.37,0,0,quick,True,11,217.37
ORD006649,C00073,P0188,2024-06-15,8,575.79,49,0,quick,True,18,624.79
ORD006650,C00250,P0398,2024-09-04,4,223.71,0,0,express,False,11,223.71
ORD006651,C02497,P0186,2024-03-29,6,1559.68,0,50,quick,False,22,1509.68
ORD006652,C02402,P0437,2024-09-06,8,1983.24,149,100,quick,True,9,2032.2399999999998
ORD006653,C04628,P0187,2024-12-19,9,456.57,0,0,standard,False,9,456.57
ORD006654,C00295,P0123,2024-12-25,2,354.44,0,0,standard,False,22,354.44
ORD006655,C00297,P0036,2024-10-22,1,328.29,149,100,express,False,5,377.29
ORD006656,C00301,P0148,2024-02-18,5,1473.92,49,200,standard,False,18,1322.92
ORD006657,C04607,P0105,2024-10-31,3,901.97,149,200,standard,True,20,850.97
ORD006658,C00584,P0102,2024-11-24,6,1586.65,49,0,standard,True,9,1635.65
ORD006659,C03624,P0406,2024-06-02,1,186.51,49,100,standard,True,15,135.51
ORD006660,C01634,P0376,2024-01-20,4,551.42,149,50,quick,True,22,650.42
ORD006661,C00052,P0231,2024-10-22,6,888.3,0,0,express,True,14,888.3
ORD006662,C02276,P0354,2024-07-14,2,1690.74,99,50,standard,False,21,1739.74
ORD006663,C02687,P0145,2024-02-10,8,435.91,49,0,standard,False,9,484.91
ORD006664,C02844,P0016,2024-01-29,4,361.89,0,50,express,True,4,311.89
ORD006665,C04886,P0158,2024-06-20,2,1808.02,49,0,standard,False,23,1857.02
ORD006666,C04590,P0447,2024-06-27,1,133.09,49,100,express,False,22,82.09
ORD006667,C04948,P0303,2024-08-10,8,556.2,99,50,express,True,4,605.2
ORD006668,C02718,P0281,2024-08-01,1,528.55,149,0,express,False,4,677.55
ORD006669,C03935,P0277,2024-03-02,7,209.52,0,100,standard,False,19,109.52000000000001
ORD006670,C00662,P0124,2024-04-26,7,450.71,0,200,standard,True,9,250.70999999999998
ORD006671,C00007,P0172,2024-11-30,6,996.61,0,200,quick,True,12,796.61
ORD006672,C03683,P0419,2024-11-04,8,418.95,49,100,quick,True,8,367.95
ORD006673,C03087,P0319,2024-01-06,1,358.4,49,0,quick,True,20,407.4
ORD006674,C04761,P0162,2024-11-20,1,1164.95,0,50,quick,True,7,1114.95
ORD006675,C00668,P0202,2024-11-19,1,3238.02,99,50,quick,True,0,3287.02
ORD006676,C03164,P0474,2024-07-14,6,1156.83,149,100,standard,False,6,1205.83
ORD006677,C01285,P0481,2024-01-28,7,1410.12,0,50,quick,True,18,1360.12
ORD006678,C03620,P0337,2024-06-05,9,2062.59,0,200,standard,False,9,1862.5900000000001
ORD006679,C00160,P0154,2024-09-25,5,1231.84,0,100,standard,True,4,1131.84
ORD006680,C02398,P0323,2024-01-22,1,2849.93,49,50,quick,False,18,2848.93
ORD006681,C03245,P0400,2024-06-12,9,1061.84,0,0,quick,False,0,1061.84
ORD006682,C00017,P0453,2024-10-03,5,857.31,0,0,quick,False,8,857.31
ORD006683,C02533,P0489,2024-10-16,6,926.43,49,0,quick,True,11,975.43
ORD006684,C04446,P0394,2024-03-17,9,1711.38,0,0,standard,False,23,1711.38
ORD006685,C02575,P0260,2024-06-16,2,903.22,149,50,quick,False,16,1002.22
ORD006686,C04967,P0185,2024-09-14,3,1101.51,99,100,standard,True,23,1100.51
ORD006687,C02317,P0376,2024-12-23,7,269.35,0,200,standard,False,16,69.35000000000002
ORD006688,C02918,P0465,2024-04-23,3,1805.48,0,100,quick,False,12,1705.48
ORD006689,C01053,P0056,2024-03-19,2,513.95,99,50,standard,True,15,562.95
ORD006690,C00315,P0216,2024-01-26,7,221.94,0,50,standard,True,19,171.94
ORD006691,C04832,P0457,2024-12-10,8,1224.86,49,200,quick,True,5,1073.86
ORD006692,C02211,P0488,2024-07-20,9,407.47,0,0,standard,False,11,407.47
ORD006693,C00319,P0207,2024-08-16,2,241.44,0,0,standard,True,20,241.44
ORD006694,C04527,P0201,2024-10-31,2,306.24,149,100,express,False,4,355.24
ORD006695,C02715,P0073,2024-10-21,7,123.9,0,0,express,True,18,123.9
ORD006696,C00633,P0483,2024-09-15,4,165.5,49,50,standard,False,16,164.5
ORD006697,C01705,P0084,2024-02-16,5,727.61,0,200,quick,False,10,527.61
ORD006698,C04820,P0119,2024-04-23,1,1507.08,0,100,quick,True,16,1407.08
ORD006699,C00672,P0013,2024-08-09,6,515.62,99,200,standard,False,11,414.62
ORD006700,C02279,P0327,2024-05-28,8,787.56,99,0,quick,False,12,886.56
ORD006701,C03547,P0128,2024-07-20,1,1260.53,49,0,standard,True,15,1309.53
ORD006702,C00470,P0399,2024-03-16,2,407.88,0,100,express,False,20,307.88
ORD006703,C03231,P0281,2024-03-08,7,842.56,0,0,quick,False,5,842.56
ORD006704,C02607,P0048,2024-06-21,2,401.01,149,0,quick,True,16,550.01
ORD006705,C03332,P0425,2024-02-12,9,819.46,99,200,standard,False,15,718.46
ORD006706,C02620,P0453,2024-08-31,6,270.78,0,50,standard,False,5,220.77999999999997
ORD006707,C04697,P0358,2024-10-19,5,2765.62,149,50,standard,False,15,2864.62
ORD006708,C01382,P0241,2024-01-26,7,154.46,49,0,standard,False,12,203.46
ORD006709,C04375,P0321,2024-10-07,8,591.57,149,100,standard,False,0,640.57
ORD006710,C01185,P0052,2024-07-23,9,335.1,49,0,standard,True,21,384.1
ORD006711,C01910,P0264,2024-05-14,6,741.87,149,200,standard,False,2,690.87
ORD006712,C00915,P0068,2024-02-13,5,490.41,49,0,quick,True,10,539.4100000000001
ORD006713,C01617,P0039,2024-07-23,7,355.37,0,50,standard,True,7,305.37
ORD006714,C01683,P0183,2024-09-13,2,300.41,49,0,quick,True,9,349.41
ORD006715,C02425,P0132,2024-08-10,8,240.05,0,0,standard,False,6,240.05
ORD006716,C00425,P0055,2024-12-23,4,1168.11,0,100,quick,True,7,1068.11
ORD006717,C01787,P0366,2024-03-07,1,274.9,0,200,standard,False,4,74.89999999999998
ORD006718,C02584,P0455,2024-03-10,3,1138.59,149,100,standard,True,8,1187.59
ORD006719,C04648,P0254,2024-09-03,9,563.56,49,0,standard,False,19,612.56
ORD006720,C00168,P0004,2024-10-13,4,151.48,0,0,standard,False,23,151.48
ORD006721,C00514,P0068,2024-04-11,3,225.6,149,0,standard,False,3,374.6
ORD006722,C03435,P0051,2024-09-06,4,1662.82,0,200,quick,True,20,1462.82
ORD006723,C04525,P0464,2024-07-21,3,745.35,49,0,standard,True,6,794.35
ORD006724,C02616,P0328,2024-11-29,3,241.62,0,50,quick,False,11,191.62
ORD006725,C02377,P0097,2024-10-19,2,950.62,149,50,standard,False,15,1049.62
ORD006726,C00690,P0160,2024-04-10,6,1312.16,0,0,express,False,14,1312.16
ORD006727,C03204,P0405,2024-10-14,6,380.02,0,0,express,False,18,380.02
ORD006728,C02504,P0468,2024-11-11,4,668.29,99,0,standard,False,20,767.29
ORD006729,C00352,P0490,2024-09-25,8,342.15,0,200,standard,False,0,142.14999999999998
ORD006730,C01117,P0270,2024-05-06,6,157.41,0,50,express,False,23,107.41
ORD006731,C01405,P0064,2024-05-04,8,456.01,49,100,quick,True,16,405.01
ORD006732,C03939,P0326,2024-02-06,6,1073.43,49,0,quick,True,7,1122.43
ORD006733,C04174,P0406,2024-05-16,9,528.62,49,100,standard,False,23,477.62
ORD006734,C00677,P0242,2024-08-08,3,462.75,0,0,quick,True,6,462.75
ORD006735,C00550,P0366,2024-06-14,3,418.0,49,200,standard,False,11,267.0
ORD006736,C00819,P0261,2024-12-16,2,528.93,0,0,standard,False,21,528.93
ORD006737,C00213,P0211,2024-10-21,6,367.14,99,200,quick,False,1,266.14
ORD006738,C01666,P0441,2024-02-15,7,762.06,0,50,express,True,12,712.06
ORD006739,C04764,P0153,2024-02-27,7,144.97,99,0,express,False,20,243.97
ORD006740,C00893,P0233,2024-12-09,5,1251.95,49,0,express,False,3,1300.95
ORD006741,C04254,P0139,2024-07-30,6,232.11,149,0,quick,False,10,381.11
ORD006742,C04076,P0332,2024-08-04,7,801.52,0,200,standard,False,16,601.52
ORD006743,C03905,P0494,2024-07-06,2,517.34,99,50,standard,True,2,566.34
ORD006744,C02786,P0114,2024-06-27,7,1138.49,0,200,quick,False,8,938.49
ORD006745,C02248,P0368,2024-04-07,1,1323.65,0,100,standard,True,17,1223.65
ORD006746,C00021,P0332,2024-06-13,6,258.89,149,100,quick,True,17,307.89
ORD006747,C03313,P0129,2024-06-25,8,890.46,0,100,standard,False,23,790.46
ORD006748,C01261,P0415,2024-10-31,1,246.42,99,0,quick,False,17,345.41999999999996
ORD006749,C01172,P0177,2024-12-01,1,191.67,99,100,standard,True,2,190.66999999999996
ORD006750,C04880,P0094,2024-01-13,6,1963.45,0,0,quick,False,1,1963.45
ORD006751,C02054,P0316,2024-06-05,5,224.71,99,100,express,True,14,223.71000000000004
ORD006752,C01892,P0394,2024-03-27,3,280.26,0,0,express,False,18,280.26
ORD006753,C02815,P0100,2024-06-28,7,196.74,99,0,standard,False,16,295.74
ORD006754,C04674,P0195,2024-11-11,7,543.8,99,50,standard,False,7,592.8
ORD006755,C04584,P0289,2024-08-14,7,1863.58,0,200,quick,False,7,1663.58
ORD006756,C01787,P0207,2024-11-15,6,313.62,49,200,quick,True,8,162.62
ORD006757,C01990,P0094,2024-03-15,4,645.39,99,0,quick,True,23,744.39
ORD006758,C04317,P0472,2024-08-13,9,470.08,149,0,express,True,5,619.0799999999999
ORD006759,C02460,P0102,2024-01-23,9,385.64,0,200,quick,False,22,185.64
ORD006760,C02631,P0007,2024-04-29,7,693.29,0,200,standard,True,20,493.28999999999996
ORD006761,C02268,P0135,2024-04-12,7,671.93,0,0,quick,True,7,671.93
ORD006762,C02176,P0097,2024-12-16,8,410.71,149,200,quick,False,7,359.71000000000004
ORD006763,C00876,P0398,2024-07-10,5,1429.62,0,50,standard,True,22,1379.62
ORD006764,C03492,P0260,2024-03-20,9,137.25,49,100,standard,False,22,86.25
ORD006765,C04258,P0146,2024-02-13,6,161.36,49,100,standard,False,14,110.36000000000001
ORD006766,C00954,P0457,2024-02-27,7,3379.56,0,50,express,False,5,3329.56
ORD006767,C04119,P0392,2024-01-28,7,1062.95,99,100,standard,False,1,1061.95
ORD006768,C04288,P0184,2024-05-04,9,1239.49,0,100,standard,True,19,1139.49
ORD006769,C00877,P0437,2024-11-13,7,745.15,149,100,standard,True,8,794.15
ORD006770,C04485,P0412,2024-03-16,3,480.14,99,0,express,True,17,579.14
ORD006771,C02544,P0499,2024-05-27,6,793.52,0,50,standard,True,8,743.52
ORD006772,C02176,P0231,2024-01-08,6,167.01,0,200,standard,False,2,-32.99000000000001
ORD006773,C02600,P0100,2024-06-24,7,1091.5,49,0,standard,False,23,1140.5
ORD006774,C03107,P0146,2024-12-21,6,643.7,0,50,standard,False,6,593.7
ORD006775,C03528,P0204,2024-02-26,4,2297.24,0,50,standard,True,23,2247.24
ORD006776,C02408,P0045,2024-06-05,6,809.26,149,0,quick,False,2,958.26
ORD006777,C04860,P0103,2024-08-18,3,214.16,49,0,quick,False,4,263.15999999999997
ORD006778,C01973,P0335,2024-08-29,1,553.46,0,100,standard,False,16,453.46000000000004
ORD006779,C03948,P0445,2024-01-12,1,140.69,49,0,standard,False,9,189.69
ORD006780,C01238,P0221,2024-06-18,5,1056.72,0,200,quick,False,1,856.72
ORD006781,C02334,P0443,2024-04-17,8,586.77,99,200,quick,False,6,485.77
ORD006782,C00767,P0117,2024-10-02,3,422.04,149,100,standard,False,7,471.03999999999996
ORD006783,C02416,P0004,2024-04-18,2,2520.54,0,0,standard,True,7,2520.54
ORD006784,C04994,P0416,2024-04-14,8,2075.41,0,100,quick,False,18,1975.4099999999999
ORD006785,C03545,P0210,2024-10-06,9,2236.83,0,0,standard,False,18,2236.83
ORD006786,C02309,P0054,2024-09-24,9,273.79,0,0,quick,False,15,273.79
ORD006787,C04883,P0018,2024-05-12,2,1011.83,0,0,express,False,14,1011.83
ORD006788,C04206,P0400,2024-10-07,8,2134.18,0,0,quick,False,3,2134.18
ORD006789,C04236,P0087,2024-09-04,2,691.2,99,0,express,False,17,790.2
ORD006790,C00744,P0246,2024-11-14,7,267.7,0,200,quick,False,1,67.69999999999999
ORD006791,C02582,P0116,2024-03-13,8,1290.9,0,100,standard,False,10,1190.9
ORD006792,C04174,P0475,2024-12-21,1,1582.71,0,200,standard,False,20,1382.71
ORD006793,C01517,P0169,2024-12-23,8,949.37,0,100,standard,False,2,849.37
ORD006794,C02556,P0484,2024-12-08,3,342.25,0,0,standard,False,6,342.25
ORD006795,C04161,P0149,2024-01-10,1,247.1,49,0,quick,True,15,296.1
ORD006796,C03983,P0294,2024-07-11,7,784.22,149,50,standard,False,3,883.22
ORD006797,C01394,P0207,2024-10-25,3,560.53,149,200,standard,False,14,509.53
ORD006798,C00286,P0380,2024-12-05,8,872.49,149,50,quick,True,2,971.49
ORD006799,C03247,P0482,2024-09-26,9,181.91,49,0,quick,False,15,230.91
ORD006800,C04218,P0282,2024-01-23,2,201.26,0,50,quick,False,6,151.26
ORD006801,C02602,P0331,2024-05-10,1,414.57,0,0,standard,False,3,414.57
ORD006802,C00003,P0173,2024-03-28,8,308.6,0,200,quick,False,17,108.60000000000002
ORD006803,C00411,P0126,2024-01-31,6,775.09,149,0,express,False,18,924.09
ORD006804,C04345,P0155,2024-05-25,1,419.7,49,200,standard,False,6,268.7
ORD006805,C03727,P0179,2024-04-12,3,905.34,0,200,standard,False,19,705.34
ORD006806,C01917,P0448,2024-12-22,9,1124.13,0,50,express,False,15,1074.13
ORD006807,C01356,P0422,2024-11-12,9,244.06,0,100,quick,False,9,144.06
ORD006808,C00157,P0377,2024-05-18,6,1865.47,0,100,express,False,18,1765.47
ORD006809,C01600,P0401,2024-01-28,3,1182.05,0,100,quick,True,0,1082.05
ORD006810,C02884,P0086,2024-08-26,8,788.91,0,0,standard,False,18,788.91
ORD006811,C03489,P0405,2024-12-01,6,1776.28,149,50,standard,False,13,1875.28
ORD006812,C02382,P0323,2024-01-05,1,315.35,0,0,standard,False,3,315.35
ORD006813,C00152,P0495,2024-02-04,6,482.38,0,100,standard,True,23,382.38
ORD006814,C01629,P0266,2024-07-17,5,161.78,49,50,quick,True,14,160.78
ORD006815,C02796,P0081,2024-12-04,8,525.4,0,0,quick,True,20,525.4
ORD006816,C02881,P0063,2024-05-18,2,593.22,0,50,standard,False,6,543.22
ORD006817,C03802,P0118,2024-12-05,7,769.1,49,0,quick,True,18,818.1
ORD006818,C02805,P0495,2024-12-03,6,145.33,0,100,standard,True,20,45.33000000000001
ORD006819,C04080,P0454,2024-07-03,1,122.1,149,0,quick,False,19,271.1
ORD006820,C03470,P0340,2024-02-25,8,480.18,99,0,quick,True,14,579.1800000000001
ORD006821,C01055,P0312,2024-01-10,6,245.76,49,0,express,False,0,294.76
ORD006822,C02579,P0162,2024-05-29,3,1094.46,0,0,standard,False,8,1094.46
ORD006823,C04148,P0292,2024-11-28,5,872.39,0,0,quick,True,13,872.39
ORD006824,C02765,P0177,2024-07-16,7,374.99,49,0,standard,False,19,423.99
ORD006825,C01328,P0376,2024-04-28,9,131.81,0,50,quick,False,8,81.81
ORD006826,C04044,P0029,2024-07-13,4,240.0,0,50,quick,True,15,190.0
ORD006827,C02392,P0400,2024-09-17,2,922.63,99,50,quick,False,20,971.63
ORD006828,C03153,P0160,2024-12-29,3,3334.26,99,50,standard,True,5,3383.26
ORD006829,C00000,P0399,2024-02-20,7,375.65,99,0,quick,True,10,474.65
ORD006830,C00166,P0398,2024-06-10,8,1232.63,0,200,standard,True,16,1032.63
ORD006831,C03254,P0396,2024-09-05,5,1511.69,0,0,standard,False,15,1511.69
ORD006832,C01885,P0486,2024-11-01,3,133.57,0,0,quick,False,16,133.57
ORD006833,C04368,P0002,2024-09-29,1,1834.71,99,200,express,False,9,1733.71
ORD006834,C00899,P0023,2024-02-15,1,538.42,0,0,standard,True,20,538.42
ORD006835,C02248,P0406,2024-04-05,2,2430.69,149,0,standard,True,9,2579.69
ORD006836,C03263,P0058,2024-04-11,5,640.38,99,50,standard,False,8,689.38
ORD006837,C03412,P0236,2024-09-13,3,286.65,49,0,quick,False,17,335.65
ORD006838,C03577,P0239,2024-08-22,7,2671.99,49,0,standard,True,7,2720.99
ORD006839,C02187,P0310,2024-10-14,2,294.16,0,100,express,False,10,194.16000000000003
ORD006840,C01219,P0320,2024-12-30,2,1597.79,0,0,standard,False,8,1597.79
ORD006841,C03132,P0159,2024-01-12,3,232.07,149,200,standard,False,21,181.07
ORD006842,C00359,P0480,2024-01-21,1,885.25,99,0,quick,False,17,984.25
ORD006843,C02039,P0059,2024-05-06,2,469.88,149,200,quick,False,16,418.88
ORD006844,C03937,P0239,2024-09-28,5,2602.34,49,0,express,False,9,2651.34
ORD006845,C03154,P0413,2024-06-05,3,242.0,0,200,express,False,20,42.0
ORD006846,C00333,P0321,2024-06-19,6,466.91,0,0,express,False,14,466.91
ORD006847,C00730,P0401,2024-09-07,2,813.72,49,0,quick,False,3,862.72
ORD006848,C01497,P0058,2024-07-20,8,2758.72,49,100,standard,True,5,2707.72
ORD006849,C01417,P0052,2024-03-21,4,352.55,99,100,standard,False,15,351.55
ORD006850,C03763,P0063,2024-01-10,3,452.94,0,0,standard,False,0,452.94
ORD006851,C01743,P0120,2024-06-26,5,532.66,49,100,express,True,10,481.65999999999997
ORD006852,C04116,P0118,2024-12-16,8,302.9,49,0,standard,True,16,351.9
ORD006853,C01973,P0285,2024-06-29,9,1289.15,99,0,standard,True,15,1388.15
ORD006854,C00878,P0017,2024-06-30,1,166.55,0,50,quick,True,15,116.55000000000001
ORD006855,C04272,P0004,2024-11-16,4,953.05,149,50,standard,True,5,1052.05
ORD006856,C02884,P0324,2024-06-03,6,633.39,0,0,standard,True,5,633.39
ORD006857,C03007,P0391,2024-04-30,6,292.88,149,50,express,False,2,391.88
ORD006858,C02595,P0392,2024-09-13,9,574.24,0,0,quick,True,13,574.24
ORD006859,C02297,P0159,2024-05-21,1,1339.16,0,0,standard,True,21,1339.16
ORD006860,C00660,P0375,2024-02-01,5,511.71,0,50,standard,False,9,461.71
ORD006861,C03144,P0141,2024-11-16,1,189.99,0,0,quick,False,3,189.99
ORD006862,C03162,P0396,2024-05-11,6,128.16,0,200,express,False,14,-71.84
ORD006863,C04221,P0017,2024-07-17,9,1151.91,99,0,standard,False,10,1250.91
ORD006864,C03985,P0067,2024-01-16,4,379.79,99,100,quick,True,20,378.79
ORD006865,C01269,P0113,2024-10-11,9,1973.04,99,200,quick,False,21,1872.04
ORD006866,C04706,P0021,2024-05-23,3,771.07,0,100,standard,True,17,671.07
ORD006867,C01294,P0019,2024-04-25,7,500.24,99,0,quick,False,5,599.24
ORD006868,C01009,P0398,2024-03-18,5,680.83,99,50,quick,True,6,729.83
ORD006869,C02091,P0262,2024-06-23,1,526.62,0,100,express,True,3,426.62
ORD006870,C01757,P0460,2024-07-20,7,1752.72,0,0,standard,True,7,1752.72
ORD006871,C01964,P0097,2024-12-02,8,527.77,99,100,standard,False,6,526.77
ORD006872,C04643,P0104,2024-03-11,6,175.92,149,0,quick,False,9,324.91999999999996
ORD006873,C01191,P0285,2024-02-14,1,735.33,0,200,express,True,16,535.33
ORD006874,C01053,P0004,2024-07-14,9,781.82,99,200,express,False,9,680.82
ORD006875,C02841,P0128,2024-09-23,7,1113.7,0,50,quick,False,10,1063.7
ORD006876,C02404,P0443,2024-12-13,6,1994.12,0,0,standard,False,16,1994.12
ORD006877,C03562,P0158,2024-11-09,4,508.74,0,50,standard,False,15,458.74
ORD006878,C03704,P0250,2024-11-16,3,402.79,149,100,standard,False,3,451.78999999999996
ORD006879,C01822,P0498,2024-12-17,4,571.4,149,50,standard,False,21,670.4
ORD006880,C01271,P0275,2024-04-26,1,1712.2,149,100,quick,False,9,1761.2
ORD006881,C01719,P0082,2024-08-01,9,2836.8,49,200,standard,False,19,2685.8
ORD006882,C00252,P0319,2024-05-03,2,2583.02,0,50,quick,True,6,2533.02
ORD006883,C02768,P0117,2024-10-20,2,281.68,0,200,quick,False,18,81.68
ORD006884,C01559,P0447,2024-03-19,3,579.87,99,100,quick,True,21,578.87
ORD006885,C00736,P0028,2024-08-06,1,309.28,0,0,quick,True,4,309.28
ORD006886,C04995,P0492,2024-06-08,3,420.19,0,0,quick,True,10,420.19
ORD006887,C01928,P0357,2024-11-05,4,121.54,0,100,standard,True,5,21.540000000000006
ORD006888,C02190,P0137,2024-06-17,9,221.55,99,100,standard,False,6,220.55
ORD006889,C01002,P0156,2024-08-17,5,453.17,0,0,standard,False,12,453.17
ORD006890,C02985,P0030,2024-10-04,6,416.57,99,0,standard,False,5,515.5699999999999
ORD006891,C01922,P0330,2024-03-08,1,327.82,149,200,quick,False,5,276.82
ORD006892,C03752,P0470,2024-04-15,3,282.24,49,100,standard,False,19,231.24
ORD006893,C04137,P0285,2024-11-30,7,1066.49,0,100,quick,False,21,966.49
ORD006894,C03702,P0152,2024-03-11,7,343.24,0,50,express,False,5,293.24
ORD006895,C03192,P0335,2024-10-24,1,957.22,0,0,standard,False,10,957.22
ORD006896,C03834,P0057,2024-10-04,9,420.9,49,0,standard,False,16,469.9
ORD006897,C04438,P0312,2024-12-16,1,1232.57,0,100,quick,False,15,1132.57
ORD006898,C04427,P0086,2024-04-13,7,227.1,149,50,express,False,20,326.1
ORD006899,C03527,P0122,2024-03-11,2,219.05,49,0,standard,True,19,268.05
ORD006900,C00340,P0190,2024-06-07,9,895.89,49,200,quick,True,13,744.89
ORD006901,C02388,P0352,2024-12-18,9,1823.88,99,50,express,True,23,1872.88
ORD006902,C03487,P0370,2024-12-27,9,207.01,149,0,quick,False,8,356.01
ORD006903,C01700,P0292,2024-09-25,4,152.59,0,100,standard,False,7,52.59
ORD006904,C01233,P0313,2024-03-10,6,2008.46,0,50,standard,True,8,1958.46
ORD006905,C02570,P0027,2024-08-08,2,186.36,99,0,express,True,15,285.36
ORD006906,C02298,P0154,2024-03-15,3,300.72,99,0,standard,False,9,399.72
ORD006907,C00137,P0453,2024-12-01,6,1955.44,99,100,standard,True,11,1954.44
ORD006908,C02798,P0229,2024-10-16,1,1235.89,0,50,standard,False,4,1185.89
ORD006909,C02930,P0036,2024-03-21,7,392.79,0,0,express,True,9,392.79
ORD006910,C03920,P0005,2024-06-11,2,2262.46,99,200,quick,False,10,2161.46
ORD006911,C04182,P0472,2024-02-04,8,686.61,49,200,express,False,23,535.61
ORD006912,C01833,P0460,2024-10-12,5,151.49,0,0,express,False,11,151.49
ORD006913,C02139,P0317,2024-09-29,7,948.97,0,50,standard,False,23,898.97
ORD006914,C00207,P0224,2024-03-01,8,638.44,149,50,express,True,10,737.44
ORD006915,C02233,P0032,2024-04-04,3,694.0,0,0,standard,False,14,694.0
ORD006916,C01850,P0088,2024-06-11,6,3692.47,0,50,standard,True,9,3642.47
ORD006917,C01687,P0333,2024-03-15,9,214.84,0,200,quick,False,13,14.840000000000003
ORD006918,C02203,P0039,2024-01-16,4,847.6,0,200,quick,False,18,647.6
ORD006919,C02208,P0168,2024-06-12,7,528.7,49,0,express,False,12,577.7
ORD006920,C00850,P0374,2024-07-30,1,321.12,49,100,quick,True,13,270.12
ORD006921,C02203,P0297,2024-07-29,7,926.88,49,0,quick,False,0,975.88
ORD006922,C03690,P0485,2024-06-04,9,871.28,0,200,express,False,12,671.28
ORD006923,C03355,P0392,2024-08-14,8,1457.97,0,0,standard,True,1,1457.97
ORD006924,C02609,P0017,2024-11-22,4,1576.62,99,200,standard,False,13,1475.62
ORD006925,C00223,P0014,2024-05-20,3,676.59,0,100,quick,False,11,576.59
ORD006926,C03774,P0131,2024-03-18,7,374.72,49,200,standard,False,20,223.72000000000003
ORD006927,C01411,P0289,2024-04-06,1,626.89,49,50,standard,False,4,625.89
ORD006928,C04392,P0317,2024-02-24,8,410.59,49,0,standard,True,14,459.59
ORD006929,C00322,P0293,2024-03-08,1,326.39,149,100,quick,False,8,375.39
ORD006930,C01511,P0208,2024-04-04,7,660.41,0,0,standard,False,0,660.41
ORD006931,C02086,P0326,2024-01-14,6,849.93,149,100,quick,False,22,898.93
ORD006932,C04600,P0479,2024-11-09,8,724.09,0,100,quick,False,6,624.09
ORD006933,C02287,P0278,2024-11-11,6,2260.79,99,100,standard,True,6,2259.79
ORD006934,C00686,P0381,2024-05-16,5,347.31,0,100,standard,True,21,247.31
ORD006935,C02017,P0275,2024-11-06,9,425.03,0,200,quick,False,22,225.02999999999997
ORD006936,C01468,P0494,2024-10-17,4,870.08,0,50,standard,False,8,820.08
ORD006937,C03923,P0439,2024-11-09,7,741.03,0,200,standard,False,9,541.03
ORD006938,C04835,P0308,2024-04-28,6,100.31,49,200,standard,False,11,-50.69
ORD006939,C00996,P0385,2024-11-01,6,361.07,49,50,standard,False,0,360.07
ORD006940,C02534,P0276,2024-04-28,5,303.9,99,100,quick,False,10,302.9
ORD006941,C02812,P0075,2024-04-28,2,1381.43,0,50,quick,False,13,1331.43
ORD006942,C00622,P0297,2024-12-17,4,1507.24,0,0,standard,False,12,1507.24
ORD006943,C03824,P0312,2024-01-14,1,332.75,149,50,express,False,10,431.75
ORD006944,C02783,P0377,2024-07-02,9,174.37,49,200,standard,False,17,23.370000000000005
ORD006945,C04393,P0432,2024-02-10,9,259.77,99,100,standard,False,17,258.77
ORD006946,C01075,P0346,2024-12-18,8,234.99,99,200,express,False,23,133.99
ORD006947,C00303,P0497,2024-09-01,4,288.75,0,0,standard,False,6,288.75
ORD006948,C00663,P0111,2024-03-09,5,286.19,0,100,quick,False,6,186.19
ORD006949,C02946,P0265,2024-09-14,1,556.53,0,0,quick,True,19,556.53
ORD006950,C03994,P0071,2024-11-05,4,368.59,99,200,standard,False,16,267.59
ORD006951,C01992,P0316,2024-08-28,4,673.4,0,200,standard,False,14,473.4
ORD006952,C03495,P0020,2024-12-30,5,394.26,49,50,quick,False,8,393.26
ORD006953,C02694,P0187,2024-11-28,2,1278.96,0,100,standard,True,3,1178.96
ORD006954,C04304,P0120,2024-07-10,2,2207.2,0,200,standard,True,2,2007.1999999999998
ORD006955,C03198,P0341,2024-04-04,2,461.16,0,0,standard,True,7,461.16
ORD006956,C00518,P0140,2024-07-17,8,134.51,0,100,standard,False,5,34.50999999999999
ORD006957,C04433,P0303,2024-09-08,2,290.72,0,100,standard,False,10,190.72000000000003
ORD006958,C01869,P0423,2024-08-30,6,174.2,99,50,quick,False,23,223.2
ORD006959,C03810,P0446,2024-03-11,2,394.93,99,200,standard,False,15,293.93
ORD006960,C00912,P0203,2024-03-24,8,824.17,149,200,quick,False,23,773.17
ORD006961,C03934,P0208,2024-04-08,1,611.19,0,0,express,True,18,611.19
ORD006962,C04902,P0495,2024-04-25,2,293.76,49,0,standard,True,15,342.76
ORD006963,C03188,P0008,2024-01-17,5,1119.48,149,100,standard,True,1,1168.48
ORD006964,C01315,P0184,2024-07-28,6,197.68,149,200,express,False,21,146.68
ORD006965,C03228,P0434,2024-01-08,9,280.32,99,50,quick,False,12,329.32
ORD006966,C00571,P0368,2024-05-18,6,888.01,99,200,quick,False,22,787.01
ORD006967,C03255,P0375,2024-07-30,8,252.78,49,50,quick,False,22,251.77999999999997
ORD006968,C02471,P0295,2024-04-23,7,893.9,149,0,quick,False,15,1042.9
ORD006969,C00097,P0331,2024-12-09,1,2737.8,0,0,express,True,7,2737.8
ORD006970,C04033,P0200,2024-04-13,2,1344.96,0,200,standard,True,8,1144.96
ORD006971,C01639,P0063,2024-04-14,4,221.06,0,0,quick,False,19,221.06
ORD006972,C04842,P0349,2024-02-03,1,613.51,0,0,quick,True,18,613.51
ORD006973,C04027,P0325,2024-03-31,8,483.12,49,0,quick,True,12,532.12
ORD006974,C00260,P0319,2024-08-12,4,3450.47,0,0,standard,False,1,3450.47
ORD006975,C00935,P0024,2024-11-11,7,2433.8,49,0,express,False,3,2482.8
ORD006976,C01797,P0411,2024-09-07,7,194.16,49,0,quick,False,1,243.16
ORD006977,C00331,P0393,2024-12-18,8,1774.76,0,50,standard,False,20,1724.76
ORD006978,C04210,P0488,2024-06-15,9,249.47,0,100,quick,False,10,149.47
ORD006979,C00267,P0155,2024-08-22,9,368.4,0,100,standard,False,8,268.4
ORD006980,C02059,P0220,2024-05-06,7,404.23,0,100,standard,False,17,304.23
ORD006981,C00072,P0291,2024-08-06,9,335.62,49,50,quick,False,11,334.62
ORD006982,C02921,P0138,2024-07-26,5,1442.29,149,0,quick,False,14,1591.29
ORD006983,C02453,P0020,2024-01-22,4,379.26,0,100,quick,True,9,279.26
ORD006984,C03888,P0485,2024-11-07,3,1286.79,49,50,quick,False,3,1285.79
ORD006985,C00177,P0153,2024-07-13,6,3725.6,0,50,quick,True,15,3675.6
ORD006986,C01999,P0401,2024-06-09,9,1385.15,49,0,standard,False,4,1434.15
ORD006987,C00771,P0067,2024-07-20,4,396.41,0,0,standard,False,23,396.41
ORD006988,C00945,P0491,2024-11-09,2,968.54,99,50,standard,True,2,1017.54
ORD006989,C04495,P0040,2024-10-19,3,633.38,0,200,quick,False,10,433.38
ORD006990,C00269,P0014,2024-10-31,3,1179.94,0,50,quick,True,23,1129.94
ORD006991,C01855,P0278,2024-10-01,2,215.32,99,0,quick,False,13,314.32
ORD006992,C01655,P0168,2024-09-25,9,810.54,0,0,express,True,4,810.54
ORD006993,C03752,P0133,2024-11-24,4,1139.02,0,200,quick,True,4,939.02
ORD006994,C02533,P0490,2024-12-26,3,1101.58,0,100,express,False,18,1001.5799999999999
ORD006995,C04154,P0198,2024-01-20,6,2418.1,149,50,standard,False,9,2517.1
ORD006996,C02689,P0237,2024-09-23,8,141.13,49,0,standard,False,18,190.13
ORD006997,C04982,P0443,2024-02-25,8,396.02,149,0,standard,False,6,545.02
ORD006998,C04361,P0111,2024-08-19,6,552.12,49,200,quick,False,17,401.12
ORD006999,C02122,P0462,2024-08-21,5,358.5,99,0,express,True,2,457.5
ORD007000,C03161,P0051,2024-01-22,7,358.53,0,100,standard,False,14,258.53
ORD007001,C00504,P0136,2024-05-05,3,234.62,0,50,standard,False,7,184.62
ORD007002,C02404,P0254,2024-09-22,2,1272.47,0,50,quick,False,10,1222.47
ORD007003,C02201,P0114,2024-10-02,8,1769.7,0,50,standard,True,18,1719.7
ORD007004,C03289,P0157,2024-07-21,9,159.14,0,0,standard,False,17,159.14
ORD007005,C04581,P0299,2024-01-21,6,216.81,0,100,express,False,21,116.81
ORD007006,C01153,P0445,2024-10-12,4,280.55,0,200,standard,True,8,80.55000000000001
ORD007007,C04161,P0426,2024-07-17,6,596.9,49,0,standard,False,17,645.9
ORD007008,C02427,P0411,2024-09-21,7,1195.37,149,0,standard,False,16,1344.37
ORD007009,C01336,P0477,2024-11-18,8,150.9,99,100,quick,False,9,149.9
ORD007010,C00406,P0263,2024-01-26,3,807.99,0,0,quick,True,22,807.99
ORD007011,C03478,P0354,2024-04-07,6,212.22,99,50,standard,True,0,261.22
ORD007012,C04044,P0306,2024-05-29,6,2588.44,149,0,standard,True,4,2737.44
ORD007013,C00276,P0098,2024-08-13,7,1702.28,49,100,standard,True,2,1651.28
ORD007014,C03480,P0120,2024-07-22,4,2190.2,99,0,standard,False,22,2289.2
ORD007015,C02361,P0089,2024-06-04,6,177.56,0,100,quick,False,22,77.56
ORD007016,C02596,P0029,2024-05-26,2,567.65,99,50,standard,False,23,616.65
ORD007017,C01968,P0482,2024-08-24,8,225.43,0,100,quick,False,10,125.43
ORD007018,C00460,P0229,2024-03-26,3,741.03,0,50,standard,False,11,691.03
ORD007019,C02446,P0138,2024-08-04,9,284.45,49,0,express,False,14,333.45
ORD007020,C03739,P0253,2024-05-30,8,1129.7,0,0,quick,False,23,1129.7
ORD007021,C01582,P0403,2024-11-09,6,821.98,99,0,standard,False,6,920.98
ORD007022,C03517,P0493,2024-01-28,2,692.4,0,50,standard,False,5,642.4
ORD007023,C04802,P0030,2024-12-19,8,1319.99,99,0,standard,False,10,1418.99
ORD007024,C04198,P0161,2024-09-21,6,584.59,0,0,standard,False,14,584.59
ORD007025,C02375,P0395,2024-03-13,1,319.16,99,100,express,False,7,318.16
ORD007026,C02739,P0431,2024-08-25,6,777.61,0,0,standard,True,14,777.61
ORD007027,C00971,P0155,2024-11-26,5,2302.61,0,0,standard,True,11,2302.61
ORD007028,C01325,P0322,2024-08-19,6,742.44,0,200,standard,True,10,542.44
ORD007029,C00152,P0116,2024-02-16,1,794.26,0,0,express,False,6,794.26
ORD007030,C03608,P0190,2024-09-13,4,2009.68,149,200,standard,True,21,1958.6800000000003
ORD007031,C03960,P0175,2024-02-27,7,605.92,99,0,standard,False,22,704.92
ORD007032,C03106,P0425,2024-04-02,5,4029.55,0,50,express,True,8,3979.55
ORD007033,C03086,P0435,2024-10-26,6,220.77,0,200,quick,False,8,20.77000000000001
ORD007034,C00729,P0004,2024-12-22,2,638.08,0,200,express,True,19,438.08000000000004
ORD007035,C03967,P0332,2024-10-06,8,266.58,99,0,standard,True,23,365.58
ORD007036,C04169,P0011,2024-03-10,4,521.73,0,100,quick,True,0,421.73
ORD007037,C04951,P0058,2024-07-20,6,229.91,99,50,express,False,4,278.90999999999997
ORD007038,C04002,P0320,2024-07-30,3,275.2,0,0,quick,False,3,275.2
ORD007039,C02332,P0307,2024-06-14,9,264.71,0,0,standard,True,20,264.71
ORD007040,C01573,P0298,2024-08-18,8,369.0,0,0,standard,False,13,369.0
ORD007041,C03268,P0249,2024-01-13,6,200.2,49,100,quick,True,13,149.2
ORD007042,C04375,P0338,2024-04-01,9,1259.09,49,100,standard,False,12,1208.09
ORD007043,C04882,P0092,2024-08-20,9,273.53,149,50,standard,False,15,372.53
ORD007044,C00685,P0318,2024-10-29,2,476.18,149,50,quick,False,1,575.1800000000001
ORD007045,C03888,P0110,2024-12-30,9,110.33,149,100,quick,True,16,159.32999999999998
ORD007046,C01579,P0305,2024-04-13,8,176.56,99,200,quick,True,1,75.56
ORD007047,C00968,P0367,2024-08-20,2,1685.19,99,200,quick,True,16,1584.19
ORD007048,C03737,P0294,2024-02-16,9,1369.49,0,0,standard,True,11,1369.49
ORD007049,C02033,P0425,2024-05-08,5,1385.85,149,100,standard,True,0,1434.85
ORD007050,C00767,P0472,2024-06-14,9,469.95,0,0,quick,False,18,469.95
ORD007051,C00645,P0335,2024-12-20,3,205.82,149,200,express,False,13,154.82
ORD007052,C04121,P0016,2024-11-28,4,178.92,0,50,standard,True,1,128.92
ORD007053,C01079,P0219,2024-12-30,1,750.28,149,100,quick,False,16,799.28
ORD007054,C00636,P0486,2024-03-24,5,1331.97,49,0,standard,False,10,1380.97
ORD007055,C04325,P0298,2024-03-04,7,1711.61,0,0,standard,True,17,1711.61
ORD007056,C02100,P0304,2024-02-16,7,337.49,0,100,standard,False,15,237.49
ORD007057,C00100,P0004,2024-02-28,6,370.02,149,0,quick,True,9,519.02
ORD007058,C03917,P0128,2024-12-27,6,173.43,49,0,standard,True,18,222.43
ORD007059,C04899,P0322,2024-08-18,8,1141.32,99,200,standard,True,10,1040.32
ORD007060,C00868,P0111,2024-11-20,9,324.78,149,0,standard,False,20,473.78
ORD007061,C04097,P0023,2024-07-04,4,558.0,149,50,quick,False,2,657.0
ORD007062,C00021,P0028,2024-02-13,4,1949.54,0,0,standard,True,23,1949.54
ORD007063,C02625,P0398,2024-09-25,8,1075.64,0,0,standard,False,2,1075.64
ORD007064,C01903,P0131,2024-12-28,5,136.93,149,100,quick,True,18,185.93
ORD007065,C02576,P0043,2024-07-15,9,104.73,0,100,standard,False,2,4.730000000000004
ORD007066,C04109,P0320,2024-09-18,6,1182.87,0,200,quick,False,17,982.8699999999999
ORD007067,C04614,P0496,2024-11-09,9,661.86,99,50,quick,True,3,710.86
ORD007068,C03293,P0375,2024-03-22,4,990.91,149,50,quick,True,17,1089.9099999999999
ORD007069,C01935,P0206,2024-07-12,1,218.4,0,200,standard,False,5,18.400000000000006
ORD007070,C00615,P0381,2024-10-08,4,1538.27,99,0,standard,True,16,1637.27
ORD007071,C02450,P0215,2024-07-13,9,1137.97,49,0,standard,False,2,1186.97
ORD007072,C03584,P0243,2024-01-23,7,1649.45,99,100,standard,False,18,1648.45
ORD007073,C00286,P0030,2024-03-28,6,391.02,0,200,quick,True,14,191.01999999999998
ORD007074,C03318,P0403,2024-06-20,2,324.79,0,200,express,False,19,124.79000000000002
ORD007075,C01923,P0265,2024-10-16,4,214.19,0,100,quick,False,20,114.19
ORD007076,C04921,P0010,2024-12-03,1,1961.37,49,100,quick,False,6,1910.37
ORD007077,C02773,P0081,2024-03-17,3,235.21,0,0,standard,False,2,235.21
ORD007078,C02090,P0481,2024-03-24,2,187.94,0,50,standard,False,21,137.94
ORD007079,C02801,P0155,2024-03-15,4,248.82,0,100,express,False,13,148.82
ORD007080,C00992,P0165,2024-04-01,4,1131.99,49,200,express,False,8,980.99
ORD007081,C01584,P0207,2024-12-30,9,1641.1,99,0,standard,False,14,1740.1
ORD007082,C01903,P0023,2024-01-27,7,1264.89,99,0,quick,False,14,1363.89
ORD007083,C00875,P0294,2024-08-02,3,678.86,0,0,standard,False,23,678.86
ORD007084,C04829,P0374,2024-06-06,7,3666.82,0,0,standard,False,4,3666.82
ORD007085,C01885,P0178,2024-06-07,8,148.94,149,50,quick,False,20,247.94
ORD007086,C00143,P0331,2024-08-16,7,1512.19,49,0,express,True,10,1561.19
ORD007087,C02256,P0049,2024-05-27,8,489.68,0,200,express,False,2,289.68
ORD007088,C01122,P0489,2024-11-16,9,524.04,149,200,standard,False,5,473.03999999999996
ORD007089,C00699,P0006,2024-04-02,1,194.55,0,100,quick,False,20,94.55000000000001
ORD007090,C04209,P0099,2024-03-01,6,122.8,0,50,standard,False,18,72.8
ORD007091,C00270,P0080,2024-03-08,4,365.5,0,100,express,True,10,265.5
ORD007092,C00062,P0240,2024-04-13,1,233.54,49,0,express,False,14,282.53999999999996
ORD007093,C01007,P0323,2024-01-02,2,561.26,49,200,quick,True,16,410.26
ORD007094,C02843,P0180,2024-11-14,4,210.57,99,100,standard,True,22,209.57
ORD007095,C02272,P0292,2024-05-09,1,202.89,0,200,express,False,23,2.8899999999999864
ORD007096,C01982,P0480,2024-01-07,6,1565.78,0,100,standard,True,13,1465.78
ORD007097,C02428,P0082,2024-08-22,1,1878.43,0,0,standard,False,0,1878.43
ORD007098,C03724,P0053,2024-09-11,9,2430.18,0,50,quick,True,12,2380.18
ORD007099,C04413,P0089,2024-09-12,3,897.7,0,100,quick,False,18,797.7
ORD007100,C02755,P0438,2024-10-05,1,1130.87,0,0,standard,False,9,1130.87
ORD007101,C03734,P0202,2024-01-03,6,1363.6,149,200,quick,True,0,1312.6
ORD007102,C01292,P0030,2024-11-07,6,851.95,0,200,express,True,19,651.95
ORD007103,C04509,P0192,2024-09-09,7,379.59,0,50,quick,True,12,329.59
ORD007104,C04320,P0487,2024-05-01,7,218.04,149,50,standard,True,0,317.03999999999996
ORD007105,C01177,P0099,2024-04-21,4,288.6,49,0,quick,True,0,337.6
ORD007106,C04716,P0348,2024-10-28,5,1383.62,49,100,standard,False,7,1332.62
ORD007107,C02620,P0088,2024-12-03,3,932.73,99,0,standard,False,10,1031.73
ORD007108,C02536,P0442,2024-08-31,6,524.9,99,100,quick,False,13,523.9
ORD007109,C01968,P0122,2024-08-20,7,119.89,99,100,standard,False,4,118.88999999999999
ORD007110,C01195,P0373,2024-07-28,9,315.67,99,50,standard,False,8,364.67
ORD007111,C02831,P0046,2024-08-14,9,1012.68,0,50,quick,True,7,962.68
ORD007112,C00507,P0432,2024-02-10,5,601.76,149,100,standard,False,18,650.76
ORD007113,C00404,P0145,2024-11-03,4,499.31,0,50,standard,False,21,449.31
ORD007114,C01294,P0002,2024-11-03,7,362.49,0,100,quick,False,10,262.49
ORD007115,C03625,P0017,2024-01-04,3,752.64,0,50,standard,False,17,702.64
ORD007116,C02819,P0313,2024-05-05,4,2473.96,0,0,standard,False,14,2473.96
ORD007117,C04759,P0326,2024-10-07,9,1718.72,0,100,standard,True,20,1618.72
ORD007118,C03637,P0475,2024-05-22,5,120.68,0,200,standard,True,21,-79.32
ORD007119,C01873,P0080,2024-11-13,7,558.03,49,0,quick,True,6,607.03
ORD007120,C01406,P0152,2024-11-17,2,378.78,149,0,quick,True,18,527.78
ORD007121,C03583,P0401,2024-10-12,9,599.21,0,50,express,True,11,549.21
ORD007122,C01577,P0307,2024-04-16,5,751.36,0,0,express,False,22,751.36
ORD007123,C04376,P0487,2024-01-26,5,255.23,0,200,quick,True,18,55.22999999999999
ORD007124,C03427,P0298,2024-04-04,4,1163.9,49,50,standard,False,4,1162.9
ORD007125,C00636,P0066,2024-03-16,8,550.14,0,0,standard,False,6,550.14
ORD007126,C00807,P0088,2024-01-29,4,3479.35,149,0,standard,True,4,3628.35
ORD007127,C02395,P0134,2024-11-30,2,116.81,0,0,quick,False,6,116.81
ORD007128,C04524,P0366,2024-06-27,5,246.26,0,50,express,True,9,196.26
ORD007129,C01415,P0201,2024-01-19,3,917.99,49,0,quick,True,5,966.99
ORD007130,C02449,P0427,2024-03-15,4,930.62,149,200,quick,False,3,879.6199999999999
ORD007131,C04760,P0427,2024-01-17,3,709.91,49,0,express,False,0,758.91
ORD007132,C04845,P0178,2024-12-07,7,2600.89,99,100,standard,False,17,2599.89
ORD007133,C03496,P0338,2024-10-22,6,474.68,0,50,quick,False,19,424.68
ORD007134,C03588,P0078,2024-11-04,2,476.74,0,100,quick,False,1,376.74
ORD007135,C04029,P0084,2024-06-01,8,1788.28,49,100,standard,False,4,1737.28
ORD007136,C04732,P0020,2024-06-18,5,640.2,99,0,quick,True,17,739.2
ORD007137,C00514,P0377,2024-02-14,6,404.57,99,100,standard,True,11,403.57
ORD007138,C03294,P0164,2024-01-26,8,987.43,149,0,standard,True,2,1136.4299999999998
ORD007139,C02908,P0027,2024-02-25,7,775.7,0,200,standard,True,10,575.7
ORD007140,C02498,P0236,2024-08-01,3,355.11,149,200,standard,False,10,304.11
ORD007141,C01366,P0287,2024-04-01,2,346.6,0,100,standard,True,7,246.60000000000002
ORD007142,C00340,P0184,2024-03-23,3,451.48,0,50,standard,True,21,401.48
ORD007143,C03972,P0424,2024-12-10,8,151.02,0,100,standard,False,6,51.02000000000001
ORD007144,C01560,P0309,2024-05-25,4,2099.6,149,50,standard,True,6,2198.6
ORD007145,C02468,P0154,2024-11-08,8,240.5,0,200,express,False,9,40.5
ORD007146,C02428,P0122,2024-12-04,4,249.82,0,0,quick,True,5,249.82
ORD007147,C03688,P0086,2024-12-20,7,827.98,0,50,express,False,13,777.98
ORD007148,C02695,P0201,2024-12-24,6,1000.77,49,200,quick,False,8,849.77
ORD007149,C02027,P0039,2024-10-31,1,1033.48,0,0,quick,False,7,1033.48
ORD007150,C03752,P0168,2024-10-20,8,428.09,0,100,express,False,6,328.09
ORD007151,C00315,P0069,2024-10-14,6,1545.31,0,50,standard,False,11,1495.31
ORD007152,C03989,P0279,2024-03-31,2,648.68,149,0,standard,False,0,797.68
ORD007153,C01101,P0401,2024-08-21,5,503.11,149,100,express,False,4,552.11
ORD007154,C00530,P0329,2024-10-23,2,1262.94,0,200,standard,False,14,1062.94
ORD007155,C02402,P0439,2024-07-03,7,294.39,0,200,standard,True,3,94.38999999999999
ORD007156,C01859,P0398,2024-01-19,6,1476.21,0,200,quick,False,12,1276.21
ORD007157,C04757,P0492,2024-02-17,7,640.79,0,50,express,False,0,590.79
ORD007158,C01219,P0490,2024-06-02,6,1711.22,0,0,quick,False,14,1711.22
ORD007159,C04222,P0353,2024-06-14,1,256.61,99,0,quick,False,23,355.61
ORD007160,C04444,P0327,2024-07-07,3,2023.9,0,200,standard,True,23,1823.9
ORD007161,C01766,P0497,2024-07-13,2,914.05,0,100,quick,False,6,814.05
ORD007162,C01067,P0418,2024-02-04,1,773.24,149,0,quick,True,12,922.24
ORD007163,C00727,P0026,2024-08-06,1,482.81,99,100,quick,True,1,481.80999999999995
ORD007164,C00243,P0344,2024-10-08,4,2290.53,0,50,quick,False,14,2240.53
ORD007165,C01785,P0130,2024-02-03,1,509.79,0,0,quick,False,14,509.79
ORD007166,C00711,P0276,2024-05-29,2,582.17,99,0,standard,True,12,681.17
ORD007167,C02893,P0376,2024-08-29,1,1163.67,99,200,express,False,6,1062.67
ORD007168,C03150,P0294,2024-03-09,6,333.68,99,200,express,True,6,232.68
ORD007169,C04181,P0287,2024-03-03,4,340.22,99,50,standard,True,12,389.22
ORD007170,C01508,P0253,2024-12-21,8,1144.09,0,50,standard,False,18,1094.09
ORD007171,C00270,P0433,2024-05-20,5,195.34,99,50,express,False,3,244.34000000000003
ORD007172,C01797,P0084,2024-06-17,5,1310.98,0,50,quick,True,2,1260.98
ORD007173,C02560,P0008,2024-09-26,8,785.91,149,200,standard,False,5,734.91
ORD007174,C03560,P0049,2024-07-30,6,641.18,0,200,express,False,16,441.17999999999995
ORD007175,C04003,P0000,2024-09-25,6,281.15,0,50,standard,True,18,231.14999999999998
ORD007176,C02177,P0003,2024-04-17,3,1179.45,149,200,quick,False,23,1128.45
ORD007177,C00837,P0003,2024-12-22,6,1243.16,0,50,quick,False,16,1193.16
ORD007178,C02817,P0496,2024-04-17,7,560.72,149,0,quick,False,3,709.72
ORD007179,C03714,P0089,2024-11-09,2,444.05,0,50,express,False,5,394.05
ORD007180,C03078,P0161,2024-01-30,3,296.8,0,50,quick,False,6,246.8
ORD007181,C02899,P0154,2024-02-25,6,1081.36,0,0,express,True,3,1081.36
ORD007182,C01776,P0014,2024-10-19,9,813.09,49,0,standard,False,15,862.09
ORD007183,C01650,P0364,2024-11-18,9,261.03,149,100,express,False,23,310.03
ORD007184,C02948,P0031,2024-09-27,8,1206.51,0,50,standard,False,19,1156.51
ORD007185,C02520,P0424,2024-02-14,8,1596.17,0,0,express,False,11,1596.17
ORD007186,C02385,P0454,2024-09-04,9,141.75,0,0,standard,False,23,141.75
ORD007187,C04414,P0444,2024-12-18,9,1135.18,99,200,quick,False,10,1034.18
ORD007188,C02768,P0062,2024-11-05,9,1440.18,149,50,quick,False,13,1539.18
ORD007189,C04238,P0444,2024-12-27,5,3437.03,49,0,standard,True,6,3486.03
ORD007190,C02704,P0363,2024-05-27,6,288.9,0,0,standard,False,6,288.9
ORD007191,C01172,P0107,2024-08-06,5,423.54,0,0,standard,True,2,423.54
ORD007192,C02518,P0013,2024-11-07,1,2469.92,0,100,standard,True,16,2369.92
ORD007193,C00362,P0022,2024-06-11,4,168.11,0,200,quick,False,11,-31.889999999999986
ORD007194,C00649,P0110,2024-05-12,1,618.21,0,200,quick,False,15,418.21000000000004
ORD007195,C02256,P0320,2024-09-26,1,593.71,0,200,standard,False,8,393.71000000000004
ORD007196,C03136,P0159,2024-10-21,3,751.96,99,50,quick,False,16,800.96
ORD007197,C04644,P0040,2024-11-15,7,380.16,0,0,standard,False,3,380.16
ORD007198,C01135,P0281,2024-06-30,1,1920.81,99,50,standard,False,14,1969.81
ORD007199,C04358,P0303,2024-03-07,7,319.36,99,0,standard,True,0,418.36
ORD007200,C03147,P0456,2024-11-10,1,833.27,0,100,standard,True,0,733.27
ORD007201,C04861,P0143,2024-10-15,9,578.52,0,100,standard,False,12,478.52
ORD007202,C00875,P0414,2024-09-11,5,316.11,0,50,quick,False,13,266.11
ORD007203,C03742,P0449,2024-09-23,6,245.51,0,100,quick,True,12,145.51
ORD007204,C03851,P0287,2024-11-19,9,2294.5,99,50,standard,False,3,2343.5
ORD007205,C01152,P0393,2024-09-11,3,675.74,0,200,quick,False,11,475.74
ORD007206,C01922,P0152,2024-09-09,3,747.78,0,0,standard,False,11,747.78
ORD007207,C00628,P0081,2024-04-02,5,1168.16,49,200,quick,False,9,1017.1600000000001
ORD007208,C03019,P0364,2024-11-08,7,158.3,0,100,quick,False,2,58.30000000000001
ORD007209,C01724,P0225,2024-04-29,3,974.66,0,0,quick,True,13,974.66
ORD007210,C04748,P0476,2024-12-28,4,225.34,0,0,quick,False,20,225.34
ORD007211,C01128,P0428,2024-05-28,2,1043.25,0,50,quick,True,9,993.25
ORD007212,C04561,P0151,2024-04-09,9,205.66,49,0,standard,True,7,254.66
ORD007213,C00763,P0258,2024-01-01,9,1349.71,149,50,standard,False,22,1448.71
ORD007214,C01019,P0317,2024-03-01,2,898.83,49,0,express,False,2,947.83
ORD007215,C03973,P0078,2024-01-13,5,440.31,0,100,standard,True,20,340.31
ORD007216,C03927,P0194,2024-08-26,1,410.13,149,200,quick,True,20,359.13
ORD007217,C02841,P0438,2024-11-16,8,211.9,149,100,quick,True,12,260.9
ORD007218,C02947,P0222,2024-03-01,6,1739.77,99,0,standard,False,15,1838.77
ORD007219,C00674,P0265,2024-04-16,2,187.31,49,100,standard,False,0,136.31
ORD007220,C01008,P0229,2024-11-11,2,546.16,0,0,quick,False,8,546.16
ORD007221,C01226,P0438,2024-07-31,5,287.91,99,0,quick,False,23,386.91
ORD007222,C01635,P0149,2024-07-30,7,4023.82,0,0,express,False,20,4023.82
ORD007223,C04376,P0397,2024-01-24,9,716.06,0,200,standard,True,10,516.06
ORD007224,C00323,P0456,2024-06-19,9,212.42,0,50,standard,False,1,162.42
ORD007225,C02838,P0465,2024-06-28,6,869.92,0,200,standard,True,4,669.92
ORD007226,C03810,P0135,2024-10-13,2,3445.42,0,200,standard,True,7,3245.42
ORD007227,C01685,P0122,2024-11-22,6,749.29,149,200,standard,False,5,698.29
ORD007228,C03712,P0357,2024-04-18,1,526.94,0,0,standard,True,18,526.94
ORD007229,C00541,P0398,2024-01-06,2,341.97,0,50,standard,False,0,291.97
ORD007230,C02944,P0109,2024-11-23,3,166.65,149,0,standard,False,4,315.65
ORD007231,C01327,P0142,2024-04-13,5,280.36,149,0,standard,False,16,429.36
ORD007232,C00638,P0435,2024-12-19,1,663.61,49,0,standard,False,4,712.61
ORD007233,C04531,P0069,2024-05-24,5,1080.09,99,200,express,False,4,979.0899999999999
ORD007234,C02260,P0053,2024-05-10,5,1571.22,0,100,standard,False,22,1471.22
ORD007235,C01429,P0331,2024-02-04,4,1203.94,49,100,quick,False,15,1152.94
ORD007236,C02865,P0425,2024-06-06,3,192.84,0,0,quick,False,1,192.84
ORD007237,C00961,P0402,2024-06-02,7,1138.38,0,200,standard,False,1,938.3800000000001
ORD007238,C02962,P0039,2024-09-16,7,708.93,49,200,express,True,19,557.93
ORD007239,C02468,P0196,2024-10-08,1,542.24,0,100,quick,False,6,442.24
ORD007240,C03228,P0026,2024-06-14,7,694.29,149,50,standard,False,23,793.29
ORD007241,C00128,P0329,2024-01-04,3,104.68,99,50,standard,True,21,153.68
ORD007242,C04399,P0298,2024-02-28,3,148.09,0,200,standard,False,9,-51.91
ORD007243,C03966,P0179,2024-12-17,6,621.36,0,0,express,False,11,621.36
ORD007244,C00916,P0045,2024-06-19,6,232.49,99,0,standard,False,19,331.49
ORD007245,C01250,P0141,2024-06-23,4,651.05,0,0,standard,True,13,651.05
ORD007246,C02198,P0319,2024-07-21,5,405.1,49,0,quick,False,5,454.1
ORD007247,C04688,P0444,2024-10-18,3,1764.72,0,0,standard,False,13,1764.72
ORD007248,C04073,P0097,2024-11-11,3,2191.59,0,100,quick,False,5,2091.59
ORD007249,C03787,P0125,2024-01-15,9,2829.9,0,200,quick,False,5,2629.9
ORD007250,C00939,P0057,2024-03-30,5,1703.41,0,0,standard,False,16,1703.41
ORD007251,C02278,P0176,2024-04-09,1,3081.65,49,100,standard,False,4,3030.65
ORD007252,C01001,P0206,2024-06-18,9,956.27,149,100,quick,True,23,1005.27
ORD007253,C03772,P0284,2024-06-22,6,2361.77,0,200,quick,False,21,2161.77
ORD007254,C02212,P0153,2024-12-10,9,817.65,0,50,standard,False,5,767.65
ORD007255,C01610,P0026,2024-09-02,7,1258.62,149,100,quick,False,11,1307.62
ORD007256,C01627,P0450,2024-08-30,7,198.02,0,100,quick,True,3,98.02000000000001
ORD007257,C03137,P0322,2024-01-19,5,902.31,0,0,quick,False,5,902.31
ORD007258,C03991,P0162,2024-11-26,7,1971.6,49,0,standard,True,0,2020.6
ORD007259,C01103,P0249,2024-03-10,4,642.64,0,100,quick,False,15,542.64
ORD007260,C02187,P0187,2024-09-03,6,243.76,0,0,quick,False,6,243.76
ORD007261,C04225,P0444,2024-03-20,2,622.9,0,200,quick,False,9,422.9
ORD007262,C03032,P0482,2024-11-17,3,958.17,99,100,express,True,12,957.1700000000001
ORD007263,C02813,P0369,2024-08-23,2,1127.13,0,0,standard,True,20,1127.13
ORD007264,C02493,P0453,2024-10-01,2,618.2,149,0,quick,False,11,767.2
ORD007265,C03903,P0333,2024-06-20,7,270.56,0,200,quick,False,8,70.56
ORD007266,C00028,P0089,2024-08-24,5,1928.13,49,0,standard,False,19,1977.13
ORD007267,C04059,P0130,2024-07-30,6,1138.87,49,50,standard,False,10,1137.87
ORD007268,C01260,P0416,2024-01-29,3,319.96,49,200,express,False,0,168.95999999999998
ORD007269,C03670,P0297,2024-09-23,5,1268.22,99,50,standard,True,0,1317.22
ORD007270,C04894,P0012,2024-06-02,5,398.25,0,0,standard,False,10,398.25
ORD007271,C03510,P0028,2024-10-16,4,361.22,0,0,quick,False,0,361.22
ORD007272,C02336,P0264,2024-12-13,4,1490.83,149,100,standard,True,15,1539.83
ORD007273,C03323,P0031,2024-06-10,8,1544.8,99,0,quick,False,1,1643.8
ORD007274,C00099,P0149,2024-10-11,6,454.81,149,0,standard,False,23,603.81
ORD007275,C03656,P0085,2024-10-01,2,105.27,149,0,quick,False,4,254.26999999999998
ORD007276,C04517,P0057,2024-01-10,2,243.54,0,100,quick,False,13,143.54
ORD007277,C00693,P0056,2024-04-16,2,1779.11,0,200,quick,False,1,1579.11
ORD007278,C04801,P0481,2024-10-22,6,1702.11,49,100,express,True,17,1651.11
ORD007279,C00017,P0393,2024-12-16,1,521.76,0,200,quick,False,12,321.76
ORD007280,C03709,P0024,2024-06-18,3,352.8,0,100,standard,False,19,252.8
ORD007281,C02770,P0189,2024-06-30,1,351.43,0,0,standard,True,23,351.43
ORD007282,C01030,P0446,2024-02-03,4,1691.44,149,50,quick,True,16,1790.44
ORD007283,C04475,P0075,2024-03-17,1,373.85,99,0,standard,False,5,472.85
ORD007284,C04209,P0370,2024-05-23,9,600.61,0,50,express,False,5,550.61
ORD007285,C01619,P0386,2024-01-16,6,1018.16,49,0,standard,False,3,1067.1599999999999
ORD007286,C00850,P0338,2024-06-22,8,263.55,99,0,quick,False,0,362.55
ORD007287,C01896,P0224,2024-07-11,2,303.97,99,100,standard,False,11,302.97
ORD007288,C00975,P0430,2024-11-16,6,409.28,49,100,express,False,7,358.28
ORD007289,C02516,P0182,2024-09-30,4,842.37,0,200,quick,True,2,642.37
ORD007290,C04188,P0153,2024-03-25,7,1289.67,0,50,quick,False,13,1239.67
ORD007291,C01515,P0268,2024-10-19,8,652.85,99,0,quick,False,2,751.85
ORD007292,C01125,P0390,2024-11-06,6,198.84,0,100,quick,False,3,98.84
ORD007293,C00492,P0417,2024-07-18,1,512.72,0,0,standard,True,15,512.72
ORD007294,C03036,P0277,2024-04-05,8,194.63,0,100,quick,False,14,94.63
ORD007295,C02526,P0339,2024-10-31,1,163.71,149,200,express,False,13,112.71000000000004
ORD007296,C00166,P0362,2024-02-29,9,722.46,0,100,quick,True,17,622.46
ORD007297,C04235,P0022,2024-06-06,2,2288.88,49,0,express,True,14,2337.88
ORD007298,C04189,P0431,2024-12-27,6,1371.44,0,100,standard,True,4,1271.44
ORD007299,C00575,P0013,2024-06-10,8,1141.52,0,0,standard,False,19,1141.52
ORD007300,C00605,P0093,2024-12-29,5,1007.94,0,0,quick,True,20,1007.94
ORD007301,C03343,P0342,2024-01-17,2,1690.99,149,100,standard,True,0,1739.99
ORD007302,C01818,P0366,2024-05-19,5,1077.39,0,0,quick,False,9,1077.39
ORD007303,C01155,P0051,2024-07-30,1,789.09,99,0,quick,False,15,888.09
ORD007304,C04679,P0338,2024-02-14,8,416.54,0,100,standard,True,15,316.54
ORD007305,C00815,P0422,2024-09-11,8,173.49,0,0,quick,False,8,173.49
ORD007306,C02640,P0040,2024-05-01,2,531.67,49,0,standard,False,4,580.67
ORD007307,C01535,P0163,2024-07-09,6,1910.18,0,0,quick,False,10,1910.18
ORD007308,C02733,P0005,2024-08-19,8,711.44,0,0,quick,False,21,711.44
ORD007309,C00962,P0406,2024-06-03,8,241.77,0,200,quick,True,17,41.77000000000001
ORD007310,C03034,P0137,2024-04-20,7,831.92,149,50,quick,False,11,930.92
ORD007311,C02047,P0098,2024-09-25,3,537.45,99,0,quick,False,19,636.45
ORD007312,C04541,P0340,2024-06-03,4,1974.42,0,100,express,False,21,1874.42
ORD007313,C03860,P0223,2024-03-30,1,221.83,99,200,standard,False,22,120.83000000000004
ORD007314,C01514,P0315,2024-02-27,9,970.38,0,100,quick,False,3,870.38
ORD007315,C03351,P0029,2024-07-10,2,900.12,0,0,standard,True,15,900.12
ORD007316,C01067,P0224,2024-01-20,7,2973.84,0,50,express,True,15,2923.84
ORD007317,C00881,P0325,2024-04-13,8,681.55,49,200,quick,False,23,530.55
ORD007318,C03639,P0260,2024-02-17,4,1535.68,49,0,standard,False,18,1584.68
ORD007319,C01549,P0246,2024-08-15,1,116.52,0,0,standard,False,6,116.52
ORD007320,C02737,P0078,2024-09-16,5,190.79,0,0,standard,False,4,190.79
ORD007321,C04557,P0184,2024-01-13,6,396.19,49,100,standard,False,7,345.19
ORD007322,C00100,P0298,2024-09-04,7,775.07,49,0,standard,False,16,824.07
ORD007323,C03532,P0179,2024-09-13,1,516.32,149,0,standard,False,4,665.32
ORD007324,C02816,P0472,2024-03-19,4,257.56,149,0,standard,True,4,406.56
ORD007325,C00407,P0076,2024-04-07,5,721.76,149,50,quick,False,7,820.76
ORD007326,C02515,P0261,2024-06-23,5,684.43,0,200,quick,False,21,484.42999999999995
ORD007327,C01739,P0228,2024-09-04,7,619.29,0,0,standard,False,2,619.29
ORD007328,C04052,P0001,2024-09-25,4,165.45,99,200,quick,True,23,64.44999999999999
ORD007329,C00258,P0016,2024-06-07,7,1931.35,149,0,standard,False,3,2080.35
ORD007330,C00508,P0343,2024-06-16,8,726.98,0,50,standard,True,22,676.98
ORD007331,C03821,P0011,2024-03-14,2,313.56,49,0,standard,True,12,362.56
ORD007332,C04404,P0427,2024-02-20,1,913.02,49,100,standard,False,9,862.02
ORD007333,C03683,P0181,2024-09-21,1,366.81,49,200,standard,True,19,215.81
ORD007334,C04720,P0333,2024-12-12,1,592.45,49,0,express,False,3,641.45
ORD007335,C03726,P0006,2024-03-08,9,391.06,99,50,express,True,7,440.06
ORD007336,C00678,P0245,2024-04-15,4,1585.49,0,200,standard,False,7,1385.49
ORD007337,C01283,P0473,2024-01-19,9,3677.94,0,0,quick,False,8,3677.94
ORD007338,C04837,P0415,2024-08-23,7,222.03,0,0,quick,True,5,222.03
ORD007339,C00906,P0156,2024-07-17,7,115.7,149,50,standard,False,23,214.7
ORD007340,C00267,P0173,2024-12-31,2,272.32,49,0,standard,False,21,321.32
ORD007341,C03103,P0486,2024-09-24,2,723.04,0,0,quick,False,9,723.04
ORD007342,C04906,P0328,2024-02-29,5,232.77,99,200,standard,True,10,131.76999999999998
ORD007343,C01200,P0333,2024-01-03,1,1267.0,0,0,express,False,22,1267.0
ORD007344,C01116,P0180,2024-06-08,7,466.77,0,0,standard,True,14,466.77
ORD007345,C00898,P0464,2024-01-23,7,759.08,0,50,quick,True,21,709.08
ORD007346,C02790,P0496,2024-12-17,8,524.67,149,0,quick,False,18,673.67
ORD007347,C02644,P0280,2024-10-31,7,1734.5,0,100,quick,True,16,1634.5
ORD007348,C01058,P0308,2024-02-14,8,124.04,0,100,standard,True,16,24.040000000000006
ORD007349,C00687,P0477,2024-06-19,3,1013.73,49,0,standard,False,18,1062.73
ORD007350,C00787,P0236,2024-08-27,3,838.23,0,100,quick,True,8,738.23
ORD007351,C04494,P0156,2024-01-24,8,832.91,0,100,standard,False,4,732.91
ORD007352,C02644,P0250,2024-02-22,9,473.09,0,200,standard,True,10,273.09
ORD007353,C02164,P0220,2024-09-23,4,110.06,0,100,standard,False,13,10.060000000000002
ORD007354,C04457,P0337,2024-12-03,8,917.12,0,0,standard,False,11,917.12
ORD007355,C00203,P0222,2024-06-08,1,1337.2,0,200,standard,False,21,1137.2
ORD007356,C03217,P0210,2024-01-12,2,161.36,99,100,quick,False,4,160.36
ORD007357,C02491,P0336,2024-10-22,9,506.9,0,0,standard,True,18,506.9
ORD007358,C04822,P0133,2024-06-08,2,223.21,0,0,standard,True,23,223.21
ORD007359,C02038,P0331,2024-11-23,2,759.81,0,200,standard,False,1,559.81
ORD007360,C03368,P0421,2024-04-17,8,1176.95,49,0,standard,False,23,1225.95
ORD007361,C03558,P0258,2024-06-13,5,868.11,0,200,standard,False,12,668.11
ORD007362,C04057,P0494,2024-04-12,5,366.97,0,0,standard,False,20,366.97
ORD007363,C04862,P0034,2024-04-08,6,204.36,0,0,standard,False,1,204.36
ORD007364,C01226,P0182,2024-05-26,8,1205.83,149,200,quick,True,6,1154.83
ORD007365,C04490,P0302,2024-05-21,8,373.01,149,0,standard,True,5,522.01
ORD007366,C04343,P0160,2024-09-29,9,114.67,149,50,express,False,0,213.67000000000002
ORD007367,C03511,P0092,2024-06-12,3,692.1,0,200,express,True,4,492.1
ORD007368,C00913,P0386,2024-08-13,9,297.28,49,50,standard,True,20,296.28
ORD007369,C01419,P0196,2024-12-09,3,1387.1,0,0,standard,False,1,1387.1
ORD007370,C02703,P0314,2024-03-01,1,207.23,49,100,standard,False,7,156.23000000000002
ORD007371,C00355,P0205,2024-05-19,5,498.4,99,200,express,True,5,397.4
ORD007372,C03472,P0483,2024-03-17,7,303.31,49,0,standard,False,12,352.31
ORD007373,C00240,P0475,2024-03-21,3,917.93,99,100,quick,True,10,916.93
ORD007374,C01910,P0488,2024-05-20,9,655.67,149,0,standard,True,0,804.67
ORD007375,C02276,P0351,2024-02-28,1,1194.75,99,0,quick,False,18,1293.75
ORD007376,C00620,P0017,2024-01-08,6,528.53,0,200,standard,False,15,328.53
ORD007377,C00854,P0233,2024-11-14,6,102.37,0,0,quick,False,15,102.37
ORD007378,C03743,P0487,2024-10-13,8,268.63,49,200,standard,True,11,117.63
ORD007379,C02314,P0381,2024-09-20,3,5054.07,0,100,standard,True,6,4954.07
ORD007380,C03200,P0332,2024-02-22,5,462.84,99,200,standard,False,20,361.8399999999999
ORD007381,C03624,P0065,2024-04-15,5,776.74,99,0,standard,False,18,875.74
ORD007382,C01060,P0243,2024-10-04,8,1746.21,0,200,quick,False,12,1546.21
ORD007383,C00381,P0408,2024-06-28,7,113.52,0,100,quick,True,14,13.519999999999996
ORD007384,C01132,P0275,2024-10-08,3,853.36,49,100,standard,False,6,802.36
ORD007385,C02476,P0198,2024-06-12,7,337.14,0,0,quick,True,14,337.14
ORD007386,C03135,P0458,2024-05-18,8,328.22,0,50,standard,True,19,278.22
ORD007387,C02838,P0452,2024-03-13,5,277.29,149,50,express,False,8,376.29
ORD007388,C02079,P0412,2024-12-26,5,1310.05,149,200,standard,False,17,1259.05
ORD007389,C00944,P0017,2024-05-25,1,425.71,99,100,quick,True,14,424.71000000000004
ORD007390,C03962,P0071,2024-10-20,8,147.63,0,0,standard,False,3,147.63
ORD007391,C04201,P0154,2024-05-05,6,170.31,0,0,standard,True,23,170.31
ORD007392,C02529,P0377,2024-03-28,6,211.62,49,100,express,True,8,160.62
ORD007393,C04301,P0169,2024-02-06,5,1703.34,0,0,standard,False,20,1703.34
ORD007394,C03318,P0321,2024-06-08,5,489.35,49,0,quick,True,16,538.35
ORD007395,C00834,P0354,2024-11-09,3,1833.27,0,200,quick,True,10,1633.27
ORD007396,C03750,P0281,2024-06-22,3,1289.62,0,100,standard,False,10,1189.62
ORD007397,C04184,P0150,2024-10-03,2,1372.6,0,200,quick,False,5,1172.6
ORD007398,C03387,P0260,2024-08-15,9,335.63,49,0,quick,False,8,384.63
ORD007399,C04991,P0079,2024-01-26,8,320.56,0,0,standard,True,10,320.56
ORD007400,C04238,P0105,2024-03-07,3,673.8,0,100,quick,False,15,573.8
ORD007401,C00206,P0010,2024-01-15,5,477.81,149,0,quick,False,17,626.81
ORD007402,C03534,P0402,2024-08-29,5,597.0,0,0,quick,False,14,597.0
ORD007403,C02052,P0207,2024-12-11,8,137.27,149,200,standard,False,21,86.26999999999998
ORD007404,C04306,P0479,2024-01-26,6,2591.71,0,100,express,True,3,2491.71
ORD007405,C00028,P0395,2024-02-24,7,140.95,0,200,quick,False,21,-59.05000000000001
ORD007406,C01213,P0129,2024-07-15,5,236.92,0,200,quick,False,10,36.91999999999999
ORD007407,C00187,P0170,2024-01-28,1,892.68,0,0,quick,False,16,892.68
ORD007408,C01860,P0405,2024-02-14,8,217.31,99,200,quick,False,8,116.31
ORD007409,C02572,P0409,2024-08-06,4,178.12,99,0,standard,True,2,277.12
ORD007410,C04014,P0032,2024-07-19,5,215.75,0,0,standard,True,11,215.75
ORD007411,C04252,P0023,2024-04-01,1,143.74,0,0,express,False,13,143.74
ORD007412,C02127,P0196,2024-12-26,3,301.61,0,200,express,False,20,101.61000000000001
ORD007413,C01891,P0404,2024-11-01,2,320.37,99,0,express,False,0,419.37
ORD007414,C02707,P0045,2024-10-30,2,582.28,149,50,standard,True,17,681.28
ORD007415,C01741,P0273,2024-11-18,1,503.28,49,50,quick,True,4,502.28
ORD007416,C02673,P0230,2024-12-19,6,548.34,0,200,express,True,3,348.34000000000003
ORD007417,C01813,P0132,2024-12-24,8,769.05,0,0,standard,False,7,769.05
ORD007418,C04327,P0263,2024-08-16,3,282.83,0,0,express,False,14,282.83
ORD007419,C00159,P0084,2024-11-11,1,200.28,0,100,standard,True,3,100.28
ORD007420,C00343,P0366,2024-07-01,2,1576.67,99,100,standard,False,3,1575.67
ORD007421,C00204,P0312,2024-06-08,3,802.47,49,0,standard,False,17,851.47
ORD007422,C03042,P0004,2024-06-19,6,142.81,0,200,standard,False,22,-57.19
ORD007423,C02885,P0268,2024-04-11,3,2370.86,0,50,quick,False,9,2320.86
ORD007424,C00304,P0338,2024-12-31,9,925.79,49,50,express,True,4,924.79
ORD007425,C02717,P0220,2024-12-09,1,214.17,49,0,standard,True,11,263.16999999999996
ORD007426,C03941,P0193,2024-09-30,7,2533.68,49,50,quick,False,9,2532.68
ORD007427,C00399,P0420,2024-02-10,8,417.34,49,0,standard,True,14,466.34
ORD007428,C03520,P0345,2024-08-26,9,3016.3,149,0,standard,True,13,3165.3
ORD007429,C00985,P0412,2024-10-17,8,175.3,49,50,express,True,17,174.3
ORD007430,C01805,P0068,2024-03-08,5,221.02,149,200,express,True,2,170.01999999999998
ORD007431,C02096,P0287,2024-02-17,1,848.87,0,50,standard,False,16,798.87
ORD007432,C04301,P0357,2024-12-23,1,114.67,149,0,quick,True,5,263.67
ORD007433,C01459,P0175,2024-08-27,8,112.21,149,100,standard,False,12,161.20999999999998
ORD007434,C01345,P0385,2024-02-19,7,1198.09,49,50,standard,False,16,1197.09
ORD007435,C00230,P0324,2024-08-21,5,227.56,49,0,standard,True,6,276.56
ORD007436,C03782,P0238,2024-06-07,3,1856.5,99,50,standard,False,4,1905.5
ORD007437,C03500,P0480,2024-12-16,9,487.46,0,50,quick,True,21,437.46
ORD007438,C00882,P0178,2024-11-25,4,1547.1,0,50,express,False,7,1497.1
ORD007439,C02773,P0255,2024-12-29,6,477.62,0,100,quick,False,0,377.62
ORD007440,C02331,P0418,2024-08-26,4,627.86,0,0,quick,False,6,627.86
ORD007441,C00432,P0210,2024-08-28,9,365.38,49,0,standard,False,23,414.38
ORD007442,C01208,P0398,2024-04-28,4,850.22,0,200,standard,False,23,650.22
ORD007443,C02680,P0226,2024-04-24,8,367.11,0,100,standard,False,11,267.11
ORD007444,C02263,P0071,2024-03-14,3,275.77,149,200,quick,False,16,224.76999999999998
ORD007445,C03002,P0366,2024-11-11,8,158.16,0,200,quick,False,19,-41.84
ORD007446,C02412,P0064,2024-05-12,3,140.58,0,0,standard,True,4,140.58
ORD007447,C01817,P0165,2024-07-05,5,354.67,149,50,standard,False,18,453.67
ORD007448,C00617,P0213,2024-07-19,1,1032.52,0,0,standard,False,16,1032.52
ORD007449,C04492,P0016,2024-04-03,6,260.14,149,200,express,True,16,209.14
ORD007450,C02505,P0335,2024-12-24,2,347.9,149,100,standard,False,1,396.9
ORD007451,C00317,P0172,2024-12-06,3,1747.98,149,200,express,False,17,1696.98
ORD007452,C00456,P0128,2024-06-18,1,812.52,49,200,standard,False,11,661.52
ORD007453,C00500,P0002,2024-06-15,6,1864.59,49,0,quick,False,17,1913.59
ORD007454,C04418,P0382,2024-08-20,5,1794.16,0,0,standard,True,7,1794.16
ORD007455,C02315,P0383,2024-09-06,2,144.86,0,200,standard,False,22,-55.139999999999986
ORD007456,C03874,P0247,2024-01-16,8,2269.91,0,0,express,True,16,2269.91
ORD007457,C04973,P0069,2024-02-03,9,135.77,0,50,express,True,5,85.77000000000001
ORD007458,C04774,P0051,2024-08-31,3,1917.99,0,200,quick,False,11,1717.99
ORD007459,C01003,P0436,2024-02-27,6,652.89,0,0,quick,True,5,652.89
ORD007460,C04250,P0377,2024-06-28,6,632.28,0,50,express,False,3,582.28
ORD007461,C04196,P0258,2024-09-02,6,973.44,0,100,standard,False,21,873.44
ORD007462,C01066,P0238,2024-08-24,8,1578.6,0,200,quick,False,5,1378.6
ORD007463,C04716,P0093,2024-03-28,5,770.81,149,0,quick,False,20,919.81
ORD007464,C01628,P0046,2024-05-24,8,486.86,0,200,standard,False,20,286.86
ORD007465,C03234,P0074,2024-06-27,3,182.06,99,0,standard,False,19,281.06
ORD007466,C02281,P0090,2024-11-05,7,1188.82,149,0,standard,False,7,1337.82
ORD007467,C04498,P0085,2024-10-21,1,195.11,0,0,quick,False,22,195.11
ORD007468,C02398,P0005,2024-03-06,4,1006.17,99,200,quick,True,4,905.1700000000001
ORD007469,C03238,P0229,2024-09-17,5,624.43,0,0,standard,False,17,624.43
ORD007470,C04354,P0488,2024-02-22,7,440.25,0,0,quick,False,19,440.25
ORD007471,C03669,P0429,2024-07-26,6,763.51,0,50,standard,True,13,713.51
ORD007472,C04715,P0350,2024-12-31,6,1134.98,149,200,standard,True,6,1083.98
ORD007473,C01465,P0316,2024-02-24,2,2081.81,99,50,express,False,8,2130.81
ORD007474,C01961,P0042,2024-06-15,2,314.23,0,0,standard,False,1,314.23
ORD007475,C00875,P0311,2024-10-11,2,2156.95,99,0,quick,False,12,2255.95
ORD007476,C04069,P0197,2024-11-28,8,2369.0,99,0,quick,False,9,2468.0
ORD007477,C03901,P0369,2024-02-06,7,1275.02,49,0,standard,False,12,1324.02
ORD007478,C00542,P0403,2024-06-03,1,1591.62,99,0,standard,True,16,1690.62
ORD007479,C03516,P0302,2024-09-29,9,924.33,0,200,standard,True,13,724.33
ORD007480,C03865,P0181,2024-08-24,8,126.92,0,200,standard,False,15,-73.08
ORD007481,C04548,P0168,2024-07-24,9,698.1,0,100,standard,True,14,598.1
ORD007482,C04499,P0202,2024-10-29,4,1061.62,149,0,standard,False,10,1210.62
ORD007483,C01018,P0193,2024-07-30,5,2088.54,149,50,standard,False,4,2187.54
ORD007484,C01428,P0030,2024-05-02,5,690.52,149,100,standard,False,23,739.52
ORD007485,C04978,P0101,2024-11-13,9,1205.6,0,200,quick,False,9,1005.5999999999999
ORD007486,C00574,P0063,2024-05-04,8,953.64,49,200,quick,True,0,802.64
ORD007487,C01458,P0345,2024-10-07,6,329.73,0,0,express,True,2,329.73
ORD007488,C01499,P0090,2024-03-22,1,216.67,0,50,standard,True,8,166.67
ORD007489,C01491,P0441,2024-09-03,7,1071.95,49,50,standard,False,22,1070.95
ORD007490,C03172,P0249,2024-07-15,9,285.39,99,0,quick,False,17,384.39
ORD007491,C02470,P0182,2024-02-03,4,295.44,149,0,express,False,21,444.44
ORD007492,C03427,P0301,2024-06-23,4,821.87,0,200,standard,False,9,621.87
ORD007493,C02515,P0365,2024-04-16,5,1188.36,0,0,standard,False,6,1188.36
ORD007494,C03551,P0350,2024-12-21,8,710.15,0,0,standard,False,23,710.15
ORD007495,C04206,P0279,2024-10-29,5,1612.87,0,0,standard,False,19,1612.87
ORD007496,C02200,P0204,2024-08-08,4,265.29,49,0,standard,True,19,314.29
ORD007497,C02964,P0088,2024-08-10,8,302.63,0,100,standard,False,2,202.63
ORD007498,C03313,P0292,2024-10-17,5,808.26,0,0,quick,False,1,808.26
ORD007499,C02927,P0424,2024-06-24,8,1336.77,149,200,standard,False,13,1285.77
ORD007500,C00681,P0408,2024-10-05,1,641.58,99,0,quick,False,4,740.58
ORD007501,C04864,P0284,2024-12-21,3,106.31,0,100,quick,True,4,6.310000000000002
ORD007502,C00278,P0158,2024-04-30,7,889.95,149,100,quick,True,15,938.95
ORD007503,C04458,P0362,2024-03-29,1,1274.84,0,100,quick,True,5,1174.84
ORD007504,C01648,P0486,2024-12-05,5,325.6,149,200,standard,True,7,274.6
ORD007505,C04696,P0129,2024-12-08,6,138.01,0,0,standard,False,12,138.01
ORD007506,C01158,P0247,2024-02-09,1,609.8,149,50,quick,False,5,708.8
ORD007507,C02341,P0139,2024-12-30,7,129.15,99,200,quick,False,20,28.150000000000006
ORD007508,C01518,P0388,2024-10-20,9,475.52,149,0,quick,True,13,624.52
ORD007509,C01838,P0188,2024-09-06,9,111.58,0,50,standard,False,12,61.58
ORD007510,C00870,P0090,2024-02-28,3,277.39,49,200,standard,False,18,126.38999999999999
ORD007511,C03277,P0055,2024-10-30,4,443.66,149,0,standard,True,6,592.6600000000001
ORD007512,C01341,P0225,2024-11-01,1,181.92,149,100,standard,False,7,230.91999999999996
ORD007513,C02306,P0333,2024-08-25,4,183.85,0,200,quick,True,11,-16.150000000000006
ORD007514,C01171,P0326,2024-06-15,5,1327.37,49,0,standard,False,2,1376.37
ORD007515,C04072,P0164,2024-10-11,7,128.61,0,0,standard,False,7,128.61
ORD007516,C01128,P0035,2024-02-19,5,916.5,99,0,standard,True,8,1015.5
ORD007517,C03627,P0329,2024-08-15,8,1278.22,0,50,quick,False,4,1228.22
ORD007518,C03999,P0028,2024-03-31,7,197.06,0,100,express,False,12,97.06
ORD007519,C03887,P0079,2024-06-06,1,251.16,49,200,standard,False,3,100.15999999999997
ORD007520,C01284,P0421,2024-07-26,2,817.07,0,50,express,False,23,767.07
ORD007521,C00570,P0468,2024-02-05,7,364.5,0,200,quick,True,23,164.5
ORD007522,C02864,P0357,2024-11-02,3,551.95,0,0,quick,True,18,551.95
ORD007523,C03984,P0168,2024-02-25,2,1364.53,99,0,standard,False,21,1463.53
ORD007524,C03141,P0032,2024-12-16,9,202.94,0,200,standard,False,4,2.9399999999999977
ORD007525,C01977,P0092,2024-11-01,8,775.67,0,50,quick,False,6,725.67
ORD007526,C00446,P0111,2024-07-13,8,2096.94,0,0,standard,False,14,2096.94
ORD007527,C04878,P0378,2024-06-16,3,140.43,0,50,quick,True,4,90.43
ORD007528,C01280,P0208,2024-09-10,9,142.32,0,50,standard,False,21,92.32
ORD007529,C00636,P0396,2024-11-26,8,665.37,149,200,standard,False,8,614.37
ORD007530,C02973,P0389,2024-12-04,2,2353.54,0,50,quick,False,10,2303.54
ORD007531,C04626,P0193,2024-02-01,7,273.35,0,0,standard,False,0,273.35
ORD007532,C00118,P0263,2024-02-16,8,380.16,0,200,quick,True,20,180.16000000000003
ORD007533,C04161,P0246,2024-04-21,7,171.7,49,200,quick,False,3,20.69999999999999
ORD007534,C02292,P0117,2024-03-12,9,413.86,149,200,standard,True,16,362.86
ORD007535,C02104,P0447,2024-10-24,7,130.74,49,50,standard,False,9,129.74
ORD007536,C01067,P0479,2024-11-21,7,443.97,149,100,express,True,16,492.97
ORD007537,C00423,P0227,2024-01-01,1,666.54,0,0,quick,True,3,666.54
ORD007538,C03819,P0008,2024-03-16,2,2681.35,0,0,quick,True,20,2681.35
ORD007539,C04490,P0406,2024-12-04,5,1293.12,149,0,express,True,19,1442.12
ORD007540,C01280,P0198,2024-03-17,1,1307.44,99,200,standard,True,15,1206.44
ORD007541,C01819,P0478,2024-08-19,7,280.27,0,0,standard,False,7,280.27
ORD007542,C03432,P0276,2024-09-29,5,162.89,0,50,standard,False,21,112.88999999999999
ORD007543,C00762,P0128,2024-05-29,5,745.81,0,50,quick,False,14,695.81
ORD007544,C01629,P0301,2024-07-18,8,614.44,149,50,express,False,9,713.44
ORD007545,C00442,P0061,2024-11-11,9,607.7,0,0,express,False,3,607.7
ORD007546,C03014,P0001,2024-10-22,1,179.79,149,200,standard,False,17,128.78999999999996
ORD007547,C02581,P0359,2024-08-16,4,575.69,49,0,standard,False,23,624.69
ORD007548,C01497,P0330,2024-04-10,2,213.06,0,200,express,False,19,13.060000000000002
ORD007549,C04252,P0356,2024-04-15,9,482.87,49,200,express,True,14,331.87
ORD007550,C00088,P0465,2024-12-14,9,143.93,0,50,standard,False,4,93.93
ORD007551,C02249,P0171,2024-06-11,1,1459.91,0,0,express,True,2,1459.91
ORD007552,C00979,P0244,2024-06-02,3,108.29,0,0,standard,False,23,108.29
ORD007553,C00461,P0087,2024-10-18,8,2060.54,149,200,standard,False,10,2009.54
ORD007554,C03552,P0499,2024-12-13,2,1489.89,0,100,express,False,8,1389.89
ORD007555,C02756,P0383,2024-06-04,2,1076.75,0,50,standard,True,1,1026.75
ORD007556,C03628,P0082,2024-08-10,2,2932.91,149,100,standard,False,12,2981.91
ORD007557,C02501,P0004,2024-06-25,5,137.73,49,0,express,False,8,186.73
ORD007558,C00379,P0348,2024-02-15,9,817.27,99,0,standard,False,3,916.27
ORD007559,C04496,P0038,2024-10-25,7,1423.73,99,0,quick,False,20,1522.73
ORD007560,C04646,P0383,2024-01-05,7,193.77,0,0,express,False,14,193.77
ORD007561,C02983,P0321,2024-11-09,2,714.25,0,0,express,False,13,714.25
ORD007562,C03060,P0464,2024-09-18,2,449.52,0,100,standard,False,18,349.52
ORD007563,C02950,P0300,2024-07-25,5,499.68,49,50,quick,False,5,498.68000000000006
ORD007564,C04540,P0074,2024-03-06,7,1804.47,99,100,standard,True,22,1803.47
ORD007565,C03730,P0100,2024-05-30,7,640.52,0,0,standard,False,22,640.52
ORD007566,C04424,P0140,2024-02-01,9,167.53,0,200,express,True,15,-32.47
ORD007567,C01931,P0092,2024-07-08,3,2036.64,0,0,standard,True,9,2036.64
ORD007568,C03421,P0118,2024-10-08,1,242.38,149,200,standard,False,7,191.38
ORD007569,C01990,P0287,2024-01-28,9,1661.08,99,0,quick,False,16,1760.08
ORD007570,C04865,P0108,2024-01-01,1,2575.41,49,50,standard,False,3,2574.41
ORD007571,C03856,P0487,2024-12-26,8,1570.68,0,0,express,False,2,1570.68
ORD007572,C01482,P0042,2024-10-13,5,890.36,0,0,quick,False,23,890.36
ORD007573,C02545,P0135,2024-07-02,8,1051.58,149,200,standard,False,19,1000.5799999999999
ORD007574,C04220,P0329,2024-02-26,7,941.47,149,200,standard,False,19,890.47
ORD007575,C04299,P0216,2024-05-24,9,531.01,0,200,express,False,11,331.01
ORD007576,C02815,P0442,2024-01-16,2,323.55,0,0,express,False,7,323.55
ORD007577,C00642,P0394,2024-04-30,9,333.83,99,0,express,False,21,432.83
ORD007578,C04685,P0155,2024-08-09,5,1018.57,49,200,standard,False,15,867.5700000000002
ORD007579,C03918,P0480,2024-12-25,5,787.52,0,0,express,False,22,787.52
ORD007580,C01586,P0038,2024-10-29,1,714.44,0,50,standard,True,13,664.44
ORD007581,C02409,P0281,2024-07-20,6,839.11,0,50,quick,False,13,789.11
ORD007582,C03849,P0327,2024-11-16,3,1142.49,0,0,quick,False,1,1142.49
ORD007583,C00054,P0357,2024-06-11,3,1064.78,0,200,quick,False,20,864.78
ORD007584,C00841,P0025,2024-12-30,3,176.96,99,0,quick,True,3,275.96000000000004
ORD007585,C04587,P0031,2024-07-14,4,414.73,0,0,standard,False,8,414.73
ORD007586,C00984,P0045,2024-07-26,9,313.54,0,0,standard,False,23,313.54
ORD007587,C02620,P0155,2024-07-14,8,639.89,0,0,express,False,23,639.89
ORD007588,C02906,P0243,2024-08-10,6,143.37,149,0,quick,True,8,292.37
ORD007589,C01994,P0390,2024-10-06,8,1105.21,0,50,express,False,8,1055.21
ORD007590,C01932,P0034,2024-04-18,8,177.85,0,200,quick,False,20,-22.150000000000006
ORD007591,C02272,P0449,2024-12-05,1,320.64,149,100,standard,False,16,369.64
ORD007592,C00102,P0277,2024-03-29,9,1167.67,0,100,standard,True,10,1067.67
ORD007593,C00969,P0241,2024-08-31,1,136.06,0,100,quick,False,13,36.06
ORD007594,C01071,P0405,2024-03-12,2,854.58,99,200,standard,False,21,753.58
ORD007595,C00736,P0377,2024-04-06,9,1907.33,0,0,standard,False,8,1907.33
ORD007596,C01365,P0258,2024-10-11,7,771.97,99,200,standard,True,11,670.97
ORD007597,C03630,P0045,2024-07-15,1,971.96,99,200,standard,False,2,870.96
ORD007598,C00227,P0433,2024-07-03,3,1199.05,149,0,standard,False,0,1348.05
ORD007599,C03570,P0236,2024-08-01,1,274.94,0,200,standard,False,3,74.94
ORD007600,C00444,P0007,2024-03-19,5,707.86,49,0,quick,False,22,756.86
ORD007601,C01619,P0259,2024-05-27,4,357.79,99,50,express,False,15,406.79
ORD007602,C04693,P0270,2024-12-09,8,299.91,0,0,express,True,7,299.91
ORD007603,C02204,P0043,2024-03-05,9,248.63,0,100,express,True,18,148.63
ORD007604,C02703,P0237,2024-03-09,4,715.36,0,0,standard,False,15,715.36
ORD007605,C03050,P0499,2024-01-06,3,1206.73,0,50,standard,True,7,1156.73
ORD007606,C03502,P0166,2024-02-06,4,1559.61,0,200,standard,False,18,1359.61
ORD007607,C03626,P0375,2024-11-27,3,490.75,0,100,quick,True,13,390.75
ORD007608,C01181,P0075,2024-01-09,6,425.65,149,0,quick,True,21,574.65
ORD007609,C03256,P0156,2024-03-14,1,912.77,99,0,quick,True,8,1011.77
ORD007610,C00797,P0200,2024-09-06,2,1160.03,0,200,standard,False,3,960.03
ORD007611,C00834,P0233,2024-12-02,8,303.48,0,100,express,True,22,203.48000000000002
ORD007612,C02999,P0231,2024-08-11,3,345.97,0,100,quick,False,15,245.97000000000003
ORD007613,C02032,P0445,2024-03-10,4,632.59,0,0,standard,False,17,632.59
ORD007614,C04452,P0211,2024-02-13,1,510.38,99,200,quick,True,19,409.38
ORD007615,C02764,P0417,2024-03-11,3,955.42,99,200,standard,True,18,854.4200000000001
ORD007616,C02409,P0153,2024-11-24,1,590.51,0,0,standard,False,12,590.51
ORD007617,C03684,P0367,2024-07-31,5,181.83,99,0,quick,False,19,280.83000000000004
ORD007618,C03275,P0212,2024-08-21,1,226.03,149,100,quick,False,16,275.03
ORD007619,C00007,P0086,2024-12-22,9,1724.3,149,100,standard,False,21,1773.3
ORD007620,C02519,P0017,2024-11-05,7,279.59,99,50,quick,False,12,328.59
ORD007621,C02219,P0190,2024-08-05,8,134.97,0,100,quick,False,1,34.97
ORD007622,C03874,P0307,2024-11-15,9,1019.31,0,0,express,False,19,1019.31
ORD007623,C03728,P0053,2024-04-02,8,905.43,149,0,standard,True,3,1054.4299999999998
ORD007624,C03329,P0215,2024-08-20,3,740.54,0,50,standard,False,18,690.54
ORD007625,C03371,P0041,2024-09-17,7,587.37,49,100,standard,False,20,536.37
ORD007626,C00613,P0348,2024-08-05,7,2543.87,0,0,express,True,3,2543.87
ORD007627,C00688,P0229,2024-10-09,7,188.35,149,50,standard,False,18,287.35
ORD007628,C00897,P0229,2024-08-18,8,598.58,149,0,quick,True,3,747.58
ORD007629,C00109,P0181,2024-07-15,4,680.15,0,0,standard,False,3,680.15
ORD007630,C04805,P0435,2024-06-30,6,114.92,99,0,standard,False,7,213.92000000000002
ORD007631,C03012,P0140,2024-04-25,2,470.71,0,200,quick,True,11,270.71
ORD007632,C02918,P0287,2024-04-05,7,1167.86,0,0,standard,False,18,1167.86
ORD007633,C01160,P0338,2024-08-05,9,544.87,49,0,quick,False,21,593.87
ORD007634,C03981,P0336,2024-11-05,5,1556.17,0,0,standard,False,22,1556.17
ORD007635,C03610,P0321,2024-01-04,4,823.55,0,200,quick,False,19,623.55
ORD007636,C04744,P0081,2024-10-22,2,1115.96,99,100,standard,True,13,1114.96
ORD007637,C02003,P0441,2024-09-12,7,1241.47,0,100,standard,False,12,1141.47
ORD007638,C01527,P0166,2024-05-01,2,917.7,149,0,standard,True,22,1066.7
ORD007639,C01913,P0410,2024-12-30,2,1067.67,0,100,standard,False,23,967.6700000000001
ORD007640,C04341,P0333,2024-09-13,9,930.92,99,0,standard,False,1,1029.92
ORD007641,C03181,P0053,2024-05-17,2,658.68,0,100,standard,True,11,558.68
ORD007642,C04893,P0462,2024-07-29,3,684.16,0,200,quick,False,20,484.15999999999997
ORD007643,C03346,P0455,2024-10-06,3,246.41,49,100,standard,False,14,195.40999999999997
ORD007644,C02863,P0072,2024-10-22,2,1328.9,99,0,quick,False,14,1427.9
ORD007645,C04610,P0212,2024-07-06,3,360.92,49,100,express,False,18,309.92
ORD007646,C00505,P0170,2024-01-18,9,636.11,49,0,quick,False,16,685.11
ORD007647,C04250,P0482,2024-01-20,3,299.95,149,100,quick,True,1,348.95
ORD007648,C02006,P0435,2024-10-17,5,932.2,0,0,quick,True,12,932.2
ORD007649,C04206,P0269,2024-09-04,7,2685.96,99,50,quick,False,20,2734.96
ORD007650,C02855,P0218,2024-12-26,1,1232.43,0,200,quick,False,23,1032.43
ORD007651,C03964,P0135,2024-07-07,1,774.64,149,0,quick,False,13,923.64
ORD007652,C01674,P0034,2024-02-27,2,685.73,49,50,standard,True,21,684.73
ORD007653,C01190,P0145,2024-10-24,1,570.03,0,50,express,False,0,520.03
ORD007654,C02392,P0182,2024-09-03,1,259.56,0,0,quick,False,6,259.56
ORD007655,C01921,P0077,2024-12-19,4,398.41,0,50,standard,False,18,348.41
ORD007656,C04389,P0307,2024-02-10,3,464.08,0,200,standard,False,5,264.08
ORD007657,C02692,P0252,2024-03-13,1,2123.83,99,200,standard,False,0,2022.83
ORD007658,C04433,P0327,2024-09-26,3,487.08,0,200,standard,True,20,287.08
ORD007659,C01827,P0432,2024-05-23,1,716.64,49,200,express,True,10,565.64
ORD007660,C02499,P0391,2024-08-26,3,1888.55,0,0,standard,False,3,1888.55
ORD007661,C00716,P0420,2024-09-21,4,610.49,99,100,quick,True,9,609.49
ORD007662,C00630,P0235,2024-02-10,8,301.73,0,0,standard,False,13,301.73
ORD007663,C04860,P0321,2024-09-24,3,434.76,149,0,quick,True,0,583.76
ORD007664,C00084,P0336,2024-11-08,3,428.61,0,0,standard,False,23,428.61
ORD007665,C03768,P0076,2024-02-15,9,976.99,149,0,express,False,14,1125.99
ORD007666,C00736,P0373,2024-05-05,9,344.8,0,0,express,False,8,344.8
ORD007667,C02707,P0461,2024-08-29,6,1016.28,149,100,quick,False,11,1065.28
ORD007668,C00226,P0424,2024-11-18,4,1639.29,0,100,standard,False,21,1539.29
ORD007669,C03357,P0488,2024-12-05,5,385.71,49,200,standard,True,11,234.70999999999998
ORD007670,C01307,P0072,2024-12-08,9,200.79,99,100,standard,False,11,199.78999999999996
ORD007671,C04204,P0026,2024-02-09,1,811.35,0,100,quick,False,7,711.35
ORD007672,C04230,P0403,2024-12-16,7,412.34,0,0,quick,False,8,412.34
ORD007673,C04386,P0037,2024-11-20,7,633.48,149,50,standard,False,14,732.48
ORD007674,C03958,P0253,2024-10-03,1,802.9,49,200,standard,False,1,651.9
ORD007675,C01652,P0395,2024-10-23,1,465.67,0,200,quick,False,10,265.67
ORD007676,C01867,P0425,2024-06-08,9,1909.34,49,0,standard,True,14,1958.34
ORD007677,C00026,P0085,2024-11-09,7,456.13,0,100,standard,True,22,356.13
ORD007678,C04649,P0356,2024-01-28,4,356.09,49,100,quick,True,20,305.09
ORD007679,C00932,P0433,2024-06-24,9,1617.1,0,0,quick,True,8,1617.1
ORD007680,C03458,P0358,2024-09-30,5,201.57,99,100,quick,True,5,200.57
ORD007681,C00466,P0030,2024-01-06,3,191.84,0,0,quick,False,6,191.84
ORD007682,C02700,P0204,2024-08-28,2,2019.92,0,0,quick,False,17,2019.92
ORD007683,C01498,P0192,2024-08-20,9,263.09,0,200,standard,True,17,63.089999999999975
ORD007684,C00617,P0229,2024-09-19,4,211.48,0,100,standard,False,20,111.47999999999999
ORD007685,C03777,P0180,2024-08-28,7,635.26,49,100,standard,False,10,584.26
ORD007686,C04553,P0244,2024-10-20,1,132.54,49,0,express,True,23,181.54
ORD007687,C02687,P0039,2024-06-18,9,776.34,149,0,standard,False,12,925.34
ORD007688,C01504,P0328,2024-08-03,9,521.23,0,0,standard,False,11,521.23
ORD007689,C03967,P0422,2024-06-29,6,814.96,149,200,standard,True,5,763.96
ORD007690,C00179,P0393,2024-05-30,6,332.79,49,0,standard,True,15,381.79
ORD007691,C02585,P0156,2024-05-28,6,1750.2,99,0,quick,True,2,1849.2
ORD007692,C02069,P0167,2024-03-26,5,319.85,49,200,standard,False,10,168.85000000000002
ORD007693,C04858,P0157,2024-01-19,1,809.44,149,50,standard,False,11,908.44
ORD007694,C00921,P0129,2024-12-21,4,2130.47,99,0,express,False,19,2229.47
ORD007695,C03092,P0081,2024-11-01,1,457.52,99,50,quick,False,17,506.52
ORD007696,C04840,P0155,2024-06-04,5,222.24,99,200,standard,False,23,121.24000000000001
ORD007697,C01510,P0174,2024-10-15,4,148.58,0,100,quick,False,7,48.58000000000001
ORD007698,C03599,P0287,2024-05-13,8,2407.13,0,0,standard,False,10,2407.13
ORD007699,C03276,P0087,2024-02-01,1,1108.86,149,200,quick,False,9,1057.86
ORD007700,C02719,P0101,2024-11-18,8,1857.9,49,200,quick,False,3,1706.9
ORD007701,C04732,P0247,2024-08-30,8,939.06,0,0,quick,False,23,939.06
ORD007702,C01023,P0205,2024-10-23,1,392.46,149,50,standard,False,2,491.46000000000004
ORD007703,C00151,P0088,2024-03-27,9,190.89,0,100,standard,False,20,90.88999999999999
ORD007704,C00012,P0344,2024-10-20,9,1953.58,0,50,standard,False,12,1903.58
ORD007705,C00714,P0287,2024-01-27,6,569.82,49,0,quick,True,10,618.82
ORD007706,C03150,P0410,2024-12-02,1,452.52,149,50,quick,True,19,551.52
ORD007707,C03625,P0309,2024-05-29,7,702.58,99,0,standard,True,15,801.58
ORD007708,C00248,P0095,2024-11-15,7,177.87,0,0,quick,False,20,177.87
ORD007709,C01144,P0439,2024-01-14,9,357.94,0,0,standard,True,5,357.94
ORD007710,C04482,P0158,2024-05-26,1,810.04,0,200,standard,True,12,610.04
ORD007711,C04534,P0113,2024-09-05,8,172.85,0,0,quick,False,6,172.85
ORD007712,C03343,P0023,2024-02-12,8,200.71,149,200,standard,True,8,149.71000000000004
ORD007713,C00720,P0162,2024-03-05,7,599.19,0,200,standard,False,22,399.19000000000005
ORD007714,C04568,P0285,2024-09-15,6,782.71,0,50,quick,False,15,732.71
ORD007715,C03229,P0352,2024-02-09,1,243.92,0,100,quick,False,11,143.92
ORD007716,C01006,P0054,2024-05-22,8,122.55,149,50,standard,False,10,221.55
ORD007717,C04728,P0063,2024-05-09,5,2324.2,0,50,standard,True,14,2274.2
ORD007718,C03298,P0032,2024-03-08,4,118.51,0,200,standard,False,11,-81.49
ORD007719,C02468,P0045,2024-11-11,5,100.44,0,100,standard,False,5,0.4399999999999977
ORD007720,C04119,P0218,2024-05-23,5,372.41,49,200,quick,True,5,221.41000000000003
ORD007721,C03813,P0480,2024-05-20,3,275.13,0,100,quick,False,10,175.13
ORD007722,C00537,P0288,2024-05-11,4,695.64,0,0,quick,True,0,695.64
ORD007723,C02824,P0195,2024-01-08,4,1671.4,0,200,express,False,3,1471.4
ORD007724,C02685,P0252,2024-02-27,8,558.24,49,50,quick,False,6,557.24
ORD007725,C01980,P0447,2024-11-05,5,1137.89,0,200,standard,False,18,937.8900000000001
ORD007726,C00539,P0285,2024-03-30,6,1778.58,0,0,quick,True,9,1778.58
ORD007727,C03884,P0235,2024-10-29,2,245.99,0,0,standard,False,16,245.99
ORD007728,C04053,P0078,2024-03-18,9,568.03,0,0,standard,True,22,568.03
ORD007729,C03199,P0412,2024-12-03,8,818.19,149,50,express,False,20,917.19
ORD007730,C04516,P0445,2024-08-16,8,381.3,99,50,quick,True,17,430.3
ORD007731,C00483,P0091,2024-07-08,5,1041.28,0,0,quick,False,9,1041.28
ORD007732,C01028,P0095,2024-03-30,5,954.29,0,50,quick,False,17,904.29
ORD007733,C00051,P0227,2024-05-13,3,481.63,0,50,quick,True,17,431.63
ORD007734,C00242,P0285,2024-12-24,2,163.45,0,50,quick,False,5,113.44999999999999
ORD007735,C01686,P0361,2024-04-30,9,107.15,99,0,quick,True,12,206.15
ORD007736,C02821,P0234,2024-09-05,6,421.7,0,0,standard,False,19,421.7
ORD007737,C01840,P0101,2024-04-02,8,158.94,0,0,standard,False,22,158.94
ORD007738,C00424,P0251,2024-09-27,4,1164.08,149,100,standard,False,2,1213.08
ORD007739,C02127,P0489,2024-01-17,5,383.87,0,200,quick,False,6,183.87
ORD007740,C00694,P0139,2024-06-24,5,866.84,0,0,standard,False,2,866.84
ORD007741,C00353,P0322,2024-02-13,4,396.66,49,100,quick,False,2,345.66
ORD007742,C03690,P0142,2024-03-15,2,1211.53,149,0,standard,True,22,1360.53
ORD007743,C01689,P0239,2024-10-31,6,1634.06,0,0,quick,False,19,1634.06
ORD007744,C00292,P0265,2024-03-19,4,1371.02,99,100,quick,False,21,1370.02
ORD007745,C00716,P0341,2024-09-10,4,562.8,99,0,standard,False,12,661.8
ORD007746,C04624,P0060,2024-07-30,3,160.38,49,0,standard,True,8,209.38
ORD007747,C04575,P0022,2024-07-15,8,424.33,99,100,quick,False,4,423.3299999999999
ORD007748,C04572,P0010,2024-05-01,6,485.71,0,100,standard,False,22,385.71
ORD007749,C04120,P0015,2024-12-04,9,2356.67,0,0,standard,True,10,2356.67
ORD007750,C02478,P0048,2024-08-13,5,682.49,0,0,express,False,17,682.49
ORD007751,C02364,P0365,2024-11-22,6,815.8,49,200,standard,False,11,664.8
ORD007752,C00637,P0335,2024-03-26,9,1165.29,49,0,quick,True,12,1214.29
ORD007753,C02405,P0397,2024-04-17,4,686.86,0,100,standard,False,4,586.86
ORD007754,C01299,P0389,2024-10-22,7,737.76,149,0,quick,True,12,886.76
ORD007755,C03948,P0169,2024-06-25,6,296.03,0,100,quick,True,3,196.02999999999997
ORD007756,C00689,P0400,2024-01-28,6,141.47,49,200,quick,False,23,-9.530000000000001
ORD007757,C04439,P0118,2024-11-24,6,993.55,0,100,quick,False,9,893.55
ORD007758,C02606,P0478,2024-05-15,4,1420.87,149,200,quick,True,19,1369.87
ORD007759,C00711,P0041,2024-02-29,6,470.72,49,200,standard,False,18,319.72
ORD007760,C02610,P0009,2024-01-27,7,656.27,0,200,quick,False,2,456.27
ORD007761,C00438,P0429,2024-03-26,2,356.0,0,0,standard,True,10,356.0
ORD007762,C03533,P0467,2024-08-25,9,517.77,99,50,standard,False,7,566.77
ORD007763,C03878,P0048,2024-07-23,7,263.02,149,100,quick,False,14,312.02
ORD007764,C03341,P0264,2024-08-31,3,1097.65,0,0,quick,False,1,1097.65
ORD007765,C03092,P0206,2024-06-03,7,572.97,0,50,standard,False,7,522.97
ORD007766,C04238,P0166,2024-08-31,5,653.55,99,50,quick,True,17,702.55
ORD007767,C01783,P0001,2024-09-29,9,125.46,99,0,quick,True,4,224.45999999999998
ORD007768,C00867,P0067,2024-04-29,6,780.74,0,100,standard,True,21,680.74
ORD007769,C01488,P0307,2024-07-13,7,257.53,99,100,standard,False,8,256.53
ORD007770,C00467,P0471,2024-12-15,4,437.47,0,0,quick,True,0,437.47
ORD007771,C04972,P0209,2024-12-27,2,471.57,0,0,quick,False,15,471.57
ORD007772,C03921,P0138,2024-07-18,4,515.87,0,50,express,False,7,465.87
ORD007773,C01417,P0036,2024-08-30,9,279.63,149,100,standard,False,22,328.63
ORD007774,C01776,P0217,2024-05-14,3,1427.5,0,0,quick,False,7,1427.5
ORD007775,C01081,P0455,2024-03-15,7,489.85,99,200,express,False,7,388.85
ORD007776,C04936,P0277,2024-09-28,4,761.97,49,100,express,False,7,710.97
ORD007777,C02925,P0179,2024-08-10,3,765.23,0,50,standard,False,14,715.23
ORD007778,C04084,P0004,2024-01-07,5,752.73,0,200,quick,False,20,552.73
ORD007779,C04061,P0129,2024-05-27,2,672.6,99,200,express,True,6,571.6
ORD007780,C01011,P0132,2024-08-17,4,1309.65,0,200,standard,False,4,1109.65
ORD007781,C00813,P0098,2024-07-14,7,1271.22,0,50,express,True,0,1221.22
ORD007782,C03946,P0159,2024-12-13,2,476.87,99,0,express,True,9,575.87
ORD007783,C02316,P0235,2024-06-10,6,806.12,49,100,express,True,7,755.12
ORD007784,C02143,P0146,2024-09-28,5,174.96,0,0,express,True,0,174.96
ORD007785,C00272,P0358,2024-12-15,3,165.61,0,50,standard,False,19,115.61000000000001
ORD007786,C03644,P0114,2024-01-22,5,556.64,149,0,standard,False,15,705.64
ORD007787,C01716,P0003,2024-02-19,7,1712.24,0,100,standard,False,14,1612.24
ORD007788,C02975,P0086,2024-09-29,3,833.87,49,100,standard,False,13,782.87
ORD007789,C04100,P0045,2024-11-22,8,873.4,49,0,standard,False,17,922.4
ORD007790,C00356,P0082,2024-06-30,7,219.11,0,200,quick,False,17,19.110000000000014
ORD007791,C00203,P0153,2024-08-09,4,521.7,49,100,express,False,18,470.70000000000005
ORD007792,C03745,P0305,2024-11-08,5,457.5,49,100,standard,True,6,406.5
ORD007793,C01596,P0281,2024-11-29,4,1168.43,0,100,standard,False,13,1068.43
ORD007794,C00496,P0326,2024-05-19,2,202.81,0,50,standard,False,5,152.81
ORD007795,C04797,P0287,2024-06-20,9,641.34,149,0,quick,True,16,790.34
ORD007796,C04932,P0110,2024-05-18,1,1795.15,0,100,standard,True,18,1695.15
ORD007797,C00062,P0116,2024-05-16,8,1659.92,0,0,standard,False,12,1659.92
ORD007798,C01579,P0096,2024-02-20,4,1437.98,99,200,standard,False,20,1336.98
ORD007799,C04334,P0427,2024-05-10,9,427.99,149,100,standard,False,18,476.99
ORD007800,C00539,P0281,2024-12-01,3,2081.35,99,0,quick,True,12,2180.35
ORD007801,C04293,P0188,2024-10-26,7,1244.41,0,0,quick,False,23,1244.41
ORD007802,C04876,P0087,2024-07-19,3,1432.33,149,0,quick,True,8,1581.33
ORD007803,C04125,P0306,2024-08-24,7,1984.42,0,0,quick,False,22,1984.42
ORD007804,C02713,P0442,2024-12-11,2,2034.25,49,50,quick,False,11,2033.25
ORD007805,C01080,P0086,2024-05-03,3,291.17,0,200,quick,False,8,91.17000000000002
ORD007806,C01855,P0421,2024-12-10,8,194.63,0,100,express,False,13,94.63
ORD007807,C03504,P0025,2024-10-28,7,920.81,49,200,express,True,11,769.81
ORD007808,C03379,P0379,2024-04-09,3,678.82,0,0,standard,False,11,678.82
ORD007809,C01598,P0428,2024-09-23,8,376.65,49,200,quick,True,7,225.64999999999998
ORD007810,C01628,P0030,2024-06-21,9,906.41,49,200,express,False,10,755.41
ORD007811,C03178,P0125,2024-12-12,2,143.8,0,50,quick,True,17,93.80000000000001
ORD007812,C02647,P0197,2024-12-19,2,132.85,49,0,standard,False,11,181.85
ORD007813,C03372,P0300,2024-04-02,7,405.21,99,0,quick,False,2,504.21
ORD007814,C01069,P0030,2024-06-09,8,249.84,0,200,standard,False,22,49.84
ORD007815,C02776,P0366,2024-10-07,5,986.48,49,200,express,False,4,835.48
ORD007816,C01192,P0316,2024-01-06,2,2168.85,0,0,standard,True,10,2168.85
ORD007817,C00813,P0431,2024-12-10,5,857.53,0,50,express,False,22,807.53
ORD007818,C01152,P0231,2024-01-05,3,843.51,99,100,quick,True,7,842.51
ORD007819,C02755,P0044,2024-02-04,9,103.63,99,0,quick,False,17,202.63
ORD007820,C01883,P0492,2024-01-07,2,601.61,49,100,express,False,18,550.61
ORD007821,C00267,P0315,2024-07-29,9,1288.18,0,0,express,False,4,1288.18
ORD007822,C03671,P0188,2024-02-20,2,842.17,0,100,standard,False,3,742.17
ORD007823,C02812,P0051,2024-09-25,1,279.94,49,200,standard,False,16,128.94
ORD007824,C04680,P0051,2024-02-23,6,1419.9,0,50,quick,False,22,1369.9
ORD007825,C04085,P0331,2024-12-16,6,2433.33,99,0,standard,False,15,2532.33
ORD007826,C00383,P0498,2024-08-16,4,327.97,0,50,quick,True,17,277.97
ORD007827,C03956,P0464,2024-06-28,2,261.44,99,50,standard,False,10,310.44
ORD007828,C02850,P0317,2024-04-22,3,388.3,49,100,standard,False,3,337.3
ORD007829,C04525,P0409,2024-05-25,6,144.67,0,50,standard,True,19,94.66999999999999
ORD007830,C03411,P0322,2024-05-08,4,1545.89,49,0,quick,True,7,1594.89
ORD007831,C01049,P0078,2024-04-08,5,1953.51,99,50,quick,True,23,2002.5100000000002
ORD007832,C01833,P0048,2024-01-18,9,801.25,0,0,express,False,11,801.25
ORD007833,C00797,P0229,2024-01-13,5,1110.74,99,200,standard,False,22,1009.74
ORD007834,C04467,P0343,2024-11-13,8,872.21,49,200,standard,True,22,721.21
ORD007835,C02975,P0370,2024-02-17,2,430.64,0,100,standard,False,20,330.64
ORD007836,C01290,P0477,2024-01-30,6,798.85,49,0,quick,False,17,847.85
ORD007837,C02187,P0043,2024-10-31,6,1365.89,0,200,standard,False,7,1165.89
ORD007838,C00066,P0291,2024-12-02,5,1261.17,0,0,express,False,14,1261.17
ORD007839,C01392,P0436,2024-04-21,6,158.17,0,0,express,False,8,158.17
ORD007840,C03991,P0246,2024-11-02,5,533.71,99,0,quick,False,18,632.71
ORD007841,C03021,P0427,2024-11-22,2,453.46,49,50,standard,False,1,452.46
ORD007842,C01701,P0218,2024-03-03,5,1075.05,149,0,standard,True,14,1224.05
ORD007843,C00578,P0021,2024-12-28,1,586.13,149,50,standard,True,19,685.13
ORD007844,C01605,P0129,2024-03-02,3,400.23,0,0,standard,False,14,400.23
ORD007845,C04043,P0006,2024-02-14,7,956.76,0,50,standard,False,15,906.76
ORD007846,C01978,P0271,2024-11-05,4,548.16,0,0,standard,True,18,548.16
ORD007847,C04505,P0471,2024-03-07,8,306.59,99,50,standard,False,13,355.59
ORD007848,C02880,P0349,2024-07-11,3,1646.75,0,0,express,True,2,1646.75
ORD007849,C02670,P0043,2024-12-02,7,182.97,0,50,standard,False,5,132.97
ORD007850,C03716,P0239,2024-11-27,2,111.78,49,50,express,False,0,110.78
ORD007851,C04935,P0365,2024-10-16,8,207.77,49,100,standard,False,17,156.76999999999998
ORD007852,C04284,P0064,2024-04-04,3,224.09,149,0,standard,False,14,373.09000000000003
ORD007853,C04372,P0245,2024-02-26,6,639.6,0,100,standard,False,17,539.6
ORD007854,C02154,P0474,2024-12-22,2,785.33,0,0,express,False,20,785.33
ORD007855,C02804,P0072,2024-04-04,7,515.72,0,200,standard,True,1,315.72
ORD007856,C02220,P0070,2024-05-09,4,258.86,0,0,standard,True,11,258.86
ORD007857,C03989,P0196,2024-05-30,6,198.25,0,0,standard,False,15,198.25
ORD007858,C00998,P0188,2024-08-27,2,573.3,0,0,quick,True,22,573.3
ORD007859,C00721,P0157,2024-12-04,3,682.46,49,0,standard,False,4,731.46
ORD007860,C01214,P0425,2024-02-08,3,352.65,0,100,standard,False,2,252.64999999999998
ORD007861,C01693,P0474,2024-11-23,4,273.32,99,0,quick,True,21,372.32
ORD007862,C03394,P0329,2024-08-20,1,157.82,49,50,standard,False,11,156.82
ORD007863,C04025,P0024,2024-05-21,6,117.62,149,0,express,True,2,266.62
ORD007864,C03579,P0337,2024-08-06,6,177.23,149,200,standard,True,23,126.23000000000002
ORD007865,C02803,P0070,2024-12-20,4,1047.57,149,0,standard,False,8,1196.57
ORD007866,C02230,P0312,2024-12-07,8,394.14,0,100,standard,True,18,294.14
ORD007867,C04812,P0222,2024-06-14,5,118.46,0,100,standard,False,8,18.459999999999994
ORD007868,C00458,P0159,2024-05-11,4,595.73,99,100,express,False,23,594.73
ORD007869,C01701,P0305,2024-03-23,7,636.61,0,100,standard,False,0,536.61
ORD007870,C00626,P0492,2024-02-07,8,490.87,0,0,standard,False,22,490.87
ORD007871,C02456,P0074,2024-05-21,2,181.11,0,200,standard,True,19,-18.889999999999986
ORD007872,C00206,P0137,2024-02-01,1,1083.45,0,0,standard,False,15,1083.45
ORD007873,C03316,P0405,2024-07-14,6,916.76,99,0,standard,False,13,1015.76
ORD007874,C01356,P0478,2024-07-17,2,450.46,149,0,standard,False,22,599.46
ORD007875,C04768,P0040,2024-06-19,8,434.55,99,0,standard,False,4,533.55
ORD007876,C03596,P0302,2024-01-31,5,217.67,0,0,standard,False,12,217.67
ORD007877,C01939,P0397,2024-05-12,2,1079.42,0,0,quick,False,6,1079.42
ORD007878,C02795,P0386,2024-05-15,5,739.66,49,200,standard,True,21,588.66
ORD007879,C04368,P0471,2024-04-01,2,161.79,149,100,standard,True,14,210.78999999999996
ORD007880,C02673,P0333,2024-08-13,6,431.44,49,0,quick,False,9,480.44
ORD007881,C01049,P0308,2024-02-05,8,1736.19,0,0,express,True,17,1736.19
ORD007882,C02591,P0015,2024-09-08,2,520.51,99,100,standard,True,22,519.51
ORD007883,C03789,P0374,2024-04-12,6,374.05,149,100,standard,True,21,423.04999999999995
ORD007884,C04004,P0188,2024-11-08,6,821.55,0,0,standard,False,9,821.55
ORD007885,C00090,P0027,2024-07-20,1,257.81,149,0,quick,False,10,406.81
ORD007886,C00475,P0162,2024-04-01,9,618.35,0,200,quick,True,7,418.35
ORD007887,C02046,P0487,2024-11-26,8,874.05,0,0,quick,False,18,874.05
ORD007888,C04821,P0385,2024-09-08,4,1450.13,49,0,quick,False,16,1499.13
ORD007889,C03690,P0316,2024-02-25,7,924.51,149,0,standard,False,13,1073.51
ORD007890,C04025,P0439,2024-03-14,4,438.62,0,100,quick,True,4,338.62
ORD007891,C03266,P0481,2024-10-03,8,1121.11,0,100,express,False,17,1021.1099999999999
ORD007892,C04629,P0054,2024-08-08,2,1699.7,49,0,quick,True,21,1748.7
ORD007893,C02745,P0273,2024-04-21,2,553.74,49,100,standard,True,18,502.74
ORD007894,C00084,P0454,2024-11-10,3,102.16,49,0,quick,False,10,151.16
ORD007895,C02639,P0304,2024-11-25,4,1588.56,149,200,quick,False,0,1537.56
ORD007896,C04936,P0101,2024-02-24,6,225.6,0,100,quick,True,19,125.6
ORD007897,C00076,P0041,2024-08-14,5,193.53,99,50,quick,False,1,242.52999999999997
ORD007898,C02430,P0262,2024-05-12,7,356.39,0,0,express,False,22,356.39
ORD007899,C03504,P0387,2024-02-22,6,433.61,99,0,express,False,11,532.61
ORD007900,C02424,P0170,2024-01-18,4,1223.43,149,0,standard,False,18,1372.43
ORD007901,C02221,P0207,2024-02-07,9,444.07,0,0,quick,False,3,444.07
ORD007902,C00405,P0314,2024-02-06,7,134.04,49,100,standard,True,2,83.03999999999999
ORD007903,C02129,P0048,2024-10-19,1,806.35,0,0,quick,False,19,806.35
ORD007904,C04116,P0059,2024-05-08,8,877.66,0,50,quick,True,2,827.66
ORD007905,C00397,P0005,2024-08-16,4,1277.24,0,100,standard,True,16,1177.24
ORD007906,C01800,P0147,2024-01-10,7,455.26,99,0,quick,False,13,554.26
ORD007907,C03473,P0286,2024-09-11,2,162.0,99,0,quick,True,23,261.0
ORD007908,C01808,P0210,2024-03-17,3,662.74,49,0,standard,False,5,711.74
ORD007909,C04989,P0371,2024-11-30,1,189.28,99,200,standard,False,23,88.27999999999997
ORD007910,C03926,P0149,2024-11-23,2,111.06,0,0,quick,True,6,111.06
ORD007911,C01944,P0084,2024-01-01,5,1154.4,0,200,standard,False,7,954.4000000000001
ORD007912,C00437,P0465,2024-01-20,2,460.57,0,0,quick,False,19,460.57
ORD007913,C00222,P0159,2024-12-06,6,620.12,99,0,quick,False,5,719.12
ORD007914,C01610,P0046,2024-07-18,6,860.06,99,0,standard,False,5,959.06
ORD007915,C01960,P0161,2024-05-16,6,457.78,149,50,quick,True,0,556.78
ORD007916,C04604,P0498,2024-03-18,3,135.74,0,100,quick,False,20,35.74000000000001
ORD007917,C04000,P0154,2024-12-24,3,302.94,0,50,standard,False,15,252.94
ORD007918,C02664,P0229,2024-06-17,7,250.27,0,0,standard,False,23,250.27
ORD007919,C01065,P0299,2024-07-19,4,2751.68,99,0,standard,False,3,2850.68
ORD007920,C01276,P0157,2024-10-21,6,1040.62,149,0,quick,True,10,1189.62
ORD007921,C00603,P0160,2024-01-02,8,519.46,149,0,standard,False,2,668.46
ORD007922,C00188,P0410,2024-09-20,3,144.82,149,100,quick,False,3,193.82
ORD007923,C00675,P0246,2024-12-28,9,185.19,149,0,quick,False,12,334.19
ORD007924,C00637,P0055,2024-09-08,9,1272.28,49,50,quick,False,18,1271.28
ORD007925,C01996,P0150,2024-09-01,3,2135.03,99,0,quick,True,22,2234.03
ORD007926,C01844,P0298,2024-08-11,6,121.3,99,200,standard,False,21,20.30000000000001
ORD007927,C00046,P0466,2024-07-25,5,1787.66,149,50,quick,False,12,1886.66
ORD007928,C00819,P0053,2024-02-05,4,434.26,0,0,standard,False,13,434.26
ORD007929,C03807,P0222,2024-10-03,8,267.23,99,0,standard,True,12,366.23
ORD007930,C03022,P0253,2024-04-25,9,174.49,49,200,standard,False,22,23.49000000000001
ORD007931,C01080,P0067,2024-01-02,9,1133.12,49,50,express,False,15,1132.12
ORD007932,C03146,P0052,2024-07-15,5,541.98,149,100,quick,False,4,590.98
ORD007933,C01277,P0466,2024-12-18,5,1349.42,49,100,standard,True,10,1298.42
ORD007934,C03734,P0244,2024-09-03,3,278.47,0,0,standard,True,5,278.47
ORD007935,C02217,P0485,2024-03-03,9,893.48,49,0,express,False,3,942.48
ORD007936,C02886,P0039,2024-10-17,1,186.99,149,0,quick,False,9,335.99
ORD007937,C00795,P0443,2024-10-01,3,164.83,149,200,quick,False,11,113.83000000000004
ORD007938,C03328,P0341,2024-07-02,7,199.22,149,200,standard,False,5,148.22000000000003
ORD007939,C03006,P0392,2024-06-19,7,1257.48,0,0,standard,False,22,1257.48
ORD007940,C03184,P0350,2024-12-15,5,845.21,0,200,standard,False,13,645.21
ORD007941,C02389,P0137,2024-06-04,6,226.04,99,50,standard,False,8,275.03999999999996
ORD007942,C04143,P0265,2024-07-24,4,439.03,99,200,express,False,15,338.03
ORD007943,C03858,P0413,2024-01-29,8,1108.82,99,50,express,False,2,1157.82
ORD007944,C01218,P0137,2024-11-19,4,334.49,49,100,standard,False,5,283.49
ORD007945,C01760,P0441,2024-11-27,6,1878.16,49,0,standard,True,8,1927.16
ORD007946,C00724,P0291,2024-02-16,5,1821.31,49,200,standard,False,12,1670.31
ORD007947,C01344,P0209,2024-07-06,6,662.48,0,100,express,True,6,562.48
ORD007948,C00137,P0171,2024-09-30,3,798.72,0,50,standard,False,7,748.72
ORD007949,C04450,P0184,2024-06-23,3,840.34,0,0,express,False,11,840.34
ORD007950,C04906,P0298,2024-02-11,7,308.33,0,100,quick,True,20,208.32999999999998
ORD007951,C03554,P0239,2024-08-23,1,417.25,0,50,express,False,20,367.25
ORD007952,C02759,P0210,2024-05-28,1,201.28,99,0,standard,True,2,300.28
ORD007953,C00058,P0362,2024-11-27,1,1910.99,99,0,express,False,10,2009.99
ORD007954,C00770,P0150,2024-04-13,6,999.77,0,200,quick,False,14,799.77
ORD007955,C00388,P0387,2024-03-31,4,132.23,99,0,express,False,3,231.23
ORD007956,C03924,P0395,2024-10-10,6,657.0,0,0,quick,False,16,657.0
ORD007957,C03422,P0123,2024-01-21,1,393.13,0,0,standard,False,8,393.13
ORD007958,C04434,P0048,2024-07-15,4,1281.27,0,100,express,False,0,1181.27
ORD007959,C04852,P0407,2024-12-04,4,393.9,99,0,quick,True,19,492.9
ORD007960,C00595,P0396,2024-04-07,2,822.27,0,0,quick,False,1,822.27
ORD007961,C00435,P0123,2024-06-02,1,225.85,0,100,standard,False,17,125.85
ORD007962,C01473,P0067,2024-12-22,8,671.71,149,200,standard,False,1,620.71
ORD007963,C04472,P0474,2024-07-18,6,342.58,149,0,quick,False,21,491.58
ORD007964,C01982,P0357,2024-02-24,4,225.13,0,0,standard,False,11,225.13
ORD007965,C02438,P0230,2024-11-18,2,774.95,0,200,standard,True,3,574.95
ORD007966,C02868,P0455,2024-12-18,5,811.52,0,100,standard,False,5,711.52
ORD007967,C04209,P0345,2024-07-02,9,2965.9,0,0,quick,True,0,2965.9
ORD007968,C03817,P0417,2024-09-06,7,873.17,0,0,quick,True,16,873.17
ORD007969,C00773,P0008,2024-02-13,4,606.55,49,200,standard,True,0,455.54999999999995
ORD007970,C01926,P0265,2024-11-19,5,1805.25,0,200,express,False,0,1605.25
ORD007971,C02219,P0124,2024-08-12,8,1332.33,149,0,standard,False,10,1481.33
ORD007972,C00017,P0370,2024-04-07,5,656.01,99,200,express,False,12,555.01
ORD007973,C04330,P0320,2024-03-12,6,600.27,49,100,quick,False,9,549.27
ORD007974,C03966,P0111,2024-01-19,6,2091.75,0,100,standard,True,0,1991.75
ORD007975,C01692,P0497,2024-04-08,8,771.04,0,0,express,True,18,771.04
ORD007976,C02770,P0327,2024-01-13,5,974.69,0,50,quick,True,18,924.69
ORD007977,C04376,P0329,2024-10-30,1,162.47,49,200,quick,True,11,11.469999999999999
ORD007978,C04926,P0053,2024-05-02,4,985.85,99,100,standard,False,2,984.8499999999999
ORD007979,C03267,P0426,2024-09-07,3,314.22,49,0,standard,True,5,363.22
ORD007980,C01138,P0496,2024-07-18,2,184.94,49,0,express,False,6,233.94
ORD007981,C01695,P0442,2024-02-02,7,1425.43,149,50,standard,False,20,1524.43
ORD007982,C01586,P0088,2024-10-03,7,921.52,0,50,express,True,19,871.52
ORD007983,C04513,P0094,2024-11-25,8,465.46,0,50,express,False,15,415.46
ORD007984,C02331,P0358,2024-06-06,5,494.23,149,0,standard,False,5,643.23
ORD007985,C04680,P0249,2024-09-12,1,252.68,99,200,standard,True,17,151.68
ORD007986,C02669,P0442,2024-09-30,6,105.72,99,100,quick,False,6,104.72
ORD007987,C02268,P0450,2024-08-18,6,399.86,49,0,standard,True,11,448.86
ORD007988,C02056,P0316,2024-01-09,8,211.46,49,100,standard,False,3,160.46000000000004
ORD007989,C04927,P0486,2024-01-19,2,482.4,0,50,quick,False,21,432.4
ORD007990,C02422,P0165,2024-06-22,9,1355.3,49,0,standard,False,4,1404.3
ORD007991,C04629,P0226,2024-01-29,6,184.32,0,200,quick,False,19,-15.680000000000007
ORD007992,C03486,P0135,2024-06-21,1,166.37,0,50,standard,False,11,116.37
ORD007993,C02749,P0383,2024-01-22,9,1725.68,0,50,standard,False,18,1675.68
ORD007994,C04041,P0064,2024-07-26,8,1055.93,0,100,standard,True,5,955.9300000000001
ORD007995,C02824,P0004,2024-03-01,1,137.17,99,0,express,False,14,236.17
ORD007996,C01405,P0119,2024-04-18,8,157.04,99,0,standard,True,22,256.03999999999996
ORD007997,C01886,P0370,2024-11-30,7,907.46,0,200,standard,True,5,707.46
ORD007998,C02987,P0218,2024-12-07,5,422.81,149,0,express,True,16,571.81
ORD007999,C03575,P0364,2024-09-24,6,1000.59,49,50,standard,False,4,999.5900000000001
ORD008000,C04542,P0473,2024-08-22,4,461.79,49,0,standard,False,14,510.79
ORD008001,C02727,P0042,2024-12-13,9,2503.76,49,200,express,True,0,2352.76
ORD008002,C04720,P0187,2024-10-01,9,928.87,99,50,quick,False,19,977.8699999999999
ORD008003,C01863,P0025,2024-03-17,1,132.42,0,200,quick,True,1,-67.58000000000001
ORD008004,C02353,P0266,2024-10-23,9,379.86,49,0,standard,False,17,428.86
ORD008005,C02896,P0161,2024-04-29,3,679.45,149,50,standard,True,3,778.45
ORD008006,C04827,P0232,2024-02-06,2,206.1,0,50,standard,False,9,156.1
ORD008007,C02501,P0129,2024-01-19,4,100.77,99,200,quick,False,9,-0.2300000000000182
ORD008008,C00937,P0020,2024-03-13,4,156.84,149,0,standard,False,3,305.84000000000003
ORD008009,C02080,P0370,2024-09-07,9,619.02,0,50,quick,False,11,569.02
ORD008010,C01755,P0409,2024-11-30,4,799.26,149,200,standard,False,21,748.26
ORD008011,C03390,P0127,2024-01-10,5,167.25,0,200,quick,False,5,-32.75
ORD008012,C01216,P0075,2024-08-29,6,864.86,0,200,quick,False,18,664.86
ORD008013,C01203,P0072,2024-11-12,4,771.03,0,0,express,False,16,771.03
ORD008014,C01890,P0232,2024-01-24,1,2067.19,0,100,express,False,5,1967.19
ORD008015,C03031,P0342,2024-05-04,2,1384.77,0,50,quick,False,3,1334.77
ORD008016,C00390,P0105,2024-12-25,3,2107.27,149,0,quick,False,15,2256.27
ORD008017,C02511,P0388,2024-11-28,4,2468.2,0,200,standard,False,6,2268.2
ORD008018,C02977,P0008,2024-03-07,5,505.88,149,0,express,False,19,654.88
ORD008019,C03746,P0118,2024-01-08,3,567.48,49,200,quick,False,4,416.48
ORD008020,C00098,P0049,2024-03-29,1,330.53,149,200,quick,True,19,279.53
ORD008021,C02195,P0009,2024-11-19,8,596.11,0,50,express,False,10,546.11
ORD008022,C04665,P0112,2024-01-26,8,213.35,0,0,quick,False,14,213.35
ORD008023,C04822,P0441,2024-06-06,4,878.11,99,0,quick,True,21,977.11
ORD008024,C01001,P0265,2024-02-19,7,116.67,0,0,quick,False,17,116.67
ORD008025,C01570,P0077,2024-08-21,4,287.09,0,100,express,False,12,187.08999999999997
ORD008026,C04398,P0035,2024-11-08,3,262.3,0,0,quick,False,14,262.3
ORD008027,C03629,P0201,2024-03-28,7,2044.18,0,0,standard,True,3,2044.18
ORD008028,C01063,P0311,2024-10-29,6,208.58,0,100,quick,True,21,108.58000000000001
ORD008029,C00638,P0117,2024-02-02,1,1649.04,99,0,standard,False,17,1748.04
ORD008030,C02742,P0189,2024-02-24,9,191.96,99,50,express,True,2,240.96000000000004
ORD008031,C01142,P0241,2024-02-28,2,835.27,49,50,quick,False,10,834.27
ORD008032,C02120,P0292,2024-09-11,3,368.85,0,0,express,True,7,368.85
ORD008033,C00551,P0168,2024-10-31,5,364.86,0,0,standard,False,11,364.86
ORD008034,C03275,P0229,2024-11-11,3,4551.19,0,0,standard,False,4,4551.19
ORD008035,C00976,P0047,2024-04-22,3,278.37,149,50,quick,True,7,377.37
ORD008036,C04191,P0149,2024-02-02,8,257.44,149,0,standard,False,15,406.44
ORD008037,C03350,P0342,2024-04-13,4,721.98,149,0,standard,False,6,870.98
ORD008038,C03214,P0207,2024-08-06,2,1043.98,149,50,express,False,12,1142.98
ORD008039,C03547,P0060,2024-06-21,5,2931.07,0,100,quick,True,1,2831.07
ORD008040,C02931,P0330,2024-12-13,2,945.09,49,0,standard,False,11,994.09
ORD008041,C04069,P0116,2024-07-24,8,676.67,99,0,standard,True,1,775.67
ORD008042,C03985,P0238,2024-06-15,3,467.31,149,50,quick,False,15,566.31
ORD008043,C04141,P0370,2024-03-02,2,731.9,0,100,standard,True,21,631.9
ORD008044,C00345,P0354,2024-12-16,3,741.87,49,0,express,False,22,790.87
ORD008045,C04942,P0047,2024-10-21,3,270.87,0,0,standard,True,18,270.87
ORD008046,C02942,P0447,2024-10-06,1,877.63,149,200,quick,False,3,826.6300000000001
ORD008047,C01076,P0244,2024-03-11,3,259.08,0,100,quick,False,16,159.07999999999998
ORD008048,C01171,P0467,2024-06-13,3,570.28,0,200,quick,False,2,370.28
ORD008049,C03770,P0292,2024-04-19,4,309.65,0,50,standard,True,21,259.65
ORD008050,C03161,P0424,2024-01-24,8,361.59,149,100,standard,False,20,410.59
ORD008051,C00232,P0004,2024-10-30,9,765.12,0,200,quick,False,10,565.12
ORD008052,C03798,P0099,2024-03-29,1,145.66,0,50,express,False,16,95.66
ORD008053,C04146,P0204,2024-06-20,1,107.48,0,0,quick,False,18,107.48
ORD008054,C04760,P0179,2024-02-02,6,196.98,49,0,express,False,18,245.98
ORD008055,C03907,P0016,2024-03-02,1,228.34,0,50,quick,True,22,178.34
ORD008056,C03699,P0089,2024-05-20,5,253.34,149,100,standard,False,17,302.34000000000003
ORD008057,C00450,P0499,2024-03-13,1,1139.84,0,0,standard,False,16,1139.84
ORD008058,C01362,P0107,2024-07-31,8,513.5,99,0,express,False,12,612.5
ORD008059,C00350,P0189,2024-03-27,5,543.33,0,50,quick,False,17,493.33000000000004
ORD008060,C02696,P0179,2024-12-22,6,822.63,0,0,standard,True,20,822.63
ORD008061,C01308,P0248,2024-07-08,4,1013.23,49,50,quick,False,6,1012.23
ORD008062,C04004,P0250,2024-10-10,8,101.46,149,200,quick,True,9,50.45999999999998
ORD008063,C02925,P0019,2024-03-25,9,1459.09,0,200,express,True,10,1259.09
ORD008064,C04678,P0358,2024-08-12,9,3220.83,49,200,express,False,4,3069.83
ORD008065,C00244,P0096,2024-05-04,1,189.92,49,100,quick,True,14,138.92
ORD008066,C04645,P0221,2024-10-24,7,836.04,99,50,express,False,6,885.04
ORD008067,C04823,P0143,2024-01-21,4,100.69,49,0,standard,True,9,149.69
ORD008068,C04734,P0006,2024-03-09,8,134.19,149,100,quick,False,20,183.19
ORD008069,C04679,P0349,2024-02-21,7,333.83,49,200,express,True,13,182.82999999999998
ORD008070,C02273,P0321,2024-11-19,1,1410.4,99,100,standard,False,12,1409.4
ORD008071,C00440,P0267,2024-11-09,1,838.9,0,0,express,False,13,838.9
ORD008072,C03545,P0426,2024-07-11,1,512.19,49,100,standard,False,12,461.19000000000005
ORD008073,C01467,P0295,2024-03-21,2,503.12,0,0,standard,False,2,503.12
ORD008074,C00411,P0000,2024-01-09,2,538.22,49,200,quick,False,15,387.22
ORD008075,C00813,P0057,2024-09-06,9,359.79,0,50,standard,False,0,309.79
ORD008076,C04341,P0386,2024-02-11,5,1569.98,0,200,standard,True,15,1369.98
ORD008077,C04678,P0263,2024-01-04,1,686.32,0,200,standard,True,3,486.32000000000005
ORD008078,C01730,P0089,2024-01-04,7,562.09,0,50,quick,False,10,512.09
ORD008079,C01974,P0487,2024-04-01,2,536.94,0,50,express,False,17,486.94000000000005
ORD008080,C00549,P0074,2024-02-15,3,2021.32,0,0,standard,False,15,2021.32
ORD008081,C01937,P0444,2024-12-27,4,999.29,0,0,quick,False,19,999.29
ORD008082,C00203,P0340,2024-11-29,3,208.51,49,0,standard,True,12,257.51
ORD008083,C04446,P0260,2024-10-30,3,501.1,49,100,express,False,9,450.1
ORD008084,C04414,P0487,2024-05-25,9,337.14,0,100,quick,False,15,237.14
ORD008085,C03588,P0281,2024-08-01,4,3131.93,0,100,standard,False,9,3031.93
ORD008086,C02536,P0340,2024-12-21,8,474.77,49,200,express,True,21,323.77
ORD008087,C00106,P0328,2024-08-31,1,148.2,149,200,standard,False,22,97.19999999999999
ORD008088,C03811,P0400,2024-12-20,6,469.78,149,50,quick,True,1,568.78
ORD008089,C02701,P0356,2024-03-05,1,370.36,49,0,standard,False,16,419.36
ORD008090,C03897,P0242,2024-04-15,5,739.67,0,0,express,True,1,739.67
ORD008091,C02219,P0498,2024-03-14,7,278.4,0,100,standard,True,6,178.39999999999998
ORD008092,C03936,P0321,2024-11-23,1,124.65,0,50,standard,True,2,74.65
ORD008093,C04090,P0434,2024-05-18,9,169.56,49,100,standard,False,9,118.56
ORD008094,C00957,P0118,2024-09-24,9,332.02,0,200,standard,False,18,132.01999999999998
ORD008095,C02575,P0046,2024-08-18,6,398.74,0,50,quick,False,23,348.74
ORD008096,C02367,P0167,2024-07-29,2,1357.94,0,100,standard,False,18,1257.94
ORD008097,C01060,P0347,2024-05-02,2,319.36,99,0,standard,False,17,418.36
ORD008098,C02546,P0026,2024-03-30,9,121.4,99,0,express,True,5,220.4
ORD008099,C03736,P0295,2024-11-08,4,1161.23,99,200,standard,True,20,1060.23
ORD008100,C03766,P0000,2024-12-20,6,1521.35,99,100,standard,True,10,1520.35
ORD008101,C01672,P0173,2024-01-20,2,573.51,49,50,quick,True,23,572.51
ORD008102,C00401,P0394,2024-11-01,4,333.76,149,50,standard,True,1,432.76
ORD008103,C00601,P0166,2024-04-02,2,1134.32,149,100,standard,False,17,1183.32
ORD008104,C02999,P0017,2024-09-12,3,105.26,0,0,quick,True,0,105.26
ORD008105,C04313,P0090,2024-11-09,2,1903.18,149,100,standard,True,1,1952.1800000000003
ORD008106,C04281,P0302,2024-02-15,8,1503.5,149,200,quick,True,9,1452.5
ORD008107,C03452,P0201,2024-11-17,5,649.96,0,50,express,False,12,599.96
ORD008108,C03634,P0483,2024-06-03,5,326.61,149,200,standard,False,6,275.61
ORD008109,C00287,P0020,2024-06-27,8,122.38,149,0,express,True,11,271.38
ORD008110,C00087,P0155,2024-08-02,8,6149.53,149,0,standard,True,17,6298.53
ORD008111,C02205,P0384,2024-01-03,7,1104.06,49,100,standard,True,1,1053.06
ORD008112,C02967,P0013,2024-10-12,5,388.49,99,100,quick,False,21,387.49
ORD008113,C04250,P0019,2024-04-30,7,112.62,0,0,standard,False,13,112.62
ORD008114,C03534,P0243,2024-04-08,1,812.78,0,50,standard,False,23,762.78
ORD008115,C00219,P0376,2024-03-01,3,3133.81,149,100,standard,False,16,3182.81
ORD008116,C01482,P0456,2024-09-28,3,958.48,149,0,standard,False,16,1107.48
ORD008117,C03238,P0172,2024-02-18,2,160.2,99,100,standard,True,5,159.2
ORD008118,C00321,P0444,2024-11-12,6,459.24,0,50,quick,False,16,409.24
ORD008119,C02738,P0410,2024-07-04,3,179.93,49,0,standard,True,11,228.93
ORD008120,C04936,P0121,2024-10-03,4,1801.57,0,50,express,False,21,1751.57
ORD008121,C01836,P0496,2024-09-16,3,379.77,49,100,standard,False,22,328.77
ORD008122,C02559,P0183,2024-04-22,7,1024.34,49,0,standard,True,1,1073.34
ORD008123,C01568,P0307,2024-08-25,4,160.95,0,0,express,True,6,160.95
ORD008124,C02322,P0067,2024-11-16,5,195.21,99,100,quick,False,3,194.21000000000004
ORD008125,C04720,P0292,2024-12-03,7,895.48,99,0,quick,False,14,994.48
ORD008126,C02963,P0337,2024-04-16,4,1397.2,0,0,standard,False,5,1397.2
ORD008127,C00352,P0158,2024-05-21,6,256.47,149,0,quick,False,7,405.47
ORD008128,C01028,P0048,2024-01-28,9,478.31,49,200,quick,True,22,327.30999999999995
ORD008129,C04570,P0180,2024-04-09,6,775.24,0,200,standard,False,10,575.24
ORD008130,C02009,P0294,2024-02-27,5,1212.69,0,0,quick,True,2,1212.69
ORD008131,C00927,P0393,2024-03-17,1,791.57,0,0,quick,True,22,791.57
ORD008132,C00029,P0392,2024-12-16,8,169.2,0,200,express,False,6,-30.80000000000001
ORD008133,C02540,P0347,2024-08-30,5,646.87,0,100,express,True,15,546.87
ORD008134,C03819,P0475,2024-09-11,5,1610.59,49,200,standard,False,6,1459.59
ORD008135,C00494,P0140,2024-03-31,3,1516.59,99,200,standard,True,18,1415.59
ORD008136,C04483,P0017,2024-03-22,2,714.66,149,200,standard,True,20,663.66
ORD008137,C00872,P0139,2024-12-09,1,3912.78,0,50,standard,False,19,3862.78
ORD008138,C00834,P0071,2024-01-23,9,176.75,0,100,express,False,0,76.75
ORD008139,C03324,P0470,2024-01-28,5,554.86,149,50,express,False,1,653.86
ORD008140,C00629,P0241,2024-11-26,4,1143.54,0,100,express,True,12,1043.54
ORD008141,C02986,P0260,2024-07-05,7,205.42,149,50,quick,False,6,304.41999999999996
ORD008142,C00029,P0262,2024-05-25,4,2620.89,0,50,quick,True,22,2570.89
ORD008143,C03782,P0142,2024-04-17,2,404.92,49,0,quick,False,3,453.92
ORD008144,C00806,P0194,2024-08-10,9,400.7,0,200,express,False,9,200.7
ORD008145,C01968,P0145,2024-05-08,8,266.84,149,0,standard,False,0,415.84
ORD008146,C03468,P0293,2024-06-20,4,336.79,0,0,standard,False,7,336.79
ORD008147,C03580,P0025,2024-11-11,8,702.24,0,0,quick,False,21,702.24
ORD008148,C01960,P0421,2024-08-20,9,491.69,0,0,express,False,10,491.69
ORD008149,C04339,P0058,2024-01-23,2,249.43,0,100,standard,False,5,149.43
ORD008150,C00220,P0051,2024-02-23,4,1258.35,49,0,quick,True,12,1307.35
ORD008151,C01343,P0416,2024-01-27,6,143.98,0,0,express,False,7,143.98
ORD008152,C04626,P0148,2024-10-02,7,1358.8,0,0,quick,True,11,1358.8
ORD008153,C02262,P0400,2024-03-31,5,324.05,149,0,standard,False,12,473.05
ORD008154,C02414,P0106,2024-03-21,7,578.49,0,200,quick,False,1,378.49
ORD008155,C02161,P0317,2024-01-15,4,434.83,0,0,standard,False,4,434.83
ORD008156,C04120,P0058,2024-09-05,8,690.76,0,100,quick,False,4,590.76
ORD008157,C02981,P0257,2024-09-20,3,1211.71,149,0,quick,True,19,1360.71
ORD008158,C00857,P0447,2024-02-29,3,3276.55,0,200,express,True,7,3076.55
ORD008159,C04993,P0280,2024-02-06,5,354.76,0,0,standard,False,19,354.76
ORD008160,C00772,P0424,2024-04-30,6,663.9,0,0,standard,False,21,663.9
ORD008161,C02492,P0018,2024-08-15,3,538.16,0,0,quick,True,8,538.16
ORD008162,C00019,P0165,2024-10-30,2,4885.86,49,200,standard,False,13,4734.86
ORD008163,C00805,P0024,2024-10-23,5,1257.52,0,200,quick,False,21,1057.52
ORD008164,C01380,P0422,2024-06-15,6,453.18,149,0,express,False,18,602.1800000000001
ORD008165,C02175,P0003,2024-08-02,3,552.56,149,0,standard,False,22,701.56
ORD008166,C02405,P0002,2024-04-11,7,296.61,0,0,standard,True,20,296.61
ORD008167,C03363,P0417,2024-12-12,3,1084.25,0,200,quick,True,9,884.25
ORD008168,C03426,P0361,2024-06-15,2,1404.99,149,0,standard,False,6,1553.99
ORD008169,C00880,P0393,2024-04-27,4,2445.42,99,0,quick,True,20,2544.42
ORD008170,C03108,P0368,2024-02-26,3,683.02,49,100,quick,False,23,632.02
ORD008171,C01333,P0026,2024-06-15,7,876.51,0,200,express,False,8,676.51
ORD008172,C01684,P0367,2024-04-26,8,512.49,49,0,quick,False,13,561.49
ORD008173,C02964,P0345,2024-02-20,3,756.56,49,200,express,True,22,605.56
ORD008174,C01605,P0218,2024-05-01,6,399.2,0,100,standard,False,0,299.2
ORD008175,C02557,P0384,2024-07-30,1,1035.76,49,50,express,False,13,1034.76
ORD008176,C00443,P0043,2024-04-12,5,115.07,0,0,express,True,13,115.07
ORD008177,C02042,P0211,2024-07-11,2,119.21,49,100,quick,False,12,68.20999999999998
ORD008178,C00778,P0051,2024-04-22,1,980.44,149,50,express,True,8,1079.44
ORD008179,C03159,P0152,2024-02-07,7,1967.34,99,0,standard,False,6,2066.34
ORD008180,C01746,P0201,2024-08-29,4,799.24,49,100,quick,False,15,748.24
ORD008181,C03940,P0320,2024-10-26,5,1006.59,0,50,standard,True,8,956.59
ORD008182,C00420,P0463,2024-09-05,2,1314.83,0,100,standard,False,19,1214.83
ORD008183,C01851,P0010,2024-01-28,8,413.23,99,50,quick,True,0,462.23
ORD008184,C02108,P0067,2024-08-11,3,179.09,0,0,standard,True,20,179.09
ORD008185,C04674,P0226,2024-03-15,7,1992.11,99,0,standard,False,22,2091.1099999999997
ORD008186,C03996,P0120,2024-04-20,1,2051.91,0,0,standard,False,12,2051.91
ORD008187,C01358,P0332,2024-11-08,1,507.18,0,0,standard,False,1,507.18
ORD008188,C03910,P0468,2024-08-20,7,270.39,149,0,standard,False,22,419.39
ORD008189,C02626,P0014,2024-04-01,1,1659.24,0,50,express,False,14,1609.24
ORD008190,C02687,P0056,2024-07-17,9,961.72,99,0,quick,True,4,1060.72
ORD008191,C04206,P0329,2024-07-10,9,104.78,0,100,quick,True,21,4.780000000000001
ORD008192,C00490,P0063,2024-03-10,8,178.78,0,100,standard,True,22,78.78
ORD008193,C01295,P0229,2024-08-22,8,2959.45,0,0,standard,False,7,2959.45
ORD008194,C02081,P0010,2024-04-09,4,126.21,49,100,standard,False,2,75.20999999999998
ORD008195,C03371,P0120,2024-11-19,4,331.44,0,0,standard,True,20,331.44
ORD008196,C02172,P0223,2024-07-02,5,655.62,0,100,quick,False,3,555.62
ORD008197,C03174,P0224,2024-05-18,9,241.64,0,200,quick,False,3,41.639999999999986
ORD008198,C04064,P0124,2024-04-13,3,283.83,49,0,standard,False,5,332.83
ORD008199,C03753,P0147,2024-06-20,4,403.75,149,100,standard,False,15,452.75
ORD008200,C04989,P0227,2024-03-06,5,318.87,99,100,standard,True,2,317.87
ORD008201,C03829,P0029,2024-01-17,7,1237.45,0,0,standard,False,5,1237.45
ORD008202,C01949,P0009,2024-12-20,5,584.59,0,200,standard,True,17,384.59000000000003
ORD008203,C03380,P0053,2024-10-18,9,327.61,0,0,quick,False,10,327.61
ORD008204,C00411,P0185,2024-01-31,6,361.89,99,100,standard,False,5,360.89
ORD008205,C01422,P0206,2024-05-23,3,127.48,0,0,express,False,23,127.48
ORD008206,C02981,P0254,2024-03-10,6,134.46,99,200,quick,False,8,33.46000000000001
ORD008207,C01676,P0156,2024-02-26,6,984.86,149,100,standard,False,21,1033.8600000000001
ORD008208,C01646,P0128,2024-08-26,1,182.87,0,0,standard,True,22,182.87
ORD008209,C02711,P0057,2024-08-22,7,551.11,149,0,express,False,22,700.11
ORD008210,C03959,P0404,2024-08-02,3,1392.23,0,200,standard,False,12,1192.23
ORD008211,C01239,P0398,2024-03-28,1,420.71,99,100,standard,False,9,419.71000000000004
ORD008212,C00602,P0194,2024-06-24,1,395.99,149,50,standard,False,17,494.99
ORD008213,C01937,P0416,2024-04-22,5,1543.76,49,0,standard,False,9,1592.76
ORD008214,C00025,P0421,2024-05-31,2,1499.96,99,0,express,True,9,1598.96
ORD008215,C04679,P0402,2024-11-05,2,1583.98,0,50,quick,False,18,1533.98
ORD008216,C01067,P0387,2024-03-21,4,692.9,0,0,express,True,8,692.9
ORD008217,C00379,P0075,2024-11-22,7,2229.04,0,200,standard,False,3,2029.04
ORD008218,C01284,P0088,2024-11-09,8,1295.34,0,0,standard,False,3,1295.34
ORD008219,C04464,P0353,2024-03-28,7,475.06,0,0,standard,False,12,475.06
ORD008220,C03182,P0080,2024-10-22,9,794.14,49,200,quick,False,6,643.14
ORD008221,C03747,P0185,2024-10-10,7,189.91,49,0,quick,False,2,238.91
ORD008222,C02256,P0325,2024-04-27,4,660.03,0,50,quick,False,17,610.03
ORD008223,C03927,P0267,2024-02-14,9,312.76,0,50,standard,True,15,262.76
ORD008224,C04120,P0382,2024-07-29,9,332.41,49,200,standard,True,6,181.41000000000003
ORD008225,C00545,P0078,2024-09-24,3,193.05,0,100,standard,False,4,93.05000000000001
ORD008226,C00274,P0144,2024-09-07,8,409.43,0,0,express,True,16,409.43
ORD008227,C03441,P0128,2024-04-20,1,558.62,99,50,quick,False,1,607.62
ORD008228,C02269,P0013,2024-10-29,2,741.02,0,0,standard,False,15,741.02
ORD008229,C03108,P0118,2024-08-30,8,353.56,0,0,standard,True,15,353.56
ORD008230,C02922,P0001,2024-08-24,8,1198.99,149,50,standard,False,3,1297.99
ORD008231,C03387,P0003,2024-05-22,6,614.18,0,50,standard,False,3,564.18
ORD008232,C01870,P0243,2024-01-08,8,810.38,149,50,express,True,7,909.38
ORD008233,C04013,P0065,2024-08-07,8,327.15,0,100,quick,True,1,227.14999999999998
ORD008234,C00110,P0245,2024-05-06,2,1276.92,49,200,standard,False,12,1125.92
ORD008235,C01755,P0089,2024-05-06,3,784.23,0,100,standard,False,5,684.23
ORD008236,C04803,P0429,2024-06-16,7,1487.12,0,0,quick,False,2,1487.12
ORD008237,C01367,P0177,2024-08-10,3,221.01,0,0,standard,False,22,221.01
ORD008238,C01528,P0059,2024-10-23,2,434.37,0,200,standard,False,2,234.37
ORD008239,C00551,P0231,2024-04-23,6,182.95,0,200,standard,True,7,-17.05000000000001
ORD008240,C00133,P0435,2024-10-29,2,268.92,0,50,standard,False,13,218.92000000000002
ORD008241,C02911,P0352,2024-03-17,2,450.25,49,0,standard,False,19,499.25
ORD008242,C02013,P0175,2024-10-20,2,1673.87,0,50,standard,False,11,1623.87
ORD008243,C03262,P0166,2024-01-03,4,668.99,49,200,standard,False,14,517.99
ORD008244,C01060,P0382,2024-08-01,7,379.73,0,0,standard,True,23,379.73
ORD008245,C02507,P0197,2024-01-23,6,1060.78,0,50,standard,True,4,1010.78
ORD008246,C02022,P0059,2024-01-21,5,112.92,149,0,standard,True,14,261.92
ORD008247,C02186,P0413,2024-08-28,4,422.53,0,0,quick,False,19,422.53
ORD008248,C02665,P0469,2024-09-15,2,741.86,0,50,quick,True,1,691.86
ORD008249,C03170,P0410,2024-01-18,8,711.67,0,100,quick,False,21,611.67
ORD008250,C02727,P0082,2024-08-05,2,753.76,0,50,standard,True,16,703.76
ORD008251,C03335,P0073,2024-09-28,8,265.34,49,0,express,True,6,314.34
ORD008252,C02646,P0310,2024-07-20,4,386.77,0,200,standard,True,6,186.76999999999998
ORD008253,C00595,P0453,2024-09-02,5,1976.31,149,50,quick,True,23,2075.31
ORD008254,C04106,P0025,2024-12-22,1,2653.1,49,0,standard,False,10,2702.1
ORD008255,C02374,P0425,2024-02-20,2,360.82,149,0,standard,True,1,509.82
ORD008256,C03421,P0376,2024-08-19,8,822.97,0,0,standard,False,18,822.97
ORD008257,C02278,P0242,2024-09-10,1,292.3,0,50,standard,False,0,242.3
ORD008258,C01164,P0322,2024-05-03,3,420.79,49,100,standard,True,4,369.79
ORD008259,C00617,P0115,2024-02-12,2,1199.28,0,100,standard,True,10,1099.28
ORD008260,C04860,P0322,2024-10-12,5,585.86,0,200,quick,True,8,385.86
ORD008261,C04144,P0179,2024-01-07,4,1425.07,0,200,standard,True,5,1225.07
ORD008262,C00450,P0261,2024-12-20,4,792.6,0,0,express,False,11,792.6
ORD008263,C01798,P0496,2024-07-27,4,792.94,0,50,standard,False,14,742.94
ORD008264,C04586,P0113,2024-04-21,4,123.13,0,200,quick,False,6,-76.87
ORD008265,C01892,P0265,2024-03-08,4,1068.48,49,50,standard,False,20,1067.48
ORD008266,C02454,P0037,2024-07-02,6,2766.46,0,100,standard,False,1,2666.46
ORD008267,C02222,P0379,2024-05-31,2,547.43,0,0,standard,True,12,547.43
ORD008268,C03808,P0076,2024-05-02,4,219.87,0,100,express,True,12,119.87
ORD008269,C01284,P0101,2024-11-27,7,2738.9,99,0,quick,False,4,2837.9
ORD008270,C02527,P0011,2024-02-16,7,338.87,49,50,standard,False,9,337.87
ORD008271,C01757,P0301,2024-01-09,1,467.39,0,0,standard,True,16,467.39
ORD008272,C00222,P0048,2024-09-02,9,155.37,49,0,standard,False,2,204.37
ORD008273,C04364,P0253,2024-12-08,7,181.23,0,0,quick,True,7,181.23
ORD008274,C00900,P0346,2024-06-05,6,269.85,0,0,quick,False,5,269.85
ORD008275,C02365,P0379,2024-03-23,2,655.57,0,50,standard,False,20,605.57
ORD008276,C04480,P0248,2024-12-26,6,670.18,0,100,standard,True,6,570.18
ORD008277,C01609,P0071,2024-08-23,5,751.42,149,50,standard,False,10,850.42
ORD008278,C04721,P0446,2024-10-19,9,712.64,0,200,standard,True,21,512.64
ORD008279,C03290,P0196,2024-10-25,1,577.57,99,0,standard,False,23,676.57
ORD008280,C01223,P0252,2024-01-13,5,1232.99,0,0,standard,False,14,1232.99
ORD008281,C01907,P0483,2024-08-20,3,2000.61,0,50,quick,True,0,1950.61
ORD008282,C01362,P0357,2024-08-25,9,319.07,99,0,quick,False,14,418.07
ORD008283,C02751,P0298,2024-03-11,1,196.64,0,50,quick,False,2,146.64
ORD008284,C03969,P0221,2024-12-26,6,486.48,99,100,standard,False,7,485.48
ORD008285,C01268,P0059,2024-07-26,3,117.74,0,0,quick,True,19,117.74
ORD008286,C04937,P0356,2024-04-04,1,1602.82,0,0,express,True,16,1602.82
ORD008287,C01231,P0156,2024-07-08,3,290.84,0,0,quick,False,9,290.84
ORD008288,C04068,P0341,2024-11-16,2,656.86,0,0,standard,False,17,656.86
ORD008289,C01747,P0461,2024-08-25,8,184.59,0,0,standard,False,5,184.59
ORD008290,C02558,P0381,2024-12-26,3,663.04,99,0,standard,True,4,762.04
ORD008291,C00737,P0201,2024-11-20,7,126.84,49,0,standard,False,17,175.84
ORD008292,C04436,P0266,2024-01-01,6,1124.15,49,0,express,False,10,1173.15
ORD008293,C02979,P0034,2024-11-17,7,2276.35,0,0,quick,True,1,2276.35
ORD008294,C01951,P0254,2024-02-06,7,355.68,49,0,standard,False,3,404.68
ORD008295,C01781,P0022,2024-07-16,1,308.09,0,0,quick,False,21,308.09
ORD008296,C00529,P0455,2024-12-19,4,514.94,0,50,quick,False,2,464.94000000000005
ORD008297,C04129,P0404,2024-06-19,4,776.26,0,50,standard,True,13,726.26
ORD008298,C04418,P0164,2024-09-28,5,245.61,49,50,standard,True,16,244.61
ORD008299,C01204,P0027,2024-01-17,5,1237.28,49,0,standard,False,17,1286.28
ORD008300,C01986,P0371,2024-05-31,8,253.92,0,0,standard,False,0,253.92
ORD008301,C00346,P0350,2024-08-06,4,102.84,0,50,standard,True,19,52.84
ORD008302,C01215,P0313,2024-05-18,1,619.0,49,0,standard,False,23,668.0
ORD008303,C02768,P0052,2024-12-23,5,184.64,0,100,standard,True,5,84.63999999999999
ORD008304,C00244,P0283,2024-11-09,1,937.68,49,200,standard,False,23,786.68
ORD008305,C02725,P0297,2024-10-04,3,227.3,0,100,standard,False,10,127.30000000000001
ORD008306,C03051,P0474,2024-10-21,8,1289.24,149,100,standard,False,11,1338.24
ORD008307,C00132,P0487,2024-04-16,5,543.9,0,200,quick,True,1,343.9
ORD008308,C01370,P0084,2024-12-16,7,683.75,0,0,standard,False,4,683.75
ORD008309,C02096,P0456,2024-02-11,1,243.56,49,200,quick,False,3,92.56
ORD008310,C01087,P0348,2024-11-13,6,210.04,149,0,express,False,21,359.03999999999996
ORD008311,C01647,P0123,2024-06-20,8,797.43,0,100,standard,True,7,697.43
ORD008312,C01891,P0444,2024-01-29,6,305.49,149,200,express,False,0,254.49
ORD008313,C01720,P0206,2024-09-20,4,440.35,0,100,standard,False,12,340.35
ORD008314,C04002,P0416,2024-12-11,8,556.01,99,200,standard,False,0,455.01
ORD008315,C02260,P0438,2024-07-05,8,281.62,149,200,quick,False,18,230.62
ORD008316,C00118,P0164,2024-01-27,6,1209.77,0,0,standard,False,1,1209.77
ORD008317,C02903,P0046,2024-02-26,8,2061.7,0,50,standard,False,12,2011.6999999999998
ORD008318,C02808,P0419,2024-07-15,6,494.81,0,50,quick,False,18,444.81
ORD008319,C00894,P0370,2024-07-06,4,1845.88,0,100,standard,False,3,1745.88
ORD008320,C01265,P0155,2024-08-26,6,1599.01,99,100,express,False,7,1598.01
ORD008321,C00362,P0265,2024-11-12,9,226.1,49,100,express,False,20,175.10000000000002
ORD008322,C01773,P0278,2024-01-21,8,232.29,0,0,standard,True,1,232.29
ORD008323,C00313,P0475,2024-07-06,7,553.26,149,0,quick,True,18,702.26
ORD008324,C01706,P0481,2024-07-06,5,621.37,149,100,express,False,17,670.37
ORD008325,C03465,P0004,2024-03-30,7,391.06,0,0,express,False,2,391.06
ORD008326,C04367,P0081,2024-11-27,1,361.71,49,200,quick,False,0,210.70999999999998
ORD008327,C01789,P0118,2024-10-13,8,494.16,0,200,standard,False,20,294.16
ORD008328,C02393,P0261,2024-12-26,5,919.91,99,200,standard,False,15,818.91
ORD008329,C03610,P0124,2024-02-04,7,160.72,49,50,express,True,18,159.72
ORD008330,C03694,P0425,2024-10-14,7,966.92,0,200,standard,False,20,766.92
ORD008331,C02280,P0302,2024-12-29,8,1923.86,149,50,quick,False,12,2022.8599999999997
ORD008332,C00989,P0214,2024-04-14,7,1108.28,0,200,standard,True,9,908.28
ORD008333,C03680,P0027,2024-03-11,6,247.96,149,100,standard,True,21,296.96000000000004
ORD008334,C02463,P0488,2024-06-20,6,163.08,49,50,standard,False,19,162.08
ORD008335,C00904,P0268,2024-05-02,5,570.86,0,0,standard,True,12,570.86
ORD008336,C03044,P0497,2024-10-03,5,2291.99,0,50,standard,False,14,2241.99
ORD008337,C03397,P0024,2024-02-28,4,1295.71,149,0,express,False,23,1444.71
ORD008338,C03997,P0006,2024-11-28,7,678.05,99,50,quick,False,7,727.05
ORD008339,C04839,P0193,2024-09-01,3,207.01,0,200,quick,False,21,7.009999999999991
ORD008340,C00910,P0079,2024-10-24,5,974.84,49,200,quick,True,15,823.84
ORD008341,C02607,P0441,2024-12-25,3,1272.65,0,200,quick,False,19,1072.65
ORD008342,C01745,P0321,2024-04-17,8,2013.1,149,0,standard,True,8,2162.1
ORD008343,C02123,P0035,2024-04-25,5,761.93,99,100,express,False,11,760.93
ORD008344,C04342,P0257,2024-06-13,6,604.75,99,50,standard,False,20,653.75
ORD008345,C01851,P0112,2024-06-29,1,774.8,149,0,quick,False,14,923.8
ORD008346,C04671,P0293,2024-05-16,4,2107.4,49,0,express,False,15,2156.4
ORD008347,C03765,P0201,2024-09-14,9,791.44,149,50,standard,False,4,890.44
ORD008348,C01615,P0013,2024-12-14,5,307.5,0,200,standard,True,14,107.5
ORD008349,C02390,P0154,2024-08-04,1,806.71,149,0,quick,False,17,955.71
ORD008350,C02762,P0398,2024-05-21,4,1581.7,99,0,quick,False,11,1680.7
ORD008351,C01205,P0084,2024-01-28,6,684.92,49,50,express,False,7,683.92
ORD008352,C04026,P0139,2024-02-02,7,587.99,149,0,express,False,4,736.99
ORD008353,C02679,P0370,2024-07-09,7,1024.32,99,0,standard,False,9,1123.32
ORD008354,C02446,P0426,2024-06-25,8,856.21,149,0,standard,False,20,1005.21
ORD008355,C03312,P0096,2024-08-19,5,139.85,0,50,standard,True,23,89.85
ORD008356,C04387,P0184,2024-09-05,6,1003.48,0,200,standard,False,5,803.48
ORD008357,C02101,P0487,2024-09-13,2,465.44,99,0,standard,False,12,564.44
ORD008358,C03216,P0341,2024-09-26,2,2078.95,49,0,standard,True,8,2127.95
ORD008359,C03669,P0357,2024-03-03,3,2572.58,0,100,quick,False,5,2472.58
ORD008360,C03030,P0491,2024-08-28,4,515.88,99,0,standard,False,11,614.88
ORD008361,C02524,P0499,2024-12-29,6,2526.02,149,100,standard,True,23,2575.02
ORD008362,C04117,P0431,2024-09-29,6,359.58,0,200,standard,False,0,159.57999999999998
ORD008363,C03307,P0188,2024-12-13,3,902.41,149,100,quick,False,13,951.4099999999999
ORD008364,C02742,P0081,2024-09-29,1,153.61,0,50,standard,True,9,103.61000000000001
ORD008365,C01961,P0299,2024-05-29,3,208.65,99,100,quick,True,4,207.64999999999998
ORD008366,C04625,P0179,2024-08-19,4,1498.28,0,50,quick,False,1,1448.28
ORD008367,C03621,P0445,2024-11-13,9,1668.6,99,100,standard,False,14,1667.6
ORD008368,C00100,P0385,2024-07-07,8,631.42,149,100,standard,False,13,680.42
ORD008369,C01313,P0348,2024-12-10,4,389.62,49,0,quick,False,22,438.62
ORD008370,C03448,P0454,2024-12-20,7,518.79,0,50,quick,True,17,468.78999999999996
ORD008371,C03244,P0414,2024-02-03,9,1525.14,49,200,express,False,7,1374.14
ORD008372,C01901,P0104,2024-04-06,2,264.89,49,0,standard,False,12,313.89
ORD008373,C04674,P0380,2024-08-22,3,343.56,149,200,standard,False,4,292.56
ORD008374,C01214,P0209,2024-02-14,1,1176.43,49,100,standard,True,20,1125.43
ORD008375,C03626,P0328,2024-02-11,8,2015.27,99,200,standard,False,11,1914.27
ORD008376,C00789,P0248,2024-07-19,2,167.27,0,100,standard,False,6,67.27000000000001
ORD008377,C01366,P0071,2024-04-01,7,1238.94,49,100,standard,True,12,1187.94
ORD008378,C03623,P0160,2024-05-27,7,824.08,0,0,express,False,13,824.08
ORD008379,C00502,P0132,2024-02-09,3,282.66,0,0,standard,False,13,282.66
ORD008380,C00172,P0239,2024-02-25,2,1085.89,99,0,quick,True,14,1184.89
ORD008381,C00886,P0077,2024-03-25,3,1010.15,0,0,standard,True,23,1010.15
ORD008382,C01417,P0057,2024-05-21,8,206.23,0,200,standard,True,14,6.22999999999999
ORD008383,C03532,P0460,2024-02-27,9,587.36,0,50,standard,False,14,537.36
ORD008384,C04368,P0124,2024-12-22,8,1093.01,49,0,express,False,12,1142.01
ORD008385,C03429,P0010,2024-03-16,2,247.84,0,100,standard,False,14,147.84
ORD008386,C01409,P0467,2024-09-11,9,533.93,0,0,quick,False,11,533.93
ORD008387,C02923,P0406,2024-03-18,6,189.07,49,0,standard,True,10,238.07
ORD008388,C04953,P0428,2024-04-14,2,355.54,149,200,standard,False,10,304.54
ORD008389,C01910,P0026,2024-09-23,9,271.08,149,50,standard,True,21,370.08
ORD008390,C00260,P0206,2024-11-17,5,591.34,49,0,standard,True,12,640.34
ORD008391,C03352,P0221,2024-01-12,6,205.57,0,100,standard,True,4,105.57
ORD008392,C01352,P0311,2024-05-30,1,437.19,0,100,standard,False,23,337.19
ORD008393,C01499,P0381,2024-08-01,2,324.27,99,50,standard,False,16,373.27
ORD008394,C04373,P0249,2024-12-15,1,1058.43,0,200,standard,False,6,858.4300000000001
ORD008395,C02140,P0314,2024-10-04,4,941.01,0,50,standard,True,7,891.01
ORD008396,C03006,P0207,2024-03-08,2,168.82,99,200,standard,True,6,67.82
ORD008397,C03618,P0108,2024-08-30,1,2246.57,0,200,standard,False,22,2046.5700000000002
ORD008398,C00822,P0295,2024-06-26,3,1054.67,0,0,standard,False,6,1054.67
ORD008399,C00531,P0401,2024-08-03,4,768.9,49,0,standard,False,18,817.9
ORD008400,C02820,P0434,2024-08-15,4,553.66,0,100,express,True,6,453.65999999999997
ORD008401,C00166,P0060,2024-11-26,3,236.14,99,0,quick,False,23,335.14
ORD008402,C04926,P0121,2024-01-11,2,2388.41,0,200,express,False,21,2188.41
ORD008403,C04331,P0238,2024-05-29,8,104.52,0,100,standard,True,19,4.519999999999996
ORD008404,C01055,P0105,2024-04-06,2,924.45,149,0,standard,True,11,1073.45
ORD008405,C01254,P0278,2024-02-02,5,594.7,0,100,quick,True,14,494.70000000000005
ORD008406,C04286,P0035,2024-01-12,7,1729.12,0,200,standard,False,17,1529.12
ORD008407,C04007,P0037,2024-04-28,9,434.41,0,0,standard,False,13,434.41
ORD008408,C04708,P0071,2024-09-23,3,610.8,0,50,standard,True,11,560.8
ORD008409,C01531,P0055,2024-11-26,1,1048.28,0,0,standard,True,20,1048.28
ORD008410,C03528,P0166,2024-06-20,9,133.11,49,0,quick,False,9,182.11
ORD008411,C04042,P0220,2024-07-29,1,138.21,0,0,standard,True,6,138.21
ORD008412,C00972,P0075,2024-10-23,8,265.49,0,0,standard,False,12,265.49
ORD008413,C03824,P0209,2024-06-24,2,209.82,149,200,standard,True,4,158.82
ORD008414,C04744,P0497,2024-12-01,7,103.53,0,0,standard,True,15,103.53
ORD008415,C00105,P0210,2024-11-26,3,781.84,0,0,quick,False,3,781.84
ORD008416,C01604,P0227,2024-06-16,6,1211.53,0,200,express,True,17,1011.53
ORD008417,C03773,P0224,2024-09-05,6,2303.46,0,100,standard,True,20,2203.46
ORD008418,C04287,P0452,2024-10-30,4,506.0,0,0,standard,True,14,506.0
ORD008419,C01002,P0253,2024-12-06,8,328.68,149,50,standard,False,9,427.68
ORD008420,C04730,P0486,2024-12-22,5,1495.07,0,200,standard,False,19,1295.07
ORD008421,C00084,P0155,2024-09-28,7,1401.31,149,50,standard,False,13,1500.31
ORD008422,C02995,P0473,2024-10-07,5,785.29,149,0,standard,False,1,934.29
ORD008423,C04823,P0362,2024-08-15,4,322.32,149,100,express,False,6,371.32
ORD008424,C03287,P0148,2024-08-22,6,1773.13,0,0,standard,False,6,1773.13
ORD008425,C04165,P0317,2024-06-04,3,236.55,0,0,express,False,10,236.55
ORD008426,C00153,P0278,2024-10-17,6,130.24,0,100,quick,True,17,30.24000000000001
ORD008427,C01461,P0404,2024-03-08,6,1213.87,0,0,standard,False,5,1213.87
ORD008428,C02812,P0458,2024-06-05,6,679.53,149,100,quick,False,21,728.53
ORD008429,C02019,P0489,2024-03-28,3,297.09,0,50,standard,False,12,247.08999999999997
ORD008430,C01097,P0375,2024-05-13,8,876.97,49,0,standard,False,16,925.97
ORD008431,C00570,P0230,2024-04-26,4,1117.85,0,0,standard,False,13,1117.85
ORD008432,C00148,P0399,2024-09-04,2,1401.98,0,0,standard,False,5,1401.98
ORD008433,C03577,P0189,2024-07-09,7,331.02,99,200,quick,True,14,230.01999999999998
ORD008434,C02691,P0224,2024-05-27,8,117.14,99,0,express,True,0,216.14
ORD008435,C02109,P0474,2024-01-25,4,598.4,99,100,express,False,22,597.4
ORD008436,C01918,P0064,2024-03-16,6,1455.94,0,0,standard,False,6,1455.94
ORD008437,C04869,P0107,2024-06-29,8,262.08,0,200,standard,True,12,62.079999999999984
ORD008438,C03655,P0079,2024-05-25,5,481.67,99,0,standard,True,18,580.6700000000001
ORD008439,C01712,P0132,2024-08-21,9,306.4,99,50,express,False,21,355.4
ORD008440,C02492,P0173,2024-03-26,6,108.42,49,0,quick,True,5,157.42000000000002
ORD008441,C01344,P0063,2024-11-12,6,1700.55,0,50,quick,True,8,1650.55
ORD008442,C03965,P0209,2024-03-23,2,200.56,149,100,standard,True,23,249.56
ORD008443,C01106,P0296,2024-12-30,7,1118.0,0,0,quick,False,21,1118.0
ORD008444,C03505,P0097,2024-10-01,9,396.9,0,0,quick,False,18,396.9
ORD008445,C04112,P0171,2024-05-26,5,326.7,49,0,quick,False,4,375.7
ORD008446,C00582,P0088,2024-04-03,5,2080.5,99,200,express,False,20,1979.5
ORD008447,C04350,P0361,2024-03-30,5,848.42,149,200,standard,False,12,797.42
ORD008448,C02690,P0225,2024-12-28,1,911.91,149,0,express,True,18,1060.9099999999999
ORD008449,C04656,P0142,2024-12-20,5,1096.97,49,50,quick,False,6,1095.97
ORD008450,C02580,P0195,2024-12-07,8,390.85,0,0,quick,True,4,390.85
ORD008451,C00319,P0178,2024-03-19,3,679.54,99,50,standard,False,13,728.54
ORD008452,C04315,P0053,2024-03-23,9,319.51,149,0,standard,True,10,468.51
ORD008453,C04794,P0195,2024-05-01,9,1358.32,0,0,quick,False,14,1358.32
ORD008454,C01437,P0216,2024-02-29,6,739.19,149,0,standard,True,7,888.19
ORD008455,C00031,P0488,2024-01-22,4,294.25,0,50,standard,False,23,244.25
ORD008456,C00714,P0332,2024-06-11,4,1709.12,49,0,quick,False,4,1758.12
ORD008457,C01039,P0297,2024-10-21,1,707.65,149,0,standard,False,15,856.65
ORD008458,C00408,P0429,2024-03-05,5,577.28,149,200,standard,True,10,526.28
ORD008459,C01127,P0024,2024-08-13,5,123.57,149,100,standard,True,19,172.57
ORD008460,C00706,P0066,2024-05-13,5,1783.02,49,0,quick,False,19,1832.02
ORD008461,C03839,P0162,2024-07-08,1,2228.59,0,50,standard,False,16,2178.59
ORD008462,C03023,P0499,2024-04-04,1,677.83,149,0,quick,False,23,826.83
ORD008463,C03659,P0111,2024-04-15,2,508.02,149,100,standard,False,20,557.02
ORD008464,C00782,P0328,2024-10-14,1,410.93,99,100,standard,False,1,409.93
ORD008465,C02179,P0205,2024-12-28,8,317.43,99,0,standard,False,21,416.43
ORD008466,C01178,P0405,2024-01-18,4,697.19,99,0,standard,False,3,796.19
ORD008467,C02406,P0367,2024-12-06,6,194.95,149,0,standard,False,2,343.95
ORD008468,C02807,P0136,2024-06-11,8,1859.82,149,200,quick,True,2,1808.82
ORD008469,C04260,P0407,2024-06-25,5,234.47,149,50,quick,False,0,333.47
ORD008470,C02764,P0278,2024-03-16,6,1056.95,0,0,express,False,0,1056.95
ORD008471,C02724,P0444,2024-07-09,4,355.59,0,0,express,True,1,355.59
ORD008472,C02535,P0164,2024-08-17,6,278.39,99,200,standard,False,10,177.39
ORD008473,C00212,P0428,2024-10-03,6,670.3,0,200,quick,False,2,470.29999999999995
ORD008474,C01948,P0270,2024-03-24,3,1113.09,49,0,standard,True,10,1162.09
ORD008475,C04861,P0440,2024-09-30,4,1007.12,149,50,standard,False,11,1106.12
ORD008476,C03146,P0227,2024-06-03,6,285.38,99,100,standard,True,6,284.38
ORD008477,C01201,P0126,2024-03-03,8,379.86,0,200,standard,False,23,179.86
ORD008478,C01819,P0269,2024-01-13,7,1520.89,149,0,express,True,4,1669.89
ORD008479,C02889,P0307,2024-07-26,4,998.23,149,200,quick,False,6,947.23
ORD008480,C00644,P0247,2024-09-12,3,972.04,49,100,quick,True,9,921.04
ORD008481,C02359,P0339,2024-03-15,8,318.25,49,0,standard,True,2,367.25
ORD008482,C04222,P0486,2024-08-22,6,1198.17,0,200,standard,False,11,998.1700000000001
ORD008483,C04472,P0035,2024-06-12,8,409.67,99,0,standard,False,19,508.67
ORD008484,C04320,P0154,2024-03-20,9,458.2,99,0,express,False,10,557.2
ORD008485,C03088,P0144,2024-01-03,9,336.34,0,100,standard,True,18,236.33999999999997
ORD008486,C00496,P0473,2024-10-06,9,189.59,0,0,standard,False,14,189.59
ORD008487,C02016,P0424,2024-09-16,1,480.78,0,50,quick,False,15,430.78
ORD008488,C00472,P0259,2024-06-18,3,110.96,49,200,quick,False,10,-40.04000000000002
ORD008489,C01888,P0386,2024-11-27,9,525.05,99,0,express,True,22,624.05
ORD008490,C03382,P0018,2024-12-27,4,1002.71,0,50,quick,False,5,952.71
ORD008491,C01160,P0424,2024-05-31,2,2365.37,49,50,standard,True,9,2364.37
ORD008492,C02522,P0423,2024-08-30,1,156.31,149,0,standard,True,9,305.31
ORD008493,C04312,P0057,2024-05-28,5,330.21,99,50,standard,True,3,379.21
ORD008494,C00195,P0422,2024-10-20,4,576.03,149,50,standard,False,17,675.03
ORD008495,C02248,P0262,2024-12-07,5,229.76,0,50,standard,False,5,179.76
ORD008496,C04461,P0035,2024-03-16,5,185.97,49,0,quick,False,4,234.97
ORD008497,C02766,P0210,2024-10-16,8,520.44,49,50,standard,False,5,519.44
ORD008498,C01551,P0331,2024-08-14,6,707.47,149,0,express,False,13,856.47
ORD008499,C02447,P0147,2024-06-22,3,1300.17,99,50,quick,False,3,1349.17
ORD008500,C04309,P0101,2024-12-18,9,4383.6,0,0,quick,True,17,4383.6
ORD008501,C02388,P0075,2024-02-27,8,1140.89,0,0,standard,False,19,1140.89
ORD008502,C03006,P0412,2024-09-02,9,274.13,0,100,standard,False,13,174.13
ORD008503,C00118,P0477,2024-01-21,4,1063.77,149,100,express,True,5,1112.77
ORD008504,C03496,P0467,2024-03-12,8,638.25,0,0,quick,True,17,638.25
ORD008505,C01716,P0067,2024-12-13,3,518.52,49,200,standard,False,17,367.52
ORD008506,C02883,P0065,2024-10-09,5,2020.25,149,100,standard,False,20,2069.25
ORD008507,C04937,P0302,2024-02-29,7,946.68,149,50,quick,False,15,1045.6799999999998
ORD008508,C02914,P0221,2024-06-06,1,900.32,99,0,standard,False,22,999.32
ORD008509,C01672,P0150,2024-01-13,1,107.28,49,100,standard,True,8,56.28
ORD008510,C01202,P0389,2024-07-24,3,1501.11,0,0,standard,False,22,1501.11
ORD008511,C01455,P0273,2024-11-12,4,1202.54,0,50,standard,True,7,1152.54
ORD008512,C04661,P0436,2024-04-22,1,347.62,0,0,quick,False,3,347.62
ORD008513,C03978,P0277,2024-08-16,8,340.83,0,0,standard,False,21,340.83
ORD008514,C02471,P0484,2024-07-01,2,137.47,99,100,quick,False,4,136.47
ORD008515,C00117,P0067,2024-02-17,5,135.54,0,0,standard,False,14,135.54
ORD008516,C00367,P0234,2024-06-16,6,872.09,149,50,quick,True,3,971.09
ORD008517,C03176,P0202,2024-01-29,6,243.26,0,0,express,False,1,243.26
ORD008518,C03374,P0232,2024-11-07,6,1898.76,99,0,standard,False,4,1997.76
ORD008519,C03812,P0162,2024-11-24,1,1392.41,0,0,quick,False,12,1392.41
ORD008520,C02197,P0458,2024-04-09,3,399.35,149,50,standard,False,15,498.35
ORD008521,C04911,P0097,2024-10-25,3,433.7,0,200,express,False,12,233.7
ORD008522,C02129,P0008,2024-09-26,8,376.49,0,50,standard,True,15,326.49
ORD008523,C00900,P0414,2024-04-23,6,166.86,99,100,standard,True,5,165.86
ORD008524,C00192,P0248,2024-05-22,2,121.35,99,100,standard,False,0,120.35
ORD008525,C02770,P0489,2024-04-10,1,520.21,99,0,standard,True,18,619.21
ORD008526,C03348,P0479,2024-01-12,4,2104.79,0,0,standard,False,22,2104.79
ORD008527,C00950,P0426,2024-02-12,1,1843.35,99,0,standard,False,11,1942.35
ORD008528,C03606,P0226,2024-10-02,5,1260.92,0,0,standard,False,14,1260.92
ORD008529,C00257,P0240,2024-08-16,8,792.32,0,0,standard,False,18,792.32
ORD008530,C01221,P0074,2024-12-12,2,1456.64,49,0,standard,False,18,1505.64
ORD008531,C00650,P0016,2024-12-09,8,605.62,0,50,standard,False,5,555.62
ORD008532,C02318,P0050,2024-02-14,8,238.05,0,0,standard,True,14,238.05
ORD008533,C04491,P0227,2024-09-19,6,905.79,0,0,standard,False,0,905.79
ORD008534,C02425,P0193,2024-07-20,8,1872.69,0,100,standard,True,15,1772.69
ORD008535,C00922,P0279,2024-04-09,2,112.86,149,0,express,False,21,261.86
ORD008536,C03159,P0237,2024-09-08,7,301.73,49,50,standard,True,18,300.73
ORD008537,C00397,P0380,2024-06-11,8,314.94,99,200,standard,True,11,213.94
ORD008538,C02914,P0270,2024-11-04,4,172.01,0,0,express,False,10,172.01
ORD008539,C00560,P0411,2024-11-05,9,277.87,0,50,standard,True,2,227.87
ORD008540,C00189,P0386,2024-09-18,6,438.14,0,50,standard,False,11,388.14
ORD008541,C00204,P0156,2024-01-29,3,2066.47,149,200,standard,False,2,2015.4699999999998
ORD008542,C03015,P0253,2024-12-07,4,1476.61,49,50,standard,True,5,1475.61
ORD008543,C04139,P0307,2024-07-03,4,2142.22,99,100,quick,True,4,2141.22
ORD008544,C03371,P0309,2024-07-22,1,188.94,49,200,standard,True,19,37.94
ORD008545,C03041,P0313,2024-03-16,1,118.91,0,100,quick,False,9,18.909999999999997
ORD008546,C01705,P0300,2024-08-06,1,180.48,149,0,standard,False,21,329.48
ORD008547,C00712,P0117,2024-07-08,4,1818.8,49,0,quick,False,12,1867.8
ORD008548,C03456,P0332,2024-07-16,1,218.96,99,50,express,False,4,267.96000000000004
ORD008549,C02684,P0049,2024-07-09,6,694.08,149,50,quick,False,3,793.08
ORD008550,C04406,P0277,2024-01-07,2,279.76,99,200,standard,True,21,178.76
ORD008551,C04973,P0051,2024-05-25,1,113.6,0,0,standard,False,6,113.6
ORD008552,C03599,P0180,2024-06-25,7,160.89,0,0,standard,False,20,160.89
ORD008553,C04952,P0030,2024-06-28,6,965.02,99,50,standard,False,10,1014.02
ORD008554,C02321,P0326,2024-06-06,1,239.94,0,200,quick,True,9,39.94
ORD008555,C03877,P0495,2024-08-16,9,281.17,0,50,standard,False,22,231.17000000000002
ORD008556,C03522,P0431,2024-10-14,6,430.53,0,200,quick,False,2,230.52999999999997
ORD008557,C04626,P0245,2024-02-14,2,848.51,99,0,standard,False,11,947.51
ORD008558,C04112,P0089,2024-04-20,7,542.59,0,50,standard,True,19,492.59000000000003
ORD008559,C02765,P0030,2024-08-15,3,2124.35,0,50,express,False,15,2074.35
ORD008560,C04565,P0101,2024-07-31,7,497.64,149,0,standard,True,0,646.64
ORD008561,C04906,P0229,2024-08-14,9,254.44,99,0,standard,False,19,353.44
ORD008562,C00554,P0387,2024-05-27,5,636.73,49,200,standard,True,18,485.73
ORD008563,C02140,P0418,2024-03-24,1,518.62,149,0,express,False,13,667.62
ORD008564,C04977,P0096,2024-08-05,5,1181.98,0,200,standard,False,5,981.98
ORD008565,C02678,P0066,2024-07-31,8,2013.66,149,50,express,False,11,2112.66
ORD008566,C04916,P0191,2024-03-12,8,1365.78,0,100,standard,True,8,1265.78
ORD008567,C00583,P0210,2024-10-27,3,443.91,0,50,express,False,6,393.91
ORD008568,C04941,P0136,2024-11-02,4,269.45,99,0,quick,False,16,368.45
ORD008569,C01996,P0429,2024-02-14,8,1820.38,49,200,standard,False,8,1669.38
ORD008570,C00841,P0338,2024-03-14,8,440.36,99,0,standard,True,16,539.36
ORD008571,C02375,P0183,2024-04-16,7,1128.4,49,50,quick,False,0,1127.4
ORD008572,C04038,P0055,2024-06-04,6,3290.29,49,200,express,False,15,3139.29
ORD008573,C01804,P0466,2024-08-31,4,702.0,99,0,standard,False,10,801.0
ORD008574,C00729,P0249,2024-09-25,9,556.59,149,50,quick,False,5,655.59
ORD008575,C04349,P0281,2024-06-20,2,941.48,0,100,quick,True,1,841.48
ORD008576,C01463,P0059,2024-02-03,2,249.91,0,100,standard,False,20,149.91
ORD008577,C04946,P0127,2024-10-29,1,567.93,0,50,standard,False,7,517.93
ORD008578,C02167,P0204,2024-07-11,3,361.11,0,0,standard,True,22,361.11
ORD008579,C04917,P0213,2024-02-15,3,224.58,0,100,standard,False,9,124.58000000000001
ORD008580,C01572,P0126,2024-01-04,4,758.37,99,200,quick,False,8,657.37
ORD008581,C04966,P0495,2024-07-28,3,699.13,99,0,standard,True,14,798.13
ORD008582,C01393,P0071,2024-11-23,6,1101.5,49,0,standard,True,13,1150.5
ORD008583,C00256,P0215,2024-05-19,9,1543.33,0,50,standard,False,10,1493.33
ORD008584,C00127,P0089,2024-07-31,8,273.26,99,200,standard,True,1,172.26
ORD008585,C01382,P0431,2024-03-30,6,1157.94,0,200,express,True,8,957.94
ORD008586,C03728,P0313,2024-10-11,8,419.53,49,0,quick,False,23,468.53
ORD008587,C04651,P0232,2024-08-24,8,792.72,0,100,express,True,21,692.72
ORD008588,C02700,P0232,2024-12-29,6,1428.11,0,100,standard,False,14,1328.11
ORD008589,C03147,P0062,2024-10-17,2,306.17,0,0,quick,False,21,306.17
ORD008590,C02205,P0375,2024-03-11,5,742.09,99,0,standard,True,2,841.09
ORD008591,C04180,P0246,2024-04-12,4,557.18,0,50,quick,False,10,507.17999999999995
ORD008592,C00321,P0441,2024-04-05,6,1193.38,49,200,standard,False,17,1042.38
ORD008593,C02356,P0386,2024-07-14,2,935.37,0,100,standard,False,1,835.37
ORD008594,C04379,P0134,2024-05-28,4,1126.65,149,0,express,False,4,1275.65
ORD008595,C03113,P0435,2024-10-10,8,336.72,0,100,quick,True,19,236.72000000000003
ORD008596,C01917,P0369,2024-09-08,1,952.02,99,100,quick,False,0,951.02
ORD008597,C03956,P0445,2024-01-22,3,750.64,0,100,quick,False,23,650.64
ORD008598,C04709,P0001,2024-06-03,4,526.04,99,0,quick,True,18,625.04
ORD008599,C02696,P0160,2024-10-26,2,431.76,99,200,quick,False,0,330.76
ORD008600,C01516,P0139,2024-06-04,2,381.01,0,200,standard,True,9,181.01
ORD008601,C03293,P0303,2024-09-09,6,105.81,99,100,standard,False,12,104.81
ORD008602,C04324,P0459,2024-10-13,6,229.06,49,200,standard,True,6,78.06
ORD008603,C03045,P0308,2024-08-25,3,141.55,0,50,quick,False,15,91.55000000000001
ORD008604,C00118,P0201,2024-04-24,8,1419.36,0,0,standard,True,12,1419.36
ORD008605,C02371,P0124,2024-01-14,3,1475.72,0,0,quick,False,12,1475.72
ORD008606,C04415,P0424,2024-01-02,2,1409.44,0,200,quick,False,1,1209.44
ORD008607,C03918,P0372,2024-03-19,5,1291.32,49,100,quick,True,22,1240.32
ORD008608,C03260,P0346,2024-05-14,7,274.12,0,100,standard,True,21,174.12
ORD008609,C02585,P0081,2024-06-02,1,572.8,49,100,quick,False,8,521.8
ORD008610,C04796,P0441,2024-11-23,2,1767.99,0,200,express,False,22,1567.99
ORD008611,C02441,P0323,2024-11-21,2,1097.35,0,100,standard,False,12,997.3499999999999
ORD008612,C02699,P0487,2024-08-29,8,100.28,0,200,quick,False,10,-99.72
ORD008613,C01017,P0406,2024-03-04,6,529.59,0,0,express,True,11,529.59
ORD008614,C04501,P0468,2024-11-30,4,106.51,0,200,quick,False,16,-93.49
ORD008615,C03047,P0163,2024-12-06,4,329.6,99,50,standard,False,13,378.6
ORD008616,C02068,P0349,2024-05-27,5,499.6,99,100,standard,True,13,498.6
ORD008617,C03665,P0239,2024-08-01,3,1662.79,49,100,standard,False,22,1611.79
ORD008618,C04250,P0212,2024-04-01,4,842.7,0,0,express,False,10,842.7
ORD008619,C04962,P0470,2024-09-08,4,414.12,0,200,express,False,4,214.12
ORD008620,C04654,P0148,2024-12-18,7,571.24,149,0,standard,True,11,720.24
ORD008621,C00193,P0071,2024-11-26,7,1289.28,49,100,express,False,23,1238.28
ORD008622,C02446,P0102,2024-05-05,1,348.33,0,0,standard,True,8,348.33
ORD008623,C01399,P0182,2024-01-15,3,767.22,49,200,standard,False,17,616.22
ORD008624,C02519,P0183,2024-03-02,9,311.9,149,0,quick,False,6,460.9
ORD008625,C03927,P0012,2024-05-21,6,556.7,0,0,express,True,15,556.7
ORD008626,C03687,P0379,2024-09-09,6,116.48,49,200,quick,False,9,-34.51999999999998
ORD008627,C04897,P0231,2024-02-04,4,1437.68,49,100,express,False,8,1386.68
ORD008628,C00552,P0149,2024-11-02,9,133.69,0,200,standard,False,2,-66.31
ORD008629,C00729,P0262,2024-07-04,3,276.85,99,100,standard,False,14,275.85
ORD008630,C02560,P0023,2024-10-24,8,383.01,0,50,express,False,21,333.01
ORD008631,C03997,P0188,2024-09-03,6,785.88,0,100,standard,False,2,685.88
ORD008632,C04266,P0132,2024-10-16,2,990.16,0,0,standard,True,21,990.16
ORD008633,C04945,P0049,2024-08-11,3,157.71,149,0,standard,False,10,306.71000000000004
ORD008634,C00793,P0445,2024-05-12,1,130.11,99,200,standard,False,16,29.110000000000014
ORD008635,C00124,P0182,2024-11-17,3,1222.08,0,50,quick,True,3,1172.08
ORD008636,C00174,P0025,2024-12-17,4,970.76,149,50,standard,True,0,1069.76
ORD008637,C02551,P0498,2024-08-31,6,1345.78,99,50,standard,True,4,1394.78
ORD008638,C03848,P0137,2024-12-21,7,889.07,0,0,quick,False,3,889.07
ORD008639,C03456,P0010,2024-03-02,3,1072.25,0,100,standard,False,7,972.25
ORD008640,C02758,P0295,2024-07-10,7,432.54,99,50,express,True,2,481.53999999999996
ORD008641,C03839,P0101,2024-09-19,4,723.43,149,0,quick,False,5,872.43
ORD008642,C03755,P0010,2024-10-21,1,1244.74,149,0,quick,False,11,1393.74
ORD008643,C03642,P0111,2024-01-09,1,231.22,99,200,standard,False,2,130.22000000000003
ORD008644,C04201,P0093,2024-05-12,8,483.72,149,0,standard,False,4,632.72
ORD008645,C01970,P0259,2024-03-24,7,1043.27,149,100,express,False,18,1092.27
ORD008646,C01660,P0257,2024-10-24,4,631.45,0,100,standard,True,7,531.45
ORD008647,C02575,P0460,2024-01-30,1,900.24,0,50,standard,False,2,850.24
ORD008648,C00037,P0166,2024-03-15,6,341.58,49,100,quick,True,2,290.58
ORD008649,C04490,P0208,2024-06-12,7,122.01,0,100,standard,False,0,22.010000000000005
ORD008650,C02524,P0406,2024-08-24,6,119.71,99,50,quick,True,23,168.70999999999998
ORD008651,C04817,P0044,2024-12-20,6,2101.61,49,200,standard,True,0,1950.6100000000001
ORD008652,C03576,P0329,2024-03-10,8,2123.47,0,100,standard,False,23,2023.4699999999998
ORD008653,C01308,P0204,2024-07-01,6,265.14,49,100,quick,False,10,214.14
ORD008654,C03535,P0425,2024-03-24,2,210.68,149,0,standard,False,19,359.68
ORD008655,C04460,P0358,2024-01-28,7,111.81,0,200,standard,False,2,-88.19
ORD008656,C02228,P0041,2024-05-19,4,283.1,49,50,standard,False,4,282.1
ORD008657,C04829,P0284,2024-07-03,3,383.9,0,0,standard,True,18,383.9
ORD008658,C02923,P0399,2024-08-02,8,292.25,0,0,standard,False,20,292.25
ORD008659,C03041,P0450,2024-11-21,5,1216.51,0,200,standard,False,14,1016.51
ORD008660,C02708,P0099,2024-07-01,4,1067.81,49,100,express,True,20,1016.81
ORD008661,C04339,P0443,2024-01-25,4,158.14,0,50,quick,False,10,108.13999999999999
ORD008662,C04408,P0387,2024-05-28,5,935.56,0,200,quick,True,21,735.56
ORD008663,C04171,P0355,2024-05-29,4,613.63,0,0,standard,False,3,613.63
ORD008664,C03952,P0271,2024-09-28,3,198.23,0,0,standard,False,19,198.23
ORD008665,C02309,P0424,2024-11-23,4,1040.7,0,50,quick,False,3,990.7
ORD008666,C00230,P0005,2024-02-09,5,161.98,99,0,quick,False,1,260.98
ORD008667,C02750,P0041,2024-09-20,2,235.49,0,100,standard,True,22,135.49
ORD008668,C02693,P0383,2024-04-09,7,212.13,0,200,express,False,4,12.129999999999995
ORD008669,C02804,P0440,2024-11-17,5,2057.2,0,100,express,False,6,1957.1999999999998
ORD008670,C00841,P0411,2024-04-03,9,937.49,0,200,express,False,23,737.49
ORD008671,C03583,P0355,2024-02-18,6,469.87,99,0,standard,True,2,568.87
ORD008672,C04611,P0406,2024-11-02,1,1307.98,99,100,standard,False,5,1306.98
ORD008673,C02489,P0252,2024-03-26,9,269.31,49,0,quick,False,2,318.31
ORD008674,C04914,P0075,2024-10-05,5,1971.5,49,0,quick,False,22,2020.5
ORD008675,C03534,P0041,2024-06-14,9,934.81,0,200,standard,False,2,734.81
ORD008676,C00607,P0350,2024-06-10,1,673.02,149,0,express,True,0,822.02
ORD008677,C04618,P0267,2024-12-16,2,1207.12,0,0,quick,True,13,1207.12
ORD008678,C03960,P0379,2024-06-03,3,823.51,99,50,express,True,21,872.51
ORD008679,C04257,P0479,2024-05-18,5,1625.93,99,200,standard,True,7,1524.93
ORD008680,C02031,P0216,2024-12-16,6,1335.89,99,50,quick,True,6,1384.89
ORD008681,C00201,P0063,2024-12-23,5,253.3,0,0,standard,True,1,253.3
ORD008682,C01364,P0441,2024-12-18,1,290.8,99,100,quick,False,22,289.8
ORD008683,C00751,P0178,2024-07-04,4,146.12,0,200,standard,False,2,-53.879999999999995
ORD008684,C01205,P0028,2024-02-19,6,273.1,0,0,standard,True,12,273.1
ORD008685,C01320,P0274,2024-09-30,4,393.57,0,200,express,True,10,193.57
ORD008686,C03887,P0469,2024-10-23,4,119.48,0,0,standard,True,20,119.48
ORD008687,C01330,P0215,2024-06-29,5,363.8,49,0,quick,False,16,412.8
ORD008688,C00430,P0352,2024-03-14,8,1132.49,49,100,express,True,6,1081.49
ORD008689,C02165,P0483,2024-01-07,5,1383.24,0,200,standard,True,15,1183.24
ORD008690,C04683,P0300,2024-03-11,7,105.24,0,100,quick,True,6,5.239999999999995
ORD008691,C03117,P0487,2024-09-22,8,104.02,99,100,quick,False,22,103.01999999999998
ORD008692,C02274,P0053,2024-05-24,6,209.73,99,0,quick,False,15,308.73
ORD008693,C03365,P0365,2024-07-09,6,1541.17,99,50,standard,False,19,1590.17
ORD008694,C01263,P0079,2024-09-05,2,542.46,0,0,quick,True,22,542.46
ORD008695,C02395,P0193,2024-07-29,5,2947.16,0,50,quick,False,5,2897.16
ORD008696,C04236,P0199,2024-06-23,1,1627.31,99,50,standard,False,15,1676.31
ORD008697,C04299,P0012,2024-03-24,9,1644.91,0,0,express,True,9,1644.91
ORD008698,C03733,P0221,2024-02-22,7,195.26,0,100,standard,False,23,95.25999999999999
ORD008699,C01665,P0192,2024-04-21,2,550.36,99,100,standard,True,21,549.36
ORD008700,C00860,P0395,2024-03-20,6,3633.99,49,0,standard,True,18,3682.99
ORD008701,C00844,P0368,2024-09-14,9,211.98,49,0,standard,True,1,260.98
ORD008702,C03042,P0326,2024-04-23,5,696.7,149,200,standard,False,14,645.7
ORD008703,C03340,P0239,2024-04-06,3,394.41,0,100,quick,False,5,294.41
ORD008704,C03489,P0269,2024-10-13,4,442.55,49,0,quick,False,16,491.55
ORD008705,C01938,P0297,2024-11-10,3,1649.15,99,200,quick,True,0,1548.15
ORD008706,C00136,P0098,2024-12-19,1,719.55,49,50,quick,False,2,718.55
ORD008707,C03232,P0219,2024-09-26,7,1094.42,0,0,standard,False,5,1094.42
ORD008708,C02220,P0331,2024-09-29,8,881.96,0,200,standard,False,6,681.96
ORD008709,C01153,P0103,2024-12-30,2,626.05,49,100,quick,False,8,575.05
ORD008710,C04174,P0431,2024-10-09,8,1197.18,0,0,quick,False,4,1197.18
ORD008711,C00978,P0376,2024-12-25,9,2570.9,0,0,standard,False,17,2570.9
ORD008712,C00568,P0407,2024-02-28,7,2483.06,49,0,express,False,18,2532.06
ORD008713,C02910,P0064,2024-08-01,1,1189.63,149,50,standard,True,6,1288.63
ORD008714,C02410,P0144,2024-08-23,4,566.69,99,100,standard,False,22,565.69
ORD008715,C03406,P0037,2024-02-09,7,223.68,0,50,standard,True,3,173.68
ORD008716,C00133,P0027,2024-02-29,6,130.84,49,0,quick,False,22,179.84
ORD008717,C02061,P0288,2024-03-08,8,283.27,0,0,standard,False,2,283.27
ORD008718,C04378,P0407,2024-01-09,6,390.13,149,50,standard,True,6,489.13
ORD008719,C02853,P0366,2024-09-02,6,196.36,149,200,standard,False,5,145.36
ORD008720,C03730,P0236,2024-06-27,6,277.21,0,200,express,False,10,77.20999999999998
ORD008721,C03492,P0125,2024-06-08,7,160.07,149,0,quick,True,7,309.07
ORD008722,C00126,P0383,2024-12-19,5,618.16,49,200,quick,True,5,467.15999999999997
ORD008723,C01795,P0325,2024-07-04,9,193.53,0,200,standard,False,12,-6.469999999999999
ORD008724,C01849,P0084,2024-03-12,7,1049.45,0,0,express,False,20,1049.45
ORD008725,C04313,P0236,2024-08-14,1,382.11,49,50,standard,False,18,381.11
ORD008726,C03976,P0245,2024-11-01,9,879.45,0,0,standard,True,9,879.45
ORD008727,C04840,P0387,2024-09-24,6,1598.04,99,0,standard,False,19,1697.04
ORD008728,C02727,P0416,2024-06-24,8,161.96,0,0,quick,True,13,161.96
ORD008729,C03726,P0374,2024-03-29,9,3255.95,0,0,standard,False,16,3255.95
ORD008730,C03560,P0265,2024-12-29,2,824.43,99,0,standard,False,20,923.43
ORD008731,C00259,P0248,2024-06-04,2,137.39,0,0,standard,False,9,137.39
ORD008732,C01241,P0291,2024-01-15,5,362.82,0,100,quick,False,6,262.82
ORD008733,C01843,P0204,2024-03-01,5,1620.6,149,0,express,False,13,1769.6
ORD008734,C01512,P0227,2024-04-23,2,733.84,99,0,express,True,8,832.84
ORD008735,C04194,P0239,2024-03-06,4,336.01,0,0,standard,False,11,336.01
ORD008736,C04277,P0072,2024-12-21,9,2074.18,149,200,standard,False,23,2023.1799999999998
ORD008737,C02216,P0158,2024-03-13,4,1182.35,0,200,quick,True,7,982.3499999999999
ORD008738,C02280,P0387,2024-12-18,1,1030.04,0,0,standard,True,16,1030.04
ORD008739,C00955,P0377,2024-04-26,5,1634.15,0,0,quick,True,0,1634.15
ORD008740,C04567,P0211,2024-06-06,2,1127.1,0,0,express,False,20,1127.1
ORD008741,C01108,P0135,2024-03-05,6,335.53,0,0,standard,False,21,335.53
ORD008742,C04774,P0282,2024-04-17,1,712.76,0,50,standard,True,8,662.76
ORD008743,C01542,P0163,2024-03-07,7,1391.88,99,100,standard,False,9,1390.88
ORD008744,C00380,P0136,2024-02-10,7,238.64,0,100,express,True,5,138.64
ORD008745,C01255,P0170,2024-08-05,4,223.57,99,50,standard,False,2,272.57
ORD008746,C02298,P0151,2024-12-19,9,220.19,0,0,quick,False,1,220.19
ORD008747,C02240,P0164,2024-02-27,3,250.19,49,50,standard,False,2,249.19
ORD008748,C01658,P0296,2024-02-09,5,175.27,49,100,quick,False,15,124.27000000000001
ORD008749,C02984,P0103,2024-01-10,5,1371.51,149,50,standard,False,11,1470.51
ORD008750,C02648,P0221,2024-09-04,8,1292.85,0,0,quick,True,23,1292.85
ORD008751,C03958,P0281,2024-08-08,4,213.89,99,200,quick,False,1,112.88999999999999
ORD008752,C03371,P0387,2024-01-22,1,954.82,49,0,standard,False,19,1003.82
ORD008753,C03429,P0371,2024-04-10,5,789.28,0,100,standard,False,13,689.28
ORD008754,C01580,P0128,2024-02-25,1,325.26,149,200,express,True,2,274.26
ORD008755,C04860,P0403,2024-01-17,3,279.57,49,200,standard,False,21,128.57
ORD008756,C02932,P0219,2024-12-03,6,300.92,149,50,standard,False,22,399.92
ORD008757,C01586,P0172,2024-09-19,1,1017.17,49,0,quick,True,14,1066.17
ORD008758,C02112,P0471,2024-10-30,3,368.26,0,50,quick,False,0,318.26
ORD008759,C03637,P0347,2024-01-31,7,326.97,0,100,standard,True,23,226.97000000000003
ORD008760,C04561,P0475,2024-08-28,2,114.92,149,200,quick,True,21,63.920000000000016
ORD008761,C04983,P0452,2024-03-01,6,1770.98,149,50,standard,True,2,1869.98
ORD008762,C02521,P0095,2024-05-09,7,1077.02,49,200,standard,False,10,926.02
ORD008763,C03751,P0051,2024-01-23,2,547.1,149,0,standard,True,18,696.1
ORD008764,C02702,P0093,2024-02-03,5,2103.4,0,100,quick,False,11,2003.4
ORD008765,C00018,P0063,2024-06-03,1,342.23,0,0,quick,False,22,342.23
ORD008766,C02569,P0020,2024-12-07,3,885.12,0,50,express,False,21,835.12
ORD008767,C00783,P0105,2024-01-06,1,353.84,0,50,express,False,19,303.84
ORD008768,C01706,P0335,2024-02-19,3,363.4,49,0,express,True,21,412.4
ORD008769,C00414,P0199,2024-03-04,4,1402.72,149,0,quick,False,2,1551.72
ORD008770,C00363,P0331,2024-11-04,5,1181.6,149,100,quick,True,18,1230.6
ORD008771,C02575,P0351,2024-04-15,4,342.8,49,200,standard,True,8,191.8
ORD008772,C01103,P0280,2024-10-27,4,158.43,49,0,standard,True,23,207.43
ORD008773,C04891,P0450,2024-04-12,9,408.76,0,100,standard,False,10,308.76
ORD008774,C01171,P0281,2024-04-04,9,1098.15,0,0,quick,True,14,1098.15
ORD008775,C01698,P0099,2024-12-09,9,173.18,0,200,standard,False,11,-26.819999999999993
ORD008776,C00442,P0336,2024-06-28,5,879.53,0,100,express,False,23,779.53
ORD008777,C03943,P0026,2024-01-15,5,1642.59,149,0,standard,True,15,1791.59
ORD008778,C04745,P0244,2024-02-16,2,237.26,99,200,standard,True,11,136.26
ORD008779,C04604,P0435,2024-03-15,6,1486.39,49,0,express,False,15,1535.39
ORD008780,C04561,P0062,2024-05-22,2,135.91,49,200,standard,False,9,-15.090000000000003
ORD008781,C02412,P0341,2024-10-23,5,868.48,99,0,quick,False,15,967.48
ORD008782,C02589,P0373,2024-06-27,5,1194.93,149,50,standard,True,10,1293.93
ORD008783,C01839,P0428,2024-06-29,4,510.86,0,50,quick,False,17,460.86
ORD008784,C01503,P0441,2024-03-23,5,258.47,0,0,quick,True,23,258.47
ORD008785,C00722,P0037,2024-09-13,7,1909.67,49,100,quick,True,6,1858.67
ORD008786,C00841,P0418,2024-11-09,2,113.12,49,0,quick,True,7,162.12
ORD008787,C02347,P0301,2024-05-03,1,665.89,0,50,standard,False,18,615.89
ORD008788,C02221,P0126,2024-09-15,4,425.6,0,100,express,False,5,325.6
ORD008789,C00645,P0070,2024-10-18,7,531.7,0,200,standard,False,1,331.70000000000005
ORD008790,C00023,P0386,2024-02-04,1,637.36,149,50,standard,True,22,736.36
ORD008791,C03272,P0133,2024-02-20,4,634.62,0,100,express,False,11,534.62
ORD008792,C04826,P0252,2024-10-23,6,258.38,0,0,standard,False,13,258.38
ORD008793,C00006,P0012,2024-01-08,6,895.95,99,200,standard,True,14,794.95
ORD008794,C03701,P0173,2024-09-27,1,112.53,0,50,standard,False,14,62.53
ORD008795,C03232,P0462,2024-04-21,7,113.99,149,50,quick,True,10,212.99
ORD008796,C02925,P0089,2024-04-08,5,554.72,99,0,standard,True,12,653.72
ORD008797,C01271,P0367,2024-05-24,6,645.47,99,0,quick,False,14,744.47
ORD008798,C04261,P0288,2024-03-28,1,324.0,0,50,standard,False,14,274.0
ORD008799,C04523,P0206,2024-10-02,7,660.57,0,0,quick,True,14,660.57
ORD008800,C02192,P0061,2024-01-03,4,607.13,0,0,express,False,4,607.13
ORD008801,C02556,P0318,2024-02-20,3,399.71,149,0,standard,False,4,548.71
ORD008802,C02954,P0311,2024-04-19,4,837.43,0,100,express,True,23,737.43
ORD008803,C01599,P0038,2024-09-15,9,2317.01,0,50,standard,False,12,2267.01
ORD008804,C01666,P0059,2024-12-28,5,571.44,0,200,quick,True,13,371.44000000000005
ORD008805,C04919,P0104,2024-08-31,5,1178.41,49,200,standard,True,0,1027.41
ORD008806,C01061,P0238,2024-07-06,8,298.14,99,0,quick,False,4,397.14
ORD008807,C04661,P0461,2024-12-23,7,1103.69,0,200,quick,True,10,903.69
ORD008808,C03801,P0126,2024-10-28,3,831.69,99,200,quick,False,12,730.69
ORD008809,C01163,P0082,2024-04-04,1,813.57,149,200,standard,False,20,762.57
ORD008810,C03879,P0219,2024-08-13,2,1663.68,0,100,express,False,4,1563.68
ORD008811,C01281,P0407,2024-12-10,3,285.01,149,100,standard,False,12,334.01
ORD008812,C02664,P0433,2024-02-24,1,420.7,0,0,standard,True,11,420.7
ORD008813,C02895,P0104,2024-04-02,1,159.7,0,200,standard,True,0,-40.30000000000001
ORD008814,C01208,P0416,2024-06-30,8,1005.55,49,0,standard,False,13,1054.55
ORD008815,C00302,P0459,2024-07-13,8,1398.93,49,0,standard,True,21,1447.93
ORD008816,C00755,P0073,2024-08-05,2,463.42,99,0,standard,False,5,562.4200000000001
ORD008817,C04259,P0134,2024-04-19,8,407.94,0,100,standard,False,4,307.94
ORD008818,C01226,P0429,2024-09-20,2,851.4,0,100,express,False,18,751.4
ORD008819,C01233,P0377,2024-04-26,5,154.02,49,50,quick,True,5,153.02
ORD008820,C03517,P0061,2024-07-27,1,342.54,0,200,standard,True,6,142.54000000000002
ORD008821,C00897,P0000,2024-02-27,9,418.23,149,0,standard,False,3,567.23
ORD008822,C04878,P0078,2024-06-09,4,610.73,0,100,standard,True,0,510.73
ORD008823,C03310,P0373,2024-03-04,2,552.15,0,0,standard,False,12,552.15
ORD008824,C04822,P0064,2024-08-26,1,262.84,49,200,standard,False,15,111.83999999999997
ORD008825,C03362,P0428,2024-02-26,6,643.77,49,200,quick,False,4,492.77
ORD008826,C02419,P0467,2024-09-23,8,1920.34,149,100,quick,True,8,1969.3400000000001
ORD008827,C02909,P0182,2024-03-10,4,118.22,149,0,quick,False,10,267.22
ORD008828,C01454,P0065,2024-09-10,1,897.27,0,0,express,False,6,897.27
ORD008829,C02327,P0322,2024-07-03,1,785.04,149,0,standard,True,0,934.04
ORD008830,C02363,P0355,2024-12-26,6,1906.86,49,100,standard,True,15,1855.86
ORD008831,C02012,P0207,2024-05-27,2,824.63,49,0,quick,False,12,873.63
ORD008832,C01100,P0053,2024-10-12,5,785.29,149,100,quick,False,5,834.29
ORD008833,C00815,P0220,2024-01-21,2,1127.18,0,0,standard,False,9,1127.18
ORD008834,C04246,P0235,2024-02-12,9,317.2,0,200,quick,False,17,117.19999999999999
ORD008835,C01320,P0376,2024-06-16,2,732.97,0,100,express,False,8,632.97
ORD008836,C04764,P0099,2024-09-09,5,611.93,99,0,standard,False,7,710.93
ORD008837,C04502,P0446,2024-02-29,4,502.97,0,200,standard,False,6,302.97
ORD008838,C02334,P0437,2024-07-16,1,156.98,49,100,quick,False,15,105.97999999999999
ORD008839,C04587,P0491,2024-05-25,9,341.34,99,100,quick,False,19,340.34
ORD008840,C01032,P0102,2024-08-21,3,328.94,99,0,quick,False,23,427.94
ORD008841,C01155,P0435,2024-11-03,8,1000.78,149,0,standard,False,15,1149.78
ORD008842,C01100,P0181,2024-06-08,4,1872.77,149,200,standard,True,13,1821.77
ORD008843,C02785,P0450,2024-12-17,9,282.67,0,50,quick,False,13,232.67000000000002
ORD008844,C00996,P0420,2024-08-15,5,153.29,99,200,quick,True,5,52.28999999999999
ORD008845,C01435,P0107,2024-04-25,2,7136.27,0,100,quick,True,15,7036.27
ORD008846,C02545,P0011,2024-10-10,8,921.56,99,100,quick,False,21,920.56
ORD008847,C03700,P0442,2024-07-27,4,1621.99,0,100,standard,True,1,1521.99
ORD008848,C04984,P0403,2024-05-28,2,207.74,0,0,quick,False,11,207.74
ORD008849,C00353,P0342,2024-08-07,6,1228.3,49,100,standard,True,3,1177.3
ORD008850,C02318,P0085,2024-04-06,1,1273.87,0,100,standard,False,2,1173.87
ORD008851,C04527,P0287,2024-02-05,8,213.99,0,200,quick,False,10,13.990000000000009
ORD008852,C00738,P0326,2024-08-31,9,222.22,149,0,standard,True,22,371.22
ORD008853,C02519,P0213,2024-12-13,7,344.14,0,200,standard,False,15,144.14
ORD008854,C04603,P0043,2024-07-07,9,270.05,0,50,quick,False,19,220.05
ORD008855,C00054,P0321,2024-04-01,2,2692.79,49,200,standard,False,9,2541.79
ORD008856,C02084,P0077,2024-01-07,1,414.63,99,200,standard,False,4,313.63
ORD008857,C00899,P0054,2024-12-11,7,1101.8,0,50,standard,False,7,1051.8
ORD008858,C02102,P0271,2024-09-08,4,1243.51,49,200,standard,True,16,1092.51
ORD008859,C00523,P0343,2024-12-10,8,440.36,149,100,standard,False,15,489.36
ORD008860,C00462,P0070,2024-02-23,3,902.28,0,100,quick,False,6,802.28
ORD008861,C04792,P0067,2024-07-21,7,178.85,49,0,quick,False,13,227.85
ORD008862,C01501,P0179,2024-08-12,7,453.04,149,0,quick,False,15,602.04
ORD008863,C03876,P0379,2024-09-24,9,2493.49,0,100,standard,True,0,2393.49
ORD008864,C00715,P0420,2024-12-03,4,228.19,49,0,express,True,9,277.19
ORD008865,C03297,P0173,2024-12-12,1,440.1,0,200,standard,False,20,240.10000000000002
ORD008866,C02779,P0168,2024-02-13,7,1193.19,99,0,quick,False,5,1292.19
ORD008867,C03611,P0388,2024-03-02,6,865.42,49,100,standard,True,10,814.42
ORD008868,C00988,P0449,2024-03-14,1,797.86,0,200,express,False,20,597.86
ORD008869,C01828,P0260,2024-07-21,9,1442.35,0,0,standard,False,9,1442.35
ORD008870,C00211,P0446,2024-07-24,8,119.67,0,200,quick,False,21,-80.33
ORD008871,C03146,P0124,2024-12-21,4,1131.33,149,0,standard,True,19,1280.33
ORD008872,C00753,P0130,2024-10-29,5,1598.21,0,200,quick,True,13,1398.21
ORD008873,C03750,P0233,2024-02-22,8,110.41,49,200,standard,False,19,-40.59
ORD008874,C03689,P0391,2024-03-27,2,672.04,99,200,quick,True,3,571.04
ORD008875,C03222,P0153,2024-02-03,6,399.03,0,0,quick,False,19,399.03
ORD008876,C00435,P0329,2024-07-05,2,135.47,99,200,express,True,4,34.47
ORD008877,C01901,P0124,2024-04-11,8,477.6,149,0,standard,True,16,626.6
ORD008878,C04179,P0353,2024-06-22,5,822.04,49,0,quick,False,9,871.04
ORD008879,C01235,P0493,2024-04-12,3,1858.43,99,50,quick,True,10,1907.43
ORD008880,C00778,P0378,2024-10-31,2,777.29,99,200,quick,False,23,676.29
ORD008881,C04929,P0099,2024-07-25,4,1459.18,0,100,quick,False,11,1359.18
ORD008882,C03852,P0052,2024-03-03,8,189.73,49,0,quick,True,22,238.73
ORD008883,C01960,P0331,2024-04-29,1,264.47,99,200,express,False,4,163.47000000000003
ORD008884,C04272,P0467,2024-08-05,3,2560.46,0,100,quick,False,11,2460.46
ORD008885,C01806,P0127,2024-09-12,1,1627.74,0,0,standard,False,18,1627.74
ORD008886,C03230,P0412,2024-05-22,2,286.72,0,100,quick,False,15,186.72000000000003
ORD008887,C01724,P0013,2024-12-31,7,778.11,149,0,standard,False,2,927.11
ORD008888,C00185,P0495,2024-10-24,1,414.29,99,0,standard,False,0,513.29
ORD008889,C01494,P0004,2024-10-30,9,541.57,49,0,quick,False,14,590.57
ORD008890,C01979,P0249,2024-05-19,8,1479.68,0,50,quick,False,11,1429.68
ORD008891,C04053,P0367,2024-11-25,1,1030.5,49,100,standard,False,13,979.5
ORD008892,C00245,P0026,2024-07-23,1,289.67,149,200,quick,False,7,238.67000000000002
ORD008893,C04047,P0124,2024-07-01,2,364.85,0,200,quick,True,6,164.85000000000002
ORD008894,C00383,P0451,2024-08-31,2,338.46,49,0,standard,True,10,387.46
ORD008895,C00284,P0028,2024-12-07,6,1161.0,99,100,standard,False,22,1160.0
ORD008896,C03994,P0002,2024-11-04,1,570.46,0,0,quick,False,7,570.46
ORD008897,C00299,P0480,2024-07-26,4,2206.23,0,100,standard,False,10,2106.23
ORD008898,C00900,P0413,2024-09-05,7,1286.59,149,200,quick,False,20,1235.59
ORD008899,C01459,P0227,2024-09-18,9,265.06,49,0,standard,True,15,314.06
ORD008900,C02921,P0136,2024-05-22,3,1178.06,0,100,standard,False,8,1078.06
ORD008901,C02533,P0256,2024-03-16,4,592.77,49,50,standard,False,17,591.77
ORD008902,C00805,P0239,2024-08-20,5,303.85,49,0,standard,False,10,352.85
ORD008903,C02228,P0278,2024-02-25,5,415.05,0,50,quick,True,18,365.05
ORD008904,C01921,P0322,2024-03-03,2,2605.05,49,0,express,True,10,2654.05
ORD008905,C04972,P0159,2024-05-08,5,562.1,0,200,standard,False,22,362.1
ORD008906,C04789,P0471,2024-09-07,1,989.09,149,0,express,False,6,1138.0900000000001
ORD008907,C02387,P0005,2024-09-11,7,552.84,99,100,standard,True,4,551.84
ORD008908,C02538,P0460,2024-04-28,5,424.16,149,100,standard,False,10,473.1600000000001
ORD008909,C01996,P0304,2024-11-17,6,1213.19,0,0,quick,True,20,1213.19
ORD008910,C04825,P0142,2024-03-09,9,1419.21,49,0,quick,False,18,1468.21
ORD008911,C02503,P0441,2024-01-16,3,151.22,0,0,standard,False,7,151.22
ORD008912,C00104,P0180,2024-02-20,1,327.96,99,200,standard,True,22,226.95999999999998
ORD008913,C00438,P0029,2024-01-28,8,595.31,149,50,express,False,18,694.31
ORD008914,C01521,P0459,2024-02-04,2,365.37,0,100,quick,False,19,265.37
ORD008915,C01351,P0252,2024-09-12,2,1170.38,49,0,express,True,7,1219.38
ORD008916,C02698,P0039,2024-12-13,4,184.31,0,0,standard,False,7,184.31
ORD008917,C03612,P0186,2024-01-14,5,1217.94,149,100,quick,False,15,1266.94
ORD008918,C00508,P0318,2024-04-01,1,772.43,149,100,quick,True,18,821.43
ORD008919,C04346,P0303,2024-07-14,3,338.12,0,100,quick,True,15,238.12
ORD008920,C04974,P0226,2024-11-05,8,394.6,149,0,quick,True,0,543.6
ORD008921,C01274,P0219,2024-12-13,6,240.39,49,200,quick,False,10,89.38999999999999
ORD008922,C02822,P0379,2024-06-16,3,302.78,49,100,standard,True,16,251.77999999999997
ORD008923,C00063,P0323,2024-03-19,7,983.28,0,0,express,False,3,983.28
ORD008924,C03921,P0390,2024-06-04,6,428.99,0,0,standard,False,12,428.99
ORD008925,C04415,P0430,2024-11-14,5,913.17,149,0,standard,False,4,1062.17
ORD008926,C00859,P0042,2024-11-15,8,604.24,0,200,quick,False,19,404.24
ORD008927,C02827,P0143,2024-02-19,8,208.9,0,200,standard,False,10,8.900000000000006
ORD008928,C01547,P0277,2024-02-09,3,582.9,0,200,standard,True,2,382.9
ORD008929,C02076,P0318,2024-12-04,8,1087.76,49,0,standard,True,16,1136.76
ORD008930,C00436,P0173,2024-09-23,9,346.35,0,0,standard,False,15,346.35
ORD008931,C03657,P0246,2024-09-09,3,830.05,0,200,quick,False,14,630.05
ORD008932,C00762,P0172,2024-08-26,8,254.35,49,0,standard,True,19,303.35
ORD008933,C00735,P0040,2024-04-13,8,201.08,99,200,standard,False,23,100.08000000000004
ORD008934,C03664,P0408,2024-05-30,7,411.65,149,0,standard,False,8,560.65
ORD008935,C04094,P0049,2024-12-04,8,444.09,49,50,quick,True,2,443.09
ORD008936,C04728,P0322,2024-09-11,1,1100.93,149,50,quick,True,14,1199.93
ORD008937,C01578,P0179,2024-09-08,3,530.43,49,50,standard,False,12,529.43
ORD008938,C03729,P0341,2024-09-15,6,158.31,0,50,standard,False,6,108.31
ORD008939,C01076,P0158,2024-05-13,7,802.58,149,0,quick,False,8,951.58
ORD008940,C02280,P0036,2024-10-04,7,542.43,0,0,standard,False,22,542.43
ORD008941,C01830,P0405,2024-06-24,6,381.05,149,0,standard,True,4,530.05
ORD008942,C01898,P0026,2024-10-03,4,1233.42,99,100,standard,True,11,1232.42
ORD008943,C04295,P0375,2024-10-06,5,216.38,0,0,standard,True,1,216.38
ORD008944,C00673,P0385,2024-01-10,9,1810.0,0,200,express,True,15,1610.0
ORD008945,C00548,P0255,2024-01-17,1,383.59,99,100,standard,False,7,382.59
ORD008946,C00936,P0277,2024-08-08,2,531.55,99,100,quick,False,7,530.55
ORD008947,C04144,P0248,2024-03-01,5,1952.85,0,0,standard,False,20,1952.85
ORD008948,C00895,P0180,2024-07-15,5,1101.61,99,100,standard,False,0,1100.61
ORD008949,C02569,P0016,2024-08-18,7,153.05,49,0,quick,False,10,202.05
ORD008950,C02087,P0367,2024-06-10,8,703.42,49,100,standard,False,11,652.42
ORD008951,C00913,P0124,2024-07-11,6,359.11,0,0,quick,True,19,359.11
ORD008952,C01176,P0311,2024-08-14,6,596.19,0,0,standard,False,15,596.19
ORD008953,C04771,P0211,2024-08-23,5,1049.99,49,100,standard,False,17,998.99
ORD008954,C04865,P0471,2024-01-19,5,578.87,99,0,standard,True,4,677.87
ORD008955,C04306,P0236,2024-01-17,8,150.57,99,50,standard,False,8,199.57
ORD008956,C03273,P0414,2024-03-31,5,627.49,49,50,standard,False,10,626.49
ORD008957,C04242,P0499,2024-10-12,6,116.1,0,100,standard,False,15,16.099999999999994
ORD008958,C01522,P0298,2024-12-03,3,398.84,0,0,express,True,10,398.84
ORD008959,C02802,P0199,2024-06-04,5,554.1,0,0,standard,False,19,554.1
ORD008960,C03122,P0376,2024-12-27,9,823.3,0,100,quick,True,17,723.3
ORD008961,C04590,P0180,2024-03-25,3,592.95,149,0,standard,False,6,741.95
ORD008962,C02456,P0388,2024-09-08,8,214.37,149,0,quick,True,20,363.37
ORD008963,C01649,P0129,2024-08-08,7,1983.02,149,50,quick,False,6,2082.02
ORD008964,C02320,P0120,2024-03-09,4,834.48,49,0,standard,False,19,883.48
ORD008965,C02505,P0186,2024-06-08,5,365.85,0,0,standard,False,19,365.85
ORD008966,C01143,P0387,2024-07-18,8,2464.74,99,50,standard,False,3,2513.74
ORD008967,C03772,P0226,2024-09-06,7,1598.38,49,100,standard,True,9,1547.38
ORD008968,C00045,P0161,2024-02-26,2,207.42,0,50,quick,False,23,157.42
ORD008969,C03314,P0450,2024-10-18,8,844.82,0,100,quick,False,1,744.82
ORD008970,C04406,P0111,2024-12-11,8,673.8,0,100,express,False,23,573.8
ORD008971,C02609,P0467,2024-09-08,9,248.94,0,50,standard,True,6,198.94
ORD008972,C04426,P0456,2024-12-03,2,285.12,0,50,standard,False,16,235.12
ORD008973,C04106,P0133,2024-10-10,4,679.72,99,0,quick,True,16,778.72
ORD008974,C03119,P0185,2024-12-16,2,370.29,0,50,standard,True,9,320.29
ORD008975,C01400,P0174,2024-10-03,4,1359.55,0,200,standard,False,7,1159.55
ORD008976,C01591,P0260,2024-10-19,3,171.0,49,50,quick,False,12,170.0
ORD008977,C00007,P0316,2024-08-28,7,1816.64,99,0,express,False,13,1915.64
ORD008978,C00983,P0488,2024-08-31,5,1384.23,0,200,standard,False,22,1184.23
ORD008979,C03597,P0311,2024-10-14,7,1038.26,0,200,standard,True,0,838.26
ORD008980,C01750,P0357,2024-03-21,2,312.21,0,0,standard,False,9,312.21
ORD008981,C03511,P0418,2024-09-16,4,977.58,0,200,express,False,8,777.58
ORD008982,C03828,P0374,2024-01-29,6,503.34,149,100,quick,False,6,552.3399999999999
ORD008983,C00565,P0478,2024-07-19,5,802.12,149,0,standard,True,4,951.12
ORD008984,C02320,P0268,2024-05-14,2,361.34,0,0,standard,False,9,361.34
ORD008985,C00900,P0281,2024-09-10,7,1363.92,49,50,quick,False,0,1362.92
ORD008986,C02178,P0469,2024-10-29,2,128.0,99,200,standard,True,0,27.0
ORD008987,C03592,P0223,2024-07-12,9,922.13,49,0,quick,True,20,971.13
ORD008988,C02771,P0251,2024-11-11,7,1333.76,0,100,quick,False,20,1233.76
ORD008989,C00113,P0063,2024-12-12,3,826.77,0,0,standard,True,13,826.77
ORD008990,C00531,P0462,2024-06-29,6,248.23,0,100,standard,True,2,148.23
ORD008991,C01522,P0394,2024-05-25,5,333.81,99,0,standard,False,11,432.81
ORD008992,C03410,P0317,2024-06-13,9,605.39,0,0,quick,True,14,605.39
ORD008993,C01044,P0463,2024-02-01,3,378.76,0,50,express,True,4,328.76
ORD008994,C00032,P0430,2024-01-15,2,102.45,0,50,standard,False,14,52.45
ORD008995,C00132,P0123,2024-10-29,2,128.07,0,50,standard,False,20,78.07
ORD008996,C02967,P0069,2024-01-24,4,1121.01,0,0,quick,True,12,1121.01
ORD008997,C01726,P0237,2024-03-06,1,160.19,0,200,quick,True,17,-39.81
ORD008998,C00025,P0074,2024-07-06,9,1940.97,99,0,quick,False,5,2039.97
ORD008999,C02648,P0441,2024-06-27,3,508.3,149,50,quick,False,19,607.3
ORD009000,C04640,P0499,2024-10-25,5,1092.71,0,0,quick,True,14,1092.71
ORD009001,C01261,P0009,2024-01-14,2,192.88,0,200,quick,True,10,-7.1200000000000045
ORD009002,C02065,P0399,2024-11-16,8,1926.4,0,100,quick,False,3,1826.4
ORD009003,C03345,P0267,2024-06-23,3,123.08,149,0,express,True,8,272.08
ORD009004,C00933,P0454,2024-07-13,5,129.14,0,50,standard,False,14,79.13999999999999
ORD009005,C01050,P0486,2024-02-19,7,138.29,49,0,quick,False,8,187.29
ORD009006,C00816,P0474,2024-08-07,2,175.41,99,200,express,False,6,74.40999999999997
ORD009007,C04203,P0087,2024-06-25,3,566.01,0,50,quick,False,22,516.01
ORD009008,C00737,P0049,2024-07-01,8,1185.73,49,50,standard,False,19,1184.73
ORD009009,C02914,P0142,2024-07-29,8,333.78,0,100,quick,False,14,233.77999999999997
ORD009010,C03602,P0058,2024-06-28,3,1057.68,99,0,standard,False,9,1156.68
ORD009011,C00792,P0453,2024-01-29,7,1140.24,0,0,standard,False,5,1140.24
ORD009012,C03175,P0317,2024-12-04,2,1771.29,49,0,standard,True,18,1820.29
ORD009013,C01355,P0210,2024-05-05,9,212.23,49,50,express,False,4,211.23000000000002
ORD009014,C01385,P0071,2024-05-06,8,200.95,0,200,quick,False,10,0.9499999999999886
ORD009015,C03992,P0243,2024-04-30,9,190.15,0,50,express,False,0,140.15
ORD009016,C04384,P0238,2024-11-27,9,410.65,99,100,quick,False,3,409.65
ORD009017,C01060,P0189,2024-06-08,7,569.54,149,0,express,False,1,718.54
ORD009018,C01371,P0483,2024-10-30,4,532.42,0,100,quick,True,10,432.41999999999996
ORD009019,C04138,P0049,2024-02-13,5,306.99,49,200,standard,False,17,155.99
ORD009020,C01149,P0204,2024-12-18,7,779.97,0,0,quick,False,15,779.97
ORD009021,C03202,P0053,2024-02-03,5,388.03,99,200,standard,False,11,287.03
ORD009022,C03353,P0309,2024-06-05,8,418.09,0,100,quick,False,4,318.09
ORD009023,C02942,P0480,2024-02-28,5,177.07,149,0,express,False,10,326.07
ORD009024,C04628,P0223,2024-06-21,5,726.94,0,0,quick,False,23,726.94
ORD009025,C03448,P0155,2024-03-27,5,844.52,149,50,standard,True,12,943.52
ORD009026,C03047,P0359,2024-01-11,4,1092.03,0,0,standard,False,17,1092.03
ORD009027,C02710,P0050,2024-10-02,7,1739.45,0,50,quick,False,0,1689.45
ORD009028,C01500,P0240,2024-06-15,2,1115.72,99,0,standard,False,20,1214.72
ORD009029,C00068,P0329,2024-01-20,4,287.2,0,0,express,True,13,287.2
ORD009030,C01866,P0160,2024-08-23,3,287.12,0,0,standard,False,20,287.12
ORD009031,C01948,P0128,2024-12-02,8,1825.29,0,0,express,False,10,1825.29
ORD009032,C03901,P0084,2024-08-04,7,1191.9,149,50,quick,False,12,1290.9
ORD009033,C03508,P0068,2024-10-17,3,1166.07,99,0,quick,False,5,1265.07
ORD009034,C00300,P0384,2024-09-20,4,989.36,0,200,standard,False,10,789.36
ORD009035,C04122,P0372,2024-08-03,4,316.62,0,50,standard,False,19,266.62
ORD009036,C02977,P0054,2024-05-16,7,1415.0,149,0,quick,False,1,1564.0
ORD009037,C02600,P0084,2024-01-11,8,206.93,0,0,standard,True,20,206.93
ORD009038,C02153,P0344,2024-12-22,4,400.57,149,0,quick,True,9,549.5699999999999
ORD009039,C04681,P0467,2024-08-28,8,396.76,149,200,standard,True,10,345.76
ORD009040,C04905,P0428,2024-10-28,1,673.9,149,200,quick,True,18,622.9
ORD009041,C04729,P0328,2024-01-12,9,534.81,99,50,standard,True,18,583.81
ORD009042,C04018,P0079,2024-06-11,7,530.08,0,200,express,False,1,330.08000000000004
ORD009043,C03082,P0219,2024-07-12,4,663.53,99,0,express,False,16,762.53
ORD009044,C04754,P0423,2024-10-19,8,474.8,99,50,quick,False,1,523.8
ORD009045,C01239,P0109,2024-07-18,2,300.36,0,100,quick,False,23,200.36
ORD009046,C02933,P0252,2024-06-14,8,862.7,149,0,quick,True,22,1011.7
ORD009047,C02368,P0496,2024-10-20,6,1193.57,149,0,quick,True,22,1342.57
ORD009048,C00459,P0316,2024-02-20,7,555.4,99,100,express,False,4,554.4
ORD009049,C04028,P0163,2024-09-07,7,832.84,0,50,quick,True,15,782.84
ORD009050,C02626,P0102,2024-02-21,2,635.55,149,100,express,False,2,684.55
ORD009051,C03763,P0112,2024-12-19,2,141.57,99,200,standard,True,2,40.56999999999999
ORD009052,C02801,P0251,2024-12-11,4,484.04,0,0,express,False,4,484.04
ORD009053,C04255,P0151,2024-04-15,6,105.93,0,100,quick,False,4,5.930000000000007
ORD009054,C00463,P0335,2024-06-21,4,858.05,99,100,express,True,3,857.05
ORD009055,C00997,P0397,2024-09-11,6,595.72,0,200,standard,False,16,395.72
ORD009056,C03006,P0367,2024-09-14,5,193.94,149,50,quick,True,5,292.94
ORD009057,C01678,P0250,2024-12-07,6,645.91,49,0,express,False,22,694.91
ORD009058,C00864,P0353,2024-06-22,9,1699.88,49,0,standard,False,7,1748.88
ORD009059,C01190,P0087,2024-03-26,6,390.38,0,0,express,True,2,390.38
ORD009060,C02697,P0494,2024-11-10,6,2925.66,0,0,standard,True,11,2925.66
ORD009061,C02374,P0458,2024-06-02,8,2341.44,99,0,express,False,11,2440.44
ORD009062,C00864,P0492,2024-07-05,5,1175.99,0,0,standard,True,10,1175.99
ORD009063,C02576,P0099,2024-08-11,5,1275.65,99,0,quick,True,2,1374.65
ORD009064,C03915,P0119,2024-04-13,1,468.99,99,200,standard,True,13,367.99
ORD009065,C02926,P0384,2024-09-11,6,459.55,49,0,standard,True,10,508.55
ORD009066,C04429,P0302,2024-11-21,1,2260.45,99,100,quick,True,2,2259.45
ORD009067,C02397,P0203,2024-02-08,8,418.21,49,0,standard,True,15,467.21
ORD009068,C02221,P0148,2024-10-01,9,170.32,0,50,quick,True,12,120.32
ORD009069,C01782,P0200,2024-04-19,6,214.99,99,100,quick,False,17,213.99
ORD009070,C03998,P0294,2024-05-27,9,966.48,0,0,express,False,1,966.48
ORD009071,C02803,P0002,2024-05-15,2,437.0,99,0,quick,True,16,536.0
ORD009072,C04167,P0399,2024-01-25,9,254.63,149,0,quick,False,13,403.63
ORD009073,C04547,P0067,2024-06-01,4,1275.6,149,0,standard,False,20,1424.6
ORD009074,C02958,P0153,2024-10-20,3,568.52,0,0,standard,True,12,568.52
ORD009075,C01778,P0493,2024-07-24,1,685.95,49,0,quick,True,22,734.95
ORD009076,C00825,P0181,2024-04-25,1,216.02,99,200,express,False,4,115.01999999999998
ORD009077,C03661,P0012,2024-11-15,8,248.89,49,200,standard,False,17,97.88999999999999
ORD009078,C03369,P0188,2024-02-17,2,193.16,0,100,standard,False,2,93.16
ORD009079,C03095,P0019,2024-10-23,1,604.86,49,0,standard,False,6,653.86
ORD009080,C02157,P0338,2024-02-18,2,1145.21,0,0,quick,True,14,1145.21
ORD009081,C00051,P0282,2024-10-30,3,1021.48,149,0,quick,False,5,1170.48
ORD009082,C03361,P0385,2024-06-21,4,310.94,0,200,quick,True,3,110.94
ORD009083,C03515,P0009,2024-05-19,9,1434.26,49,50,standard,True,8,1433.26
ORD009084,C04562,P0187,2024-02-04,7,177.17,99,0,quick,True,7,276.16999999999996
ORD009085,C03330,P0344,2024-10-17,5,183.77,49,100,standard,False,7,132.77
ORD009086,C01674,P0018,2024-09-28,5,1423.74,0,0,express,False,1,1423.74
ORD009087,C02865,P0142,2024-08-31,6,295.19,0,100,standard,False,20,195.19
ORD009088,C01361,P0102,2024-08-06,1,960.98,49,0,quick,False,21,1009.98
ORD009089,C00786,P0302,2024-04-17,6,105.38,149,0,standard,False,17,254.38
ORD009090,C00555,P0240,2024-06-26,6,167.79,0,0,standard,False,0,167.79
ORD009091,C02039,P0151,2024-02-09,5,756.85,149,0,quick,False,1,905.85
ORD009092,C01762,P0271,2024-11-29,9,239.98,0,50,standard,True,20,189.98
ORD009093,C02112,P0336,2024-06-03,5,119.03,0,0,quick,True,22,119.03
ORD009094,C02210,P0187,2024-09-15,9,539.39,0,100,standard,False,7,439.39
ORD009095,C01701,P0463,2024-06-02,7,379.88,99,200,quick,True,15,278.88
ORD009096,C02086,P0209,2024-08-09,3,1233.55,0,200,standard,False,1,1033.55
ORD009097,C02712,P0176,2024-12-05,9,1294.82,99,200,express,False,1,1193.82
ORD009098,C02407,P0387,2024-10-03,7,766.11,149,0,express,True,7,915.11
ORD009099,C02316,P0193,2024-06-09,4,341.74,149,0,quick,False,7,490.74
ORD009100,C01610,P0176,2024-04-12,9,532.44,49,0,standard,True,4,581.44
ORD009101,C04352,P0368,2024-07-31,6,947.06,0,0,quick,False,4,947.06
ORD009102,C04705,P0414,2024-07-24,9,149.28,99,100,standard,True,16,148.28
ORD009103,C01127,P0065,2024-05-08,4,381.95,49,0,quick,True,10,430.95
ORD009104,C00904,P0309,2024-11-15,2,1308.64,0,100,standard,False,10,1208.64
ORD009105,C00163,P0001,2024-09-20,9,463.65,149,200,quick,False,12,412.65
ORD009106,C01136,P0316,2024-08-20,4,784.96,99,100,standard,False,20,783.96
ORD009107,C04710,P0270,2024-12-09,2,169.91,0,200,standard,False,21,-30.090000000000003
ORD009108,C02025,P0059,2024-10-07,7,1149.55,99,0,standard,False,12,1248.55
ORD009109,C00105,P0367,2024-04-02,7,173.11,0,0,quick,False,0,173.11
ORD009110,C04794,P0042,2024-01-10,5,1482.95,49,50,standard,False,16,1481.95
ORD009111,C04459,P0092,2024-11-17,5,177.91,99,100,standard,False,9,176.90999999999997
ORD009112,C03092,P0225,2024-12-26,8,1649.8,99,0,standard,False,15,1748.8
ORD009113,C02021,P0423,2024-09-21,6,415.54,149,50,express,True,0,514.54
ORD009114,C01152,P0479,2024-04-05,1,784.71,0,0,standard,True,21,784.71
ORD009115,C00698,P0468,2024-10-22,4,1411.07,49,50,quick,True,22,1410.07
ORD009116,C03867,P0285,2024-09-12,1,106.21,149,0,quick,True,22,255.20999999999998
ORD009117,C03270,P0062,2024-04-19,5,315.18,0,200,quick,False,13,115.18
ORD009118,C00746,P0279,2024-12-04,5,1771.76,0,50,standard,True,17,1721.76
ORD009119,C00960,P0427,2024-08-27,4,442.92,149,0,standard,True,2,591.9200000000001
ORD009120,C03491,P0013,2024-05-17,9,956.82,0,50,quick,True,1,906.82
ORD009121,C03297,P0027,2024-11-22,8,204.59,0,200,standard,False,6,4.590000000000003
ORD009122,C02977,P0141,2024-09-29,3,893.05,0,50,standard,False,18,843.05
ORD009123,C00208,P0439,2024-11-10,5,152.18,149,50,standard,False,1,251.18
ORD009124,C03316,P0107,2024-08-10,6,983.42,49,0,standard,False,6,1032.42
ORD009125,C01891,P0289,2024-10-16,5,372.89,49,100,quick,False,7,321.89
ORD009126,C01176,P0077,2024-11-16,8,537.95,0,200,standard,True,18,337.95000000000005
ORD009127,C03506,P0246,2024-01-31,5,226.28,0,0,express,False,15,226.28
ORD009128,C02039,P0472,2024-09-24,8,790.92,0,0,express,False,0,790.92
ORD009129,C03289,P0011,2024-04-12,3,387.29,0,50,standard,False,11,337.29
ORD009130,C01452,P0183,2024-07-05,5,437.45,99,0,quick,True,22,536.45
ORD009131,C04761,P0316,2024-08-24,4,838.28,49,0,standard,True,2,887.28
ORD009132,C03860,P0360,2024-03-16,6,236.94,0,100,quick,False,18,136.94
ORD009133,C01617,P0444,2024-05-03,3,1436.42,0,200,standard,False,11,1236.42
ORD009134,C00434,P0295,2024-03-18,4,1040.03,99,0,standard,False,16,1139.03
ORD009135,C02327,P0403,2024-12-16,4,702.48,0,100,standard,False,5,602.48
ORD009136,C01646,P0239,2024-06-02,5,195.14,0,0,standard,False,12,195.14
ORD009137,C03163,P0425,2024-08-10,6,912.33,0,100,standard,False,6,812.33
ORD009138,C04762,P0262,2024-07-29,2,111.79,149,0,standard,False,4,260.79
ORD009139,C01440,P0334,2024-06-12,8,1241.16,99,100,quick,True,17,1240.16
ORD009140,C04443,P0376,2024-02-02,4,352.48,149,200,quick,False,0,301.48
ORD009141,C04860,P0072,2024-11-20,7,186.27,149,0,quick,True,20,335.27
ORD009142,C00933,P0067,2024-04-14,7,224.8,0,50,standard,True,23,174.8
ORD009143,C04278,P0286,2024-07-30,2,2409.33,149,0,standard,False,19,2558.33
ORD009144,C02555,P0470,2024-05-16,7,1139.53,0,0,standard,False,9,1139.53
ORD009145,C01146,P0325,2024-05-26,1,289.15,99,50,express,False,8,338.15
ORD009146,C03996,P0219,2024-11-26,2,2415.66,99,0,standard,False,17,2514.66
ORD009147,C00380,P0459,2024-03-23,5,204.67,0,0,express,False,11,204.67
ORD009148,C00824,P0046,2024-05-11,8,1024.74,149,50,quick,False,16,1123.74
ORD009149,C01538,P0434,2024-12-17,7,847.49,149,50,quick,False,12,946.49
ORD009150,C03375,P0057,2024-11-03,3,1305.13,99,200,standard,False,5,1204.13
ORD009151,C01637,P0405,2024-04-30,9,435.55,0,0,standard,True,6,435.55
ORD009152,C04287,P0023,2024-07-26,5,458.72,0,0,quick,True,19,458.72
ORD009153,C00524,P0289,2024-05-02,3,784.77,149,0,express,True,8,933.77
ORD009154,C03107,P0318,2024-02-28,7,454.49,149,200,quick,False,10,403.49
ORD009155,C01093,P0443,2024-03-17,4,128.56,0,0,standard,False,6,128.56
ORD009156,C00104,P0402,2024-04-08,1,1014.78,99,50,standard,False,10,1063.78
ORD009157,C01739,P0023,2024-01-15,5,816.0,0,50,standard,True,8,766.0
ORD009158,C02360,P0063,2024-05-05,8,484.8,0,50,standard,False,12,434.8
ORD009159,C03126,P0254,2024-06-07,4,351.51,149,50,quick,False,3,450.51
ORD009160,C01676,P0147,2024-08-25,7,369.71,0,100,quick,True,20,269.71
ORD009161,C02354,P0115,2024-09-05,8,1044.73,0,50,quick,True,9,994.73
ORD009162,C04916,P0097,2024-10-13,9,1013.36,49,200,standard,True,14,862.3600000000001
ORD009163,C04131,P0238,2024-08-11,9,1295.17,149,100,standard,False,0,1344.17
ORD009164,C02934,P0282,2024-08-04,5,1104.37,49,0,quick,False,14,1153.37
ORD009165,C01872,P0441,2024-11-27,6,1092.01,149,50,standard,False,19,1191.01
ORD009166,C01042,P0299,2024-01-19,7,302.03,0,0,standard,False,20,302.03
ORD009167,C03434,P0092,2024-04-13,2,174.01,99,50,standard,False,21,223.01
ORD009168,C01441,P0064,2024-03-22,9,1103.11,149,50,quick,True,16,1202.11
ORD009169,C01845,P0374,2024-05-19,1,171.68,0,100,standard,False,12,71.68
ORD009170,C03501,P0173,2024-03-10,6,2915.51,99,50,standard,True,6,2964.51
ORD009171,C01541,P0483,2024-01-15,6,1555.11,0,50,standard,False,5,1505.11
ORD009172,C00466,P0309,2024-05-12,7,632.69,0,0,standard,False,3,632.69
ORD009173,C02944,P0375,2024-05-22,2,402.9,49,200,express,True,1,251.89999999999998
ORD009174,C04294,P0234,2024-12-03,6,622.83,49,200,standard,False,12,471.83000000000004
ORD009175,C01591,P0166,2024-10-08,6,1026.78,99,0,quick,True,3,1125.78
ORD009176,C02815,P0236,2024-03-31,9,1087.36,0,0,quick,True,23,1087.36
ORD009177,C04072,P0493,2024-11-25,8,152.56,0,100,standard,True,6,52.56
ORD009178,C03572,P0006,2024-01-22,5,1242.81,49,0,standard,False,6,1291.81
ORD009179,C04336,P0309,2024-09-05,7,817.07,0,0,quick,True,18,817.07
ORD009180,C01193,P0042,2024-01-11,7,128.0,49,0,express,True,23,177.0
ORD009181,C00293,P0275,2024-01-29,5,361.96,0,50,standard,False,23,311.96
ORD009182,C00921,P0339,2024-02-12,7,599.26,0,0,standard,False,9,599.26
ORD009183,C01338,P0152,2024-06-09,3,245.17,49,0,standard,False,22,294.16999999999996
ORD009184,C03198,P0042,2024-11-04,7,217.09,0,50,standard,False,21,167.09
ORD009185,C04563,P0212,2024-06-01,6,109.07,99,0,standard,False,6,208.07
ORD009186,C02414,P0200,2024-02-02,6,1796.73,99,200,standard,False,18,1695.73
ORD009187,C04853,P0382,2024-07-27,2,139.42,0,0,standard,False,9,139.42
ORD009188,C03475,P0154,2024-07-05,2,418.01,149,0,standard,False,11,567.01
ORD009189,C01541,P0219,2024-12-09,7,260.27,0,100,quick,False,14,160.26999999999998
ORD009190,C02498,P0152,2024-12-02,1,1044.74,49,100,express,False,1,993.74
ORD009191,C00907,P0035,2024-02-16,9,958.75,149,50,quick,False,20,1057.75
ORD009192,C02493,P0225,2024-07-22,3,1247.73,49,100,standard,True,20,1196.73
ORD009193,C02127,P0321,2024-03-12,6,770.45,0,200,express,False,7,570.45
ORD009194,C03088,P0120,2024-04-30,3,725.95,0,50,standard,False,18,675.95
ORD009195,C04647,P0008,2024-02-27,9,464.92,0,100,standard,False,8,364.92
ORD009196,C03990,P0338,2024-10-19,7,807.11,0,0,standard,True,6,807.11
ORD009197,C03751,P0334,2024-09-13,1,184.68,0,100,express,True,16,84.68
ORD009198,C02097,P0180,2024-03-02,4,906.55,0,200,quick,False,0,706.55
ORD009199,C03174,P0020,2024-09-24,5,175.79,0,100,quick,True,9,75.78999999999999
ORD009200,C00387,P0433,2024-12-06,7,1484.03,49,50,standard,False,0,1483.03
ORD009201,C00298,P0271,2024-10-24,7,592.2,99,0,standard,True,6,691.2
ORD009202,C04434,P0193,2024-09-25,5,628.05,0,50,quick,False,5,578.05
ORD009203,C03460,P0025,2024-05-08,1,714.39,0,0,standard,False,10,714.39
ORD009204,C04061,P0427,2024-09-11,5,1146.44,99,0,quick,False,6,1245.44
ORD009205,C00473,P0284,2024-02-16,5,554.69,0,200,quick,False,15,354.69000000000005
ORD009206,C04711,P0480,2024-05-01,4,489.53,149,0,standard,True,23,638.53
ORD009207,C04887,P0097,2024-11-03,6,337.1,0,200,express,True,12,137.10000000000002
ORD009208,C03213,P0429,2024-03-03,8,194.91,0,0,standard,False,23,194.91
ORD009209,C04108,P0218,2024-06-09,5,246.8,49,0,standard,False,10,295.8
ORD009210,C00448,P0326,2024-06-17,8,99.37,149,200,quick,False,14,48.370000000000005
ORD009211,C02221,P0432,2024-10-26,5,1524.05,49,100,quick,False,12,1473.05
ORD009212,C01982,P0398,2024-07-18,3,1112.59,99,200,standard,False,19,1011.5899999999999
ORD009213,C03611,P0272,2024-04-30,8,271.74,0,50,quick,True,5,221.74
ORD009214,C02642,P0392,2024-08-04,4,100.68,0,50,express,False,15,50.68000000000001
ORD009215,C01920,P0460,2024-04-21,3,573.25,149,50,standard,True,15,672.25
ORD009216,C02316,P0287,2024-03-14,3,471.4,0,50,standard,True,17,421.4
ORD009217,C01274,P0065,2024-02-24,6,1146.3,0,0,standard,False,19,1146.3
ORD009218,C04868,P0314,2024-03-30,8,459.96,0,0,standard,True,9,459.96
ORD009219,C01615,P0415,2024-04-19,5,1496.15,0,200,standard,False,21,1296.15
ORD009220,C04983,P0110,2024-05-20,1,169.52,0,0,standard,False,7,169.52
ORD009221,C03618,P0211,2024-08-13,1,417.84,99,0,quick,True,2,516.8399999999999
ORD009222,C02306,P0170,2024-07-28,3,2001.04,49,0,standard,True,19,2050.04
ORD009223,C00259,P0338,2024-05-10,6,107.26,49,100,standard,False,3,56.25999999999999
ORD009224,C03206,P0365,2024-10-28,2,445.91,99,0,standard,False,0,544.9100000000001
ORD009225,C01512,P0474,2024-01-29,1,309.49,0,100,express,True,0,209.49
ORD009226,C04738,P0483,2024-09-08,7,630.29,149,0,standard,True,19,779.29
ORD009227,C02128,P0058,2024-09-30,2,327.75,0,0,quick,True,1,327.75
ORD009228,C03438,P0029,2024-07-10,8,1526.66,149,200,standard,False,0,1475.66
ORD009229,C02176,P0266,2024-12-24,2,2035.77,149,50,express,False,8,2134.77
ORD009230,C04507,P0463,2024-02-27,1,1422.96,49,0,quick,False,0,1471.96
ORD009231,C03508,P0374,2024-06-11,2,454.91,149,0,quick,False,9,603.9100000000001
ORD009232,C04710,P0153,2024-10-06,2,3318.0,99,0,quick,False,14,3417.0
ORD009233,C04994,P0349,2024-08-04,7,1028.71,49,50,quick,True,12,1027.71
ORD009234,C03080,P0001,2024-08-31,1,406.61,49,0,standard,False,23,455.61
ORD009235,C00231,P0417,2024-12-15,3,167.86,49,200,quick,False,18,16.860000000000014
ORD009236,C00729,P0168,2024-05-06,5,868.83,0,200,standard,False,5,668.83
ORD009237,C03012,P0213,2024-05-22,7,1011.83,99,200,quick,False,3,910.8299999999999
ORD009238,C02929,P0250,2024-03-15,6,190.44,49,0,express,False,1,239.44
ORD009239,C00317,P0030,2024-07-04,8,657.55,49,200,standard,False,11,506.54999999999995
ORD009240,C01530,P0318,2024-08-31,1,3143.72,99,100,standard,False,6,3142.72
ORD009241,C01110,P0182,2024-07-07,7,375.42,0,0,standard,False,20,375.42
ORD009242,C00715,P0372,2024-06-06,9,350.57,149,100,standard,True,6,399.57
ORD009243,C01341,P0188,2024-01-11,7,1734.31,0,0,standard,True,13,1734.31
ORD009244,C03404,P0212,2024-11-26,6,186.43,0,200,standard,False,23,-13.569999999999993
ORD009245,C03312,P0126,2024-11-06,9,1996.68,149,200,standard,True,11,1945.6800000000003
ORD009246,C03120,P0291,2024-01-18,4,1157.26,0,200,standard,False,2,957.26
ORD009247,C03087,P0295,2024-12-05,6,445.97,0,50,standard,True,8,395.97
ORD009248,C00201,P0022,2024-01-28,6,160.07,149,50,standard,False,13,259.07
ORD009249,C02140,P0409,2024-12-19,3,112.55,0,200,quick,False,20,-87.45
ORD009250,C01672,P0017,2024-12-09,7,428.93,0,0,standard,False,0,428.93
ORD009251,C01056,P0078,2024-05-02,1,954.39,49,50,standard,False,9,953.39
ORD009252,C03671,P0033,2024-05-09,8,566.96,49,0,express,False,1,615.96
ORD009253,C00418,P0469,2024-10-09,8,1038.33,149,200,quick,False,3,987.3299999999999
ORD009254,C02598,P0411,2024-07-15,8,876.28,0,0,standard,False,9,876.28
ORD009255,C00625,P0106,2024-06-07,9,694.53,149,50,express,True,4,793.53
ORD009256,C04940,P0304,2024-11-23,4,2497.54,0,0,express,True,8,2497.54
ORD009257,C03830,P0447,2024-12-24,6,1011.36,0,50,standard,False,14,961.36
ORD009258,C01878,P0198,2024-07-04,7,1821.4,49,0,standard,False,6,1870.4
ORD009259,C01944,P0190,2024-12-16,2,293.1,0,200,standard,False,3,93.10000000000002
ORD009260,C02929,P0231,2024-03-03,6,974.35,0,0,standard,False,20,974.35
ORD009261,C02767,P0061,2024-09-30,8,736.57,99,100,quick,True,23,735.57
ORD009262,C03383,P0041,2024-05-01,4,1905.65,149,50,express,False,21,2004.65
ORD009263,C03540,P0023,2024-08-14,5,598.99,149,0,quick,False,0,747.99
ORD009264,C00393,P0162,2024-07-17,8,328.6,0,100,standard,True,15,228.60000000000002
ORD009265,C02856,P0460,2024-01-05,3,439.11,0,200,quick,True,5,239.11
ORD009266,C02919,P0182,2024-07-20,6,271.87,0,0,standard,False,0,271.87
ORD009267,C02618,P0432,2024-05-10,1,272.9,0,200,quick,True,3,72.89999999999998
ORD009268,C00631,P0332,2024-06-03,4,543.97,49,0,quick,False,2,592.97
ORD009269,C02856,P0094,2024-02-16,6,1660.63,99,0,express,False,23,1759.63
ORD009270,C00321,P0442,2024-04-30,3,248.12,99,50,standard,True,7,297.12
ORD009271,C03506,P0082,2024-06-01,1,336.65,0,100,quick,False,14,236.64999999999998
ORD009272,C04669,P0092,2024-04-17,6,1441.07,99,100,standard,False,18,1440.07
ORD009273,C01693,P0277,2024-03-23,3,389.07,0,50,standard,False,22,339.07
ORD009274,C01063,P0104,2024-08-12,8,2395.78,149,200,quick,False,17,2344.78
ORD009275,C03111,P0084,2024-11-19,7,318.26,0,100,quick,True,8,218.26
ORD009276,C01476,P0060,2024-06-11,7,507.56,0,200,quick,True,8,307.56
ORD009277,C02917,P0207,2024-11-25,8,169.35,0,0,express,False,0,169.35
ORD009278,C03261,P0157,2024-07-27,7,3494.37,0,0,express,True,22,3494.37
ORD009279,C02793,P0068,2024-01-18,5,1645.0,0,0,express,True,18,1645.0
ORD009280,C03086,P0488,2024-05-20,8,1289.94,99,50,express,True,15,1338.94
ORD009281,C03811,P0443,2024-02-11,8,218.84,99,100,standard,False,2,217.84000000000003
ORD009282,C03970,P0488,2024-09-08,8,2538.77,0,0,standard,False,23,2538.77
ORD009283,C03351,P0261,2024-08-29,6,1952.05,149,0,standard,False,22,2101.05
ORD009284,C00958,P0340,2024-07-30,2,499.48,0,100,quick,True,4,399.48
ORD009285,C04143,P0233,2024-06-19,8,900.19,0,200,quick,False,6,700.19
ORD009286,C01582,P0369,2024-08-04,1,3520.13,0,100,quick,False,2,3420.13
ORD009287,C03176,P0138,2024-02-21,9,468.04,0,0,quick,False,12,468.04
ORD009288,C02416,P0279,2024-03-23,9,182.97,0,100,standard,False,21,82.97
ORD009289,C00459,P0475,2024-12-23,6,1515.3,0,0,standard,False,12,1515.3
ORD009290,C02294,P0334,2024-05-13,6,552.03,149,50,standard,False,0,651.03
ORD009291,C02311,P0230,2024-09-16,6,3137.32,0,0,standard,True,1,3137.32
ORD009292,C01229,P0365,2024-02-03,4,659.35,0,100,standard,False,15,559.35
ORD009293,C01530,P0359,2024-06-29,1,119.94,49,200,quick,False,13,-31.060000000000002
ORD009294,C04625,P0050,2024-08-03,1,572.72,0,100,standard,True,14,472.72
ORD009295,C01387,P0238,2024-11-04,1,985.25,0,0,standard,True,13,985.25
ORD009296,C02797,P0018,2024-10-07,5,117.46,149,0,quick,True,5,266.46
ORD009297,C01363,P0177,2024-06-16,7,472.45,0,0,quick,False,0,472.45
ORD009298,C04502,P0208,2024-08-20,1,217.36,0,100,standard,False,18,117.36000000000001
ORD009299,C00452,P0386,2024-12-21,1,820.2,49,50,standard,True,1,819.2
ORD009300,C03904,P0130,2024-01-15,6,2307.24,0,100,quick,False,21,2207.24
ORD009301,C04909,P0230,2024-01-27,2,784.81,99,50,standard,False,2,833.81
ORD009302,C00577,P0383,2024-11-24,2,929.93,0,100,standard,False,8,829.93
ORD009303,C03919,P0091,2024-11-24,7,452.58,149,0,standard,False,22,601.5799999999999
ORD009304,C03012,P0030,2024-04-04,9,678.7,0,50,standard,False,9,628.7
ORD009305,C03264,P0361,2024-11-18,8,648.47,149,0,quick,True,23,797.47
ORD009306,C01931,P0248,2024-08-15,2,1096.83,49,50,standard,False,15,1095.83
ORD009307,C04242,P0123,2024-11-24,7,1460.01,99,200,quick,False,6,1359.01
ORD009308,C04501,P0368,2024-03-10,5,860.13,0,0,standard,False,8,860.13
ORD009309,C00182,P0430,2024-01-02,4,2830.76,0,100,standard,True,0,2730.76
ORD009310,C03177,P0135,2024-07-24,4,1332.36,49,200,quick,False,21,1181.36
ORD009311,C00235,P0272,2024-04-12,4,192.19,0,0,express,False,8,192.19
ORD009312,C00637,P0354,2024-11-17,9,594.75,0,100,quick,True,6,494.75
ORD009313,C03005,P0099,2024-06-05,7,1733.84,49,50,standard,False,7,1732.84
ORD009314,C04274,P0218,2024-06-09,7,2115.87,0,100,quick,True,22,2015.87
ORD009315,C02479,P0103,2024-10-21,4,433.86,49,0,standard,False,14,482.86
ORD009316,C03472,P0300,2024-02-12,9,1004.48,49,0,express,True,0,1053.48
ORD009317,C00524,P0096,2024-02-26,8,468.99,0,50,quick,False,20,418.99
ORD009318,C02790,P0315,2024-03-21,4,191.4,49,100,standard,False,1,140.4
ORD009319,C02370,P0369,2024-05-07,6,1610.61,149,50,standard,False,18,1709.61
ORD009320,C01284,P0202,2024-09-21,4,1980.29,0,50,quick,False,13,1930.29
ORD009321,C01635,P0020,2024-12-31,1,590.89,149,0,quick,False,17,739.89
ORD009322,C01723,P0197,2024-11-28,5,111.93,149,50,standard,False,22,210.93
ORD009323,C02446,P0111,2024-03-07,3,1284.11,0,0,quick,True,15,1284.11
ORD009324,C04432,P0148,2024-10-31,1,552.67,0,50,standard,False,7,502.66999999999996
ORD009325,C04214,P0380,2024-12-17,2,153.59,0,50,standard,True,22,103.59
ORD009326,C01581,P0242,2024-07-29,2,245.98,49,100,standard,False,23,194.98000000000002
ORD009327,C02460,P0441,2024-06-12,8,214.51,0,200,express,True,1,14.509999999999991
ORD009328,C00579,P0182,2024-08-19,4,910.48,149,0,quick,False,9,1059.48
ORD009329,C03941,P0283,2024-09-01,3,348.08,0,0,express,False,11,348.08
ORD009330,C00195,P0336,2024-03-09,4,194.63,49,0,standard,False,2,243.63
ORD009331,C00332,P0337,2024-05-13,1,1846.73,149,50,quick,False,19,1945.73
ORD009332,C03091,P0458,2024-03-29,1,2294.0,0,200,standard,False,11,2094.0
ORD009333,C04718,P0301,2024-12-17,5,203.42,99,0,standard,True,14,302.41999999999996
ORD009334,C00657,P0299,2024-10-30,7,282.17,0,50,quick,False,15,232.17000000000002
ORD009335,C00703,P0088,2024-06-16,9,726.75,49,0,standard,True,17,775.75
ORD009336,C04978,P0221,2024-05-24,7,213.18,49,100,standard,False,5,162.18
ORD009337,C01449,P0499,2024-04-11,5,219.87,0,100,quick,False,11,119.87
ORD009338,C01252,P0247,2024-02-13,3,386.24,0,0,quick,True,21,386.24
ORD009339,C00523,P0408,2024-07-31,8,2184.49,0,0,quick,True,11,2184.49
ORD009340,C02264,P0454,2024-07-07,7,2396.31,0,0,standard,False,23,2396.31
ORD009341,C02422,P0176,2024-04-03,4,1389.67,0,100,express,False,17,1289.67
ORD009342,C00035,P0484,2024-07-20,1,931.85,99,50,standard,False,17,980.8499999999999
ORD009343,C00775,P0117,2024-07-12,3,991.76,0,0,express,False,4,991.76
ORD009344,C00027,P0173,2024-10-19,8,542.85,149,200,standard,True,10,491.85
ORD009345,C00085,P0218,2024-04-24,2,627.75,0,100,standard,True,23,527.75
ORD009346,C02235,P0375,2024-01-11,9,803.45,99,50,standard,False,20,852.45
ORD009347,C02352,P0217,2024-01-12,4,1018.88,0,100,standard,True,11,918.88
ORD009348,C03493,P0318,2024-10-12,7,170.3,49,0,express,False,13,219.3
ORD009349,C04281,P0076,2024-11-27,7,277.32,0,200,express,False,5,77.32
ORD009350,C04653,P0087,2024-11-09,8,2405.71,149,50,express,True,18,2504.71
ORD009351,C02556,P0395,2024-11-16,7,384.73,0,50,standard,False,12,334.73
ORD009352,C04312,P0077,2024-04-27,4,317.84,149,0,quick,False,11,466.84
ORD009353,C00256,P0440,2024-02-15,7,482.62,0,0,quick,True,14,482.62
ORD009354,C03806,P0200,2024-08-24,5,339.65,0,0,standard,True,11,339.65
ORD009355,C01447,P0063,2024-04-11,7,165.93,49,50,standard,False,9,164.93
ORD009356,C04419,P0414,2024-05-14,3,262.2,149,100,standard,True,4,311.2
ORD009357,C02244,P0003,2024-12-25,7,814.47,99,50,standard,False,21,863.47
ORD009358,C04599,P0437,2024-03-27,7,275.78,0,50,quick,False,15,225.77999999999997
ORD009359,C03343,P0082,2024-01-26,2,829.23,49,50,quick,True,21,828.23
ORD009360,C00693,P0192,2024-07-24,8,172.82,149,50,standard,False,17,271.82
ORD009361,C02065,P0476,2024-11-12,7,128.94,49,50,standard,False,13,127.94
ORD009362,C03600,P0492,2024-08-07,9,1483.16,0,50,standard,False,11,1433.16
ORD009363,C04220,P0005,2024-11-03,4,1098.06,0,100,standard,False,13,998.06
ORD009364,C00482,P0192,2024-05-13,9,866.69,49,200,quick,False,2,715.69
ORD009365,C03665,P0216,2024-03-17,1,120.97,49,200,standard,False,19,-30.03
ORD009366,C03075,P0346,2024-02-15,5,290.51,0,0,standard,False,8,290.51
ORD009367,C02674,P0021,2024-07-07,7,1270.09,99,200,express,False,4,1169.09
ORD009368,C02398,P0144,2024-03-28,4,208.39,0,100,quick,True,10,108.38999999999999
ORD009369,C00350,P0442,2024-10-17,7,1272.1,0,50,quick,False,11,1222.1
ORD009370,C00648,P0284,2024-03-01,9,713.34,49,0,standard,True,20,762.34
ORD009371,C03870,P0450,2024-01-08,5,1042.94,0,100,standard,True,14,942.94
ORD009372,C00227,P0144,2024-09-26,5,822.97,49,0,standard,True,14,871.97
ORD009373,C02063,P0001,2024-08-10,2,476.69,0,0,quick,False,17,476.69
ORD009374,C00424,P0287,2024-08-20,5,340.7,0,100,standard,False,21,240.7
ORD009375,C02511,P0405,2024-12-10,8,880.88,149,50,standard,False,5,979.8800000000001
ORD009376,C04819,P0358,2024-09-10,4,1250.23,149,50,express,False,1,1349.23
ORD009377,C01821,P0224,2024-03-01,2,131.03,0,100,standard,False,10,31.03
ORD009378,C04889,P0441,2024-04-24,8,433.52,99,100,standard,True,16,432.52
ORD009379,C04272,P0436,2024-12-31,4,401.33,0,50,express,False,20,351.33
ORD009380,C02590,P0213,2024-04-14,5,672.85,149,0,standard,False,4,821.85
ORD009381,C02556,P0430,2024-04-07,7,183.67,0,100,quick,False,19,83.66999999999999
ORD009382,C01585,P0387,2024-05-16,5,1995.54,149,50,quick,False,10,2094.54
ORD009383,C01678,P0165,2024-05-27,4,655.64,99,200,express,False,17,554.64
ORD009384,C04659,P0372,2024-09-10,7,1900.64,99,100,quick,True,20,1899.64
ORD009385,C02280,P0140,2024-07-14,4,1287.56,0,0,standard,False,23,1287.56
ORD009386,C03749,P0316,2024-03-07,4,247.92,99,0,standard,True,5,346.91999999999996
ORD009387,C02538,P0470,2024-08-08,2,198.37,0,100,standard,True,18,98.37
ORD009388,C01016,P0063,2024-04-15,5,1481.56,0,50,standard,True,4,1431.56
ORD009389,C00443,P0332,2024-11-03,8,636.66,49,0,quick,False,6,685.66
ORD009390,C02067,P0211,2024-04-20,4,112.96,99,100,standard,True,22,111.95999999999998
ORD009391,C03682,P0288,2024-05-24,2,2004.08,149,0,standard,False,12,2153.08
ORD009392,C03798,P0097,2024-12-12,9,547.43,49,0,quick,False,2,596.43
ORD009393,C03627,P0165,2024-04-06,6,349.61,149,200,quick,True,13,298.61
ORD009394,C00110,P0125,2024-08-02,3,607.83,0,0,quick,True,3,607.83
ORD009395,C02534,P0156,2024-04-02,5,1310.8,99,200,standard,False,16,1209.8
ORD009396,C00088,P0249,2024-07-28,6,180.8,0,0,quick,False,17,180.8
ORD009397,C03390,P0060,2024-03-15,9,410.23,0,200,express,False,1,210.23000000000002
ORD009398,C01941,P0031,2024-01-15,5,367.8,99,0,standard,False,16,466.8
ORD009399,C03310,P0394,2024-05-28,9,1380.28,149,0,standard,False,3,1529.28
ORD009400,C00071,P0273,2024-05-14,1,1154.03,49,0,standard,False,18,1203.03
ORD009401,C00821,P0300,2024-04-30,4,456.7,49,100,express,False,0,405.7
ORD009402,C03470,P0020,2024-11-12,1,863.47,0,0,standard,False,8,863.47
ORD009403,C00815,P0011,2024-08-18,2,450.13,49,100,quick,False,17,399.13
ORD009404,C00403,P0243,2024-05-07,2,691.92,0,100,standard,False,21,591.92
ORD009405,C01698,P0102,2024-07-08,5,3413.32,0,200,standard,False,5,3213.32
ORD009406,C04346,P0275,2024-10-25,1,635.87,0,100,standard,False,23,535.87
ORD009407,C02916,P0006,2024-12-16,3,3229.35,0,200,standard,True,7,3029.35
ORD009408,C02042,P0346,2024-11-27,6,1061.61,99,100,quick,False,21,1060.61
ORD009409,C01953,P0454,2024-08-22,1,189.06,0,0,express,False,22,189.06
ORD009410,C04963,P0129,2024-02-13,1,1211.63,0,200,standard,True,10,1011.6300000000001
ORD009411,C03293,P0298,2024-01-06,3,222.12,149,0,quick,False,15,371.12
ORD009412,C03702,P0096,2024-08-28,9,630.99,49,200,standard,False,3,479.99
ORD009413,C03253,P0276,2024-03-09,2,763.98,0,0,express,False,10,763.98
ORD009414,C04991,P0284,2024-06-14,6,1658.43,0,100,express,True,23,1558.43
ORD009415,C03801,P0287,2024-12-20,3,264.38,0,0,standard,True,11,264.38
ORD009416,C00255,P0172,2024-07-22,6,1559.9,49,50,quick,False,17,1558.9
ORD009417,C01931,P0331,2024-12-17,7,2006.93,0,0,quick,True,12,2006.93
ORD009418,C01111,P0204,2024-04-18,7,164.62,0,0,standard,True,16,164.62
ORD009419,C00872,P0102,2024-12-31,2,1614.71,149,0,quick,False,21,1763.71
ORD009420,C04587,P0491,2024-07-15,3,309.0,0,0,express,False,12,309.0
ORD009421,C01561,P0112,2024-12-28,4,158.13,49,0,standard,False,7,207.13
ORD009422,C04728,P0442,2024-08-04,8,2327.7,0,0,quick,False,18,2327.7
ORD009423,C04457,P0359,2024-11-01,5,447.54,0,50,quick,False,11,397.54
ORD009424,C00893,P0130,2024-05-11,1,781.83,49,50,standard,False,23,780.83
ORD009425,C02684,P0038,2024-02-07,9,662.44,0,200,standard,True,13,462.44000000000005
ORD009426,C01246,P0306,2024-02-18,1,266.83,0,0,quick,True,22,266.83
ORD009427,C00746,P0371,2024-10-12,2,874.14,149,200,standard,False,3,823.14
ORD009428,C04053,P0007,2024-01-31,7,132.05,0,100,standard,False,7,32.05000000000001
ORD009429,C04085,P0365,2024-01-27,3,257.91,149,50,standard,True,20,356.91
ORD009430,C01006,P0045,2024-06-19,6,2125.03,0,100,standard,False,20,2025.0300000000002
ORD009431,C02740,P0193,2024-04-30,8,2246.93,0,100,standard,False,14,2146.93
ORD009432,C04310,P0005,2024-08-29,5,560.33,0,0,standard,False,4,560.33
ORD009433,C04322,P0367,2024-06-30,1,228.65,0,50,express,False,22,178.65
ORD009434,C00890,P0057,2024-11-06,3,482.27,0,200,standard,False,6,282.27
ORD009435,C02491,P0168,2024-12-09,2,1566.3,49,100,express,False,22,1515.3
ORD009436,C02876,P0121,2024-11-02,6,150.01,0,0,quick,False,0,150.01
ORD009437,C01631,P0248,2024-12-29,5,194.77,0,0,standard,True,16,194.77
ORD009438,C03703,P0206,2024-01-24,7,1681.02,99,50,quick,False,3,1730.02
ORD009439,C02026,P0114,2024-01-03,2,474.76,49,0,standard,False,15,523.76
ORD009440,C04107,P0238,2024-05-09,6,160.0,49,200,quick,False,4,9.0
ORD009441,C03322,P0053,2024-09-15,5,203.93,149,200,standard,False,2,152.93
ORD009442,C00741,P0075,2024-11-13,6,1597.61,0,200,standard,False,22,1397.61
ORD009443,C03008,P0168,2024-07-14,5,570.48,0,50,quick,False,9,520.48
ORD009444,C01976,P0047,2024-06-03,7,223.55,0,100,standard,False,7,123.55000000000001
ORD009445,C03662,P0223,2024-07-21,5,1670.42,0,0,standard,False,12,1670.42
ORD009446,C03800,P0069,2024-12-09,7,1405.29,49,100,quick,True,9,1354.29
ORD009447,C03571,P0499,2024-07-08,1,115.3,99,50,quick,False,6,164.3
ORD009448,C02911,P0154,2024-03-08,9,707.9,0,0,standard,False,17,707.9
ORD009449,C03084,P0046,2024-10-13,6,295.11,0,0,standard,False,20,295.11
ORD009450,C00773,P0460,2024-01-22,9,632.2,0,200,standard,False,3,432.20000000000005
ORD009451,C02144,P0372,2024-10-24,1,328.24,0,0,quick,False,6,328.24
ORD009452,C00992,P0278,2024-04-01,2,364.73,0,100,quick,False,0,264.73
ORD009453,C01838,P0201,2024-05-13,7,743.65,0,0,standard,True,0,743.65
ORD009454,C03813,P0141,2024-03-27,4,640.84,99,200,standard,True,0,539.84
ORD009455,C04907,P0316,2024-09-14,1,450.99,49,0,standard,True,9,499.99
ORD009456,C03321,P0450,2024-09-09,5,178.66,99,100,standard,True,3,177.65999999999997
ORD009457,C03842,P0125,2024-06-22,4,2540.28,0,50,quick,False,6,2490.28
ORD009458,C03253,P0331,2024-08-27,6,233.33,149,100,quick,False,5,282.33000000000004
ORD009459,C01875,P0152,2024-03-08,7,800.9,49,50,express,False,21,799.9
ORD009460,C03237,P0064,2024-02-15,3,159.46,0,200,standard,False,2,-40.53999999999999
ORD009461,C00003,P0095,2024-06-11,6,915.03,0,100,quick,False,2,815.03
ORD009462,C00164,P0407,2024-12-29,2,168.75,149,100,standard,False,8,217.75
ORD009463,C04439,P0180,2024-09-28,4,281.51,0,100,quick,False,14,181.51
ORD009464,C01897,P0495,2024-08-09,9,827.87,0,100,standard,False,3,727.87
ORD009465,C03240,P0361,2024-03-13,7,331.81,0,50,quick,False,13,281.81
ORD009466,C02567,P0456,2024-05-13,2,631.77,0,50,quick,False,11,581.77
ORD009467,C03507,P0177,2024-02-29,6,192.08,149,0,standard,False,21,341.08000000000004
ORD009468,C02559,P0128,2024-06-09,4,257.3,0,200,quick,False,12,57.30000000000001
ORD009469,C01338,P0489,2024-01-23,8,1025.39,99,200,standard,True,0,924.3900000000001
ORD009470,C04637,P0038,2024-03-06,8,124.04,0,50,standard,False,22,74.04
ORD009471,C00612,P0457,2024-09-12,1,181.99,0,0,standard,False,19,181.99
ORD009472,C04995,P0299,2024-05-23,8,268.41,0,0,standard,False,9,268.41
ORD009473,C01884,P0490,2024-07-03,7,113.28,99,100,standard,False,10,112.28
ORD009474,C04024,P0360,2024-08-08,1,169.17,149,0,express,True,12,318.16999999999996
ORD009475,C03134,P0349,2024-05-24,3,330.31,0,200,standard,False,11,130.31
ORD009476,C01055,P0132,2024-05-14,5,167.27,0,0,standard,True,6,167.27
ORD009477,C01622,P0378,2024-11-09,3,1506.57,99,50,standard,True,9,1555.57
ORD009478,C03282,P0451,2024-05-15,3,146.85,149,100,standard,False,13,195.85000000000002
ORD009479,C02610,P0499,2024-09-21,1,1480.21,0,0,quick,False,19,1480.21
ORD009480,C03069,P0379,2024-06-09,8,1310.57,49,50,express,False,18,1309.57
ORD009481,C01255,P0108,2024-08-11,9,173.34,149,50,standard,True,15,272.34000000000003
ORD009482,C02660,P0071,2024-03-25,5,116.86,49,50,quick,True,20,115.86000000000001
ORD009483,C04224,P0207,2024-06-10,1,134.9,149,200,quick,False,19,83.89999999999998
ORD009484,C01042,P0064,2024-09-08,1,723.76,49,100,standard,False,18,672.76
ORD009485,C04452,P0240,2024-03-18,9,875.81,0,0,express,True,1,875.81
ORD009486,C01442,P0078,2024-10-11,1,777.51,49,100,standard,False,21,726.51
ORD009487,C03677,P0087,2024-12-02,9,644.82,49,0,standard,False,15,693.82
ORD009488,C04176,P0398,2024-11-21,3,233.39,0,100,standard,False,1,133.39
ORD009489,C03686,P0177,2024-08-13,3,1385.99,99,200,standard,False,15,1284.99
ORD009490,C01904,P0261,2024-01-28,4,376.78,149,0,quick,False,10,525.78
ORD009491,C02713,P0065,2024-04-06,5,3096.06,0,100,quick,False,11,2996.06
ORD009492,C01877,P0324,2024-03-17,6,439.13,49,0,standard,False,0,488.13
ORD009493,C00790,P0370,2024-01-28,6,312.62,149,100,standard,False,8,361.62
ORD009494,C00224,P0422,2024-04-27,9,1671.68,0,200,standard,False,22,1471.68
ORD009495,C03034,P0104,2024-04-03,1,685.58,0,50,express,True,15,635.58
ORD009496,C04875,P0097,2024-01-19,9,994.72,0,200,standard,True,12,794.72
ORD009497,C04232,P0486,2024-08-28,4,466.45,149,200,quick,True,17,415.45000000000005
ORD009498,C00225,P0095,2024-05-13,7,1624.73,0,200,express,True,3,1424.73
ORD009499,C03405,P0412,2024-03-24,6,1847.38,0,0,quick,True,13,1847.38
ORD009500,C03179,P0476,2024-12-27,9,500.85,49,100,standard,False,22,449.85
ORD009501,C00811,P0471,2024-08-27,2,291.77,99,0,standard,False,18,390.77
ORD009502,C02492,P0045,2024-08-11,2,829.23,149,50,express,False,19,928.23
ORD009503,C04102,P0377,2024-02-29,7,2263.33,49,50,express,True,11,2262.33
ORD009504,C04223,P0030,2024-09-10,9,780.83,0,0,express,True,21,780.83
ORD009505,C04066,P0407,2024-01-21,5,2257.77,0,0,express,False,15,2257.77
ORD009506,C04362,P0374,2024-08-14,7,393.91,149,50,quick,True,0,492.9100000000001
ORD009507,C04309,P0381,2024-07-01,8,1825.22,0,0,quick,False,12,1825.22
ORD009508,C00246,P0398,2024-12-29,8,182.6,49,0,quick,False,1,231.6
ORD009509,C01618,P0203,2024-10-14,4,410.13,49,100,quick,False,15,359.13
ORD009510,C01827,P0147,2024-09-05,7,576.51,49,0,quick,False,2,625.51
ORD009511,C03445,P0131,2024-08-22,1,840.12,99,200,standard,False,15,739.12
ORD009512,C00420,P0185,2024-09-09,4,342.84,49,200,standard,False,8,191.83999999999997
ORD009513,C02764,P0460,2024-02-27,5,1905.12,49,50,standard,False,17,1904.12
ORD009514,C01371,P0188,2024-03-16,7,1735.72,0,50,standard,True,2,1685.72
ORD009515,C04238,P0488,2024-03-04,6,1223.29,149,0,quick,False,2,1372.29
ORD009516,C02188,P0126,2024-06-27,4,184.01,149,100,express,False,7,233.01
ORD009517,C02612,P0363,2024-02-17,3,156.07,149,50,standard,True,23,255.07
ORD009518,C02080,P0393,2024-04-14,6,581.59,99,50,standard,True,22,630.59
ORD009519,C04324,P0296,2024-05-25,5,1113.74,149,0,quick,True,20,1262.74
ORD009520,C02735,P0308,2024-04-02,3,191.06,0,0,quick,True,3,191.06
ORD009521,C00829,P0086,2024-03-27,4,816.96,0,200,quick,False,14,616.96
ORD009522,C03058,P0454,2024-09-17,2,624.33,0,0,quick,False,12,624.33
ORD009523,C00849,P0120,2024-05-19,9,1005.21,149,200,express,True,23,954.21
ORD009524,C02780,P0331,2024-10-15,7,499.12,0,0,standard,True,10,499.12
ORD009525,C01153,P0303,2024-12-05,3,926.31,149,100,express,False,7,975.31
ORD009526,C04940,P0398,2024-10-26,8,220.72,99,200,quick,True,19,119.72000000000003
ORD009527,C03829,P0134,2024-04-18,8,268.09,0,0,express,True,15,268.09
ORD009528,C02682,P0327,2024-10-25,1,1734.55,0,100,standard,False,1,1634.55
ORD009529,C03079,P0198,2024-01-03,5,378.68,0,0,express,False,10,378.68
ORD009530,C00402,P0170,2024-09-26,5,3062.81,149,100,standard,False,9,3111.81
ORD009531,C02975,P0259,2024-10-19,3,132.11,149,50,express,False,17,231.11
ORD009532,C01602,P0123,2024-04-02,2,578.45,0,100,quick,False,22,478.45000000000005
ORD009533,C04722,P0241,2024-08-01,1,374.12,99,200,standard,True,14,273.12
ORD009534,C00980,P0434,2024-02-09,4,3957.93,0,100,quick,False,6,3857.93
ORD009535,C02294,P0070,2024-05-06,2,3325.06,99,0,quick,False,19,3424.06
ORD009536,C02384,P0381,2024-09-12,5,286.74,99,100,quick,False,13,285.74
ORD009537,C03352,P0058,2024-12-12,2,316.67,0,0,quick,False,3,316.67
ORD009538,C04128,P0108,2024-02-18,1,1068.49,0,200,standard,False,0,868.49
ORD009539,C00798,P0040,2024-06-17,9,1642.02,0,50,standard,True,21,1592.02
ORD009540,C02595,P0444,2024-01-14,2,861.82,0,50,standard,True,4,811.82
ORD009541,C01366,P0285,2024-05-25,4,1499.23,149,0,quick,False,18,1648.23
ORD009542,C02938,P0378,2024-12-14,3,144.77,149,50,standard,True,21,243.76999999999998
ORD009543,C01262,P0145,2024-12-14,1,815.18,99,200,standard,False,0,714.18
ORD009544,C02776,P0285,2024-03-03,8,942.18,0,0,standard,False,16,942.18
ORD009545,C03248,P0390,2024-07-20,2,246.78,0,200,standard,True,14,46.78
ORD009546,C00303,P0051,2024-07-10,8,1152.46,0,50,quick,False,2,1102.46
ORD009547,C01693,P0175,2024-10-29,1,2120.01,0,50,standard,True,16,2070.01
ORD009548,C02316,P0278,2024-02-24,6,1696.72,0,0,quick,False,5,1696.72
ORD009549,C04495,P0379,2024-06-14,4,295.7,0,0,quick,False,14,295.7
ORD009550,C00921,P0164,2024-03-19,3,373.09,99,100,standard,False,8,372.09
ORD009551,C00420,P0326,2024-01-15,1,583.66,0,0,quick,True,22,583.66
ORD009552,C02178,P0485,2024-02-11,1,219.68,49,200,quick,False,18,68.68
ORD009553,C03809,P0476,2024-08-23,7,2253.67,149,50,quick,True,12,2352.67
ORD009554,C01166,P0481,2024-12-28,6,222.38,0,0,express,False,17,222.38
ORD009555,C04673,P0251,2024-12-03,3,1102.14,99,0,quick,False,20,1201.14
ORD009556,C00539,P0102,2024-09-02,2,391.38,0,200,standard,True,23,191.38
ORD009557,C03499,P0052,2024-08-20,3,695.86,49,0,standard,True,1,744.86
ORD009558,C01460,P0254,2024-11-17,8,132.83,0,0,quick,False,8,132.83
ORD009559,C04687,P0360,2024-05-17,7,259.6,99,0,quick,False,18,358.6
ORD009560,C04739,P0172,2024-10-31,7,510.38,99,50,standard,True,3,559.38
ORD009561,C00327,P0250,2024-12-02,5,890.49,0,200,express,False,22,690.49
ORD009562,C02859,P0176,2024-01-03,3,1151.17,0,0,standard,True,16,1151.17
ORD009563,C02093,P0048,2024-06-17,1,120.42,0,50,standard,True,15,70.42
ORD009564,C02131,P0110,2024-01-23,1,214.82,49,50,standard,False,5,213.82
ORD009565,C02841,P0209,2024-12-01,6,1014.99,0,50,standard,False,14,964.99
ORD009566,C00351,P0247,2024-11-14,4,1272.86,149,0,standard,False,9,1421.86
ORD009567,C04732,P0174,2024-08-19,7,287.96,149,50,quick,False,5,386.96
ORD009568,C03908,P0106,2024-06-15,1,281.64,0,200,standard,True,1,81.63999999999999
ORD009569,C00233,P0152,2024-10-18,6,163.5,0,100,express,False,9,63.5
ORD009570,C03122,P0346,2024-03-07,7,213.01,49,0,quick,False,19,262.01
ORD009571,C04876,P0154,2024-04-18,1,104.63,99,0,quick,False,10,203.63
ORD009572,C02728,P0139,2024-01-25,2,722.83,49,50,express,False,13,721.83
ORD009573,C00932,P0150,2024-11-25,9,1738.59,149,0,standard,False,3,1887.59
ORD009574,C01823,P0272,2024-05-24,9,212.41,0,0,quick,False,21,212.41
ORD009575,C03500,P0043,2024-06-14,6,1073.46,0,200,standard,False,4,873.46
ORD009576,C04073,P0070,2024-01-29,4,695.76,0,0,standard,False,2,695.76
ORD009577,C03345,P0124,2024-02-06,7,2067.48,0,100,standard,True,6,1967.48
ORD009578,C00860,P0151,2024-10-07,5,1219.07,0,100,standard,False,15,1119.07
ORD009579,C01230,P0454,2024-11-04,3,1439.84,0,0,quick,True,15,1439.84
ORD009580,C02195,P0348,2024-07-14,4,812.49,149,0,quick,False,7,961.49
ORD009581,C04395,P0315,2024-02-17,2,1266.45,99,0,express,False,0,1365.45
ORD009582,C01476,P0308,2024-07-23,6,401.49,149,0,quick,True,12,550.49
ORD009583,C02023,P0219,2024-05-10,3,263.14,99,50,express,False,23,312.14
ORD009584,C02596,P0214,2024-04-01,7,1804.44,0,100,standard,False,20,1704.44
ORD009585,C02430,P0329,2024-05-02,4,1026.87,99,50,quick,False,5,1075.87
ORD009586,C03689,P0143,2024-07-23,8,165.56,49,200,express,False,12,14.560000000000002
ORD009587,C00533,P0106,2024-02-15,1,1510.71,149,0,quick,True,1,1659.71
ORD009588,C01256,P0495,2024-01-11,9,399.37,149,0,standard,False,9,548.37
ORD009589,C01657,P0353,2024-04-16,3,346.95,149,200,standard,False,5,295.95
ORD009590,C01152,P0280,2024-03-24,3,782.44,0,200,quick,False,7,582.44
ORD009591,C03893,P0321,2024-07-17,5,687.5,149,0,quick,False,10,836.5
ORD009592,C01752,P0305,2024-07-25,1,639.92,0,200,standard,False,21,439.91999999999996
ORD009593,C01683,P0324,2024-05-25,3,304.94,149,50,quick,False,18,403.94
ORD009594,C02978,P0333,2024-11-27,4,2348.26,49,200,quick,True,15,2197.26
ORD009595,C04332,P0478,2024-11-30,2,2197.71,0,0,standard,True,7,2197.71
ORD009596,C03653,P0423,2024-03-19,6,101.92,0,100,standard,True,22,1.9200000000000017
ORD009597,C03013,P0389,2024-03-02,4,387.56,149,0,standard,False,14,536.56
ORD009598,C00700,P0063,2024-06-01,1,131.63,149,0,quick,False,22,280.63
ORD009599,C04670,P0283,2024-09-08,3,1428.15,149,50,quick,False,3,1527.15
ORD009600,C03064,P0264,2024-08-09,7,1622.28,99,50,express,False,3,1671.28
ORD009601,C04866,P0005,2024-06-07,3,610.3,0,100,quick,False,5,510.29999999999995
ORD009602,C01764,P0400,2024-12-16,6,1380.4,99,50,quick,False,4,1429.4
ORD009603,C04318,P0167,2024-11-04,6,949.67,49,0,quick,False,4,998.67
ORD009604,C01122,P0354,2024-03-08,1,583.61,149,50,standard,False,23,682.61
ORD009605,C03830,P0459,2024-07-02,2,415.58,49,100,standard,False,19,364.58
ORD009606,C02958,P0172,2024-12-06,6,315.69,49,100,quick,False,18,264.69
ORD009607,C02320,P0337,2024-02-19,2,309.23,149,200,quick,False,0,258.23
ORD009608,C01422,P0118,2024-07-07,2,676.98,0,200,express,True,14,476.98
ORD009609,C01540,P0426,2024-09-19,4,226.74,99,50,quick,False,15,275.74
ORD009610,C04525,P0225,2024-04-12,8,233.48,0,50,standard,True,11,183.48
ORD009611,C00522,P0173,2024-09-07,6,106.31,149,50,standard,False,22,205.31
ORD009612,C03007,P0446,2024-08-16,8,764.13,0,50,quick,False,13,714.13
ORD009613,C02498,P0128,2024-07-17,4,3721.55,0,200,standard,True,0,3521.55
ORD009614,C02089,P0186,2024-08-31,3,1639.14,0,0,standard,False,22,1639.14
ORD009615,C01738,P0062,2024-05-17,7,955.18,0,0,standard,False,16,955.18
ORD009616,C04189,P0462,2024-10-15,7,1176.69,99,0,standard,False,22,1275.69
ORD009617,C02533,P0380,2024-11-03,2,476.52,0,200,standard,False,11,276.52
ORD009618,C02564,P0273,2024-08-04,1,346.75,149,0,quick,False,20,495.75
ORD009619,C02764,P0085,2024-02-16,8,420.9,49,0,express,False,17,469.9
ORD009620,C00498,P0209,2024-08-04,3,158.45,0,200,standard,False,3,-41.55000000000001
ORD009621,C02418,P0496,2024-07-07,6,802.19,49,0,quick,False,13,851.19
ORD009622,C02746,P0192,2024-11-10,7,233.55,0,50,quick,True,15,183.55
ORD009623,C00484,P0237,2024-04-05,8,1106.43,0,50,standard,True,1,1056.43
ORD009624,C00664,P0019,2024-08-10,6,246.48,0,0,quick,False,8,246.48
ORD009625,C03454,P0439,2024-11-18,7,280.25,49,100,standard,True,13,229.25
ORD009626,C00627,P0181,2024-08-06,5,2306.58,0,0,standard,False,17,2306.58
ORD009627,C01684,P0047,2024-02-17,3,176.96,99,0,standard,True,22,275.96000000000004
ORD009628,C00731,P0227,2024-01-21,2,582.58,149,0,standard,False,13,731.58
ORD009629,C04287,P0053,2024-09-19,7,144.32,49,0,standard,False,2,193.32
ORD009630,C01244,P0101,2024-06-23,8,165.32,0,50,standard,True,2,115.32
ORD009631,C02174,P0088,2024-08-25,8,801.63,0,0,standard,True,2,801.63
ORD009632,C03874,P0143,2024-12-12,3,796.35,149,200,quick,False,8,745.35
ORD009633,C02774,P0147,2024-04-24,2,249.21,0,50,standard,True,21,199.21
ORD009634,C03078,P0229,2024-11-27,9,1540.67,0,50,standard,True,11,1490.67
ORD009635,C04791,P0302,2024-12-17,6,946.9,149,50,express,False,15,1045.9
ORD009636,C01139,P0249,2024-12-31,3,349.28,49,0,standard,True,12,398.28
ORD009637,C04659,P0224,2024-03-20,5,298.87,0,100,quick,False,16,198.87
ORD009638,C03117,P0390,2024-09-10,1,1081.51,0,0,standard,True,7,1081.51
ORD009639,C02440,P0406,2024-09-26,2,1024.99,149,0,quick,True,4,1173.99
ORD009640,C04118,P0458,2024-11-18,9,211.8,0,200,standard,False,3,11.800000000000011
ORD009641,C03202,P0160,2024-11-27,3,399.67,99,100,standard,True,0,398.67
ORD009642,C03198,P0167,2024-09-25,8,269.95,49,50,express,True,5,268.95
ORD009643,C04540,P0109,2024-02-12,8,342.84,99,0,quick,False,2,441.84
ORD009644,C04872,P0260,2024-05-28,5,336.35,0,0,standard,False,18,336.35
ORD009645,C02044,P0172,2024-08-27,8,2710.48,149,50,quick,False,5,2809.48
ORD009646,C00707,P0366,2024-08-11,2,1070.0,0,50,quick,True,21,1020.0
ORD009647,C00432,P0296,2024-02-10,2,1159.06,149,100,express,False,6,1208.06
ORD009648,C00472,P0391,2024-09-01,4,326.45,0,100,standard,True,14,226.45
ORD009649,C00047,P0242,2024-06-02,8,99.37,99,0,standard,False,21,198.37
ORD009650,C01914,P0208,2024-03-17,2,140.94,49,0,quick,True,17,189.94
ORD009651,C01105,P0242,2024-03-06,4,662.64,99,50,express,True,11,711.64
ORD009652,C03180,P0253,2024-12-16,8,334.3,0,200,quick,True,17,134.3
ORD009653,C01890,P0081,2024-06-02,3,249.06,99,50,standard,False,8,298.06
ORD009654,C00357,P0433,2024-05-07,8,134.64,99,0,standard,False,15,233.64
ORD009655,C00567,P0474,2024-09-24,2,1559.56,99,200,standard,False,2,1458.56
ORD009656,C00479,P0030,2024-08-06,1,740.63,99,0,express,False,21,839.63
ORD009657,C00866,P0003,2024-05-31,6,178.51,49,200,quick,False,5,27.50999999999999
ORD009658,C03260,P0193,2024-10-18,8,1116.91,0,200,standard,True,18,916.9100000000001
ORD009659,C04059,P0055,2024-01-25,9,1085.91,49,0,standard,True,13,1134.91
ORD009660,C01028,P0260,2024-10-09,8,338.16,149,0,quick,False,3,487.16
ORD009661,C03357,P0080,2024-02-09,2,245.15,0,0,standard,False,17,245.15
ORD009662,C01813,P0053,2024-01-24,1,1276.34,0,100,quick,True,1,1176.34
ORD009663,C03728,P0379,2024-09-19,7,378.88,0,100,standard,False,7,278.88
ORD009664,C03526,P0486,2024-02-25,7,1415.08,149,0,quick,False,6,1564.08
ORD009665,C04803,P0095,2024-09-18,3,130.24,149,0,quick,False,4,279.24
ORD009666,C01050,P0348,2024-08-05,6,583.21,0,100,quick,False,9,483.21000000000004
ORD009667,C00126,P0335,2024-07-30,7,237.57,0,100,quick,True,4,137.57
ORD009668,C03606,P0256,2024-02-18,9,879.41,0,0,standard,False,23,879.41
ORD009669,C02378,P0203,2024-08-25,1,4217.14,149,0,quick,False,22,4366.14
ORD009670,C01652,P0210,2024-12-04,3,471.33,149,0,standard,False,12,620.3299999999999
ORD009671,C00007,P0328,2024-10-18,5,172.99,0,0,standard,False,0,172.99
ORD009672,C04708,P0495,2024-05-09,3,366.57,149,0,standard,False,11,515.5699999999999
ORD009673,C01284,P0316,2024-06-30,8,1653.75,0,0,standard,True,1,1653.75
ORD009674,C04693,P0125,2024-05-10,6,1114.99,49,100,standard,True,16,1063.99
ORD009675,C04481,P0006,2024-10-26,2,283.97,0,50,standard,True,0,233.97000000000003
ORD009676,C00178,P0413,2024-02-11,1,2248.3,149,0,quick,False,3,2397.3
ORD009677,C03595,P0124,2024-09-14,5,780.35,0,200,standard,False,16,580.35
ORD009678,C04910,P0270,2024-01-09,9,227.79,99,200,quick,False,21,126.78999999999996
ORD009679,C03817,P0107,2024-02-28,9,693.57,0,0,quick,False,8,693.57
ORD009680,C03254,P0259,2024-12-04,1,519.11,49,0,quick,False,18,568.11
ORD009681,C04453,P0318,2024-08-24,3,1298.18,99,100,express,False,16,1297.18
ORD009682,C02423,P0069,2024-04-01,6,394.29,99,100,standard,False,0,393.29
ORD009683,C04797,P0037,2024-04-03,5,1554.49,99,0,quick,False,9,1653.49
ORD009684,C01750,P0174,2024-07-20,4,1268.81,99,0,standard,True,4,1367.81
ORD009685,C04877,P0187,2024-01-24,2,884.9,0,200,quick,False,10,684.9
ORD009686,C04177,P0226,2024-02-12,4,308.46,49,100,quick,False,7,257.46
ORD009687,C03429,P0257,2024-08-01,5,2561.32,0,0,express,True,15,2561.32
ORD009688,C00184,P0196,2024-12-26,2,655.88,0,100,standard,True,6,555.88
ORD009689,C02335,P0007,2024-06-01,1,1765.49,0,0,standard,False,6,1765.49
ORD009690,C03133,P0050,2024-06-09,7,269.1,0,100,standard,False,21,169.10000000000002
ORD009691,C04978,P0372,2024-10-27,7,2966.93,99,200,quick,False,15,2865.93
ORD009692,C00506,P0221,2024-08-20,8,1284.2,149,100,standard,True,15,1333.2
ORD009693,C04125,P0367,2024-12-09,6,2185.27,0,0,quick,False,15,2185.27
ORD009694,C01932,P0018,2024-08-18,1,266.1,49,50,express,False,6,265.1
ORD009695,C01196,P0349,2024-11-15,8,493.29,0,0,standard,True,3,493.29
ORD009696,C03685,P0246,2024-05-15,2,170.91,0,50,standard,False,5,120.91
ORD009697,C04181,P0030,2024-06-23,3,202.11,0,200,express,True,12,2.1100000000000136
ORD009698,C01338,P0079,2024-04-05,8,332.81,149,200,quick,True,17,281.81
ORD009699,C02620,P0357,2024-04-18,4,2219.15,99,50,standard,False,20,2268.15
ORD009700,C00682,P0021,2024-04-04,5,869.13,49,200,quick,False,20,718.13
ORD009701,C03514,P0288,2024-02-10,9,363.46,0,200,quick,False,17,163.45999999999998
ORD009702,C04367,P0241,2024-11-05,7,2263.16,0,0,standard,True,2,2263.16
ORD009703,C02160,P0213,2024-05-12,7,1041.23,0,0,standard,True,4,1041.23
ORD009704,C01729,P0199,2024-12-10,1,1761.45,149,0,express,True,21,1910.45
ORD009705,C01417,P0164,2024-02-24,1,1933.23,99,0,quick,True,4,2032.23
ORD009706,C04014,P0139,2024-08-10,8,1071.56,149,0,standard,True,16,1220.56
ORD009707,C00018,P0369,2024-09-30,1,294.0,0,0,standard,False,4,294.0
ORD009708,C02652,P0452,2024-01-10,2,4075.52,99,0,standard,False,2,4174.52
ORD009709,C03800,P0319,2024-01-03,4,374.22,0,50,quick,False,15,324.22
ORD009710,C00464,P0408,2024-07-21,9,878.69,49,0,standard,True,16,927.69
ORD009711,C00690,P0437,2024-02-29,7,1403.18,0,200,standard,False,2,1203.18
ORD009712,C01010,P0284,2024-01-07,7,233.79,149,100,standard,False,18,282.78999999999996
ORD009713,C03061,P0012,2024-03-28,7,756.41,0,0,express,False,5,756.41
ORD009714,C04020,P0025,2024-12-01,5,428.2,149,200,quick,True,7,377.20000000000005
ORD009715,C00162,P0021,2024-09-01,1,295.07,99,0,standard,False,20,394.07
ORD009716,C01635,P0348,2024-08-23,5,107.29,49,50,quick,True,13,106.29000000000002
ORD009717,C02746,P0075,2024-12-20,8,1537.87,0,200,standard,False,20,1337.87
ORD009718,C00294,P0495,2024-07-26,7,201.23,49,100,standard,False,11,150.23
ORD009719,C00578,P0365,2024-12-02,7,1572.29,149,200,standard,True,7,1521.29
ORD009720,C01585,P0490,2024-11-04,2,741.61,149,0,standard,True,8,890.61
ORD009721,C03380,P0091,2024-09-06,1,778.26,0,200,quick,False,13,578.26
ORD009722,C02349,P0328,2024-06-04,4,1333.84,0,50,standard,False,1,1283.84
ORD009723,C02171,P0374,2024-11-12,8,597.55,0,0,standard,True,13,597.55
ORD009724,C00194,P0265,2024-11-11,1,408.44,49,0,standard,False,1,457.44
ORD009725,C00841,P0047,2024-07-03,2,203.61,49,0,quick,True,10,252.61
ORD009726,C04007,P0498,2024-12-19,7,690.46,99,200,standard,True,12,589.46
ORD009727,C04584,P0169,2024-12-10,5,662.9,49,100,quick,False,0,611.9
ORD009728,C02931,P0345,2024-12-19,6,342.6,0,0,standard,False,6,342.6
ORD009729,C00445,P0244,2024-12-11,8,740.5,149,0,express,False,21,889.5
ORD009730,C00079,P0227,2024-07-21,9,504.08,49,0,express,False,23,553.0799999999999
ORD009731,C04840,P0186,2024-06-03,8,1245.23,0,0,express,False,11,1245.23
ORD009732,C02745,P0436,2024-02-14,1,672.87,0,200,quick,False,12,472.87
ORD009733,C03688,P0167,2024-03-05,4,1998.27,0,0,standard,False,14,1998.27
ORD009734,C01860,P0202,2024-03-10,5,609.84,49,100,standard,False,19,558.84
ORD009735,C00930,P0445,2024-01-08,9,1628.33,149,0,express,False,7,1777.33
ORD009736,C01934,P0005,2024-04-07,6,613.54,49,100,quick,True,23,562.54
ORD009737,C04367,P0131,2024-02-27,6,670.57,49,200,standard,False,4,519.57
ORD009738,C02171,P0244,2024-01-09,3,418.89,0,0,standard,True,15,418.89
ORD009739,C03294,P0090,2024-12-22,2,456.78,0,0,quick,False,19,456.78
ORD009740,C04781,P0310,2024-04-06,2,1992.2,99,0,express,False,16,2091.2
ORD009741,C04747,P0125,2024-01-14,7,275.87,149,0,standard,False,13,424.87
ORD009742,C04392,P0471,2024-04-17,5,189.64,0,0,standard,False,20,189.64
ORD009743,C02834,P0452,2024-09-03,1,1340.24,0,50,express,True,20,1290.24
ORD009744,C04716,P0241,2024-11-28,5,701.12,0,100,express,True,5,601.12
ORD009745,C01654,P0248,2024-03-15,1,333.49,99,0,quick,False,7,432.49
ORD009746,C02928,P0386,2024-11-28,9,495.44,0,100,standard,True,19,395.44
ORD009747,C03603,P0006,2024-05-03,8,619.97,99,100,standard,False,16,618.97
ORD009748,C01672,P0087,2024-08-11,4,726.78,99,100,standard,True,9,725.78
ORD009749,C04350,P0085,2024-11-16,1,1303.46,0,0,quick,False,15,1303.46
ORD009750,C01287,P0395,2024-10-02,8,450.02,0,0,quick,False,2,450.02
ORD009751,C02726,P0354,2024-04-07,5,889.0,0,0,quick,False,13,889.0
ORD009752,C04124,P0144,2024-02-14,1,1359.28,49,0,standard,True,19,1408.28
ORD009753,C01058,P0450,2024-06-03,2,1398.51,99,0,quick,False,0,1497.51
ORD009754,C04844,P0330,2024-08-25,5,304.35,99,0,standard,False,13,403.35
ORD009755,C00601,P0197,2024-03-16,9,400.73,0,0,quick,False,2,400.73
ORD009756,C03274,P0362,2024-08-30,8,731.55,0,200,quick,False,17,531.55
ORD009757,C02978,P0163,2024-08-04,8,1617.69,149,200,standard,True,2,1566.69
ORD009758,C00130,P0144,2024-01-12,9,1192.94,0,0,express,True,22,1192.94
ORD009759,C00110,P0341,2024-02-29,2,712.89,0,0,quick,False,4,712.89
ORD009760,C02571,P0000,2024-03-26,7,2982.06,0,100,quick,True,20,2882.06
ORD009761,C03359,P0491,2024-03-19,5,503.61,0,100,quick,True,1,403.61
ORD009762,C02734,P0119,2024-12-25,3,1392.61,149,0,standard,True,11,1541.61
ORD009763,C00830,P0066,2024-08-15,8,1293.24,99,200,standard,False,8,1192.24
ORD009764,C00665,P0463,2024-09-05,2,1769.47,149,100,express,False,12,1818.47
ORD009765,C01066,P0354,2024-08-29,4,3176.48,149,200,standard,False,8,3125.48
ORD009766,C04970,P0461,2024-01-11,5,578.2,0,50,standard,False,14,528.2
ORD009767,C03788,P0048,2024-08-18,5,251.39,0,100,standard,False,20,151.39
ORD009768,C01317,P0306,2024-10-26,4,531.49,49,50,quick,False,10,530.49
ORD009769,C00284,P0326,2024-05-04,3,1445.35,0,50,standard,True,9,1395.35
ORD009770,C04659,P0473,2024-04-13,3,1364.98,149,50,standard,False,17,1463.98
ORD009771,C04114,P0375,2024-05-30,5,385.6,0,50,standard,False,19,335.6
ORD009772,C03578,P0426,2024-10-18,6,132.92,149,0,standard,False,10,281.91999999999996
ORD009773,C04642,P0367,2024-07-19,1,598.12,0,0,standard,True,9,598.12
ORD009774,C00047,P0286,2024-01-27,4,548.85,0,0,quick,False,15,548.85
ORD009775,C01768,P0023,2024-06-19,6,161.77,0,100,express,False,16,61.77000000000001
ORD009776,C04314,P0210,2024-01-05,2,1207.95,49,0,standard,False,15,1256.95
ORD009777,C04861,P0292,2024-02-22,5,332.45,49,50,express,False,12,331.45
ORD009778,C03259,P0448,2024-11-18,9,825.43,0,0,quick,False,22,825.43
ORD009779,C02078,P0472,2024-12-31,3,173.91,49,0,quick,False,18,222.91
ORD009780,C02306,P0062,2024-08-09,3,1478.8,0,200,standard,False,22,1278.8
ORD009781,C03415,P0055,2024-07-31,9,1040.0,0,200,standard,True,17,840.0
ORD009782,C04403,P0457,2024-09-10,3,443.2,0,200,standard,False,21,243.2
ORD009783,C03142,P0017,2024-10-23,4,794.01,0,200,quick,False,19,594.01
ORD009784,C00567,P0361,2024-11-01,9,244.31,149,200,express,True,19,193.31
ORD009785,C04326,P0448,2024-10-10,4,3058.79,49,100,standard,False,21,3007.79
ORD009786,C04065,P0412,2024-05-28,5,1212.12,99,50,express,False,18,1261.12
ORD009787,C00081,P0076,2024-01-19,2,1187.93,49,0,standard,False,4,1236.93
ORD009788,C03005,P0259,2024-09-06,8,215.55,49,200,quick,False,15,64.55000000000001
ORD009789,C00216,P0120,2024-07-23,9,111.52,0,100,quick,False,10,11.519999999999996
ORD009790,C00334,P0395,2024-09-05,4,715.26,0,0,quick,False,2,715.26
ORD009791,C00558,P0183,2024-09-19,3,207.94,0,200,quick,False,22,7.939999999999998
ORD009792,C02911,P0047,2024-10-29,4,1160.27,0,50,standard,False,15,1110.27
ORD009793,C00873,P0146,2024-11-09,7,475.59,0,0,quick,True,10,475.59
ORD009794,C00752,P0281,2024-12-13,1,388.37,0,50,express,False,17,338.37
ORD009795,C03761,P0363,2024-09-06,2,152.55,0,50,standard,False,16,102.55000000000001
ORD009796,C00593,P0293,2024-04-28,5,3975.51,0,200,quick,False,19,3775.51
ORD009797,C02751,P0079,2024-12-31,9,2285.67,49,0,standard,False,20,2334.67
ORD009798,C01678,P0235,2024-02-01,6,197.77,149,0,standard,True,2,346.77
ORD009799,C03897,P0408,2024-09-27,3,382.28,99,0,quick,True,8,481.28
ORD009800,C04648,P0439,2024-01-10,3,445.91,149,100,standard,False,20,494.9100000000001
ORD009801,C01482,P0457,2024-08-04,7,345.48,49,0,standard,False,8,394.48
ORD009802,C00782,P0228,2024-10-22,3,2006.66,49,200,standard,False,8,1855.6599999999999
ORD009803,C02134,P0283,2024-06-10,3,993.44,0,0,quick,False,9,993.44
ORD009804,C03586,P0060,2024-10-10,7,2284.17,0,50,quick,True,19,2234.17
ORD009805,C03794,P0219,2024-02-02,9,1551.84,0,50,quick,False,16,1501.84
ORD009806,C04608,P0344,2024-05-17,9,1082.24,99,100,standard,False,7,1081.24
ORD009807,C00983,P0088,2024-11-27,3,934.74,0,200,standard,True,10,734.74
ORD009808,C04682,P0434,2024-08-01,8,1506.79,149,200,standard,False,10,1455.79
ORD009809,C00742,P0395,2024-08-30,1,905.74,149,0,quick,True,7,1054.74
ORD009810,C04544,P0263,2024-02-29,8,245.4,149,0,standard,False,18,394.4
ORD009811,C04683,P0227,2024-09-10,2,830.14,49,0,standard,True,6,879.14
ORD009812,C04355,P0377,2024-11-14,4,605.53,0,100,quick,False,11,505.53
ORD009813,C03608,P0102,2024-11-26,7,2907.08,49,50,quick,False,9,2906.08
ORD009814,C03271,P0441,2024-06-26,6,598.3,49,0,quick,False,6,647.3
ORD009815,C02510,P0087,2024-08-17,9,126.45,0,100,standard,False,10,26.450000000000003
ORD009816,C04010,P0022,2024-12-23,8,313.75,49,0,express,True,16,362.75
ORD009817,C00093,P0292,2024-08-11,2,1844.47,99,0,standard,True,21,1943.47
ORD009818,C01375,P0266,2024-01-11,4,2394.71,49,200,quick,False,13,2243.71
ORD009819,C01131,P0016,2024-03-23,1,1011.65,0,50,standard,True,8,961.65
ORD009820,C02516,P0475,2024-05-27,7,139.98,0,0,quick,False,8,139.98
ORD009821,C04963,P0439,2024-04-08,4,115.68,149,0,standard,False,19,264.68
ORD009822,C00090,P0436,2024-08-28,8,556.2,99,100,express,True,13,555.2
ORD009823,C01479,P0450,2024-06-25,2,5715.4,149,50,express,True,21,5814.4
ORD009824,C00954,P0385,2024-08-12,8,1523.38,0,0,standard,False,21,1523.38
ORD009825,C02431,P0498,2024-04-28,2,1992.27,0,0,standard,False,6,1992.27
ORD009826,C00022,P0284,2024-09-16,8,782.86,0,0,quick,True,19,782.86
ORD009827,C01725,P0312,2024-04-22,1,1470.92,99,100,standard,True,4,1469.92
ORD009828,C04118,P0161,2024-10-27,2,368.65,0,0,express,False,22,368.65
ORD009829,C03305,P0077,2024-12-16,5,118.42,149,100,standard,True,9,167.42000000000002
ORD009830,C01721,P0121,2024-06-22,1,1851.87,0,200,quick,False,6,1651.87
ORD009831,C01440,P0480,2024-11-04,5,271.52,149,200,standard,False,21,220.51999999999998
ORD009832,C04670,P0111,2024-12-02,5,1011.62,0,200,quick,False,21,811.62
ORD009833,C02150,P0238,2024-08-27,7,852.04,0,200,standard,False,11,652.04
ORD009834,C02547,P0209,2024-03-08,2,219.52,0,0,standard,True,22,219.52
ORD009835,C04923,P0348,2024-05-30,2,251.52,0,0,standard,True,17,251.52
ORD009836,C03554,P0001,2024-12-30,6,378.37,49,200,quick,False,17,227.37
ORD009837,C00188,P0379,2024-07-18,3,1089.09,49,200,standard,True,10,938.0899999999999
ORD009838,C00459,P0202,2024-08-01,8,127.02,0,50,standard,False,6,77.02
ORD009839,C02236,P0286,2024-12-10,3,464.87,0,0,quick,False,14,464.87
ORD009840,C04446,P0116,2024-11-30,4,864.77,49,50,standard,False,18,863.77
ORD009841,C00580,P0368,2024-07-03,7,230.67,0,50,quick,True,16,180.67
ORD009842,C02161,P0460,2024-08-29,1,188.02,0,50,quick,False,5,138.02
ORD009843,C04715,P0299,2024-03-23,1,445.25,99,50,standard,False,3,494.25
ORD009844,C01531,P0382,2024-11-14,9,335.36,0,50,standard,False,23,285.36
ORD009845,C01368,P0345,2024-04-16,6,832.07,0,50,standard,False,23,782.07
ORD009846,C02434,P0439,2024-05-24,5,2543.59,149,200,standard,True,9,2492.59
ORD009847,C02991,P0481,2024-12-19,2,102.14,0,50,express,False,20,52.14
ORD009848,C02902,P0437,2024-02-14,2,1727.67,49,0,quick,False,7,1776.67
ORD009849,C02530,P0436,2024-12-07,7,496.45,0,0,express,False,6,496.45
ORD009850,C00472,P0113,2024-09-04,6,862.47,49,0,standard,False,19,911.47
ORD009851,C00858,P0073,2024-03-07,8,1431.79,49,100,standard,False,20,1380.79
ORD009852,C02989,P0459,2024-03-29,3,695.43,49,0,standard,False,10,744.43
ORD009853,C02440,P0240,2024-04-12,3,170.66,149,100,express,True,5,219.65999999999997
ORD009854,C03706,P0469,2024-03-21,5,205.06,49,200,quick,False,20,54.06
ORD009855,C01712,P0301,2024-11-06,4,1189.06,49,100,standard,False,15,1138.06
ORD009856,C00515,P0053,2024-09-08,8,281.14,99,50,standard,False,11,330.14
ORD009857,C02393,P0158,2024-02-21,6,688.21,99,50,standard,False,7,737.21
ORD009858,C01375,P0466,2024-07-31,8,490.13,49,50,express,False,12,489.13
ORD009859,C03669,P0108,2024-09-09,7,352.32,149,100,standard,True,15,401.32
ORD009860,C02390,P0279,2024-06-04,2,1181.42,0,100,quick,False,22,1081.42
ORD009861,C03262,P0152,2024-04-30,9,1018.69,0,100,standard,False,8,918.69
ORD009862,C04638,P0162,2024-04-17,6,826.14,0,0,standard,False,18,826.14
ORD009863,C02866,P0056,2024-10-12,6,425.4,49,0,quick,True,14,474.4
ORD009864,C01059,P0327,2024-01-25,2,278.75,0,0,quick,False,17,278.75
ORD009865,C00756,P0324,2024-01-10,9,606.82,0,50,quick,False,10,556.82
ORD009866,C03495,P0213,2024-07-02,1,1288.19,0,200,standard,False,4,1088.19
ORD009867,C00187,P0027,2024-05-13,6,699.06,0,0,quick,False,8,699.06
ORD009868,C02381,P0203,2024-07-01,8,2556.86,0,0,quick,False,19,2556.86
ORD009869,C04578,P0032,2024-12-12,2,109.89,0,0,quick,False,2,109.89
ORD009870,C02714,P0308,2024-03-22,3,4582.52,49,0,standard,False,8,4631.52
ORD009871,C00295,P0121,2024-03-30,7,922.02,49,100,standard,False,3,871.02
ORD009872,C03533,P0015,2024-09-14,1,1350.47,99,100,express,False,12,1349.47
ORD009873,C04140,P0153,2024-01-17,5,384.53,0,50,standard,True,17,334.53
ORD009874,C04042,P0395,2024-02-02,6,595.98,0,50,standard,False,12,545.98
ORD009875,C02042,P0342,2024-06-21,7,1215.15,0,0,express,False,0,1215.15
ORD009876,C04270,P0496,2024-08-08,7,1099.88,0,50,standard,False,2,1049.88
ORD009877,C03051,P0217,2024-02-28,3,383.56,149,200,quick,False,6,332.55999999999995
ORD009878,C01800,P0104,2024-11-12,7,373.52,99,200,standard,False,8,272.52
ORD009879,C03904,P0076,2024-04-26,1,859.98,0,200,quick,True,15,659.98
ORD009880,C03781,P0086,2024-03-02,4,1998.06,0,50,standard,False,14,1948.06
ORD009881,C02261,P0030,2024-10-14,7,503.36,149,0,express,False,17,652.36
ORD009882,C01522,P0099,2024-04-24,7,403.72,49,0,standard,True,18,452.72
ORD009883,C04853,P0154,2024-09-06,4,1674.57,149,0,standard,False,8,1823.57
ORD009884,C01420,P0291,2024-05-12,1,903.32,49,0,standard,True,16,952.32
ORD009885,C04592,P0314,2024-06-23,8,443.03,0,0,standard,False,18,443.03
ORD009886,C00104,P0494,2024-06-30,4,140.29,0,50,standard,False,13,90.28999999999999
ORD009887,C03623,P0105,2024-01-24,2,993.81,0,0,standard,False,6,993.81
ORD009888,C00478,P0470,2024-10-12,4,403.66,0,100,standard,True,8,303.66
ORD009889,C00692,P0229,2024-05-16,8,150.23,99,0,quick,False,1,249.23
ORD009890,C03038,P0002,2024-03-18,8,762.25,149,50,quick,False,13,861.25
ORD009891,C02969,P0221,2024-12-19,5,372.07,0,0,standard,False,20,372.07
ORD009892,C00193,P0120,2024-09-20,2,388.23,0,50,standard,False,15,338.23
ORD009893,C01489,P0159,2024-11-05,7,555.63,0,0,standard,False,19,555.63
ORD009894,C00058,P0270,2024-12-08,3,983.79,149,0,express,True,3,1132.79
ORD009895,C01886,P0485,2024-02-23,6,325.39,99,0,standard,False,15,424.39
ORD009896,C03609,P0330,2024-12-27,9,158.09,0,0,express,False,13,158.09
ORD009897,C04573,P0193,2024-01-26,5,485.67,0,0,standard,False,12,485.67
ORD009898,C02580,P0217,2024-08-12,9,138.54,99,50,quick,True,10,187.54
ORD009899,C01968,P0190,2024-08-22,4,935.44,49,200,quick,True,3,784.44
ORD009900,C04687,P0251,2024-02-26,9,2339.1,0,200,standard,True,4,2139.1
ORD009901,C04934,P0225,2024-02-24,1,851.62,49,200,standard,False,5,700.62
ORD009902,C04053,P0000,2024-11-08,4,324.49,99,200,standard,False,3,223.49
ORD009903,C04644,P0458,2024-11-08,1,239.37,99,50,quick,True,11,288.37
ORD009904,C03085,P0132,2024-02-22,9,284.49,49,0,standard,False,1,333.49
ORD009905,C00220,P0089,2024-10-14,8,274.37,0,0,standard,True,1,274.37
ORD009906,C00875,P0005,2024-01-22,8,362.64,149,0,standard,False,2,511.64
ORD009907,C03462,P0482,2024-09-16,7,170.69,99,50,express,True,8,219.69
ORD009908,C02725,P0243,2024-02-23,9,1681.47,0,0,quick,False,3,1681.47
ORD009909,C01196,P0132,2024-03-26,3,1613.71,149,100,standard,False,17,1662.71
ORD009910,C02709,P0115,2024-11-18,7,767.59,0,50,standard,False,17,717.59
ORD009911,C02731,P0072,2024-03-01,6,143.74,99,0,express,True,8,242.74
ORD009912,C00335,P0155,2024-04-15,5,1239.75,149,0,quick,False,4,1388.75
ORD009913,C00224,P0210,2024-07-04,9,143.65,49,0,express,True,3,192.65
ORD009914,C03941,P0068,2024-03-21,4,177.76,49,200,standard,True,23,26.75999999999999
ORD009915,C04283,P0470,2024-05-29,3,374.44,0,200,standard,False,21,174.44
ORD009916,C01247,P0491,2024-12-28,3,494.29,49,0,standard,True,13,543.29
ORD009917,C02690,P0299,2024-08-14,2,404.75,0,100,standard,False,6,304.75
ORD009918,C03957,P0143,2024-09-16,1,225.42,0,0,standard,False,1,225.42
ORD009919,C04589,P0198,2024-09-12,3,182.25,0,0,quick,True,21,182.25
ORD009920,C01886,P0205,2024-02-20,8,1472.36,99,100,quick,False,18,1471.36
ORD009921,C00310,P0405,2024-03-19,6,414.89,0,0,standard,False,1,414.89
ORD009922,C02568,P0200,2024-11-27,2,271.67,99,0,express,False,0,370.67
ORD009923,C01604,P0238,2024-07-05,8,566.22,0,50,standard,True,3,516.22
ORD009924,C03982,P0406,2024-06-20,5,125.26,99,100,standard,False,10,124.25999999999999
ORD009925,C00368,P0426,2024-03-11,4,740.9,99,0,standard,False,19,839.9
ORD009926,C03546,P0067,2024-03-03,1,298.97,0,200,standard,False,23,98.97000000000003
ORD009927,C04841,P0170,2024-04-13,1,737.25,0,0,standard,False,8,737.25
ORD009928,C00997,P0409,2024-08-12,4,765.57,0,0,quick,False,9,765.57
ORD009929,C00496,P0296,2024-07-31,9,1258.66,49,200,quick,False,13,1107.66
ORD009930,C00963,P0069,2024-01-04,6,281.87,0,200,standard,False,7,81.87
ORD009931,C02004,P0286,2024-05-05,1,534.84,49,0,quick,True,7,583.84
ORD009932,C01198,P0016,2024-08-30,8,2386.05,99,100,standard,False,7,2385.05
ORD009933,C02345,P0136,2024-06-23,9,1008.12,149,200,quick,False,19,957.1199999999999
ORD009934,C00576,P0218,2024-05-26,2,2690.91,0,100,express,False,19,2590.91
ORD009935,C03160,P0310,2024-09-15,6,1934.62,0,0,quick,True,18,1934.62
ORD009936,C00053,P0005,2024-03-28,7,759.47,49,0,quick,False,8,808.47
ORD009937,C03432,P0197,2024-02-13,1,313.5,0,200,quick,True,17,113.5
ORD009938,C00228,P0447,2024-05-16,5,1089.07,0,200,express,False,11,889.0699999999999
ORD009939,C00778,P0131,2024-07-09,5,937.41,0,0,quick,True,7,937.41
ORD009940,C03830,P0499,2024-07-31,3,721.23,0,100,express,True,4,621.23
ORD009941,C00984,P0362,2024-07-03,2,936.73,0,100,quick,False,0,836.73
ORD009942,C04468,P0450,2024-11-18,1,764.59,0,50,quick,False,17,714.59
ORD009943,C00468,P0343,2024-12-06,6,611.87,49,0,quick,True,18,660.87
ORD009944,C02467,P0183,2024-05-05,7,475.44,0,50,standard,True,10,425.44
ORD009945,C01849,P0017,2024-03-18,2,131.02,0,100,standard,False,7,31.02000000000001
ORD009946,C00531,P0415,2024-09-28,2,1504.31,99,50,standard,True,5,1553.31
ORD009947,C03035,P0495,2024-08-03,5,1503.54,99,100,express,False,12,1502.54
ORD009948,C00561,P0212,2024-04-26,5,730.06,0,200,quick,False,6,530.06
ORD009949,C00089,P0047,2024-03-11,3,317.27,0,0,express,True,17,317.27
ORD009950,C01406,P0028,2024-08-07,3,118.97,149,50,standard,False,19,217.97000000000003
ORD009951,C04464,P0415,2024-07-30,1,100.0,0,200,standard,False,0,-100.0
ORD009952,C03145,P0152,2024-07-28,3,151.99,0,200,quick,True,5,-48.00999999999999
ORD009953,C01292,P0331,2024-08-22,9,411.28,49,0,standard,True,2,460.28
ORD009954,C04110,P0237,2024-09-21,2,245.12,0,0,standard,True,18,245.12
ORD009955,C03781,P0318,2024-12-15,1,314.57,99,200,quick,True,23,213.57
ORD009956,C04067,P0264,2024-07-04,9,940.99,0,200,quick,True,19,740.99
ORD009957,C03505,P0198,2024-01-16,5,2337.49,0,50,standard,False,8,2287.49
ORD009958,C02391,P0013,2024-08-14,8,261.15,149,50,standard,False,15,360.15
ORD009959,C01218,P0275,2024-03-15,4,537.69,149,0,quick,False,3,686.69
ORD009960,C01945,P0467,2024-01-06,8,3434.69,99,0,quick,True,3,3533.69
ORD009961,C02252,P0009,2024-09-21,5,1977.43,0,200,standard,True,7,1777.43
ORD009962,C03891,P0138,2024-02-05,6,403.05,0,0,standard,True,13,403.05
ORD009963,C01674,P0166,2024-02-13,6,368.64,149,200,quick,False,7,317.64
ORD009964,C00775,P0146,2024-06-22,6,293.11,0,0,standard,False,7,293.11
ORD009965,C04781,P0402,2024-06-10,2,217.23,99,0,standard,True,14,316.23
ORD009966,C03567,P0244,2024-07-24,9,530.4,0,50,quick,True,19,480.4
ORD009967,C02765,P0426,2024-03-25,7,391.05,99,100,quick,False,5,390.05
ORD009968,C00224,P0444,2024-08-10,3,1055.1,0,200,express,False,5,855.0999999999999
ORD009969,C00063,P0069,2024-02-01,2,288.23,0,50,quick,False,7,238.23000000000002
ORD009970,C01787,P0327,2024-07-20,4,1032.15,149,0,quick,False,8,1181.15
ORD009971,C03850,P0320,2024-01-19,8,336.92,0,200,standard,False,3,136.92000000000002
ORD009972,C01375,P0406,2024-12-04,9,727.79,49,50,standard,False,0,726.79
ORD009973,C03534,P0103,2024-11-24,2,811.11,0,0,standard,False,7,811.11
ORD009974,C03915,P0228,2024-03-18,6,878.85,0,200,standard,False,21,678.85
ORD009975,C04452,P0315,2024-10-21,8,233.95,149,50,quick,True,9,332.95
ORD009976,C00092,P0137,2024-01-30,3,331.59,99,100,standard,False,13,330.59
ORD009977,C02742,P0318,2024-11-19,9,296.76,0,50,standard,False,18,246.76
ORD009978,C01677,P0385,2024-12-31,4,699.88,49,200,quick,False,19,548.88
ORD009979,C03666,P0035,2024-12-04,5,154.14,99,0,standard,False,12,253.14
ORD009980,C03864,P0117,2024-09-23,7,610.24,99,200,quick,False,14,509.24
ORD009981,C02481,P0254,2024-05-31,5,163.07,0,200,express,True,6,-36.93000000000001
ORD009982,C04936,P0312,2024-08-02,4,386.75,0,50,quick,False,7,336.75
ORD009983,C01401,P0449,2024-07-24,4,911.43,0,200,standard,False,3,711.43
ORD009984,C01606,P0334,2024-12-14,5,471.39,149,0,quick,False,2,620.39
ORD009985,C03956,P0019,2024-12-24,3,329.29,49,100,quick,True,13,278.29
ORD009986,C03409,P0297,2024-10-10,9,768.72,0,0,quick,False,22,768.72
ORD009987,C03071,P0020,2024-06-04,2,1042.68,0,100,standard,False,14,942.6800000000001
ORD009988,C00897,P0477,2024-06-09,7,304.67,0,50,standard,True,14,254.67000000000002
ORD009989,C02931,P0255,2024-06-25,4,348.07,99,50,standard,False,4,397.07
ORD009990,C04587,P0247,2024-01-05,8,814.73,0,0,quick,True,23,814.73
ORD009991,C03713,P0471,2024-05-23,7,2450.16,0,50,standard,True,12,2400.16
ORD009992,C03131,P0449,2024-09-27,8,267.44,149,50,standard,True,19,366.44
ORD009993,C01532,P0165,2024-11-08,4,842.42,0,50,quick,True,12,792.42
ORD009994,C01977,P0469,2024-03-16,2,1758.53,0,100,quick,False,0,1658.53
ORD009995,C01798,P0348,2024-12-24,7,532.88,99,0,quick,False,17,631.88
ORD009996,C01351,P0254,2024-07-25,9,365.72,0,200,quick,False,8,165.72000000000003
ORD009997,C01838,P0077,2024-08-16,6,868.46,49,0,standard,True,6,917.46
ORD009998,C02560,P0452,2024-11-25,7,121.36,99,0,quick,True,21,220.36
ORD009999,C02991,P0279,2024-04-15,6,411.58,49,100,quick,False,15,360.58
